-- Programa do coprocessador grafico: imagem 120x120 (32 cores), 2344 retangulos
DEPTH = 16384;
WIDTH = 32;
ADDRESS_RADIX = HEX;
DATA_RADIX = HEX;
CONTENT
BEGIN
0000 : 350F8000;
0001 : 352F81FF;
0002 : 39048000;
0003 : 350F8001;
0004 : 352F81FE;
0005 : 39048000;
0006 : 350F8002;
0007 : 352F81BF;
0008 : 39048000;
0009 : 350F8003;
000A : 352F81F5;
000B : 39048000;
000C : 350F8004;
000D : 352F81B6;
000E : 39048000;
000F : 350F8005;
0010 : 352F81B4;
0011 : 39048000;
0012 : 350F8006;
0013 : 352F81AC;
0014 : 39048000;
0015 : 350F8007;
0016 : 352F81AB;
0017 : 39048000;
0018 : 350F8008;
0019 : 352F816D;
001A : 39048000;
001B : 350F8009;
001C : 352F81A4;
001D : 39048000;
001E : 350F800A;
001F : 352F8164;
0020 : 39048000;
0021 : 350F800B;
0022 : 352F8163;
0023 : 39048000;
0024 : 350F800C;
0025 : 352F815B;
0026 : 39048000;
0027 : 350F800D;
0028 : 352F8124;
0029 : 39048000;
002A : 350F800E;
002B : 352F811B;
002C : 39048000;
002D : 350F800F;
002E : 352F811A;
002F : 39048000;
0030 : 350F8010;
0031 : 352F8119;
0032 : 39048000;
0033 : 350F8011;
0034 : 352F80E5;
0035 : 39048000;
0036 : 350F8012;
0037 : 352F809D;
0038 : 39048000;
0039 : 350F8013;
003A : 352F80DA;
003B : 39048000;
003C : 350F8014;
003D : 352F8112;
003E : 39048000;
003F : 350F8015;
0040 : 352F80D2;
0041 : 39048000;
0042 : 350F8016;
0043 : 352F8091;
0044 : 39048000;
0045 : 350F8017;
0046 : 352F8054;
0047 : 39048000;
0048 : 350F8018;
0049 : 352F804B;
004A : 39048000;
004B : 350F8019;
004C : 352F800B;
004D : 39048000;
004E : 350F801A;
004F : 352F800A;
0050 : 39048000;
0051 : 350F801B;
0052 : 352F8049;
0053 : 39048000;
0054 : 350F801C;
0055 : 352F8040;
0056 : 39048000;
0057 : 350F801D;
0058 : 352F8002;
0059 : 39048000;
005A : 350F801E;
005B : 352F8001;
005C : 39048000;
005D : 350F801F;
005E : 352F8000;
005F : 39048000;
0060 : 340F8000;
0061 : 342F8000;
0062 : 344F813F;
0063 : 346F80EF;
0064 : 348F8000;
0065 : 34AF8000;
0066 : 40000000;
0067 : 340F80AE;
0068 : 342F800A;
0069 : 344F80AF;
006A : 346F800B;
006B : 348F8001;
006C : 40000000;
006D : 340F80B4;
006E : 342F800E;
006F : 344F80B5;
0070 : 346F800F;
0071 : 40000000;
0072 : 340F80BC;
0073 : 342F8014;
0074 : 344F80BD;
0075 : 346F8015;
0076 : 40000000;
0077 : 340F80BE;
0078 : 342F8016;
0079 : 344F80BF;
007A : 346F8017;
007B : 40000000;
007C : 340F809C;
007D : 342F8020;
007E : 344F80A7;
007F : 346F8021;
0080 : 40000000;
0081 : 340F80C4;
0082 : 344F80C5;
0083 : 40000000;
0084 : 340F80AE;
0085 : 342F8022;
0086 : 344F80B1;
0087 : 346F8023;
0088 : 40000000;
0089 : 340F80B4;
008A : 342F8024;
008B : 344F80B7;
008C : 346F8025;
008D : 40000000;
008E : 340F80BA;
008F : 342F8026;
0090 : 344F80BB;
0091 : 346F8027;
0092 : 40000000;
0093 : 340F80C6;
0094 : 344F80C7;
0095 : 40000000;
0096 : 340F80C0;
0097 : 342F802A;
0098 : 344F80C1;
0099 : 346F802B;
009A : 40000000;
009B : 340F8072;
009C : 342F802E;
009D : 344F8075;
009E : 346F802F;
009F : 40000000;
00A0 : 340F80C8;
00A1 : 344F80C9;
00A2 : 40000000;
00A3 : 340F8066;
00A4 : 342F8030;
00A5 : 344F8067;
00A6 : 346F8031;
00A7 : 40000000;
00A8 : 340F80C8;
00A9 : 342F8032;
00AA : 344F80C9;
00AB : 346F8033;
00AC : 40000000;
00AD : 340F80D8;
00AE : 342F803C;
00AF : 344F80D9;
00B0 : 346F803D;
00B1 : 40000000;
00B2 : 340F80EA;
00B3 : 342F804A;
00B4 : 344F80EB;
00B5 : 346F804B;
00B6 : 40000000;
00B7 : 340F80D4;
00B8 : 342F8066;
00B9 : 344F80D5;
00BA : 346F8067;
00BB : 40000000;
00BC : 340F80CE;
00BD : 342F8068;
00BE : 344F80CF;
00BF : 346F8069;
00C0 : 40000000;
00C1 : 340F8116;
00C2 : 342F8000;
00C3 : 344F8117;
00C4 : 346F8007;
00C5 : 348F8002;
00C6 : 40000000;
00C7 : 340F808E;
00C8 : 342F809A;
00C9 : 344F808F;
00CA : 346F809B;
00CB : 40000000;
00CC : 340F8092;
00CD : 344F8093;
00CE : 40000000;
00CF : 340F8104;
00D0 : 342F809C;
00D1 : 344F8105;
00D2 : 346F809D;
00D3 : 40000000;
00D4 : 340F8094;
00D5 : 342F809E;
00D6 : 344F8095;
00D7 : 346F809F;
00D8 : 40000000;
00D9 : 340F808A;
00DA : 344F808B;
00DB : 346F80A1;
00DC : 40000000;
00DD : 340F80A8;
00DE : 342F80A0;
00DF : 344F80A9;
00E0 : 40000000;
00E1 : 340F80AC;
00E2 : 342F80A2;
00E3 : 344F80AD;
00E4 : 346F80A3;
00E5 : 40000000;
00E6 : 342F80A8;
00E7 : 346F80A9;
00E8 : 40000000;
00E9 : 340F8112;
00EA : 344F8113;
00EB : 40000000;
00EC : 340F8086;
00ED : 344F8087;
00EE : 346F80AB;
00EF : 40000000;
00F0 : 340F8084;
00F1 : 342F80AE;
00F2 : 344F8085;
00F3 : 346F80AF;
00F4 : 40000000;
00F5 : 340F80AC;
00F6 : 342F80B0;
00F7 : 344F80AD;
00F8 : 346F80B1;
00F9 : 40000000;
00FA : 340F808A;
00FB : 342F80B2;
00FC : 344F808B;
00FD : 346F80B3;
00FE : 40000000;
00FF : 340F80B0;
0100 : 344F80B1;
0101 : 40000000;
0102 : 340F8086;
0103 : 342F80B4;
0104 : 344F8087;
0105 : 346F80B5;
0106 : 40000000;
0107 : 340F80AA;
0108 : 344F80AB;
0109 : 40000000;
010A : 340F80A6;
010B : 344F80A7;
010C : 346F80B7;
010D : 40000000;
010E : 340F80AC;
010F : 342F80B6;
0110 : 344F80AF;
0111 : 40000000;
0112 : 340F8080;
0113 : 342F80B8;
0114 : 344F8081;
0115 : 346F80B9;
0116 : 40000000;
0117 : 340F808C;
0118 : 344F808D;
0119 : 40000000;
011A : 340F80AA;
011B : 344F80AB;
011C : 40000000;
011D : 340F80AE;
011E : 344F80AF;
011F : 40000000;
0120 : 340F80A4;
0121 : 342F80BA;
0122 : 344F80A7;
0123 : 346F80BB;
0124 : 40000000;
0125 : 340F80B2;
0126 : 344F80B3;
0127 : 40000000;
0128 : 340F8088;
0129 : 342F80BC;
012A : 344F8089;
012B : 346F80BD;
012C : 40000000;
012D : 340F808E;
012E : 344F808F;
012F : 40000000;
0130 : 340F80AA;
0131 : 342F80BE;
0132 : 344F80AB;
0133 : 346F80BF;
0134 : 40000000;
0135 : 340F80B2;
0136 : 342F80C0;
0137 : 344F80B3;
0138 : 346F80C1;
0139 : 40000000;
013A : 340F80AC;
013B : 342F80C2;
013C : 344F80AD;
013D : 346F80C3;
013E : 40000000;
013F : 340F8082;
0140 : 342F80C6;
0141 : 344F8083;
0142 : 346F80C7;
0143 : 40000000;
0144 : 340F80B0;
0145 : 342F80C8;
0146 : 344F80B1;
0147 : 346F80C9;
0148 : 40000000;
0149 : 340F808E;
014A : 344F808F;
014B : 346F80CB;
014C : 40000000;
014D : 340F80AC;
014E : 342F80D0;
014F : 344F80AD;
0150 : 346F80D1;
0151 : 40000000;
0152 : 340F8084;
0153 : 342F80D2;
0154 : 344F8085;
0155 : 346F80D3;
0156 : 40000000;
0157 : 340F808C;
0158 : 344F808D;
0159 : 40000000;
015A : 340F808A;
015B : 342F80E4;
015C : 344F808B;
015D : 346F80E5;
015E : 40000000;
015F : 340F80A6;
0160 : 342F8008;
0161 : 344F80A9;
0162 : 346F8009;
0163 : 348F8003;
0164 : 40000000;
0165 : 340F80B0;
0166 : 342F800C;
0167 : 344F80B1;
0168 : 346F800D;
0169 : 40000000;
016A : 340F809E;
016B : 344F80A9;
016C : 346F801D;
016D : 40000000;
016E : 340F809C;
016F : 342F800E;
0170 : 344F809D;
0171 : 346F801B;
0172 : 40000000;
0173 : 340F80AA;
0174 : 344F80AD;
0175 : 346F8021;
0176 : 40000000;
0177 : 340F80B2;
0178 : 342F8010;
0179 : 344F80B3;
017A : 346F8013;
017B : 40000000;
017C : 340F809A;
017D : 344F809B;
017E : 346F8017;
017F : 40000000;
0180 : 340F80B4;
0181 : 342F8014;
0182 : 344F80B7;
0183 : 346F8015;
0184 : 40000000;
0185 : 340F8098;
0186 : 344F8099;
0187 : 346F8017;
0188 : 40000000;
0189 : 340F80AE;
018A : 344F80AF;
018B : 346F8021;
018C : 40000000;
018D : 340F80B6;
018E : 342F8016;
018F : 344F80B9;
0190 : 346F8017;
0191 : 40000000;
0192 : 340F80B0;
0193 : 344F80B1;
0194 : 346F8021;
0195 : 40000000;
0196 : 340F80B8;
0197 : 342F8018;
0198 : 344F80BB;
0199 : 346F8019;
019A : 40000000;
019B : 340F80B2;
019C : 344F80B3;
019D : 346F8023;
019E : 40000000;
019F : 340F809A;
01A0 : 342F801A;
01A1 : 344F809B;
01A2 : 346F801D;
01A3 : 40000000;
01A4 : 340F80BC;
01A5 : 344F80BD;
01A6 : 40000000;
01A7 : 340F8096;
01A8 : 344F8097;
01A9 : 346F8021;
01AA : 40000000;
01AB : 340F80BE;
01AC : 342F801C;
01AD : 344F80BF;
01AE : 346F801D;
01AF : 40000000;
01B0 : 340F8098;
01B1 : 344F8099;
01B2 : 346F8021;
01B3 : 40000000;
01B4 : 340F80B4;
01B5 : 344F80B5;
01B6 : 346F8023;
01B7 : 40000000;
01B8 : 340F809C;
01B9 : 342F801E;
01BA : 344F809D;
01BB : 346F801F;
01BC : 40000000;
01BD : 340F80A2;
01BE : 344F80A9;
01BF : 40000000;
01C0 : 340F80B6;
01C1 : 344F80B7;
01C2 : 346F8023;
01C3 : 40000000;
01C4 : 340F8092;
01C5 : 342F8020;
01C6 : 344F8095;
01C7 : 346F8021;
01C8 : 40000000;
01C9 : 340F809A;
01CA : 344F809B;
01CB : 40000000;
01CC : 340F80A8;
01CD : 344F80A9;
01CE : 40000000;
01CF : 340F80B8;
01D0 : 344F80BB;
01D1 : 346F8025;
01D2 : 40000000;
01D3 : 340F80AC;
01D4 : 342F8022;
01D5 : 344F80AD;
01D6 : 346F8023;
01D7 : 40000000;
01D8 : 340F80C4;
01D9 : 344F80C5;
01DA : 40000000;
01DB : 340F80BC;
01DC : 344F80BD;
01DD : 346F8029;
01DE : 40000000;
01DF : 340F80BE;
01E0 : 342F8024;
01E1 : 344F80BF;
01E2 : 40000000;
01E3 : 340F80B8;
01E4 : 342F8026;
01E5 : 344F80B9;
01E6 : 346F8027;
01E7 : 40000000;
01E8 : 340F80C0;
01E9 : 344F80C1;
01EA : 40000000;
01EB : 340F80C2;
01EC : 342F8028;
01ED : 344F80C3;
01EE : 346F8029;
01EF : 40000000;
01F0 : 342F802C;
01F1 : 346F802D;
01F2 : 40000000;
01F3 : 340F80C4;
01F4 : 342F802E;
01F5 : 344F80C5;
01F6 : 346F802F;
01F7 : 40000000;
01F8 : 340F80C8;
01F9 : 342F8030;
01FA : 344F80C9;
01FB : 346F8031;
01FC : 40000000;
01FD : 340F80D2;
01FE : 342F803A;
01FF : 344F80D3;
0200 : 346F803B;
0201 : 40000000;
0202 : 340F80E2;
0203 : 342F8042;
0204 : 344F80E3;
0205 : 346F8043;
0206 : 40000000;
0207 : 340F80E0;
0208 : 342F8060;
0209 : 344F80E1;
020A : 346F8061;
020B : 40000000;
020C : 340F80C8;
020D : 342F806A;
020E : 344F80C9;
020F : 346F806B;
0210 : 40000000;
0211 : 340F80A4;
0212 : 342F8074;
0213 : 344F80A5;
0214 : 346F8075;
0215 : 40000000;
0216 : 340F80AA;
0217 : 342F8096;
0218 : 344F80AB;
0219 : 346F8097;
021A : 40000000;
021B : 340F80A2;
021C : 342F8008;
021D : 344F80A5;
021E : 346F8009;
021F : 348F8004;
0220 : 40000000;
0221 : 340F808E;
0222 : 342F800A;
0223 : 344F808F;
0224 : 346F800B;
0225 : 40000000;
0226 : 340F80B6;
0227 : 342F8010;
0228 : 344F80B7;
0229 : 346F8011;
022A : 40000000;
022B : 340F8080;
022C : 342F8018;
022D : 344F8081;
022E : 346F8019;
022F : 40000000;
0230 : 340F80C0;
0231 : 342F801A;
0232 : 344F80C1;
0233 : 346F801B;
0234 : 40000000;
0235 : 340F807C;
0236 : 342F801E;
0237 : 344F807D;
0238 : 346F801F;
0239 : 40000000;
023A : 340F80C2;
023B : 344F80C3;
023C : 40000000;
023D : 340F8078;
023E : 342F8026;
023F : 344F8079;
0240 : 346F8027;
0241 : 40000000;
0242 : 340F80C6;
0243 : 342F8028;
0244 : 344F80C7;
0245 : 346F8029;
0246 : 40000000;
0247 : 340F8076;
0248 : 342F802C;
0249 : 344F8077;
024A : 346F802D;
024B : 40000000;
024C : 340F8068;
024D : 342F8030;
024E : 344F8069;
024F : 346F8031;
0250 : 40000000;
0251 : 340F8060;
0252 : 342F8032;
0253 : 344F8061;
0254 : 346F8033;
0255 : 40000000;
0256 : 340F80CC;
0257 : 342F8038;
0258 : 344F80CD;
0259 : 346F8039;
025A : 40000000;
025B : 340F8050;
025C : 342F803E;
025D : 344F8051;
025E : 346F803F;
025F : 40000000;
0260 : 340F80E8;
0261 : 342F8048;
0262 : 344F80E9;
0263 : 346F8049;
0264 : 40000000;
0265 : 342F8058;
0266 : 346F8059;
0267 : 40000000;
0268 : 340F8060;
0269 : 342F805A;
026A : 344F8061;
026B : 346F805B;
026C : 40000000;
026D : 340F80DC;
026E : 342F8062;
026F : 344F80DD;
0270 : 346F8063;
0271 : 40000000;
0272 : 340F806E;
0273 : 342F8064;
0274 : 344F806F;
0275 : 346F8065;
0276 : 40000000;
0277 : 340F80D8;
0278 : 344F80D9;
0279 : 40000000;
027A : 340F80CC;
027B : 342F8068;
027C : 344F80CD;
027D : 346F8069;
027E : 40000000;
027F : 340F8070;
0280 : 342F806A;
0281 : 344F8071;
0282 : 346F806B;
0283 : 40000000;
0284 : 340F80C6;
0285 : 342F806E;
0286 : 344F80C7;
0287 : 346F806F;
0288 : 40000000;
0289 : 340F80C4;
028A : 342F8072;
028B : 344F80C5;
028C : 346F8075;
028D : 40000000;
028E : 340F8098;
028F : 342F8074;
0290 : 344F80A1;
0291 : 40000000;
0292 : 340F80A6;
0293 : 344F80A7;
0294 : 40000000;
0295 : 340F80C2;
0296 : 342F8078;
0297 : 344F80C3;
0298 : 346F807B;
0299 : 40000000;
029A : 340F80C0;
029B : 342F807A;
029C : 344F80C1;
029D : 346F807D;
029E : 40000000;
029F : 340F80BE;
02A0 : 342F807E;
02A1 : 344F80BF;
02A2 : 346F8083;
02A3 : 40000000;
02A4 : 340F80BC;
02A5 : 342F8084;
02A6 : 344F80BD;
02A7 : 346F8085;
02A8 : 40000000;
02A9 : 340F80BA;
02AA : 342F8086;
02AB : 344F80BB;
02AC : 346F8087;
02AD : 40000000;
02AE : 340F8080;
02AF : 342F8088;
02B0 : 344F8081;
02B1 : 346F8089;
02B2 : 40000000;
02B3 : 340F807A;
02B4 : 342F808A;
02B5 : 344F807B;
02B6 : 346F808B;
02B7 : 40000000;
02B8 : 340F8078;
02B9 : 342F808C;
02BA : 344F8079;
02BB : 346F808D;
02BC : 40000000;
02BD : 340F80CC;
02BE : 342F808E;
02BF : 344F80CD;
02C0 : 346F808F;
02C1 : 40000000;
02C2 : 340F80D4;
02C3 : 342F8090;
02C4 : 344F80D5;
02C5 : 346F8091;
02C6 : 40000000;
02C7 : 340F80AE;
02C8 : 342F8092;
02C9 : 344F80AF;
02CA : 346F8093;
02CB : 40000000;
02CC : 340F80DA;
02CD : 344F80DB;
02CE : 40000000;
02CF : 340F806A;
02D0 : 342F8094;
02D1 : 344F806B;
02D2 : 346F8095;
02D3 : 40000000;
02D4 : 340F80AC;
02D5 : 344F80AD;
02D6 : 40000000;
02D7 : 340F80E2;
02D8 : 344F80E3;
02D9 : 40000000;
02DA : 340F8086;
02DB : 344F808B;
02DC : 346F809D;
02DD : 40000000;
02DE : 340F8066;
02DF : 342F8096;
02E0 : 344F8067;
02E1 : 346F8097;
02E2 : 40000000;
02E3 : 340F80E8;
02E4 : 344F80E9;
02E5 : 40000000;
02E6 : 340F808C;
02E7 : 344F808F;
02E8 : 346F8099;
02E9 : 40000000;
02EA : 340F8060;
02EB : 342F8098;
02EC : 344F8061;
02ED : 40000000;
02EE : 340F80EE;
02EF : 344F80EF;
02F0 : 40000000;
02F1 : 340F8090;
02F2 : 344F8091;
02F3 : 346F809B;
02F4 : 40000000;
02F5 : 340F805A;
02F6 : 342F809A;
02F7 : 344F805B;
02F8 : 40000000;
02F9 : 340F808C;
02FA : 344F808D;
02FB : 40000000;
02FC : 340F8094;
02FD : 344F8095;
02FE : 40000000;
02FF : 340F80BA;
0300 : 344F80BB;
0301 : 40000000;
0302 : 340F80F4;
0303 : 344F80F5;
0304 : 40000000;
0305 : 340F8054;
0306 : 342F809C;
0307 : 344F8055;
0308 : 346F809D;
0309 : 40000000;
030A : 340F80FA;
030B : 344F80FB;
030C : 40000000;
030D : 340F804E;
030E : 342F809E;
030F : 344F804F;
0310 : 346F809F;
0311 : 40000000;
0312 : 340F8100;
0313 : 344F8101;
0314 : 40000000;
0315 : 340F8088;
0316 : 344F8089;
0317 : 346F80AB;
0318 : 40000000;
0319 : 340F8106;
031A : 342F80A0;
031B : 344F8107;
031C : 346F80A1;
031D : 40000000;
031E : 340F8086;
031F : 344F8087;
0320 : 346F80A7;
0321 : 40000000;
0322 : 340F8042;
0323 : 342F80A2;
0324 : 344F8043;
0325 : 346F80A3;
0326 : 40000000;
0327 : 340F810E;
0328 : 344F810F;
0329 : 40000000;
032A : 340F8082;
032B : 344F8083;
032C : 346F80A7;
032D : 40000000;
032E : 340F80B8;
032F : 344F80B9;
0330 : 40000000;
0331 : 340F803C;
0332 : 342F80A4;
0333 : 344F803D;
0334 : 346F80A5;
0335 : 40000000;
0336 : 340F808A;
0337 : 344F808B;
0338 : 40000000;
0339 : 340F8110;
033A : 344F8111;
033B : 40000000;
033C : 340F8084;
033D : 344F8085;
033E : 346F80A9;
033F : 40000000;
0340 : 340F8038;
0341 : 342F80A6;
0342 : 344F8039;
0343 : 346F80A7;
0344 : 40000000;
0345 : 340F80B0;
0346 : 342F80A8;
0347 : 344F80B1;
0348 : 346F80A9;
0349 : 40000000;
034A : 340F80B6;
034B : 344F80B7;
034C : 346F80AF;
034D : 40000000;
034E : 340F8082;
034F : 342F80AA;
0350 : 344F8083;
0351 : 346F80AB;
0352 : 40000000;
0353 : 340F808A;
0354 : 344F808B;
0355 : 346F80B1;
0356 : 40000000;
0357 : 340F80B2;
0358 : 344F80B3;
0359 : 40000000;
035A : 340F80AA;
035B : 342F80AC;
035C : 344F80AD;
035D : 346F80AF;
035E : 40000000;
035F : 340F8080;
0360 : 344F8081;
0361 : 346F80B1;
0362 : 40000000;
0363 : 340F802E;
0364 : 342F80AE;
0365 : 344F802F;
0366 : 346F80AF;
0367 : 40000000;
0368 : 340F80A6;
0369 : 344F80A7;
036A : 40000000;
036B : 340F8082;
036C : 344F8083;
036D : 346F80B7;
036E : 40000000;
036F : 340F808C;
0370 : 344F808D;
0371 : 40000000;
0372 : 340F8114;
0373 : 342F80B0;
0374 : 344F8115;
0375 : 346F80B1;
0376 : 40000000;
0377 : 340F80A8;
0378 : 344F80AB;
0379 : 346F80B3;
037A : 40000000;
037B : 340F80B4;
037C : 344F80B5;
037D : 40000000;
037E : 340F8084;
037F : 344F8085;
0380 : 346F80C1;
0381 : 40000000;
0382 : 340F80A4;
0383 : 342F80B2;
0384 : 344F80A5;
0385 : 346F80B7;
0386 : 40000000;
0387 : 340F808E;
0388 : 344F808F;
0389 : 346F80BB;
038A : 40000000;
038B : 340F802C;
038C : 342F80B4;
038D : 344F802D;
038E : 346F80B5;
038F : 40000000;
0390 : 340F80B0;
0391 : 344F80B1;
0392 : 346F80B7;
0393 : 40000000;
0394 : 340F80A8;
0395 : 344F80A9;
0396 : 346F80C5;
0397 : 40000000;
0398 : 340F80AA;
0399 : 342F80B6;
039A : 344F80AB;
039B : 346F80B7;
039C : 40000000;
039D : 340F80B4;
039E : 344F80B5;
039F : 346F80B9;
03A0 : 40000000;
03A1 : 340F8086;
03A2 : 344F8087;
03A3 : 346F80C5;
03A4 : 40000000;
03A5 : 340F80A6;
03A6 : 342F80B8;
03A7 : 344F80A7;
03A8 : 346F80B9;
03A9 : 40000000;
03AA : 340F80B2;
03AB : 344F80B3;
03AC : 40000000;
03AD : 340F8116;
03AE : 344F8117;
03AF : 40000000;
03B0 : 340F802A;
03B1 : 342F80BA;
03B2 : 344F802B;
03B3 : 346F80BB;
03B4 : 40000000;
03B5 : 340F8080;
03B6 : 344F8081;
03B7 : 346F80BD;
03B8 : 40000000;
03B9 : 340F80AE;
03BA : 344F80AF;
03BB : 346F80BF;
03BC : 40000000;
03BD : 340F80A4;
03BE : 342F80BC;
03BF : 344F80A5;
03C0 : 346F80BD;
03C1 : 40000000;
03C2 : 340F80B0;
03C3 : 344F80B1;
03C4 : 346F80BF;
03C5 : 40000000;
03C6 : 340F80A6;
03C7 : 342F80BE;
03C8 : 344F80A7;
03C9 : 40000000;
03CA : 340F80AC;
03CB : 344F80AD;
03CC : 346F80C1;
03CD : 40000000;
03CE : 340F8088;
03CF : 344F8089;
03D0 : 346F80C3;
03D1 : 40000000;
03D2 : 340F80AA;
03D3 : 342F80C0;
03D4 : 344F80AB;
03D5 : 40000000;
03D6 : 340F80B2;
03D7 : 342F80C2;
03D8 : 344F80B3;
03D9 : 40000000;
03DA : 340F80AC;
03DB : 342F80C4;
03DC : 344F80AF;
03DD : 346F80CB;
03DE : 40000000;
03DF : 340F8082;
03E0 : 342F80C8;
03E1 : 344F8083;
03E2 : 40000000;
03E3 : 340F80AA;
03E4 : 344F80AB;
03E5 : 40000000;
03E6 : 340F80B0;
03E7 : 342F80CA;
03E8 : 344F80B1;
03E9 : 40000000;
03EA : 340F808E;
03EB : 342F80CC;
03EC : 344F808F;
03ED : 346F80CD;
03EE : 40000000;
03EF : 340F80AE;
03F0 : 344F80AF;
03F1 : 346F80D1;
03F2 : 40000000;
03F3 : 340F80AC;
03F4 : 342F80D2;
03F5 : 344F80AD;
03F6 : 346F80D5;
03F7 : 40000000;
03F8 : 340F8084;
03F9 : 342F80D4;
03FA : 344F8085;
03FB : 346F80D7;
03FC : 40000000;
03FD : 340F808C;
03FE : 344F808D;
03FF : 40000000;
0400 : 340F8086;
0401 : 342F80E0;
0402 : 344F8087;
0403 : 346F80E3;
0404 : 40000000;
0405 : 340F808A;
0406 : 342F80E6;
0407 : 344F808B;
0408 : 346F80EB;
0409 : 40000000;
040A : 340F8088;
040B : 342F80EC;
040C : 344F8089;
040D : 346F80ED;
040E : 40000000;
040F : 340F8092;
0410 : 342F8008;
0411 : 344F8093;
0412 : 346F8009;
0413 : 348F8005;
0414 : 40000000;
0415 : 340F8098;
0416 : 344F80A1;
0417 : 40000000;
0418 : 340F809A;
0419 : 342F800A;
041A : 344F80A7;
041B : 346F800B;
041C : 40000000;
041D : 340F80AA;
041E : 344F80AD;
041F : 346F800D;
0420 : 40000000;
0421 : 340F808C;
0422 : 342F800C;
0423 : 344F808D;
0424 : 40000000;
0425 : 340F8098;
0426 : 344F809D;
0427 : 40000000;
0428 : 340F80AE;
0429 : 344F80AF;
042A : 346F8013;
042B : 40000000;
042C : 340F8096;
042D : 342F800E;
042E : 344F809B;
042F : 346F800F;
0430 : 40000000;
0431 : 340F80B0;
0432 : 344F80B3;
0433 : 40000000;
0434 : 340F8096;
0435 : 342F8010;
0436 : 344F8099;
0437 : 346F8013;
0438 : 40000000;
0439 : 340F80B4;
043A : 344F80B5;
043B : 40000000;
043C : 340F80B0;
043D : 344F80B1;
043E : 346F8015;
043F : 40000000;
0440 : 340F80B6;
0441 : 342F8012;
0442 : 344F80B9;
0443 : 346F8013;
0444 : 40000000;
0445 : 340F8094;
0446 : 344F8095;
0447 : 346F801F;
0448 : 40000000;
0449 : 340F80B8;
044A : 342F8014;
044B : 344F80BB;
044C : 346F8015;
044D : 40000000;
044E : 340F80B2;
044F : 344F80B3;
0450 : 346F8017;
0451 : 40000000;
0452 : 340F8096;
0453 : 344F8097;
0454 : 346F8019;
0455 : 40000000;
0456 : 340F8082;
0457 : 342F8016;
0458 : 344F8083;
0459 : 346F8017;
045A : 40000000;
045B : 340F80BA;
045C : 344F80BD;
045D : 40000000;
045E : 340F80B4;
045F : 344F80B5;
0460 : 346F801B;
0461 : 40000000;
0462 : 340F8092;
0463 : 344F8093;
0464 : 346F801F;
0465 : 40000000;
0466 : 340F8098;
0467 : 342F8018;
0468 : 344F809B;
0469 : 346F8019;
046A : 40000000;
046B : 340F80BC;
046C : 344F80BF;
046D : 40000000;
046E : 340F80B6;
046F : 344F80B7;
0470 : 346F801D;
0471 : 40000000;
0472 : 340F8098;
0473 : 342F801A;
0474 : 344F8099;
0475 : 346F801B;
0476 : 40000000;
0477 : 340F80BE;
0478 : 344F80BF;
0479 : 40000000;
047A : 340F80B8;
047B : 344F80BB;
047C : 346F801F;
047D : 40000000;
047E : 340F809C;
047F : 342F801C;
0480 : 344F809D;
0481 : 346F801D;
0482 : 40000000;
0483 : 340F8090;
0484 : 344F8091;
0485 : 346F8021;
0486 : 40000000;
0487 : 340F80C0;
0488 : 344F80C1;
0489 : 346F8025;
048A : 40000000;
048B : 340F809A;
048C : 342F801E;
048D : 344F809B;
048E : 346F801F;
048F : 40000000;
0490 : 340F809E;
0491 : 344F80A1;
0492 : 40000000;
0493 : 340F80BC;
0494 : 344F80BF;
0495 : 346F8021;
0496 : 40000000;
0497 : 340F808E;
0498 : 342F8020;
0499 : 344F808F;
049A : 40000000;
049B : 340F80C2;
049C : 344F80C3;
049D : 346F8027;
049E : 40000000;
049F : 340F807A;
04A0 : 342F8022;
04A1 : 344F807B;
04A2 : 346F8023;
04A3 : 40000000;
04A4 : 340F80AA;
04A5 : 344F80AB;
04A6 : 40000000;
04A7 : 340F80BE;
04A8 : 344F80BF;
04A9 : 40000000;
04AA : 340F80B2;
04AB : 342F8024;
04AC : 344F80B3;
04AD : 346F8025;
04AE : 40000000;
04AF : 340F80C4;
04B0 : 344F80C5;
04B1 : 346F802D;
04B2 : 40000000;
04B3 : 340F8078;
04B4 : 342F8028;
04B5 : 344F8079;
04B6 : 346F8029;
04B7 : 40000000;
04B8 : 340F80C0;
04B9 : 344F80C1;
04BA : 40000000;
04BB : 340F80C2;
04BC : 342F802A;
04BD : 344F80C3;
04BE : 346F802B;
04BF : 40000000;
04C0 : 340F80C6;
04C1 : 344F80C7;
04C2 : 346F8031;
04C3 : 40000000;
04C4 : 340F805C;
04C5 : 342F8034;
04C6 : 344F805D;
04C7 : 346F8035;
04C8 : 40000000;
04C9 : 340F8058;
04CA : 342F8036;
04CB : 344F8059;
04CC : 346F8037;
04CD : 40000000;
04CE : 340F80D6;
04CF : 342F803C;
04D0 : 344F80D7;
04D1 : 346F803D;
04D2 : 40000000;
04D3 : 340F80DA;
04D4 : 342F803E;
04D5 : 344F80DB;
04D6 : 346F803F;
04D7 : 40000000;
04D8 : 340F80DE;
04D9 : 342F8040;
04DA : 344F80DF;
04DB : 346F8041;
04DC : 40000000;
04DD : 340F80E4;
04DE : 342F8044;
04DF : 344F80E5;
04E0 : 346F8045;
04E1 : 40000000;
04E2 : 340F80E6;
04E3 : 342F8046;
04E4 : 344F80E7;
04E5 : 346F8047;
04E6 : 40000000;
04E7 : 340F8050;
04E8 : 342F8048;
04E9 : 344F8051;
04EA : 346F8049;
04EB : 40000000;
04EC : 340F8052;
04ED : 342F804C;
04EE : 344F8053;
04EF : 346F804D;
04F0 : 40000000;
04F1 : 340F80EA;
04F2 : 344F80EB;
04F3 : 40000000;
04F4 : 342F8054;
04F5 : 346F8055;
04F6 : 40000000;
04F7 : 340F80D2;
04F8 : 342F8066;
04F9 : 344F80D3;
04FA : 346F8067;
04FB : 40000000;
04FC : 340F80B0;
04FD : 342F8082;
04FE : 344F80B3;
04FF : 346F8083;
0500 : 40000000;
0501 : 340F80A6;
0502 : 342F8098;
0503 : 344F80A7;
0504 : 346F8099;
0505 : 40000000;
0506 : 340F8096;
0507 : 342F8008;
0508 : 344F8097;
0509 : 346F8009;
050A : 348F8006;
050B : 40000000;
050C : 340F8098;
050D : 342F800A;
050E : 344F8099;
050F : 346F800B;
0510 : 40000000;
0511 : 340F80A8;
0512 : 344F80A9;
0513 : 40000000;
0514 : 340F8096;
0515 : 342F800C;
0516 : 344F8097;
0517 : 346F800D;
0518 : 40000000;
0519 : 340F8094;
051A : 342F800E;
051B : 344F8095;
051C : 346F8011;
051D : 40000000;
051E : 340F8092;
051F : 342F8010;
0520 : 344F8093;
0521 : 346F8015;
0522 : 40000000;
0523 : 340F8090;
0524 : 342F8016;
0525 : 344F8091;
0526 : 346F801B;
0527 : 40000000;
0528 : 340F808E;
0529 : 342F801A;
052A : 344F808F;
052B : 346F801F;
052C : 40000000;
052D : 340F808C;
052E : 342F801C;
052F : 344F808D;
0530 : 346F8023;
0531 : 40000000;
0532 : 340F8088;
0533 : 342F8022;
0534 : 344F808B;
0535 : 40000000;
0536 : 340F80A8;
0537 : 344F80A9;
0538 : 40000000;
0539 : 340F80BE;
053A : 342F802A;
053B : 344F80BF;
053C : 346F802B;
053D : 40000000;
053E : 340F806A;
053F : 342F8030;
0540 : 344F806B;
0541 : 346F8031;
0542 : 40000000;
0543 : 340F809E;
0544 : 344F80A5;
0545 : 40000000;
0546 : 340F8062;
0547 : 342F8032;
0548 : 344F8063;
0549 : 346F8033;
054A : 40000000;
054B : 340F80B0;
054C : 344F80B3;
054D : 40000000;
054E : 340F80D0;
054F : 342F803A;
0550 : 344F80D1;
0551 : 346F803B;
0552 : 40000000;
0553 : 340F809C;
0554 : 342F803C;
0555 : 344F80A9;
0556 : 346F8047;
0557 : 40000000;
0558 : 340F80AA;
0559 : 342F803E;
055A : 344F80AF;
055B : 40000000;
055C : 340F8098;
055D : 344F809B;
055E : 346F8049;
055F : 40000000;
0560 : 340F8092;
0561 : 342F8040;
0562 : 344F8097;
0563 : 346F8043;
0564 : 40000000;
0565 : 340F80B0;
0566 : 344F80B5;
0567 : 346F8045;
0568 : 40000000;
0569 : 340F80B6;
056A : 342F8042;
056B : 344F80B7;
056C : 40000000;
056D : 340F8094;
056E : 342F8044;
056F : 344F8097;
0570 : 40000000;
0571 : 340F80B8;
0572 : 344F80B9;
0573 : 40000000;
0574 : 340F8096;
0575 : 342F8046;
0576 : 344F8097;
0577 : 346F8047;
0578 : 40000000;
0579 : 340F80B0;
057A : 344F80B3;
057B : 40000000;
057C : 340F809C;
057D : 342F8048;
057E : 344F80A5;
057F : 346F8049;
0580 : 40000000;
0581 : 340F809E;
0582 : 342F804A;
0583 : 346F804B;
0584 : 40000000;
0585 : 340F808E;
0586 : 342F804C;
0587 : 344F8093;
0588 : 346F804D;
0589 : 40000000;
058A : 340F80AE;
058B : 344F80B9;
058C : 40000000;
058D : 340F80A0;
058E : 344F80A5;
058F : 346F8051;
0590 : 40000000;
0591 : 340F8094;
0592 : 342F804E;
0593 : 344F8095;
0594 : 346F804F;
0595 : 40000000;
0596 : 340F80A6;
0597 : 344F80AB;
0598 : 40000000;
0599 : 340F80B2;
059A : 344F80B7;
059B : 40000000;
059C : 340F80A6;
059D : 342F8050;
059E : 344F80A7;
059F : 346F8051;
05A0 : 40000000;
05A1 : 340F80A4;
05A2 : 342F8052;
05A3 : 344F80A5;
05A4 : 346F8053;
05A5 : 40000000;
05A6 : 340F8090;
05A7 : 342F8054;
05A8 : 344F8091;
05A9 : 346F8055;
05AA : 40000000;
05AB : 340F80A6;
05AC : 344F80A7;
05AD : 346F8059;
05AE : 40000000;
05AF : 340F80B2;
05B0 : 342F8056;
05B1 : 344F80B3;
05B2 : 346F8057;
05B3 : 40000000;
05B4 : 340F80BE;
05B5 : 344F80BF;
05B6 : 40000000;
05B7 : 340F80A8;
05B8 : 342F8058;
05B9 : 344F80A9;
05BA : 346F805B;
05BB : 40000000;
05BC : 340F80AA;
05BD : 342F805A;
05BE : 344F80AD;
05BF : 40000000;
05C0 : 340F80AE;
05C1 : 342F805C;
05C2 : 344F80B1;
05C3 : 346F805D;
05C4 : 40000000;
05C5 : 340F80BA;
05C6 : 344F80BB;
05C7 : 40000000;
05C8 : 340F80A2;
05C9 : 344F80A5;
05CA : 346F8063;
05CB : 40000000;
05CC : 340F808E;
05CD : 342F805E;
05CE : 344F808F;
05CF : 346F805F;
05D0 : 40000000;
05D1 : 340F80B0;
05D2 : 344F80B5;
05D3 : 40000000;
05D4 : 340F80E2;
05D5 : 344F80E3;
05D6 : 40000000;
05D7 : 340F80A0;
05D8 : 344F80A1;
05D9 : 346F8063;
05DA : 40000000;
05DB : 340F808C;
05DC : 342F8060;
05DD : 344F808D;
05DE : 346F8061;
05DF : 40000000;
05E0 : 340F80AA;
05E1 : 344F80AB;
05E2 : 40000000;
05E3 : 340F80B2;
05E4 : 344F80B7;
05E5 : 40000000;
05E6 : 340F80B4;
05E7 : 342F8062;
05E8 : 344F80B9;
05E9 : 346F8065;
05EA : 40000000;
05EB : 340F80C6;
05EC : 342F8064;
05ED : 344F80C7;
05EE : 40000000;
05EF : 340F80AC;
05F0 : 344F80AD;
05F1 : 346F8067;
05F2 : 40000000;
05F3 : 340F808A;
05F4 : 344F808B;
05F5 : 346F8069;
05F6 : 40000000;
05F7 : 340F80AE;
05F8 : 342F8066;
05F9 : 344F80AF;
05FA : 40000000;
05FB : 340F80B6;
05FC : 344F80BB;
05FD : 40000000;
05FE : 340F80C4;
05FF : 342F8068;
0600 : 344F80C5;
0601 : 40000000;
0602 : 340F80CA;
0603 : 344F80CB;
0604 : 40000000;
0605 : 340F8088;
0606 : 344F8089;
0607 : 346F806B;
0608 : 40000000;
0609 : 340F80B8;
060A : 342F806A;
060B : 344F80BB;
060C : 40000000;
060D : 340F80AA;
060E : 344F80AB;
060F : 346F806F;
0610 : 40000000;
0611 : 340F80AC;
0612 : 342F806C;
0613 : 344F80AD;
0614 : 40000000;
0615 : 340F8086;
0616 : 342F806E;
0617 : 344F8087;
0618 : 40000000;
0619 : 340F809C;
061A : 344F809D;
061B : 40000000;
061C : 340F80AE;
061D : 344F80AF;
061E : 40000000;
061F : 340F80C0;
0620 : 342F8070;
0621 : 344F80C5;
0622 : 346F8071;
0623 : 40000000;
0624 : 342F8072;
0625 : 344F80C3;
0626 : 346F8077;
0627 : 40000000;
0628 : 340F80B8;
0629 : 344F80B9;
062A : 346F8085;
062B : 40000000;
062C : 340F80A8;
062D : 342F8074;
062E : 344F80A9;
062F : 346F8075;
0630 : 40000000;
0631 : 340F80BA;
0632 : 344F80BB;
0633 : 346F807F;
0634 : 40000000;
0635 : 340F8088;
0636 : 342F8076;
0637 : 344F808B;
0638 : 346F8077;
0639 : 40000000;
063A : 340F809C;
063B : 344F809D;
063C : 40000000;
063D : 340F80AE;
063E : 344F80AF;
063F : 346F807B;
0640 : 40000000;
0641 : 340F80BC;
0642 : 344F80BD;
0643 : 346F8081;
0644 : 40000000;
0645 : 340F80B6;
0646 : 344F80B7;
0647 : 346F8087;
0648 : 40000000;
0649 : 340F8088;
064A : 342F8078;
064B : 344F8089;
064C : 346F8079;
064D : 40000000;
064E : 340F80BE;
064F : 344F80C1;
0650 : 40000000;
0651 : 340F80A0;
0652 : 342F807A;
0653 : 344F80A7;
0654 : 346F807D;
0655 : 40000000;
0656 : 340F80BE;
0657 : 344F80BF;
0658 : 40000000;
0659 : 340F80B4;
065A : 344F80B5;
065B : 346F8089;
065C : 40000000;
065D : 340F80AE;
065E : 342F807E;
065F : 344F80B3;
0660 : 346F8081;
0661 : 40000000;
0662 : 340F80A6;
0663 : 344F80AB;
0664 : 346F8085;
0665 : 40000000;
0666 : 340F80A0;
0667 : 344F80A1;
0668 : 346F808B;
0669 : 40000000;
066A : 340F80A2;
066B : 342F8080;
066C : 344F80A5;
066D : 346F8087;
066E : 40000000;
066F : 340F80AC;
0670 : 342F8082;
0671 : 344F80AF;
0672 : 346F808F;
0673 : 40000000;
0674 : 340F80B0;
0675 : 342F8084;
0676 : 344F80B3;
0677 : 346F808B;
0678 : 40000000;
0679 : 340F80A6;
067A : 342F8086;
067B : 344F80A7;
067C : 346F8087;
067D : 40000000;
067E : 340F80A4;
067F : 342F8088;
0680 : 344F80A5;
0681 : 346F8089;
0682 : 40000000;
0683 : 340F80B8;
0684 : 344F80B9;
0685 : 40000000;
0686 : 340F80B6;
0687 : 342F808A;
0688 : 344F80B7;
0689 : 346F808B;
068A : 40000000;
068B : 340F80AA;
068C : 344F80AB;
068D : 346F808D;
068E : 40000000;
068F : 340F80B0;
0690 : 342F808C;
0691 : 344F80B1;
0692 : 40000000;
0693 : 340F80B4;
0694 : 344F80B5;
0695 : 40000000;
0696 : 340F80B2;
0697 : 342F808E;
0698 : 344F80B3;
0699 : 346F808F;
069A : 40000000;
069B : 340F80AA;
069C : 342F8090;
069D : 344F80AD;
069E : 346F8091;
069F : 40000000;
06A0 : 340F80B0;
06A1 : 344F80B1;
06A2 : 40000000;
06A3 : 340F80A8;
06A4 : 342F8092;
06A5 : 344F80AB;
06A6 : 346F8093;
06A7 : 40000000;
06A8 : 342F8094;
06A9 : 344F80A9;
06AA : 346F8097;
06AB : 40000000;
06AC : 340F80A4;
06AD : 342F8096;
06AE : 344F80A5;
06AF : 40000000;
06B0 : 342F809A;
06B1 : 346F809B;
06B2 : 40000000;
06B3 : 340F80A2;
06B4 : 342F809C;
06B5 : 344F80A3;
06B6 : 346F809D;
06B7 : 40000000;
06B8 : 340F8096;
06B9 : 342F800A;
06BA : 344F8097;
06BB : 346F800B;
06BC : 348F8007;
06BD : 40000000;
06BE : 340F8092;
06BF : 342F800C;
06C0 : 344F8095;
06C1 : 346F800D;
06C2 : 40000000;
06C3 : 342F800E;
06C4 : 344F8093;
06C5 : 346F800F;
06C6 : 40000000;
06C7 : 340F8090;
06C8 : 342F8010;
06C9 : 344F8091;
06CA : 346F8015;
06CB : 40000000;
06CC : 340F808E;
06CD : 342F8012;
06CE : 344F808F;
06CF : 346F8019;
06D0 : 40000000;
06D1 : 340F808C;
06D2 : 342F8016;
06D3 : 344F808D;
06D4 : 346F801B;
06D5 : 40000000;
06D6 : 340F8088;
06D7 : 342F801A;
06D8 : 344F808B;
06D9 : 346F8021;
06DA : 40000000;
06DB : 340F8086;
06DC : 342F801E;
06DD : 344F8087;
06DE : 346F8023;
06DF : 40000000;
06E0 : 340F8084;
06E1 : 342F8022;
06E2 : 344F8085;
06E3 : 40000000;
06E4 : 340F8082;
06E5 : 342F8024;
06E6 : 344F8083;
06E7 : 346F8025;
06E8 : 40000000;
06E9 : 340F80AC;
06EA : 342F8032;
06EB : 344F80AD;
06EC : 346F8033;
06ED : 40000000;
06EE : 340F808A;
06EF : 342F800E;
06F0 : 344F808B;
06F1 : 346F800F;
06F2 : 348F8008;
06F3 : 40000000;
06F4 : 340F8088;
06F5 : 342F8010;
06F6 : 344F8089;
06F7 : 346F8011;
06F8 : 40000000;
06F9 : 340F80C8;
06FA : 342F8034;
06FB : 344F80C9;
06FC : 346F8035;
06FD : 40000000;
06FE : 340F8064;
06FF : 342F805C;
0700 : 344F8065;
0701 : 346F805D;
0702 : 40000000;
0703 : 340F80AC;
0704 : 342F8070;
0705 : 344F80AD;
0706 : 346F8071;
0707 : 40000000;
0708 : 340F8074;
0709 : 342F8072;
070A : 344F8075;
070B : 346F8073;
070C : 40000000;
070D : 340F8096;
070E : 342F8074;
070F : 344F8097;
0710 : 346F8075;
0711 : 40000000;
0712 : 340F8086;
0713 : 342F8076;
0714 : 344F8087;
0715 : 346F8077;
0716 : 40000000;
0717 : 340F809E;
0718 : 344F809F;
0719 : 40000000;
071A : 340F807A;
071B : 342F8078;
071C : 344F807B;
071D : 346F8079;
071E : 40000000;
071F : 340F807C;
0720 : 342F807C;
0721 : 344F807D;
0722 : 346F807D;
0723 : 40000000;
0724 : 340F807E;
0725 : 342F8080;
0726 : 344F807F;
0727 : 346F8081;
0728 : 40000000;
0729 : 340F80BC;
072A : 342F8082;
072B : 344F80BD;
072C : 346F8083;
072D : 40000000;
072E : 340F80BA;
072F : 342F8084;
0730 : 344F80BB;
0731 : 346F8085;
0732 : 40000000;
0733 : 340F807E;
0734 : 342F8086;
0735 : 344F807F;
0736 : 346F8087;
0737 : 40000000;
0738 : 340F807C;
0739 : 342F8088;
073A : 344F807D;
073B : 346F8089;
073C : 40000000;
073D : 340F80C2;
073E : 344F80C3;
073F : 40000000;
0740 : 340F8080;
0741 : 342F808A;
0742 : 344F8083;
0743 : 346F80A1;
0744 : 40000000;
0745 : 340F80C8;
0746 : 342F808C;
0747 : 344F80C9;
0748 : 346F808D;
0749 : 40000000;
074A : 340F8084;
074B : 344F8085;
074C : 346F80A3;
074D : 40000000;
074E : 340F80AA;
074F : 342F808E;
0750 : 344F80AB;
0751 : 346F808F;
0752 : 40000000;
0753 : 340F80B0;
0754 : 344F80B1;
0755 : 40000000;
0756 : 340F8086;
0757 : 344F8087;
0758 : 346F8093;
0759 : 40000000;
075A : 340F807E;
075B : 344F807F;
075C : 346F8097;
075D : 40000000;
075E : 340F80A8;
075F : 342F8090;
0760 : 344F80A9;
0761 : 346F8091;
0762 : 40000000;
0763 : 340F80AE;
0764 : 344F80AF;
0765 : 40000000;
0766 : 340F80D2;
0767 : 344F80D3;
0768 : 40000000;
0769 : 340F8088;
076A : 344F8089;
076B : 346F8093;
076C : 40000000;
076D : 340F806E;
076E : 342F8092;
076F : 344F806F;
0770 : 40000000;
0771 : 340F808A;
0772 : 344F808B;
0773 : 40000000;
0774 : 340F80AC;
0775 : 344F80AD;
0776 : 40000000;
0777 : 340F80A6;
0778 : 344F80A7;
0779 : 346F8095;
077A : 40000000;
077B : 340F808C;
077C : 342F8094;
077D : 344F808D;
077E : 40000000;
077F : 340F80A2;
0780 : 344F80A5;
0781 : 40000000;
0782 : 340F80E0;
0783 : 344F80E1;
0784 : 40000000;
0785 : 340F80BC;
0786 : 342F8096;
0787 : 344F80BD;
0788 : 346F8097;
0789 : 40000000;
078A : 340F8092;
078B : 342F8098;
078C : 344F8093;
078D : 346F8099;
078E : 40000000;
078F : 340F8098;
0790 : 342F809C;
0791 : 344F8099;
0792 : 346F809D;
0793 : 40000000;
0794 : 340F80BA;
0795 : 344F80BB;
0796 : 40000000;
0797 : 340F8086;
0798 : 342F809E;
0799 : 344F8087;
079A : 346F809F;
079B : 40000000;
079C : 340F8096;
079D : 344F8097;
079E : 40000000;
079F : 340F80A2;
07A0 : 344F80A3;
07A1 : 40000000;
07A2 : 340F8048;
07A3 : 342F80A0;
07A4 : 344F8049;
07A5 : 346F80A1;
07A6 : 40000000;
07A7 : 340F8092;
07A8 : 344F8093;
07A9 : 40000000;
07AA : 340F80A6;
07AB : 344F80A7;
07AC : 40000000;
07AD : 340F808E;
07AE : 342F80A2;
07AF : 344F808F;
07B0 : 346F80A3;
07B1 : 40000000;
07B2 : 340F80AA;
07B3 : 344F80AB;
07B4 : 40000000;
07B5 : 340F810A;
07B6 : 344F810D;
07B7 : 40000000;
07B8 : 340F8080;
07B9 : 344F8081;
07BA : 346F80AB;
07BB : 40000000;
07BC : 340F80B2;
07BD : 342F80A6;
07BE : 344F80B3;
07BF : 346F80A7;
07C0 : 40000000;
07C1 : 340F8032;
07C2 : 342F80A8;
07C3 : 344F8033;
07C4 : 346F80A9;
07C5 : 40000000;
07C6 : 340F8082;
07C7 : 344F8083;
07C8 : 40000000;
07C9 : 340F808A;
07CA : 344F808B;
07CB : 40000000;
07CC : 340F80B8;
07CD : 344F80B9;
07CE : 40000000;
07CF : 340F8030;
07D0 : 342F80AA;
07D1 : 344F8031;
07D2 : 346F80AB;
07D3 : 40000000;
07D4 : 340F8112;
07D5 : 344F8113;
07D6 : 40000000;
07D7 : 340F808C;
07D8 : 344F808D;
07D9 : 346F80AD;
07DA : 40000000;
07DB : 340F80B4;
07DC : 344F80B5;
07DD : 346F80AF;
07DE : 40000000;
07DF : 340F807E;
07E0 : 342F80AE;
07E1 : 344F807F;
07E2 : 40000000;
07E3 : 340F808E;
07E4 : 342F80B0;
07E5 : 344F808F;
07E6 : 346F80B1;
07E7 : 40000000;
07E8 : 340F80B6;
07E9 : 344F80B7;
07EA : 40000000;
07EB : 340F8114;
07EC : 342F80B2;
07ED : 344F8115;
07EE : 346F80B3;
07EF : 40000000;
07F0 : 340F80B2;
07F1 : 344F80B3;
07F2 : 346F80B7;
07F3 : 40000000;
07F4 : 340F8090;
07F5 : 342F80B6;
07F6 : 344F8091;
07F7 : 346F80C5;
07F8 : 40000000;
07F9 : 340F80B0;
07FA : 342F80B8;
07FB : 344F80B1;
07FC : 346F80BB;
07FD : 40000000;
07FE : 340F80B4;
07FF : 342F80BA;
0800 : 344F80B5;
0801 : 40000000;
0802 : 340F8080;
0803 : 342F80BE;
0804 : 344F8081;
0805 : 346F80C1;
0806 : 40000000;
0807 : 340F80A6;
0808 : 342F80C0;
0809 : 344F80A7;
080A : 40000000;
080B : 340F8028;
080C : 342F80C2;
080D : 344F8029;
080E : 346F80C3;
080F : 40000000;
0810 : 340F80B2;
0811 : 342F80C4;
0812 : 344F80B3;
0813 : 346F80C5;
0814 : 40000000;
0815 : 340F80A8;
0816 : 342F80C6;
0817 : 344F80A9;
0818 : 346F80C7;
0819 : 40000000;
081A : 340F8082;
081B : 342F80CC;
081C : 344F8083;
081D : 346F80CD;
081E : 40000000;
081F : 340F80B0;
0820 : 344F80B1;
0821 : 40000000;
0822 : 340F80AA;
0823 : 344F80AB;
0824 : 346F80CF;
0825 : 40000000;
0826 : 340F808E;
0827 : 342F80CE;
0828 : 344F808F;
0829 : 40000000;
082A : 340F80AE;
082B : 342F80D2;
082C : 344F80AF;
082D : 346F80D5;
082E : 40000000;
082F : 340F80AC;
0830 : 342F80D6;
0831 : 344F80AD;
0832 : 346F80D7;
0833 : 40000000;
0834 : 340F8084;
0835 : 342F80D8;
0836 : 344F8085;
0837 : 346F80D9;
0838 : 40000000;
0839 : 340F808C;
083A : 344F808D;
083B : 346F80DB;
083C : 40000000;
083D : 340F8086;
083E : 342F80E4;
083F : 344F8087;
0840 : 346F80E5;
0841 : 40000000;
0842 : 340F808A;
0843 : 342F80EC;
0844 : 344F808B;
0845 : 346F80EF;
0846 : 40000000;
0847 : 340F8088;
0848 : 342F80EE;
0849 : 344F8089;
084A : 40000000;
084B : 340F809E;
084C : 342F803A;
084D : 344F80A9;
084E : 346F803B;
084F : 348F8009;
0850 : 40000000;
0851 : 340F809A;
0852 : 342F803C;
0853 : 344F809B;
0854 : 346F803D;
0855 : 40000000;
0856 : 340F80AA;
0857 : 344F80AF;
0858 : 40000000;
0859 : 340F8092;
085A : 342F803E;
085B : 344F8097;
085C : 346F803F;
085D : 40000000;
085E : 340F80B0;
085F : 344F80B5;
0860 : 40000000;
0861 : 340F80B6;
0862 : 342F8040;
0863 : 344F80B7;
0864 : 346F8041;
0865 : 40000000;
0866 : 340F8090;
0867 : 344F8091;
0868 : 346F8045;
0869 : 40000000;
086A : 340F80B8;
086B : 342F8042;
086C : 344F80B9;
086D : 346F8043;
086E : 40000000;
086F : 340F8092;
0870 : 342F8044;
0871 : 344F8093;
0872 : 346F8045;
0873 : 40000000;
0874 : 340F80BA;
0875 : 344F80BD;
0876 : 346F8047;
0877 : 40000000;
0878 : 340F8094;
0879 : 342F8046;
087A : 344F8095;
087B : 40000000;
087C : 340F80BE;
087D : 344F80BF;
087E : 346F804B;
087F : 40000000;
0880 : 340F80A6;
0881 : 342F8048;
0882 : 344F80A9;
0883 : 346F8049;
0884 : 40000000;
0885 : 340F809C;
0886 : 342F804A;
0887 : 344F809D;
0888 : 346F804B;
0889 : 40000000;
088A : 340F80B6;
088B : 344F80B7;
088C : 40000000;
088D : 340F80A6;
088E : 344F80A7;
088F : 346F804D;
0890 : 40000000;
0891 : 340F80C0;
0892 : 344F80C1;
0893 : 346F805D;
0894 : 40000000;
0895 : 340F808C;
0896 : 342F804C;
0897 : 344F808D;
0898 : 346F804D;
0899 : 40000000;
089A : 340F80A8;
089B : 344F80AD;
089C : 40000000;
089D : 340F809E;
089E : 344F809F;
089F : 346F804F;
08A0 : 40000000;
08A1 : 340F80C2;
08A2 : 344F80C3;
08A3 : 346F8059;
08A4 : 40000000;
08A5 : 340F80AC;
08A6 : 342F804E;
08A7 : 344F80AD;
08A8 : 346F804F;
08A9 : 40000000;
08AA : 340F80C4;
08AB : 344F80C5;
08AC : 40000000;
08AD : 340F80B8;
08AE : 344F80BB;
08AF : 346F8051;
08B0 : 40000000;
08B1 : 340F80BE;
08B2 : 344F80BF;
08B3 : 346F8055;
08B4 : 40000000;
08B5 : 340F80A8;
08B6 : 342F8050;
08B7 : 344F80A9;
08B8 : 346F8051;
08B9 : 40000000;
08BA : 340F80A6;
08BB : 342F8052;
08BC : 344F80A7;
08BD : 346F8053;
08BE : 40000000;
08BF : 340F80A0;
08C0 : 344F80A3;
08C1 : 346F8055;
08C2 : 40000000;
08C3 : 340F80BC;
08C4 : 344F80BD;
08C5 : 346F805F;
08C6 : 40000000;
08C7 : 340F8092;
08C8 : 342F8054;
08C9 : 344F8093;
08CA : 346F8055;
08CB : 40000000;
08CC : 340F80A4;
08CD : 344F80A5;
08CE : 346F805B;
08CF : 40000000;
08D0 : 340F80A8;
08D1 : 342F8056;
08D2 : 344F80A9;
08D3 : 346F8057;
08D4 : 40000000;
08D5 : 340F80A2;
08D6 : 344F80A3;
08D7 : 346F805B;
08D8 : 40000000;
08D9 : 340F80B0;
08DA : 344F80B1;
08DB : 40000000;
08DC : 340F80B4;
08DD : 344F80B9;
08DE : 346F805D;
08DF : 40000000;
08E0 : 340F80AA;
08E1 : 342F8058;
08E2 : 344F80AB;
08E3 : 346F8059;
08E4 : 40000000;
08E5 : 340F80A0;
08E6 : 344F80A1;
08E7 : 346F805D;
08E8 : 40000000;
08E9 : 340F80B2;
08EA : 344F80B3;
08EB : 40000000;
08EC : 340F80BE;
08ED : 344F80BF;
08EE : 40000000;
08EF : 340F80AE;
08F0 : 342F805A;
08F1 : 344F80AF;
08F2 : 346F805B;
08F3 : 40000000;
08F4 : 340F80BA;
08F5 : 344F80BB;
08F6 : 40000000;
08F7 : 340F80A6;
08F8 : 344F80A7;
08F9 : 346F8063;
08FA : 40000000;
08FB : 340F8090;
08FC : 342F805C;
08FD : 344F8091;
08FE : 346F805D;
08FF : 40000000;
0900 : 340F808C;
0901 : 342F805E;
0902 : 344F808D;
0903 : 346F805F;
0904 : 40000000;
0905 : 340F80B6;
0906 : 344F80BB;
0907 : 40000000;
0908 : 340F80CA;
0909 : 344F80CB;
090A : 40000000;
090B : 340F809E;
090C : 344F809F;
090D : 346F8063;
090E : 40000000;
090F : 340F808E;
0910 : 342F8060;
0911 : 344F808F;
0912 : 346F8061;
0913 : 40000000;
0914 : 340F80A8;
0915 : 344F80A9;
0916 : 40000000;
0917 : 340F80B0;
0918 : 344F80B1;
0919 : 40000000;
091A : 340F80B8;
091B : 344F80BB;
091C : 40000000;
091D : 340F808A;
091E : 344F808B;
091F : 346F8063;
0920 : 40000000;
0921 : 340F80B2;
0922 : 342F8062;
0923 : 344F80B3;
0924 : 40000000;
0925 : 340F808C;
0926 : 344F808D;
0927 : 346F8065;
0928 : 40000000;
0929 : 340F80BA;
092A : 344F80BD;
092B : 40000000;
092C : 340F8086;
092D : 344F8089;
092E : 346F8067;
092F : 40000000;
0930 : 340F80A0;
0931 : 342F8064;
0932 : 344F80A3;
0933 : 346F8065;
0934 : 40000000;
0935 : 340F80BE;
0936 : 344F80BF;
0937 : 346F806D;
0938 : 40000000;
0939 : 340F80A8;
093A : 342F8066;
093B : 344F80AB;
093C : 346F8067;
093D : 40000000;
093E : 340F80B4;
093F : 344F80B5;
0940 : 40000000;
0941 : 340F80C6;
0942 : 344F80C7;
0943 : 346F8069;
0944 : 40000000;
0945 : 340F80BC;
0946 : 344F80BD;
0947 : 346F806D;
0948 : 40000000;
0949 : 340F80C0;
094A : 344F80C1;
094B : 346F806F;
094C : 40000000;
094D : 340F80A8;
094E : 342F8068;
094F : 344F80A9;
0950 : 346F8069;
0951 : 40000000;
0952 : 340F80AC;
0953 : 344F80AD;
0954 : 40000000;
0955 : 340F80AE;
0956 : 342F806A;
0957 : 344F80AF;
0958 : 346F806B;
0959 : 40000000;
095A : 340F8086;
095B : 344F8087;
095C : 346F806D;
095D : 40000000;
095E : 340F80B6;
095F : 344F80B7;
0960 : 40000000;
0961 : 340F80B8;
0962 : 342F806C;
0963 : 344F80BB;
0964 : 346F8071;
0965 : 40000000;
0966 : 340F80BA;
0967 : 342F8072;
0968 : 346F8073;
0969 : 40000000;
096A : 340F80BC;
096B : 342F8074;
096C : 344F80BF;
096D : 346F8075;
096E : 40000000;
096F : 340F80BE;
0970 : 342F8076;
0971 : 346F8077;
0972 : 40000000;
0973 : 340F80AC;
0974 : 344F80AD;
0975 : 346F807D;
0976 : 40000000;
0977 : 340F80A2;
0978 : 342F8078;
0979 : 344F80AB;
097A : 346F8079;
097B : 40000000;
097C : 340F809C;
097D : 342F807A;
097E : 344F809F;
097F : 346F807B;
0980 : 40000000;
0981 : 340F80A8;
0982 : 344F80A9;
0983 : 346F807D;
0984 : 40000000;
0985 : 340F809E;
0986 : 342F807C;
0987 : 344F809F;
0988 : 40000000;
0989 : 340F80AE;
098A : 344F80AF;
098B : 40000000;
098C : 340F80A4;
098D : 342F807E;
098E : 344F80A5;
098F : 346F807F;
0990 : 40000000;
0991 : 340F809C;
0992 : 342F8082;
0993 : 344F809F;
0994 : 346F8083;
0995 : 40000000;
0996 : 340F809A;
0997 : 342F8084;
0998 : 344F809B;
0999 : 346F8085;
099A : 40000000;
099B : 340F809E;
099C : 342F8086;
099D : 344F809F;
099E : 346F808D;
099F : 40000000;
09A0 : 340F80A2;
09A1 : 342F8088;
09A2 : 344F80A3;
09A3 : 346F8089;
09A4 : 40000000;
09A5 : 340F80A6;
09A6 : 344F80A7;
09A7 : 40000000;
09A8 : 340F80B4;
09A9 : 342F808A;
09AA : 344F80B5;
09AB : 346F808B;
09AC : 40000000;
09AD : 340F809C;
09AE : 344F809D;
09AF : 346F808D;
09B0 : 40000000;
09B1 : 340F80A6;
09B2 : 342F8096;
09B3 : 344F80A7;
09B4 : 346F8097;
09B5 : 40000000;
09B6 : 340F80A2;
09B7 : 344F80A3;
09B8 : 346F8099;
09B9 : 40000000;
09BA : 340F80A4;
09BB : 342F8098;
09BC : 344F80A5;
09BD : 40000000;
09BE : 340F80A0;
09BF : 344F80A1;
09C0 : 346F809B;
09C1 : 40000000;
09C2 : 340F8094;
09C3 : 342F8008;
09C4 : 344F8095;
09C5 : 346F8009;
09C6 : 348F800A;
09C7 : 40000000;
09C8 : 340F8086;
09C9 : 342F8012;
09CA : 344F8087;
09CB : 346F8013;
09CC : 40000000;
09CD : 340F8084;
09CE : 342F8014;
09CF : 344F8085;
09D0 : 346F8015;
09D1 : 40000000;
09D2 : 340F807E;
09D3 : 342F801C;
09D4 : 344F807F;
09D5 : 346F801D;
09D6 : 40000000;
09D7 : 340F807C;
09D8 : 342F8020;
09D9 : 344F807D;
09DA : 346F8021;
09DB : 40000000;
09DC : 340F808E;
09DD : 342F8022;
09DE : 344F8091;
09DF : 346F8023;
09E0 : 40000000;
09E1 : 340F80A4;
09E2 : 344F80A7;
09E3 : 40000000;
09E4 : 340F807A;
09E5 : 342F8024;
09E6 : 344F807B;
09E7 : 346F8025;
09E8 : 40000000;
09E9 : 340F80B0;
09EA : 344F80B1;
09EB : 40000000;
09EC : 340F80B6;
09ED : 342F8026;
09EE : 344F80B7;
09EF : 346F8027;
09F0 : 40000000;
09F1 : 340F8078;
09F2 : 342F802A;
09F3 : 344F8079;
09F4 : 346F802B;
09F5 : 40000000;
09F6 : 340F8076;
09F7 : 342F802E;
09F8 : 344F8077;
09F9 : 346F802F;
09FA : 40000000;
09FB : 340F8088;
09FC : 344F808D;
09FD : 40000000;
09FE : 340F806C;
09FF : 342F8030;
0A00 : 344F806D;
0A01 : 346F8031;
0A02 : 40000000;
0A03 : 340F80A6;
0A04 : 344F80A9;
0A05 : 40000000;
0A06 : 340F8064;
0A07 : 342F8032;
0A08 : 344F8065;
0A09 : 346F8033;
0A0A : 40000000;
0A0B : 340F80AE;
0A0C : 344F80AF;
0A0D : 40000000;
0A0E : 340F80B4;
0A0F : 344F80B5;
0A10 : 40000000;
0A11 : 340F80BA;
0A12 : 342F8034;
0A13 : 344F80BD;
0A14 : 346F8035;
0A15 : 40000000;
0A16 : 340F80C2;
0A17 : 342F8036;
0A18 : 344F80C5;
0A19 : 346F8037;
0A1A : 40000000;
0A1B : 340F80C8;
0A1C : 344F80C9;
0A1D : 40000000;
0A1E : 340F8056;
0A1F : 342F8038;
0A20 : 344F8057;
0A21 : 346F8039;
0A22 : 40000000;
0A23 : 340F80CA;
0A24 : 344F80CB;
0A25 : 40000000;
0A26 : 340F8054;
0A27 : 342F803A;
0A28 : 344F8055;
0A29 : 346F803B;
0A2A : 40000000;
0A2B : 340F8052;
0A2C : 342F803C;
0A2D : 344F8053;
0A2E : 346F803D;
0A2F : 40000000;
0A30 : 340F80D4;
0A31 : 344F80D5;
0A32 : 40000000;
0A33 : 340F8050;
0A34 : 342F8040;
0A35 : 344F8051;
0A36 : 346F8041;
0A37 : 40000000;
0A38 : 340F80E0;
0A39 : 342F8042;
0A3A : 344F80E1;
0A3B : 346F8043;
0A3C : 40000000;
0A3D : 340F8050;
0A3E : 342F8046;
0A3F : 344F8051;
0A40 : 346F8047;
0A41 : 40000000;
0A42 : 340F8096;
0A43 : 342F8048;
0A44 : 344F8097;
0A45 : 346F8049;
0A46 : 40000000;
0A47 : 340F80AA;
0A48 : 344F80AB;
0A49 : 40000000;
0A4A : 340F80B0;
0A4B : 342F804A;
0A4C : 344F80B1;
0A4D : 346F804B;
0A4E : 40000000;
0A4F : 340F80B4;
0A50 : 344F80B5;
0A51 : 40000000;
0A52 : 340F80B8;
0A53 : 344F80B9;
0A54 : 40000000;
0A55 : 340F809C;
0A56 : 342F804C;
0A57 : 344F809D;
0A58 : 346F804D;
0A59 : 40000000;
0A5A : 340F8054;
0A5B : 342F804E;
0A5C : 344F8055;
0A5D : 346F804F;
0A5E : 40000000;
0A5F : 340F808E;
0A60 : 344F8093;
0A61 : 40000000;
0A62 : 340F8096;
0A63 : 344F8097;
0A64 : 40000000;
0A65 : 340F80B0;
0A66 : 344F80B1;
0A67 : 40000000;
0A68 : 340F80BC;
0A69 : 344F80BD;
0A6A : 346F8051;
0A6B : 40000000;
0A6C : 340F80EA;
0A6D : 344F80EB;
0A6E : 346F8053;
0A6F : 40000000;
0A70 : 340F8094;
0A71 : 342F8050;
0A72 : 344F8095;
0A73 : 346F8051;
0A74 : 40000000;
0A75 : 340F80B6;
0A76 : 344F80B7;
0A77 : 40000000;
0A78 : 340F8090;
0A79 : 342F8052;
0A7A : 344F8093;
0A7B : 346F8053;
0A7C : 40000000;
0A7D : 340F808E;
0A7E : 342F8054;
0A7F : 344F808F;
0A80 : 346F8055;
0A81 : 40000000;
0A82 : 340F80CA;
0A83 : 342F8056;
0A84 : 344F80CB;
0A85 : 346F8059;
0A86 : 40000000;
0A87 : 340F805E;
0A88 : 342F8058;
0A89 : 344F805F;
0A8A : 40000000;
0A8B : 340F80E6;
0A8C : 342F805A;
0A8D : 344F80E7;
0A8E : 346F805B;
0A8F : 40000000;
0A90 : 340F80C8;
0A91 : 342F805C;
0A92 : 344F80C9;
0A93 : 346F805D;
0A94 : 40000000;
0A95 : 340F80E4;
0A96 : 344F80E5;
0A97 : 40000000;
0A98 : 340F8068;
0A99 : 342F805E;
0A9A : 344F8069;
0A9B : 346F805F;
0A9C : 40000000;
0A9D : 340F80C4;
0A9E : 344F80C7;
0A9F : 346F8063;
0AA0 : 40000000;
0AA1 : 340F80A4;
0AA2 : 342F8064;
0AA3 : 344F80A5;
0AA4 : 346F8065;
0AA5 : 40000000;
0AA6 : 340F80D6;
0AA7 : 344F80D7;
0AA8 : 40000000;
0AA9 : 340F80C4;
0AAA : 344F80C5;
0AAB : 346F8067;
0AAC : 40000000;
0AAD : 340F80D0;
0AAE : 342F8066;
0AAF : 344F80D1;
0AB0 : 40000000;
0AB1 : 340F80A6;
0AB2 : 344F80A7;
0AB3 : 346F8073;
0AB4 : 40000000;
0AB5 : 340F8070;
0AB6 : 342F8068;
0AB7 : 344F8071;
0AB8 : 346F8069;
0AB9 : 40000000;
0ABA : 340F80AA;
0ABB : 344F80AB;
0ABC : 40000000;
0ABD : 340F80C2;
0ABE : 344F80C3;
0ABF : 40000000;
0AC0 : 340F80C8;
0AC1 : 344F80C9;
0AC2 : 40000000;
0AC3 : 340F80A4;
0AC4 : 344F80A5;
0AC5 : 346F8073;
0AC6 : 40000000;
0AC7 : 340F808A;
0AC8 : 342F806A;
0AC9 : 344F808B;
0ACA : 346F806B;
0ACB : 40000000;
0ACC : 340F80AC;
0ACD : 344F80AD;
0ACE : 40000000;
0ACF : 340F80C4;
0AD0 : 344F80C7;
0AD1 : 346F806D;
0AD2 : 40000000;
0AD3 : 340F80B0;
0AD4 : 344F80B1;
0AD5 : 346F8071;
0AD6 : 40000000;
0AD7 : 340F80A8;
0AD8 : 344F80A9;
0AD9 : 346F8073;
0ADA : 40000000;
0ADB : 340F8098;
0ADC : 342F806C;
0ADD : 344F8099;
0ADE : 346F806D;
0ADF : 40000000;
0AE0 : 340F809C;
0AE1 : 344F809F;
0AE2 : 40000000;
0AE3 : 340F80AE;
0AE4 : 344F80AF;
0AE5 : 40000000;
0AE6 : 340F8088;
0AE7 : 344F8089;
0AE8 : 346F806F;
0AE9 : 40000000;
0AEA : 340F80C2;
0AEB : 344F80C3;
0AEC : 40000000;
0AED : 340F8072;
0AEE : 342F806E;
0AEF : 344F8073;
0AF0 : 40000000;
0AF1 : 340F809E;
0AF2 : 344F809F;
0AF3 : 40000000;
0AF4 : 340F80B2;
0AF5 : 344F80B3;
0AF6 : 40000000;
0AF7 : 340F80C4;
0AF8 : 344F80C5;
0AF9 : 40000000;
0AFA : 340F809C;
0AFB : 342F8070;
0AFC : 344F809D;
0AFD : 346F8071;
0AFE : 40000000;
0AFF : 340F80AA;
0B00 : 344F80AB;
0B01 : 40000000;
0B02 : 340F80AE;
0B03 : 344F80AF;
0B04 : 40000000;
0B05 : 340F80A0;
0B06 : 344F80A1;
0B07 : 346F8073;
0B08 : 40000000;
0B09 : 340F8084;
0B0A : 344F8087;
0B0B : 346F8075;
0B0C : 40000000;
0B0D : 340F80A2;
0B0E : 342F8072;
0B0F : 344F80A3;
0B10 : 346F8073;
0B11 : 40000000;
0B12 : 340F80BE;
0B13 : 344F80BF;
0B14 : 40000000;
0B15 : 340F80B4;
0B16 : 344F80B5;
0B17 : 346F8075;
0B18 : 40000000;
0B19 : 340F8088;
0B1A : 342F8074;
0B1B : 344F808B;
0B1C : 40000000;
0B1D : 340F80B6;
0B1E : 344F80B7;
0B1F : 40000000;
0B20 : 340F8084;
0B21 : 342F8076;
0B22 : 344F8085;
0B23 : 346F8077;
0B24 : 40000000;
0B25 : 340F809A;
0B26 : 344F809B;
0B27 : 40000000;
0B28 : 340F80A0;
0B29 : 344F80A9;
0B2A : 40000000;
0B2B : 340F808A;
0B2C : 342F8078;
0B2D : 344F808B;
0B2E : 346F8079;
0B2F : 40000000;
0B30 : 340F80B4;
0B31 : 344F80B5;
0B32 : 40000000;
0B33 : 340F8086;
0B34 : 344F8087;
0B35 : 346F8081;
0B36 : 40000000;
0B37 : 340F80AA;
0B38 : 342F807A;
0B39 : 344F80AB;
0B3A : 346F807D;
0B3B : 40000000;
0B3C : 340F80B2;
0B3D : 344F80B3;
0B3E : 40000000;
0B3F : 340F8088;
0B40 : 344F8089;
0B41 : 346F8081;
0B42 : 40000000;
0B43 : 340F809C;
0B44 : 342F807C;
0B45 : 344F809D;
0B46 : 346F807D;
0B47 : 40000000;
0B48 : 340F80B0;
0B49 : 344F80B1;
0B4A : 40000000;
0B4B : 340F80A2;
0B4C : 342F807E;
0B4D : 344F80A3;
0B4E : 346F807F;
0B4F : 40000000;
0B50 : 340F809E;
0B51 : 344F809F;
0B52 : 346F8081;
0B53 : 40000000;
0B54 : 340F80AC;
0B55 : 344F80AD;
0B56 : 40000000;
0B57 : 340F809A;
0B58 : 344F809B;
0B59 : 346F8083;
0B5A : 40000000;
0B5B : 340F808A;
0B5C : 344F808B;
0B5D : 346F8085;
0B5E : 40000000;
0B5F : 340F8098;
0B60 : 342F8080;
0B61 : 344F8099;
0B62 : 346F8081;
0B63 : 40000000;
0B64 : 340F809C;
0B65 : 344F809D;
0B66 : 40000000;
0B67 : 340F80BA;
0B68 : 344F80BB;
0B69 : 346F8083;
0B6A : 40000000;
0B6B : 340F808C;
0B6C : 342F8082;
0B6D : 344F8091;
0B6E : 346F8087;
0B6F : 40000000;
0B70 : 340F809C;
0B71 : 342F8084;
0B72 : 344F809F;
0B73 : 346F8085;
0B74 : 40000000;
0B75 : 340F8092;
0B76 : 344F8093;
0B77 : 346F808D;
0B78 : 40000000;
0B79 : 340F809A;
0B7A : 342F8086;
0B7B : 344F809B;
0B7C : 346F8087;
0B7D : 40000000;
0B7E : 340F80B8;
0B7F : 344F80B9;
0B80 : 40000000;
0B81 : 340F80A8;
0B82 : 344F80AB;
0B83 : 346F8089;
0B84 : 40000000;
0B85 : 340F808E;
0B86 : 342F8088;
0B87 : 344F8091;
0B88 : 40000000;
0B89 : 340F809C;
0B8A : 344F809D;
0B8B : 40000000;
0B8C : 340F80B6;
0B8D : 344F80B7;
0B8E : 40000000;
0B8F : 340F8090;
0B90 : 342F808A;
0B91 : 344F8091;
0B92 : 346F808B;
0B93 : 40000000;
0B94 : 340F8094;
0B95 : 344F8095;
0B96 : 40000000;
0B97 : 340F80A2;
0B98 : 344F80A9;
0B99 : 346F808D;
0B9A : 40000000;
0B9B : 340F80B2;
0B9C : 342F808C;
0B9D : 344F80B3;
0B9E : 40000000;
0B9F : 340F80A0;
0BA0 : 344F80A1;
0BA1 : 346F808F;
0BA2 : 40000000;
0BA3 : 340F809A;
0BA4 : 342F808E;
0BA5 : 344F809F;
0BA6 : 40000000;
0BA7 : 340F80A4;
0BA8 : 344F80A9;
0BA9 : 40000000;
0BAA : 340F8096;
0BAB : 344F8097;
0BAC : 346F8093;
0BAD : 40000000;
0BAE : 340F809A;
0BAF : 342F8090;
0BB0 : 344F809B;
0BB1 : 346F8091;
0BB2 : 40000000;
0BB3 : 340F809E;
0BB4 : 344F809F;
0BB5 : 40000000;
0BB6 : 340F80A6;
0BB7 : 344F80A7;
0BB8 : 40000000;
0BB9 : 340F8098;
0BBA : 342F8092;
0BBB : 344F8099;
0BBC : 346F8093;
0BBD : 40000000;
0BBE : 340F80A2;
0BBF : 344F80A5;
0BC0 : 40000000;
0BC1 : 340F809A;
0BC2 : 342F8094;
0BC3 : 344F809D;
0BC4 : 346F8095;
0BC5 : 40000000;
0BC6 : 340F80AA;
0BC7 : 344F80AB;
0BC8 : 40000000;
0BC9 : 340F809E;
0BCA : 342F8098;
0BCB : 344F809F;
0BCC : 346F8099;
0BCD : 40000000;
0BCE : 340F80A2;
0BCF : 342F809A;
0BD0 : 344F80A3;
0BD1 : 346F809B;
0BD2 : 40000000;
0BD3 : 340F8094;
0BD4 : 342F800A;
0BD5 : 344F8095;
0BD6 : 346F800B;
0BD7 : 348F800B;
0BD8 : 40000000;
0BD9 : 340F8090;
0BDA : 342F800E;
0BDB : 344F8091;
0BDC : 346F800F;
0BDD : 40000000;
0BDE : 340F808E;
0BDF : 342F8010;
0BE0 : 344F808F;
0BE1 : 346F8011;
0BE2 : 40000000;
0BE3 : 340F808C;
0BE4 : 342F8012;
0BE5 : 344F808D;
0BE6 : 346F8015;
0BE7 : 40000000;
0BE8 : 340F8088;
0BE9 : 342F8014;
0BEA : 344F808B;
0BEB : 346F8019;
0BEC : 40000000;
0BED : 340F8086;
0BEE : 342F801A;
0BEF : 344F8087;
0BF0 : 346F801D;
0BF1 : 40000000;
0BF2 : 340F8084;
0BF3 : 342F801C;
0BF4 : 344F8085;
0BF5 : 346F8021;
0BF6 : 40000000;
0BF7 : 340F8082;
0BF8 : 342F801E;
0BF9 : 344F8083;
0BFA : 346F8023;
0BFB : 40000000;
0BFC : 340F8080;
0BFD : 342F8020;
0BFE : 344F8081;
0BFF : 346F8025;
0C00 : 40000000;
0C01 : 340F807E;
0C02 : 342F8022;
0C03 : 344F807F;
0C04 : 346F8027;
0C05 : 40000000;
0C06 : 340F8084;
0C07 : 342F8024;
0C08 : 344F8085;
0C09 : 346F8025;
0C0A : 40000000;
0C0B : 340F807A;
0C0C : 342F8026;
0C0D : 344F807D;
0C0E : 346F8027;
0C0F : 40000000;
0C10 : 342F8028;
0C11 : 344F807B;
0C12 : 346F8029;
0C13 : 40000000;
0C14 : 340F8082;
0C15 : 342F802E;
0C16 : 344F8087;
0C17 : 346F802F;
0C18 : 40000000;
0C19 : 340F808E;
0C1A : 344F8095;
0C1B : 40000000;
0C1C : 340F806E;
0C1D : 342F8030;
0C1E : 344F8071;
0C1F : 346F8031;
0C20 : 40000000;
0C21 : 340F8096;
0C22 : 344F809D;
0C23 : 40000000;
0C24 : 340F80A8;
0C25 : 342F8032;
0C26 : 344F80AB;
0C27 : 346F8033;
0C28 : 40000000;
0C29 : 340F80B4;
0C2A : 342F8034;
0C2B : 344F80B9;
0C2C : 346F8035;
0C2D : 40000000;
0C2E : 340F80C0;
0C2F : 342F8036;
0C30 : 344F80C1;
0C31 : 346F8037;
0C32 : 40000000;
0C33 : 340F8092;
0C34 : 342F8038;
0C35 : 344F80A7;
0C36 : 346F8039;
0C37 : 40000000;
0C38 : 340F80C8;
0C39 : 344F80C9;
0C3A : 40000000;
0C3B : 340F8058;
0C3C : 342F803A;
0C3D : 344F8059;
0C3E : 346F803B;
0C3F : 40000000;
0C40 : 340F808E;
0C41 : 344F809D;
0C42 : 40000000;
0C43 : 340F80AA;
0C44 : 344F80B1;
0C45 : 40000000;
0C46 : 340F8056;
0C47 : 342F803C;
0C48 : 344F8057;
0C49 : 346F803D;
0C4A : 40000000;
0C4B : 340F808E;
0C4C : 344F8099;
0C4D : 40000000;
0C4E : 340F80B0;
0C4F : 344F80B5;
0C50 : 40000000;
0C51 : 340F808E;
0C52 : 342F803E;
0C53 : 344F8091;
0C54 : 346F803F;
0C55 : 40000000;
0C56 : 340F80B6;
0C57 : 344F80B7;
0C58 : 40000000;
0C59 : 340F8054;
0C5A : 344F8055;
0C5B : 346F804B;
0C5C : 40000000;
0C5D : 340F80B8;
0C5E : 342F8040;
0C5F : 344F80BB;
0C60 : 346F8041;
0C61 : 40000000;
0C62 : 340F80DC;
0C63 : 344F80DD;
0C64 : 40000000;
0C65 : 340F808E;
0C66 : 344F808F;
0C67 : 346F8045;
0C68 : 40000000;
0C69 : 340F80BA;
0C6A : 342F8042;
0C6B : 344F80BF;
0C6C : 346F8043;
0C6D : 40000000;
0C6E : 340F8050;
0C6F : 344F8053;
0C70 : 346F8045;
0C71 : 40000000;
0C72 : 340F80BE;
0C73 : 342F8044;
0C74 : 344F80C1;
0C75 : 40000000;
0C76 : 340F8092;
0C77 : 342F8046;
0C78 : 344F8093;
0C79 : 346F8047;
0C7A : 40000000;
0C7B : 340F80B8;
0C7C : 344F80B9;
0C7D : 40000000;
0C7E : 340F80B4;
0C7F : 344F80B5;
0C80 : 346F8049;
0C81 : 40000000;
0C82 : 340F80C0;
0C83 : 344F80C3;
0C84 : 40000000;
0C85 : 340F8052;
0C86 : 344F8053;
0C87 : 346F804B;
0C88 : 40000000;
0C89 : 340F80BC;
0C8A : 342F8048;
0C8B : 344F80BD;
0C8C : 346F804D;
0C8D : 40000000;
0C8E : 340F80C4;
0C8F : 344F80C5;
0C90 : 40000000;
0C91 : 340F8088;
0C92 : 342F804A;
0C93 : 344F8091;
0C94 : 346F804B;
0C95 : 40000000;
0C96 : 340F8098;
0C97 : 344F809B;
0C98 : 40000000;
0C99 : 340F80A8;
0C9A : 344F80AF;
0C9B : 40000000;
0C9C : 340F80B2;
0C9D : 344F80B3;
0C9E : 40000000;
0C9F : 340F80C2;
0CA0 : 344F80C3;
0CA1 : 40000000;
0CA2 : 340F80E8;
0CA3 : 344F80E9;
0CA4 : 40000000;
0CA5 : 340F80BA;
0CA6 : 344F80BB;
0CA7 : 346F804D;
0CA8 : 40000000;
0CA9 : 340F80C6;
0CAA : 344F80C7;
0CAB : 346F805D;
0CAC : 40000000;
0CAD : 340F8088;
0CAE : 342F804C;
0CAF : 344F808B;
0CB0 : 346F804D;
0CB1 : 40000000;
0CB2 : 340F8094;
0CB3 : 344F8095;
0CB4 : 40000000;
0CB5 : 340F80BE;
0CB6 : 344F80BF;
0CB7 : 40000000;
0CB8 : 340F80AE;
0CB9 : 342F804E;
0CBA : 344F80AF;
0CBB : 346F804F;
0CBC : 40000000;
0CBD : 340F8092;
0CBE : 342F8050;
0CBF : 344F8093;
0CC0 : 346F8051;
0CC1 : 40000000;
0CC2 : 340F8096;
0CC3 : 344F8097;
0CC4 : 40000000;
0CC5 : 340F80AA;
0CC6 : 344F80AB;
0CC7 : 40000000;
0CC8 : 340F809E;
0CC9 : 344F809F;
0CCA : 346F805D;
0CCB : 40000000;
0CCC : 340F80C4;
0CCD : 344F80C5;
0CCE : 40000000;
0CCF : 340F8094;
0CD0 : 342F8052;
0CD1 : 344F8095;
0CD2 : 346F8055;
0CD3 : 40000000;
0CD4 : 340F80A8;
0CD5 : 344F80A9;
0CD6 : 40000000;
0CD7 : 340F80BA;
0CD8 : 344F80BB;
0CD9 : 346F8059;
0CDA : 40000000;
0CDB : 340F80B4;
0CDC : 342F8054;
0CDD : 344F80B7;
0CDE : 346F8055;
0CDF : 40000000;
0CE0 : 340F80AA;
0CE1 : 344F80AF;
0CE2 : 346F8057;
0CE3 : 40000000;
0CE4 : 340F808C;
0CE5 : 342F8056;
0CE6 : 344F8093;
0CE7 : 40000000;
0CE8 : 340F80A0;
0CE9 : 344F80A1;
0CEA : 40000000;
0CEB : 340F80CC;
0CEC : 344F80CD;
0CED : 40000000;
0CEE : 340F808A;
0CEF : 342F8058;
0CF0 : 344F808F;
0CF1 : 346F8059;
0CF2 : 40000000;
0CF3 : 340F80AC;
0CF4 : 344F80AF;
0CF5 : 40000000;
0CF6 : 340F80C8;
0CF7 : 344F80C9;
0CF8 : 346F805B;
0CF9 : 40000000;
0CFA : 340F8088;
0CFB : 342F805A;
0CFC : 344F808D;
0CFD : 40000000;
0CFE : 340F8090;
0CFF : 344F8093;
0D00 : 40000000;
0D01 : 340F80CA;
0D02 : 344F80CB;
0D03 : 346F805D;
0D04 : 40000000;
0D05 : 340F80C2;
0D06 : 344F80C3;
0D07 : 346F8067;
0D08 : 40000000;
0D09 : 340F808A;
0D0A : 342F805C;
0D0B : 344F808F;
0D0C : 346F805D;
0D0D : 40000000;
0D0E : 340F80A8;
0D0F : 344F80AD;
0D10 : 40000000;
0D11 : 340F8088;
0D12 : 342F805E;
0D13 : 344F808B;
0D14 : 346F805F;
0D15 : 40000000;
0D16 : 340F80A8;
0D17 : 344F80AB;
0D18 : 40000000;
0D19 : 340F80AE;
0D1A : 344F80AF;
0D1B : 40000000;
0D1C : 340F809C;
0D1D : 344F809D;
0D1E : 346F8061;
0D1F : 40000000;
0D20 : 340F80BE;
0D21 : 344F80C1;
0D22 : 346F8063;
0D23 : 40000000;
0D24 : 340F80C8;
0D25 : 344F80C9;
0D26 : 346F8067;
0D27 : 40000000;
0D28 : 340F8086;
0D29 : 342F8060;
0D2A : 344F8089;
0D2B : 346F8061;
0D2C : 40000000;
0D2D : 340F80BC;
0D2E : 344F80BD;
0D2F : 40000000;
0D30 : 340F80CA;
0D31 : 344F80CD;
0D32 : 40000000;
0D33 : 340F80AA;
0D34 : 342F8062;
0D35 : 344F80AD;
0D36 : 346F8063;
0D37 : 40000000;
0D38 : 340F80CC;
0D39 : 344F80CD;
0D3A : 40000000;
0D3B : 340F809E;
0D3C : 342F8064;
0D3D : 344F809F;
0D3E : 346F8065;
0D3F : 40000000;
0D40 : 340F80A6;
0D41 : 344F80A7;
0D42 : 40000000;
0D43 : 340F80AA;
0D44 : 344F80AB;
0D45 : 40000000;
0D46 : 340F80B2;
0D47 : 344F80B3;
0D48 : 40000000;
0D49 : 340F80C0;
0D4A : 344F80C1;
0D4B : 40000000;
0D4C : 340F8084;
0D4D : 344F8085;
0D4E : 346F806F;
0D4F : 40000000;
0D50 : 340F80A2;
0D51 : 342F8066;
0D52 : 344F80A5;
0D53 : 346F8067;
0D54 : 40000000;
0D55 : 340F808C;
0D56 : 344F808D;
0D57 : 346F8069;
0D58 : 40000000;
0D59 : 340F8086;
0D5A : 342F8068;
0D5B : 344F8087;
0D5C : 40000000;
0D5D : 340F80B0;
0D5E : 344F80B1;
0D5F : 40000000;
0D60 : 340F80B4;
0D61 : 344F80B5;
0D62 : 346F806D;
0D63 : 40000000;
0D64 : 340F80A0;
0D65 : 342F806A;
0D66 : 344F80A1;
0D67 : 346F806B;
0D68 : 40000000;
0D69 : 340F80C2;
0D6A : 344F80C3;
0D6B : 40000000;
0D6C : 340F808A;
0D6D : 342F806C;
0D6E : 344F808B;
0D6F : 346F806D;
0D70 : 40000000;
0D71 : 340F80A0;
0D72 : 342F806E;
0D73 : 344F80A1;
0D74 : 346F806F;
0D75 : 40000000;
0D76 : 340F80B6;
0D77 : 344F80B7;
0D78 : 40000000;
0D79 : 340F80BC;
0D7A : 344F80BF;
0D7B : 346F8071;
0D7C : 40000000;
0D7D : 340F809E;
0D7E : 342F8070;
0D7F : 344F809F;
0D80 : 40000000;
0D81 : 340F80A2;
0D82 : 344F80A3;
0D83 : 40000000;
0D84 : 340F80B4;
0D85 : 344F80B5;
0D86 : 40000000;
0D87 : 340F80B6;
0D88 : 342F8072;
0D89 : 344F80B7;
0D8A : 346F8073;
0D8B : 40000000;
0D8C : 340F80BC;
0D8D : 344F80BD;
0D8E : 40000000;
0D8F : 340F80B4;
0D90 : 342F8076;
0D91 : 344F80B5;
0D92 : 346F8077;
0D93 : 40000000;
0D94 : 340F809E;
0D95 : 342F8078;
0D96 : 344F80A1;
0D97 : 346F8079;
0D98 : 40000000;
0D99 : 340F80B0;
0D9A : 344F80B1;
0D9B : 346F807B;
0D9C : 40000000;
0D9D : 340F8098;
0D9E : 342F807A;
0D9F : 344F809B;
0DA0 : 346F807D;
0DA1 : 40000000;
0DA2 : 342F807E;
0DA3 : 344F8099;
0DA4 : 346F807F;
0DA5 : 40000000;
0DA6 : 340F809C;
0DA7 : 344F809D;
0DA8 : 40000000;
0DA9 : 340F808E;
0DAA : 342F8080;
0DAB : 344F8091;
0DAC : 346F8081;
0DAD : 40000000;
0DAE : 340F8092;
0DAF : 342F8082;
0DB0 : 344F8093;
0DB1 : 346F8083;
0DB2 : 40000000;
0DB3 : 340F8098;
0DB4 : 344F8099;
0DB5 : 346F8087;
0DB6 : 40000000;
0DB7 : 340F8094;
0DB8 : 342F8084;
0DB9 : 344F8097;
0DBA : 346F8085;
0DBB : 40000000;
0DBC : 342F8086;
0DBD : 344F8095;
0DBE : 346F8087;
0DBF : 40000000;
0DC0 : 340F809C;
0DC1 : 344F809D;
0DC2 : 40000000;
0DC3 : 340F809A;
0DC4 : 342F8088;
0DC5 : 344F809B;
0DC6 : 346F808B;
0DC7 : 40000000;
0DC8 : 340F8098;
0DC9 : 342F808A;
0DCA : 344F8099;
0DCB : 346F808D;
0DCC : 40000000;
0DCD : 340F8096;
0DCE : 342F808C;
0DCF : 344F8097;
0DD0 : 40000000;
0DD1 : 340F80A0;
0DD2 : 342F8096;
0DD3 : 344F80A1;
0DD4 : 346F8097;
0DD5 : 40000000;
0DD6 : 340F808E;
0DD7 : 342F8038;
0DD8 : 344F8091;
0DD9 : 346F8039;
0DDA : 348F800C;
0DDB : 40000000;
0DDC : 340F80A8;
0DDD : 344F80A9;
0DDE : 40000000;
0DDF : 340F80B2;
0DE0 : 342F803A;
0DE1 : 344F80B3;
0DE2 : 346F803B;
0DE3 : 40000000;
0DE4 : 340F808C;
0DE5 : 344F808D;
0DE6 : 346F8045;
0DE7 : 40000000;
0DE8 : 340F80B6;
0DE9 : 342F803C;
0DEA : 344F80B7;
0DEB : 346F803D;
0DEC : 40000000;
0DED : 340F808A;
0DEE : 344F808B;
0DEF : 346F8043;
0DF0 : 40000000;
0DF1 : 340F80B8;
0DF2 : 342F803E;
0DF3 : 344F80BB;
0DF4 : 346F803F;
0DF5 : 40000000;
0DF6 : 340F80BC;
0DF7 : 342F8040;
0DF8 : 344F80BD;
0DF9 : 346F8041;
0DFA : 40000000;
0DFB : 340F80C0;
0DFC : 342F8042;
0DFD : 344F80C1;
0DFE : 346F8043;
0DFF : 40000000;
0E00 : 340F80C2;
0E01 : 342F8044;
0E02 : 344F80C3;
0E03 : 346F8045;
0E04 : 40000000;
0E05 : 340F80B6;
0E06 : 342F8046;
0E07 : 344F80B7;
0E08 : 346F8049;
0E09 : 40000000;
0E0A : 340F80AC;
0E0B : 342F8048;
0E0C : 344F80AD;
0E0D : 40000000;
0E0E : 340F80BA;
0E0F : 344F80BB;
0E10 : 40000000;
0E11 : 340F809A;
0E12 : 342F804C;
0E13 : 344F809B;
0E14 : 346F804D;
0E15 : 40000000;
0E16 : 340F809C;
0E17 : 342F804E;
0E18 : 344F809D;
0E19 : 346F804F;
0E1A : 40000000;
0E1B : 340F80AC;
0E1C : 342F8052;
0E1D : 344F80AD;
0E1E : 346F8053;
0E1F : 40000000;
0E20 : 340F80B8;
0E21 : 344F80B9;
0E22 : 346F8055;
0E23 : 40000000;
0E24 : 340F80CE;
0E25 : 342F8056;
0E26 : 344F80CF;
0E27 : 346F8057;
0E28 : 40000000;
0E29 : 340F8088;
0E2A : 342F8058;
0E2B : 344F8089;
0E2C : 346F8059;
0E2D : 40000000;
0E2E : 340F8090;
0E2F : 344F8091;
0E30 : 40000000;
0E31 : 340F8086;
0E32 : 342F805A;
0E33 : 344F8087;
0E34 : 346F805B;
0E35 : 40000000;
0E36 : 340F808E;
0E37 : 344F808F;
0E38 : 40000000;
0E39 : 340F809C;
0E3A : 344F809D;
0E3B : 346F805D;
0E3C : 40000000;
0E3D : 340F8088;
0E3E : 342F805C;
0E3F : 344F8089;
0E40 : 40000000;
0E41 : 340F80CC;
0E42 : 344F80CF;
0E43 : 346F805F;
0E44 : 40000000;
0E45 : 340F8090;
0E46 : 342F805E;
0E47 : 344F8091;
0E48 : 40000000;
0E49 : 340F80AC;
0E4A : 344F80AD;
0E4B : 346F8061;
0E4C : 40000000;
0E4D : 340F80AE;
0E4E : 342F8060;
0E4F : 344F80AF;
0E50 : 40000000;
0E51 : 340F8084;
0E52 : 342F8062;
0E53 : 344F8085;
0E54 : 346F8063;
0E55 : 40000000;
0E56 : 340F808E;
0E57 : 344F808F;
0E58 : 40000000;
0E59 : 340F809C;
0E5A : 344F809D;
0E5B : 40000000;
0E5C : 340F80A8;
0E5D : 344F80A9;
0E5E : 40000000;
0E5F : 340F80B0;
0E60 : 344F80B1;
0E61 : 40000000;
0E62 : 340F80CA;
0E63 : 344F80CB;
0E64 : 346F8065;
0E65 : 40000000;
0E66 : 340F80AE;
0E67 : 342F8064;
0E68 : 344F80AF;
0E69 : 40000000;
0E6A : 340F80B2;
0E6B : 342F8066;
0E6C : 344F80B3;
0E6D : 346F8067;
0E6E : 40000000;
0E6F : 340F80B6;
0E70 : 342F8070;
0E71 : 344F80B7;
0E72 : 346F8071;
0E73 : 40000000;
0E74 : 340F80AA;
0E75 : 342F8076;
0E76 : 344F80AB;
0E77 : 346F8077;
0E78 : 40000000;
0E79 : 340F80B0;
0E7A : 344F80B1;
0E7B : 40000000;
0E7C : 340F809C;
0E7D : 342F8078;
0E7E : 344F809D;
0E7F : 346F8079;
0E80 : 40000000;
0E81 : 340F8096;
0E82 : 342F807A;
0E83 : 344F8097;
0E84 : 346F807B;
0E85 : 40000000;
0E86 : 340F8098;
0E87 : 342F8088;
0E88 : 344F8099;
0E89 : 346F8089;
0E8A : 40000000;
0E8B : 340F8096;
0E8C : 342F808A;
0E8D : 344F8097;
0E8E : 346F808B;
0E8F : 40000000;
0E90 : 340F809A;
0E91 : 342F808C;
0E92 : 344F809B;
0E93 : 346F808D;
0E94 : 40000000;
0E95 : 340F8090;
0E96 : 342F800A;
0E97 : 344F8091;
0E98 : 346F800B;
0E99 : 348F800D;
0E9A : 40000000;
0E9B : 340F808C;
0E9C : 342F800E;
0E9D : 344F808D;
0E9E : 346F8011;
0E9F : 40000000;
0EA0 : 340F808A;
0EA1 : 342F8010;
0EA2 : 344F808B;
0EA3 : 346F8013;
0EA4 : 40000000;
0EA5 : 340F8088;
0EA6 : 342F8012;
0EA7 : 344F8089;
0EA8 : 40000000;
0EA9 : 340F8080;
0EAA : 342F801A;
0EAB : 344F8081;
0EAC : 346F801B;
0EAD : 40000000;
0EAE : 340F807E;
0EAF : 342F801E;
0EB0 : 344F807F;
0EB1 : 346F8021;
0EB2 : 40000000;
0EB3 : 340F8092;
0EB4 : 342F8022;
0EB5 : 344F8095;
0EB6 : 346F8023;
0EB7 : 40000000;
0EB8 : 340F80A0;
0EB9 : 344F80A3;
0EBA : 40000000;
0EBB : 340F807C;
0EBC : 344F807D;
0EBD : 346F8025;
0EBE : 40000000;
0EBF : 340F8086;
0EC0 : 342F8024;
0EC1 : 344F8087;
0EC2 : 40000000;
0EC3 : 340F80BA;
0EC4 : 342F8028;
0EC5 : 344F80BB;
0EC6 : 346F8029;
0EC7 : 40000000;
0EC8 : 340F80C0;
0EC9 : 342F802C;
0ECA : 344F80C1;
0ECB : 346F802D;
0ECC : 40000000;
0ECD : 340F807A;
0ECE : 342F802E;
0ECF : 344F8081;
0ED0 : 346F802F;
0ED1 : 40000000;
0ED2 : 340F8096;
0ED3 : 344F8099;
0ED4 : 40000000;
0ED5 : 340F80AA;
0ED6 : 342F8030;
0ED7 : 344F80AB;
0ED8 : 346F8031;
0ED9 : 40000000;
0EDA : 340F8066;
0EDB : 342F8032;
0EDC : 344F8067;
0EDD : 346F8033;
0EDE : 40000000;
0EDF : 340F80B6;
0EE0 : 344F80B7;
0EE1 : 40000000;
0EE2 : 340F805E;
0EE3 : 342F8034;
0EE4 : 344F805F;
0EE5 : 346F8035;
0EE6 : 40000000;
0EE7 : 340F80BE;
0EE8 : 344F80BF;
0EE9 : 40000000;
0EEA : 340F805A;
0EEB : 342F8036;
0EEC : 344F805B;
0EED : 346F8037;
0EEE : 40000000;
0EEF : 340F80C6;
0EF0 : 344F80C7;
0EF1 : 40000000;
0EF2 : 340F80CE;
0EF3 : 342F803A;
0EF4 : 344F80CF;
0EF5 : 346F803B;
0EF6 : 40000000;
0EF7 : 340F80D8;
0EF8 : 342F803E;
0EF9 : 344F80D9;
0EFA : 346F803F;
0EFB : 40000000;
0EFC : 340F80E2;
0EFD : 342F8044;
0EFE : 344F80E3;
0EFF : 346F8045;
0F00 : 40000000;
0F01 : 340F806C;
0F02 : 342F8060;
0F03 : 344F806D;
0F04 : 346F8061;
0F05 : 40000000;
0F06 : 340F80DE;
0F07 : 344F80DF;
0F08 : 40000000;
0F09 : 340F80DA;
0F0A : 342F8062;
0F0B : 344F80DB;
0F0C : 346F8063;
0F0D : 40000000;
0F0E : 340F80CE;
0F0F : 342F8066;
0F10 : 344F80CF;
0F11 : 346F8067;
0F12 : 40000000;
0F13 : 340F8098;
0F14 : 342F806A;
0F15 : 344F8099;
0F16 : 346F806B;
0F17 : 40000000;
0F18 : 340F809E;
0F19 : 344F809F;
0F1A : 40000000;
0F1B : 340F80A2;
0F1C : 344F80A3;
0F1D : 346F806F;
0F1E : 40000000;
0F1F : 340F80A0;
0F20 : 342F806C;
0F21 : 344F80A1;
0F22 : 346F806D;
0F23 : 40000000;
0F24 : 340F8094;
0F25 : 344F8095;
0F26 : 346F806F;
0F27 : 40000000;
0F28 : 340F809A;
0F29 : 344F809B;
0F2A : 40000000;
0F2B : 340F8090;
0F2C : 342F806E;
0F2D : 344F8093;
0F2E : 40000000;
0F2F : 340F8096;
0F30 : 344F8097;
0F31 : 40000000;
0F32 : 340F8078;
0F33 : 344F8079;
0F34 : 346F8075;
0F35 : 40000000;
0F36 : 340F8088;
0F37 : 342F8070;
0F38 : 344F808B;
0F39 : 346F8071;
0F3A : 40000000;
0F3B : 340F8092;
0F3C : 344F8093;
0F3D : 40000000;
0F3E : 340F80B2;
0F3F : 344F80B3;
0F40 : 40000000;
0F41 : 340F8088;
0F42 : 342F8072;
0F43 : 344F8089;
0F44 : 346F8073;
0F45 : 40000000;
0F46 : 340F80AA;
0F47 : 344F80AB;
0F48 : 40000000;
0F49 : 340F80AE;
0F4A : 344F80B1;
0F4B : 40000000;
0F4C : 340F8076;
0F4D : 342F8074;
0F4E : 344F8077;
0F4F : 346F8075;
0F50 : 40000000;
0F51 : 340F807A;
0F52 : 342F8076;
0F53 : 344F807B;
0F54 : 346F8077;
0F55 : 40000000;
0F56 : 340F8082;
0F57 : 344F8083;
0F58 : 346F807D;
0F59 : 40000000;
0F5A : 340F8084;
0F5B : 342F8078;
0F5C : 344F8085;
0F5D : 346F8081;
0F5E : 40000000;
0F5F : 340F807C;
0F60 : 342F807A;
0F61 : 344F807D;
0F62 : 346F807B;
0F63 : 40000000;
0F64 : 340F807E;
0F65 : 342F807E;
0F66 : 344F807F;
0F67 : 346F807F;
0F68 : 40000000;
0F69 : 340F808C;
0F6A : 344F808D;
0F6B : 346F8081;
0F6C : 40000000;
0F6D : 340F8092;
0F6E : 342F8080;
0F6F : 344F8093;
0F70 : 40000000;
0F71 : 340F8096;
0F72 : 344F8097;
0F73 : 40000000;
0F74 : 340F8080;
0F75 : 342F8082;
0F76 : 344F8081;
0F77 : 346F8085;
0F78 : 40000000;
0F79 : 340F8088;
0F7A : 344F8089;
0F7B : 40000000;
0F7C : 340F808A;
0F7D : 342F8086;
0F7E : 344F808B;
0F7F : 346F8087;
0F80 : 40000000;
0F81 : 340F808C;
0F82 : 342F8088;
0F83 : 344F808D;
0F84 : 346F808B;
0F85 : 40000000;
0F86 : 340F808E;
0F87 : 342F808A;
0F88 : 344F808F;
0F89 : 346F808D;
0F8A : 40000000;
0F8B : 340F8094;
0F8C : 342F808C;
0F8D : 344F8095;
0F8E : 40000000;
0F8F : 340F8090;
0F90 : 344F8091;
0F91 : 346F808F;
0F92 : 40000000;
0F93 : 340F8092;
0F94 : 342F808E;
0F95 : 344F8093;
0F96 : 346F8091;
0F97 : 40000000;
0F98 : 340F8098;
0F99 : 342F8090;
0F9A : 344F8099;
0F9B : 40000000;
0F9C : 340F80D0;
0F9D : 344F80D1;
0F9E : 40000000;
0F9F : 340F8094;
0FA0 : 344F8095;
0FA1 : 346F8093;
0FA2 : 40000000;
0FA3 : 340F80A0;
0FA4 : 344F80A1;
0FA5 : 40000000;
0FA6 : 340F809A;
0FA7 : 342F8092;
0FA8 : 344F809F;
0FA9 : 40000000;
0FAA : 340F80D8;
0FAB : 344F80D9;
0FAC : 40000000;
0FAD : 340F809E;
0FAE : 342F8094;
0FAF : 344F809F;
0FB0 : 346F8095;
0FB1 : 40000000;
0FB2 : 340F8090;
0FB3 : 342F8096;
0FB4 : 344F8091;
0FB5 : 346F8097;
0FB6 : 40000000;
0FB7 : 340F8096;
0FB8 : 342F809A;
0FB9 : 344F8097;
0FBA : 346F809B;
0FBB : 40000000;
0FBC : 340F8104;
0FBD : 342F80A0;
0FBE : 344F8105;
0FBF : 346F80A1;
0FC0 : 40000000;
0FC1 : 340F803E;
0FC2 : 342F80A4;
0FC3 : 344F803F;
0FC4 : 346F80A5;
0FC5 : 40000000;
0FC6 : 340F8090;
0FC7 : 342F80B0;
0FC8 : 344F8091;
0FC9 : 346F80B1;
0FCA : 40000000;
0FCB : 340F8096;
0FCC : 342F8022;
0FCD : 344F809F;
0FCE : 346F8023;
0FCF : 348F800E;
0FD0 : 40000000;
0FD1 : 340F809A;
0FD2 : 342F802E;
0FD3 : 344F809B;
0FD4 : 346F802F;
0FD5 : 40000000;
0FD6 : 340F80AC;
0FD7 : 342F8030;
0FD8 : 344F80AD;
0FD9 : 346F8031;
0FDA : 40000000;
0FDB : 340F80C6;
0FDC : 342F8032;
0FDD : 344F80C7;
0FDE : 346F8033;
0FDF : 40000000;
0FE0 : 340F80AA;
0FE1 : 342F8038;
0FE2 : 344F80AB;
0FE3 : 346F8039;
0FE4 : 40000000;
0FE5 : 340F80C6;
0FE6 : 344F80C7;
0FE7 : 40000000;
0FE8 : 340F808A;
0FE9 : 342F803A;
0FEA : 344F808B;
0FEB : 346F803B;
0FEC : 40000000;
0FED : 340F8088;
0FEE : 342F8040;
0FEF : 344F8089;
0FF0 : 346F8043;
0FF1 : 40000000;
0FF2 : 340F80C2;
0FF3 : 342F8042;
0FF4 : 344F80C5;
0FF5 : 40000000;
0FF6 : 340F808A;
0FF7 : 342F8044;
0FF8 : 344F808B;
0FF9 : 346F8045;
0FFA : 40000000;
0FFB : 340F80C4;
0FFC : 344F80C5;
0FFD : 346F8047;
0FFE : 40000000;
0FFF : 340F8090;
1000 : 342F8046;
1001 : 344F8091;
1002 : 40000000;
1003 : 340F80C6;
1004 : 344F80C7;
1005 : 346F8049;
1006 : 40000000;
1007 : 340F8094;
1008 : 342F8048;
1009 : 344F8095;
100A : 40000000;
100B : 340F80AE;
100C : 344F80B3;
100D : 40000000;
100E : 340F8092;
100F : 342F804A;
1010 : 344F8093;
1011 : 346F804B;
1012 : 40000000;
1013 : 340F8096;
1014 : 344F8097;
1015 : 40000000;
1016 : 340F8086;
1017 : 342F804C;
1018 : 344F8087;
1019 : 346F804D;
101A : 40000000;
101B : 340F808A;
101C : 342F804E;
101D : 344F808D;
101E : 346F804F;
101F : 40000000;
1020 : 340F80CC;
1021 : 344F80CD;
1022 : 40000000;
1023 : 340F80C8;
1024 : 344F80C9;
1025 : 346F8057;
1026 : 40000000;
1027 : 340F8056;
1028 : 342F8050;
1029 : 344F8057;
102A : 346F8051;
102B : 40000000;
102C : 340F8090;
102D : 344F8091;
102E : 40000000;
102F : 340F80AC;
1030 : 344F80AD;
1031 : 40000000;
1032 : 340F80B2;
1033 : 344F80B5;
1034 : 40000000;
1035 : 340F80AE;
1036 : 342F8052;
1037 : 344F80AF;
1038 : 346F8053;
1039 : 40000000;
103A : 340F80B6;
103B : 344F80B7;
103C : 40000000;
103D : 340F80CA;
103E : 344F80CB;
103F : 346F8055;
1040 : 40000000;
1041 : 340F808C;
1042 : 342F8054;
1043 : 344F808D;
1044 : 40000000;
1045 : 340F80B0;
1046 : 344F80B3;
1047 : 40000000;
1048 : 340F80CC;
1049 : 344F80CD;
104A : 40000000;
104B : 340F808A;
104C : 342F8056;
104D : 344F808B;
104E : 346F8057;
104F : 40000000;
1050 : 340F80E8;
1051 : 344F80E9;
1052 : 40000000;
1053 : 340F8084;
1054 : 342F805A;
1055 : 344F8085;
1056 : 346F805D;
1057 : 40000000;
1058 : 340F809A;
1059 : 342F805E;
105A : 344F809B;
105B : 346F805F;
105C : 40000000;
105D : 340F80CA;
105E : 342F8066;
105F : 344F80CB;
1060 : 346F8067;
1061 : 40000000;
1062 : 340F808E;
1063 : 344F808F;
1064 : 346F8069;
1065 : 40000000;
1066 : 340F80A0;
1067 : 344F80A1;
1068 : 40000000;
1069 : 340F80A2;
106A : 342F8068;
106B : 344F80A3;
106C : 40000000;
106D : 340F8090;
106E : 344F8091;
106F : 346F806D;
1070 : 40000000;
1071 : 340F808C;
1072 : 342F806A;
1073 : 344F808D;
1074 : 346F806B;
1075 : 40000000;
1076 : 340F8092;
1077 : 344F8097;
1078 : 40000000;
1079 : 340F809A;
107A : 344F809D;
107B : 40000000;
107C : 340F8078;
107D : 342F806C;
107E : 344F8079;
107F : 346F806D;
1080 : 40000000;
1081 : 340F8092;
1082 : 344F8093;
1083 : 40000000;
1084 : 340F8096;
1085 : 344F8097;
1086 : 40000000;
1087 : 340F80B2;
1088 : 344F80B3;
1089 : 40000000;
108A : 340F808E;
108B : 344F808F;
108C : 346F8071;
108D : 40000000;
108E : 340F808A;
108F : 342F806E;
1090 : 344F808D;
1091 : 346F806F;
1092 : 40000000;
1093 : 340F8098;
1094 : 344F8099;
1095 : 40000000;
1096 : 340F80B4;
1097 : 344F80B5;
1098 : 40000000;
1099 : 340F807A;
109A : 342F8070;
109B : 344F807F;
109C : 346F8071;
109D : 40000000;
109E : 340F8090;
109F : 344F8091;
10A0 : 40000000;
10A1 : 340F8094;
10A2 : 344F8097;
10A3 : 40000000;
10A4 : 340F809A;
10A5 : 344F809B;
10A6 : 346F8073;
10A7 : 40000000;
10A8 : 340F807E;
10A9 : 342F8072;
10AA : 344F807F;
10AB : 40000000;
10AC : 340F808A;
10AD : 344F808B;
10AE : 40000000;
10AF : 340F8096;
10B0 : 344F8099;
10B1 : 40000000;
10B2 : 340F809C;
10B3 : 344F809F;
10B4 : 40000000;
10B5 : 340F80AC;
10B6 : 344F80AD;
10B7 : 40000000;
10B8 : 340F807A;
10B9 : 344F807B;
10BA : 346F8075;
10BB : 40000000;
10BC : 340F8082;
10BD : 344F8083;
10BE : 40000000;
10BF : 340F80B2;
10C0 : 344F80B3;
10C1 : 346F8079;
10C2 : 40000000;
10C3 : 340F8094;
10C4 : 342F8074;
10C5 : 344F8095;
10C6 : 346F8075;
10C7 : 40000000;
10C8 : 340F80AE;
10C9 : 344F80AF;
10CA : 40000000;
10CB : 340F808C;
10CC : 342F8076;
10CD : 344F808D;
10CE : 346F8077;
10CF : 40000000;
10D0 : 340F8098;
10D1 : 344F8099;
10D2 : 346F8079;
10D3 : 40000000;
10D4 : 340F807C;
10D5 : 342F8078;
10D6 : 344F807D;
10D7 : 40000000;
10D8 : 340F809A;
10D9 : 344F809B;
10DA : 40000000;
10DB : 340F807E;
10DC : 342F807A;
10DD : 344F807F;
10DE : 346F807D;
10DF : 40000000;
10E0 : 340F808A;
10E1 : 344F808B;
10E2 : 40000000;
10E3 : 340F808C;
10E4 : 342F807C;
10E5 : 344F808F;
10E6 : 40000000;
10E7 : 340F8096;
10E8 : 344F8097;
10E9 : 346F807F;
10EA : 40000000;
10EB : 340F808E;
10EC : 342F807E;
10ED : 344F8095;
10EE : 40000000;
10EF : 340F8094;
10F0 : 342F8080;
10F1 : 346F8083;
10F2 : 40000000;
10F3 : 340F8086;
10F4 : 342F8082;
10F5 : 344F8087;
10F6 : 40000000;
10F7 : 340F8096;
10F8 : 344F8097;
10F9 : 40000000;
10FA : 342F8086;
10FB : 346F8089;
10FC : 40000000;
10FD : 340F808A;
10FE : 342F8088;
10FF : 344F808B;
1100 : 40000000;
1101 : 340F8094;
1102 : 344F8095;
1103 : 40000000;
1104 : 342F808E;
1105 : 346F808F;
1106 : 40000000;
1107 : 340F8098;
1108 : 344F8099;
1109 : 40000000;
110A : 340F80A2;
110B : 344F80A3;
110C : 346F8091;
110D : 40000000;
110E : 340F809C;
110F : 342F8090;
1110 : 344F809D;
1111 : 40000000;
1112 : 340F80A4;
1113 : 344F80A5;
1114 : 40000000;
1115 : 340F808E;
1116 : 342F8094;
1117 : 344F808F;
1118 : 346F8095;
1119 : 40000000;
111A : 340F8098;
111B : 344F8099;
111C : 40000000;
111D : 340F80A0;
111E : 344F80A1;
111F : 40000000;
1120 : 340F809C;
1121 : 342F8096;
1122 : 344F809F;
1123 : 346F8097;
1124 : 40000000;
1125 : 340F80A0;
1126 : 342F809C;
1127 : 344F80A1;
1128 : 346F809D;
1129 : 40000000;
112A : 340F8092;
112B : 342F800A;
112C : 344F8093;
112D : 346F800B;
112E : 348F800F;
112F : 40000000;
1130 : 340F808E;
1131 : 342F800C;
1132 : 344F8091;
1133 : 346F800D;
1134 : 40000000;
1135 : 342F800E;
1136 : 344F808F;
1137 : 346F800F;
1138 : 40000000;
1139 : 340F8086;
113A : 342F8014;
113B : 344F8087;
113C : 346F8019;
113D : 40000000;
113E : 340F8084;
113F : 342F8016;
1140 : 344F8085;
1141 : 346F801B;
1142 : 40000000;
1143 : 340F8082;
1144 : 342F8018;
1145 : 344F8083;
1146 : 346F801D;
1147 : 40000000;
1148 : 340F8080;
1149 : 342F801C;
114A : 344F8081;
114B : 346F801F;
114C : 40000000;
114D : 342F8026;
114E : 346F8027;
114F : 40000000;
1150 : 340F8072;
1151 : 342F8030;
1152 : 344F8095;
1153 : 346F8031;
1154 : 40000000;
1155 : 340F807E;
1156 : 342F8032;
1157 : 344F80A7;
1158 : 346F8033;
1159 : 40000000;
115A : 340F8068;
115B : 344F806B;
115C : 346F803F;
115D : 40000000;
115E : 340F8080;
115F : 342F8034;
1160 : 344F80B3;
1161 : 346F8035;
1162 : 40000000;
1163 : 340F806C;
1164 : 344F807B;
1165 : 346F8037;
1166 : 40000000;
1167 : 340F8060;
1168 : 344F8067;
1169 : 346F8041;
116A : 40000000;
116B : 340F807C;
116C : 342F8036;
116D : 344F807D;
116E : 346F8037;
116F : 40000000;
1170 : 340F808E;
1171 : 344F809B;
1172 : 40000000;
1173 : 340F80AE;
1174 : 344F80BF;
1175 : 40000000;
1176 : 340F805C;
1177 : 344F805F;
1178 : 346F8043;
1179 : 40000000;
117A : 340F8058;
117B : 342F8038;
117C : 344F805B;
117D : 346F8039;
117E : 40000000;
117F : 340F806C;
1180 : 344F8079;
1181 : 40000000;
1182 : 340F808A;
1183 : 344F808D;
1184 : 40000000;
1185 : 340F80AC;
1186 : 344F80AD;
1187 : 40000000;
1188 : 340F80BA;
1189 : 344F80C1;
118A : 40000000;
118B : 340F80C4;
118C : 344F80C5;
118D : 346F803D;
118E : 40000000;
118F : 340F8056;
1190 : 342F803A;
1191 : 344F8057;
1192 : 346F803B;
1193 : 40000000;
1194 : 340F806C;
1195 : 344F8075;
1196 : 40000000;
1197 : 340F80B4;
1198 : 344F80B5;
1199 : 40000000;
119A : 340F80C0;
119B : 344F80C3;
119C : 40000000;
119D : 340F8088;
119E : 344F8089;
119F : 346F803F;
11A0 : 40000000;
11A1 : 340F805A;
11A2 : 344F805B;
11A3 : 346F8045;
11A4 : 40000000;
11A5 : 340F8054;
11A6 : 342F803C;
11A7 : 344F8055;
11A8 : 346F803D;
11A9 : 40000000;
11AA : 340F806C;
11AB : 344F8071;
11AC : 40000000;
11AD : 340F80B8;
11AE : 344F80B9;
11AF : 40000000;
11B0 : 340F80D2;
11B1 : 344F80D3;
11B2 : 40000000;
11B3 : 340F80C6;
11B4 : 344F80CB;
11B5 : 346F803F;
11B6 : 40000000;
11B7 : 340F8058;
11B8 : 344F8059;
11B9 : 346F8047;
11BA : 40000000;
11BB : 340F806C;
11BC : 342F803E;
11BD : 344F806D;
11BE : 346F803F;
11BF : 40000000;
11C0 : 340F80BC;
11C1 : 344F80BD;
11C2 : 40000000;
11C3 : 340F8052;
11C4 : 344F8053;
11C5 : 346F8041;
11C6 : 40000000;
11C7 : 340F80CC;
11C8 : 344F80CF;
11C9 : 346F8047;
11CA : 40000000;
11CB : 340F8056;
11CC : 344F8057;
11CD : 346F804D;
11CE : 40000000;
11CF : 340F8068;
11D0 : 342F8040;
11D1 : 344F8069;
11D2 : 346F8041;
11D3 : 40000000;
11D4 : 340F80BE;
11D5 : 344F80C1;
11D6 : 40000000;
11D7 : 340F80C8;
11D8 : 344F80CB;
11D9 : 40000000;
11DA : 340F80D0;
11DB : 344F80D7;
11DC : 346F8055;
11DD : 40000000;
11DE : 340F8060;
11DF : 342F8042;
11E0 : 344F8063;
11E1 : 346F8043;
11E2 : 40000000;
11E3 : 340F80CA;
11E4 : 344F80CB;
11E5 : 40000000;
11E6 : 340F80D8;
11E7 : 344F80D9;
11E8 : 346F8057;
11E9 : 40000000;
11EA : 340F805C;
11EB : 342F8044;
11EC : 344F805D;
11ED : 346F8045;
11EE : 40000000;
11EF : 340F80DA;
11F0 : 344F80DD;
11F1 : 346F8055;
11F2 : 40000000;
11F3 : 340F808E;
11F4 : 342F8046;
11F5 : 344F808F;
11F6 : 346F8047;
11F7 : 40000000;
11F8 : 340F80E4;
11F9 : 344F80E5;
11FA : 40000000;
11FB : 340F8092;
11FC : 342F8048;
11FD : 344F8093;
11FE : 346F8049;
11FF : 40000000;
1200 : 340F80B8;
1201 : 344F80B9;
1202 : 40000000;
1203 : 340F80E6;
1204 : 344F80E7;
1205 : 40000000;
1206 : 340F80C8;
1207 : 344F80C9;
1208 : 346F804D;
1209 : 40000000;
120A : 340F80DE;
120B : 344F80E1;
120C : 346F8051;
120D : 40000000;
120E : 340F80CE;
120F : 344F80CF;
1210 : 346F8055;
1211 : 40000000;
1212 : 340F8086;
1213 : 342F804A;
1214 : 344F8087;
1215 : 346F804B;
1216 : 40000000;
1217 : 340F8094;
1218 : 344F8095;
1219 : 40000000;
121A : 340F8054;
121B : 342F804C;
121C : 344F8055;
121D : 346F804D;
121E : 40000000;
121F : 340F8096;
1220 : 344F8099;
1221 : 40000000;
1222 : 340F80CC;
1223 : 344F80CD;
1224 : 40000000;
1225 : 340F80E2;
1226 : 344F80E5;
1227 : 40000000;
1228 : 340F80E8;
1229 : 344F80E9;
122A : 40000000;
122B : 340F8084;
122C : 344F8085;
122D : 346F804F;
122E : 40000000;
122F : 340F8086;
1230 : 342F804E;
1231 : 344F8089;
1232 : 40000000;
1233 : 340F80E6;
1234 : 344F80E7;
1235 : 346F8053;
1236 : 40000000;
1237 : 340F80AE;
1238 : 342F8050;
1239 : 344F80AF;
123A : 346F8051;
123B : 40000000;
123C : 340F80CA;
123D : 344F80CD;
123E : 40000000;
123F : 340F809C;
1240 : 344F809D;
1241 : 346F8053;
1242 : 40000000;
1243 : 340F8096;
1244 : 342F8052;
1245 : 344F8097;
1246 : 40000000;
1247 : 340F80AA;
1248 : 344F80AB;
1249 : 40000000;
124A : 340F80CC;
124B : 344F80CD;
124C : 40000000;
124D : 340F80DE;
124E : 344F80DF;
124F : 40000000;
1250 : 340F808A;
1251 : 342F8054;
1252 : 344F808B;
1253 : 346F8055;
1254 : 40000000;
1255 : 340F8086;
1256 : 342F8056;
1257 : 344F8089;
1258 : 346F8057;
1259 : 40000000;
125A : 340F80D4;
125B : 344F80D7;
125C : 40000000;
125D : 340F8094;
125E : 344F8095;
125F : 346F805B;
1260 : 40000000;
1261 : 340F80D0;
1262 : 344F80D1;
1263 : 346F8063;
1264 : 40000000;
1265 : 340F8084;
1266 : 342F8058;
1267 : 344F8087;
1268 : 346F8059;
1269 : 40000000;
126A : 340F8092;
126B : 344F8093;
126C : 40000000;
126D : 340F8096;
126E : 344F8097;
126F : 40000000;
1270 : 340F809C;
1271 : 344F809D;
1272 : 40000000;
1273 : 340F80D2;
1274 : 344F80D5;
1275 : 40000000;
1276 : 340F80CC;
1277 : 344F80CD;
1278 : 346F805B;
1279 : 40000000;
127A : 340F80D2;
127B : 342F805A;
127C : 344F80D3;
127D : 40000000;
127E : 340F8092;
127F : 342F805C;
1280 : 344F8093;
1281 : 346F805D;
1282 : 40000000;
1283 : 340F809A;
1284 : 344F809B;
1285 : 40000000;
1286 : 340F8086;
1287 : 344F8087;
1288 : 346F805F;
1289 : 40000000;
128A : 340F80D4;
128B : 342F805E;
128C : 344F80D5;
128D : 40000000;
128E : 340F8082;
128F : 344F8085;
1290 : 346F8061;
1291 : 40000000;
1292 : 340F809A;
1293 : 342F8060;
1294 : 344F809B;
1295 : 40000000;
1296 : 340F80D2;
1297 : 344F80D3;
1298 : 346F8063;
1299 : 40000000;
129A : 340F80CE;
129B : 344F80CF;
129C : 346F8065;
129D : 40000000;
129E : 340F8082;
129F : 342F8062;
12A0 : 344F8083;
12A1 : 346F8071;
12A2 : 40000000;
12A3 : 340F808E;
12A4 : 342F8064;
12A5 : 344F808F;
12A6 : 346F8065;
12A7 : 40000000;
12A8 : 340F809C;
12A9 : 344F809D;
12AA : 40000000;
12AB : 340F80A8;
12AC : 344F80A9;
12AD : 40000000;
12AE : 340F80D4;
12AF : 344F80D5;
12B0 : 40000000;
12B1 : 340F80CC;
12B2 : 344F80CD;
12B3 : 346F8067;
12B4 : 40000000;
12B5 : 340F809E;
12B6 : 342F8066;
12B7 : 344F809F;
12B8 : 40000000;
12B9 : 340F80B0;
12BA : 344F80B1;
12BB : 40000000;
12BC : 340F80B2;
12BD : 342F8068;
12BE : 344F80B3;
12BF : 346F806B;
12C0 : 40000000;
12C1 : 340F808E;
12C2 : 342F806A;
12C3 : 344F808F;
12C4 : 40000000;
12C5 : 340F807E;
12C6 : 342F806E;
12C7 : 344F807F;
12C8 : 346F806F;
12C9 : 40000000;
12CA : 340F8098;
12CB : 342F8070;
12CC : 344F8099;
12CD : 346F8071;
12CE : 40000000;
12CF : 340F80AA;
12D0 : 342F8074;
12D1 : 344F80AB;
12D2 : 346F8075;
12D3 : 40000000;
12D4 : 340F80B0;
12D5 : 344F80B1;
12D6 : 40000000;
12D7 : 340F8090;
12D8 : 342F8076;
12D9 : 344F8091;
12DA : 346F8077;
12DB : 40000000;
12DC : 340F8092;
12DD : 342F8078;
12DE : 344F8093;
12DF : 346F8079;
12E0 : 40000000;
12E1 : 340F8096;
12E2 : 344F8097;
12E3 : 40000000;
12E4 : 340F808C;
12E5 : 344F808D;
12E6 : 346F807B;
12E7 : 40000000;
12E8 : 340F8094;
12E9 : 342F807A;
12EA : 344F8095;
12EB : 346F807D;
12EC : 40000000;
12ED : 340F809E;
12EE : 342F809A;
12EF : 344F809F;
12F0 : 346F809B;
12F1 : 40000000;
12F2 : 340F8070;
12F3 : 342F8032;
12F4 : 344F8071;
12F5 : 346F8033;
12F6 : 348F8010;
12F7 : 40000000;
12F8 : 340F80C2;
12F9 : 342F8038;
12FA : 344F80C3;
12FB : 346F8039;
12FC : 40000000;
12FD : 340F8058;
12FE : 342F8048;
12FF : 344F805B;
1300 : 346F8049;
1301 : 40000000;
1302 : 342F804A;
1303 : 344F8059;
1304 : 346F804D;
1305 : 40000000;
1306 : 340F80E0;
1307 : 342F8054;
1308 : 344F80E1;
1309 : 346F8055;
130A : 40000000;
130B : 340F80DC;
130C : 342F805E;
130D : 344F80DD;
130E : 346F805F;
130F : 40000000;
1310 : 340F80D4;
1311 : 342F8060;
1312 : 344F80D7;
1313 : 346F8061;
1314 : 40000000;
1315 : 340F8080;
1316 : 342F8086;
1317 : 344F8081;
1318 : 346F8087;
1319 : 348F8011;
131A : 40000000;
131B : 340F80BE;
131C : 342F8088;
131D : 344F80BF;
131E : 346F8091;
131F : 40000000;
1320 : 340F807E;
1321 : 342F808C;
1322 : 344F807F;
1323 : 346F808D;
1324 : 40000000;
1325 : 340F8072;
1326 : 342F8090;
1327 : 344F8073;
1328 : 346F8091;
1329 : 40000000;
132A : 340F80E6;
132B : 342F8096;
132C : 344F80E7;
132D : 346F8097;
132E : 40000000;
132F : 340F80EC;
1330 : 342F8098;
1331 : 344F80ED;
1332 : 346F8099;
1333 : 40000000;
1334 : 340F807E;
1335 : 344F807F;
1336 : 346F809B;
1337 : 40000000;
1338 : 340F805C;
1339 : 342F809A;
133A : 344F805D;
133B : 40000000;
133C : 340F80F2;
133D : 344F80F3;
133E : 40000000;
133F : 340F8056;
1340 : 342F809C;
1341 : 344F8057;
1342 : 346F809D;
1343 : 40000000;
1344 : 340F80F8;
1345 : 344F80F9;
1346 : 40000000;
1347 : 340F8050;
1348 : 342F809E;
1349 : 344F8051;
134A : 346F809F;
134B : 40000000;
134C : 340F80BA;
134D : 344F80BB;
134E : 40000000;
134F : 340F80FE;
1350 : 344F80FF;
1351 : 40000000;
1352 : 340F80AE;
1353 : 342F80A4;
1354 : 344F80AF;
1355 : 346F80A5;
1356 : 40000000;
1357 : 340F80B0;
1358 : 342F80A6;
1359 : 344F80B1;
135A : 346F80A7;
135B : 40000000;
135C : 340F807E;
135D : 344F807F;
135E : 346F80A9;
135F : 40000000;
1360 : 340F80AA;
1361 : 342F80A8;
1362 : 344F80AB;
1363 : 40000000;
1364 : 340F80B2;
1365 : 344F80B5;
1366 : 40000000;
1367 : 340F808E;
1368 : 342F80AA;
1369 : 344F808F;
136A : 346F80AB;
136B : 40000000;
136C : 340F80A8;
136D : 344F80A9;
136E : 40000000;
136F : 340F807E;
1370 : 342F80AC;
1371 : 344F807F;
1372 : 346F80AD;
1373 : 40000000;
1374 : 340F8112;
1375 : 344F8113;
1376 : 40000000;
1377 : 340F808E;
1378 : 342F80AE;
1379 : 344F808F;
137A : 346F80AF;
137B : 40000000;
137C : 340F802E;
137D : 342F80B0;
137E : 344F802F;
137F : 346F80B1;
1380 : 40000000;
1381 : 340F8094;
1382 : 344F8095;
1383 : 40000000;
1384 : 340F80A4;
1385 : 344F80A5;
1386 : 40000000;
1387 : 340F807E;
1388 : 344F807F;
1389 : 346F80B3;
138A : 40000000;
138B : 340F80B6;
138C : 342F80B2;
138D : 344F80B7;
138E : 40000000;
138F : 340F8090;
1390 : 344F8091;
1391 : 346F80B5;
1392 : 40000000;
1393 : 340F8096;
1394 : 344F8097;
1395 : 346F80B9;
1396 : 40000000;
1397 : 340F802C;
1398 : 342F80B6;
1399 : 344F802D;
139A : 346F80B7;
139B : 40000000;
139C : 340F80A2;
139D : 342F80B8;
139E : 344F80A3;
139F : 346F80B9;
13A0 : 40000000;
13A1 : 340F8116;
13A2 : 342F80BA;
13A3 : 344F8117;
13A4 : 346F80BB;
13A5 : 40000000;
13A6 : 340F802A;
13A7 : 342F80BC;
13A8 : 344F802B;
13A9 : 346F80BD;
13AA : 40000000;
13AB : 340F80B4;
13AC : 344F80B5;
13AD : 40000000;
13AE : 340F80A4;
13AF : 342F80BE;
13B0 : 344F80A5;
13B1 : 346F80BF;
13B2 : 40000000;
13B3 : 340F8080;
13B4 : 342F80C2;
13B5 : 344F8081;
13B6 : 346F80C3;
13B7 : 40000000;
13B8 : 340F80A6;
13B9 : 344F80A7;
13BA : 40000000;
13BB : 340F8028;
13BC : 342F80C4;
13BD : 344F8029;
13BE : 346F80C5;
13BF : 40000000;
13C0 : 340F8090;
13C1 : 342F80C6;
13C2 : 344F8091;
13C3 : 346F80C7;
13C4 : 40000000;
13C5 : 340F80B2;
13C6 : 344F80B3;
13C7 : 40000000;
13C8 : 340F80A8;
13C9 : 342F80C8;
13CA : 344F80A9;
13CB : 346F80C9;
13CC : 40000000;
13CD : 340F8082;
13CE : 342F80CE;
13CF : 344F8083;
13D0 : 346F80CF;
13D1 : 40000000;
13D2 : 340F80B0;
13D3 : 344F80B1;
13D4 : 40000000;
13D5 : 340F808E;
13D6 : 342F80D0;
13D7 : 344F808F;
13D8 : 346F80D1;
13D9 : 40000000;
13DA : 340F80AA;
13DB : 344F80AB;
13DC : 346F80D5;
13DD : 40000000;
13DE : 340F80AE;
13DF : 342F80D6;
13E0 : 344F80AF;
13E1 : 346F80D7;
13E2 : 40000000;
13E3 : 340F80AC;
13E4 : 342F80D8;
13E5 : 344F80AD;
13E6 : 346F80DB;
13E7 : 40000000;
13E8 : 340F8084;
13E9 : 342F80DA;
13EA : 344F8085;
13EB : 40000000;
13EC : 340F808C;
13ED : 342F80DC;
13EE : 344F808D;
13EF : 346F80E1;
13F0 : 40000000;
13F1 : 340F8086;
13F2 : 342F80E6;
13F3 : 344F8087;
13F4 : 346F80E7;
13F5 : 40000000;
13F6 : 340F80C0;
13F7 : 342F8086;
13F8 : 344F80C1;
13F9 : 346F8087;
13FA : 348F8012;
13FB : 40000000;
13FC : 340F807E;
13FD : 342F808A;
13FE : 344F807F;
13FF : 346F808B;
1400 : 40000000;
1401 : 340F80C4;
1402 : 344F80C5;
1403 : 40000000;
1404 : 340F8076;
1405 : 342F808E;
1406 : 344F8077;
1407 : 346F808F;
1408 : 40000000;
1409 : 340F80BE;
140A : 342F8092;
140B : 344F80BF;
140C : 346F8093;
140D : 40000000;
140E : 340F80DE;
140F : 342F8094;
1410 : 344F80DF;
1411 : 346F8095;
1412 : 40000000;
1413 : 340F8062;
1414 : 342F8098;
1415 : 344F8063;
1416 : 346F8099;
1417 : 40000000;
1418 : 340F80BC;
1419 : 344F80BD;
141A : 40000000;
141B : 340F807E;
141C : 342F809C;
141D : 344F807F;
141E : 346F809D;
141F : 40000000;
1420 : 340F8098;
1421 : 342F809E;
1422 : 344F8099;
1423 : 346F809F;
1424 : 40000000;
1425 : 340F804A;
1426 : 342F80A0;
1427 : 344F804B;
1428 : 346F80A1;
1429 : 40000000;
142A : 340F8094;
142B : 344F8095;
142C : 40000000;
142D : 340F80A4;
142E : 344F80A5;
142F : 346F80AB;
1430 : 40000000;
1431 : 340F8044;
1432 : 342F80A2;
1433 : 344F8045;
1434 : 346F80A3;
1435 : 40000000;
1436 : 340F807E;
1437 : 344F807F;
1438 : 346F80A5;
1439 : 40000000;
143A : 340F80A6;
143B : 344F80A9;
143C : 40000000;
143D : 340F80A2;
143E : 344F80A3;
143F : 346F80AF;
1440 : 40000000;
1441 : 340F808C;
1442 : 342F80A4;
1443 : 344F808D;
1444 : 346F80A5;
1445 : 40000000;
1446 : 340F808A;
1447 : 342F80A6;
1448 : 344F808B;
1449 : 346F80A7;
144A : 40000000;
144B : 340F80AC;
144C : 344F80AF;
144D : 40000000;
144E : 340F8110;
144F : 344F8111;
1450 : 40000000;
1451 : 340F80A6;
1452 : 344F80A7;
1453 : 346F80A9;
1454 : 40000000;
1455 : 340F80A0;
1456 : 344F80A1;
1457 : 346F80B1;
1458 : 40000000;
1459 : 340F808C;
145A : 342F80A8;
145B : 344F808F;
145C : 346F80A9;
145D : 40000000;
145E : 340F807E;
145F : 342F80AA;
1460 : 344F807F;
1461 : 346F80AB;
1462 : 40000000;
1463 : 340F80B8;
1464 : 344F80B9;
1465 : 40000000;
1466 : 340F8090;
1467 : 344F8091;
1468 : 346F80AF;
1469 : 40000000;
146A : 340F808E;
146B : 342F80AC;
146C : 344F808F;
146D : 346F80AD;
146E : 40000000;
146F : 340F80A6;
1470 : 344F80A7;
1471 : 40000000;
1472 : 340F8092;
1473 : 344F8093;
1474 : 346F80B1;
1475 : 40000000;
1476 : 340F809E;
1477 : 344F809F;
1478 : 40000000;
1479 : 340F8094;
147A : 342F80AE;
147B : 344F8095;
147C : 346F80AF;
147D : 40000000;
147E : 340F809C;
147F : 344F809D;
1480 : 40000000;
1481 : 340F8096;
1482 : 342F80B0;
1483 : 344F8097;
1484 : 346F80B1;
1485 : 40000000;
1486 : 340F8094;
1487 : 342F80B2;
1488 : 344F8095;
1489 : 346F80BF;
148A : 40000000;
148B : 340F807E;
148C : 342F80B4;
148D : 344F807F;
148E : 346F80B5;
148F : 40000000;
1490 : 340F80B6;
1491 : 344F80B7;
1492 : 40000000;
1493 : 340F8114;
1494 : 344F8115;
1495 : 40000000;
1496 : 340F80A2;
1497 : 344F80A3;
1498 : 346F80B7;
1499 : 40000000;
149A : 340F809E;
149B : 344F809F;
149C : 346F80EF;
149D : 40000000;
149E : 340F80A0;
149F : 342F80B6;
14A0 : 344F80A1;
14A1 : 40000000;
14A2 : 340F8096;
14A3 : 342F80BA;
14A4 : 344F8097;
14A5 : 346F80BB;
14A6 : 40000000;
14A7 : 340F809C;
14A8 : 344F809D;
14A9 : 346F80E7;
14AA : 40000000;
14AB : 340F80A2;
14AC : 344F80A3;
14AD : 346F80EF;
14AE : 40000000;
14AF : 340F8092;
14B0 : 342F80BC;
14B1 : 344F8093;
14B2 : 346F80C1;
14B3 : 40000000;
14B4 : 340F80B4;
14B5 : 342F80BE;
14B6 : 344F80B5;
14B7 : 346F80BF;
14B8 : 40000000;
14B9 : 340F80A4;
14BA : 342F80C0;
14BB : 344F80A5;
14BC : 346F80EF;
14BD : 40000000;
14BE : 340F8080;
14BF : 342F80C4;
14C0 : 344F8081;
14C1 : 346F80C5;
14C2 : 40000000;
14C3 : 340F80A6;
14C4 : 344F80A7;
14C5 : 346F80ED;
14C6 : 40000000;
14C7 : 340F8090;
14C8 : 342F80C8;
14C9 : 344F8091;
14CA : 346F80CB;
14CB : 40000000;
14CC : 340F80A8;
14CD : 342F80CA;
14CE : 344F80A9;
14CF : 346F80E5;
14D0 : 40000000;
14D1 : 340F8082;
14D2 : 342F80D0;
14D3 : 344F8083;
14D4 : 346F80D1;
14D5 : 40000000;
14D6 : 340F80B0;
14D7 : 344F80B1;
14D8 : 40000000;
14D9 : 340F808E;
14DA : 342F80D2;
14DB : 344F808F;
14DC : 346F80D3;
14DD : 40000000;
14DE : 340F809A;
14DF : 344F809B;
14E0 : 346F80D7;
14E1 : 40000000;
14E2 : 340F80AA;
14E3 : 342F80D6;
14E4 : 344F80AB;
14E5 : 346F80DB;
14E6 : 40000000;
14E7 : 340F80AE;
14E8 : 342F80D8;
14E9 : 344F80AF;
14EA : 346F80D9;
14EB : 40000000;
14EC : 340F809A;
14ED : 342F80DA;
14EE : 344F809B;
14EF : 346F80E3;
14F0 : 40000000;
14F1 : 340F8084;
14F2 : 342F80DC;
14F3 : 344F8085;
14F4 : 346F80DD;
14F5 : 40000000;
14F6 : 340F80AC;
14F7 : 344F80AD;
14F8 : 346F80DF;
14F9 : 40000000;
14FA : 340F808C;
14FB : 342F80E2;
14FC : 344F808D;
14FD : 346F80E5;
14FE : 40000000;
14FF : 340F8086;
1500 : 342F80E8;
1501 : 344F8087;
1502 : 346F80E9;
1503 : 40000000;
1504 : 340F809A;
1505 : 342F80EC;
1506 : 344F809D;
1507 : 346F80EF;
1508 : 40000000;
1509 : 340F8094;
150A : 342F80EE;
150B : 344F8099;
150C : 40000000;
150D : 340F8088;
150E : 342F8024;
150F : 344F8089;
1510 : 346F8025;
1511 : 348F8013;
1512 : 40000000;
1513 : 340F80AE;
1514 : 344F80AF;
1515 : 40000000;
1516 : 340F80B4;
1517 : 342F8026;
1518 : 344F80B5;
1519 : 346F8027;
151A : 40000000;
151B : 340F807C;
151C : 342F8028;
151D : 344F807D;
151E : 346F8029;
151F : 40000000;
1520 : 340F8078;
1521 : 342F802E;
1522 : 344F8079;
1523 : 346F802F;
1524 : 40000000;
1525 : 340F809C;
1526 : 344F809F;
1527 : 40000000;
1528 : 340F80C2;
1529 : 344F80C3;
152A : 40000000;
152B : 340F80AE;
152C : 342F8030;
152D : 344F80AF;
152E : 346F8031;
152F : 40000000;
1530 : 340F806C;
1531 : 342F8032;
1532 : 344F806F;
1533 : 346F8033;
1534 : 40000000;
1535 : 340F8072;
1536 : 344F807D;
1537 : 40000000;
1538 : 340F80B8;
1539 : 344F80B9;
153A : 40000000;
153B : 340F807C;
153C : 342F8034;
153D : 344F807F;
153E : 346F8035;
153F : 40000000;
1540 : 340F80C0;
1541 : 344F80C1;
1542 : 40000000;
1543 : 340F807E;
1544 : 342F8036;
1545 : 344F807F;
1546 : 346F8037;
1547 : 40000000;
1548 : 340F80CC;
1549 : 342F803A;
154A : 344F80CD;
154B : 346F803B;
154C : 40000000;
154D : 340F8072;
154E : 342F803C;
154F : 344F8073;
1550 : 346F803D;
1551 : 40000000;
1552 : 340F806E;
1553 : 342F803E;
1554 : 344F806F;
1555 : 346F803F;
1556 : 40000000;
1557 : 340F80D6;
1558 : 344F80D7;
1559 : 40000000;
155A : 340F806A;
155B : 342F8040;
155C : 344F806B;
155D : 346F8041;
155E : 40000000;
155F : 340F8078;
1560 : 344F8079;
1561 : 40000000;
1562 : 340F80DA;
1563 : 344F80DB;
1564 : 346F8043;
1565 : 40000000;
1566 : 340F8064;
1567 : 342F8042;
1568 : 344F8067;
1569 : 40000000;
156A : 340F80DE;
156B : 344F80DF;
156C : 346F8047;
156D : 40000000;
156E : 340F805E;
156F : 342F8044;
1570 : 344F8063;
1571 : 346F8045;
1572 : 40000000;
1573 : 340F80C6;
1574 : 344F80C7;
1575 : 40000000;
1576 : 340F805A;
1577 : 342F8046;
1578 : 344F805F;
1579 : 346F8047;
157A : 40000000;
157B : 340F80E0;
157C : 344F80E3;
157D : 40000000;
157E : 340F80E2;
157F : 342F8048;
1580 : 346F804B;
1581 : 40000000;
1582 : 340F80CC;
1583 : 342F804A;
1584 : 344F80CD;
1585 : 40000000;
1586 : 340F80E4;
1587 : 344F80E5;
1588 : 40000000;
1589 : 340F80E6;
158A : 342F804C;
158B : 344F80E7;
158C : 346F804D;
158D : 40000000;
158E : 340F80CA;
158F : 344F80CB;
1590 : 346F804F;
1591 : 40000000;
1592 : 340F8056;
1593 : 342F804E;
1594 : 344F8057;
1595 : 40000000;
1596 : 340F80E2;
1597 : 344F80E5;
1598 : 40000000;
1599 : 342F8050;
159A : 344F80E3;
159B : 346F8053;
159C : 40000000;
159D : 340F8058;
159E : 342F8052;
159F : 344F8059;
15A0 : 40000000;
15A1 : 340F808E;
15A2 : 344F808F;
15A3 : 40000000;
15A4 : 340F80E0;
15A5 : 344F80E1;
15A6 : 40000000;
15A7 : 340F80E8;
15A8 : 344F80E9;
15A9 : 40000000;
15AA : 340F805A;
15AB : 342F8054;
15AC : 344F805B;
15AD : 346F8055;
15AE : 40000000;
15AF : 340F8088;
15B0 : 344F8089;
15B1 : 40000000;
15B2 : 340F80DE;
15B3 : 344F80DF;
15B4 : 40000000;
15B5 : 340F80E6;
15B6 : 344F80E7;
15B7 : 40000000;
15B8 : 340F805C;
15B9 : 342F8056;
15BA : 344F805D;
15BB : 346F8057;
15BC : 40000000;
15BD : 340F80D2;
15BE : 344F80D3;
15BF : 40000000;
15C0 : 340F80DA;
15C1 : 344F80DD;
15C2 : 346F8059;
15C3 : 40000000;
15C4 : 340F80E2;
15C5 : 342F8058;
15C6 : 344F80E3;
15C7 : 40000000;
15C8 : 340F80D6;
15C9 : 344F80D9;
15CA : 346F805D;
15CB : 40000000;
15CC : 340F8062;
15CD : 342F805A;
15CE : 344F8063;
15CF : 346F805B;
15D0 : 40000000;
15D1 : 340F80DA;
15D2 : 344F80DB;
15D3 : 40000000;
15D4 : 340F80D4;
15D5 : 344F80D5;
15D6 : 346F805D;
15D7 : 40000000;
15D8 : 340F80D2;
15D9 : 342F805C;
15DA : 344F80D3;
15DB : 346F805F;
15DC : 40000000;
15DD : 340F80D6;
15DE : 342F805E;
15DF : 344F80D7;
15E0 : 40000000;
15E1 : 340F80D8;
15E2 : 342F8060;
15E3 : 344F80D9;
15E4 : 346F8063;
15E5 : 40000000;
15E6 : 340F806E;
15E7 : 342F8062;
15E8 : 344F806F;
15E9 : 40000000;
15EA : 340F80D4;
15EB : 344F80D5;
15EC : 40000000;
15ED : 340F8080;
15EE : 342F8064;
15EF : 344F8081;
15F0 : 346F8065;
15F1 : 40000000;
15F2 : 340F80D0;
15F3 : 344F80D3;
15F4 : 40000000;
15F5 : 340F8076;
15F6 : 344F8077;
15F7 : 346F8067;
15F8 : 40000000;
15F9 : 340F8070;
15FA : 342F8066;
15FB : 344F8071;
15FC : 40000000;
15FD : 340F8090;
15FE : 344F8093;
15FF : 40000000;
1600 : 340F8092;
1601 : 342F8068;
1602 : 346F8069;
1603 : 40000000;
1604 : 340F8096;
1605 : 344F8097;
1606 : 40000000;
1607 : 340F8078;
1608 : 342F806A;
1609 : 344F8079;
160A : 346F806B;
160B : 40000000;
160C : 340F8072;
160D : 342F806C;
160E : 344F8073;
160F : 346F806D;
1610 : 40000000;
1611 : 340F808C;
1612 : 344F808D;
1613 : 40000000;
1614 : 342F8070;
1615 : 346F8071;
1616 : 40000000;
1617 : 340F8080;
1618 : 344F8081;
1619 : 346F8081;
161A : 40000000;
161B : 340F8094;
161C : 342F8072;
161D : 344F8095;
161E : 346F8073;
161F : 40000000;
1620 : 340F807C;
1621 : 344F807D;
1622 : 346F8077;
1623 : 40000000;
1624 : 340F808C;
1625 : 342F8074;
1626 : 344F808D;
1627 : 346F8075;
1628 : 40000000;
1629 : 340F807E;
162A : 344F807F;
162B : 346F8079;
162C : 40000000;
162D : 340F8096;
162E : 342F8076;
162F : 344F8097;
1630 : 346F8077;
1631 : 40000000;
1632 : 340F808E;
1633 : 342F807A;
1634 : 344F808F;
1635 : 346F807B;
1636 : 40000000;
1637 : 340F8090;
1638 : 342F807C;
1639 : 344F8091;
163A : 346F807D;
163B : 40000000;
163C : 340F8082;
163D : 342F807E;
163E : 344F8083;
163F : 346F8083;
1640 : 40000000;
1641 : 340F8084;
1642 : 342F8082;
1643 : 344F8085;
1644 : 40000000;
1645 : 340F8086;
1646 : 342F8084;
1647 : 344F8087;
1648 : 346F8085;
1649 : 40000000;
164A : 340F8088;
164B : 342F8086;
164C : 344F8089;
164D : 346F8087;
164E : 40000000;
164F : 340F8082;
1650 : 342F8088;
1651 : 344F8083;
1652 : 346F8089;
1653 : 40000000;
1654 : 340F808C;
1655 : 342F808C;
1656 : 344F808D;
1657 : 346F808D;
1658 : 40000000;
1659 : 340F8088;
165A : 342F808E;
165B : 344F8089;
165C : 346F808F;
165D : 40000000;
165E : 340F808E;
165F : 344F808F;
1660 : 40000000;
1661 : 340F808A;
1662 : 342F8090;
1663 : 344F808B;
1664 : 346F8091;
1665 : 40000000;
1666 : 340F8090;
1667 : 344F8091;
1668 : 40000000;
1669 : 340F80CE;
166A : 344F80CF;
166B : 40000000;
166C : 340F808C;
166D : 342F8092;
166E : 344F808D;
166F : 346F8093;
1670 : 40000000;
1671 : 340F8092;
1672 : 344F8093;
1673 : 40000000;
1674 : 340F8096;
1675 : 342F8094;
1676 : 344F8097;
1677 : 346F8095;
1678 : 40000000;
1679 : 340F8068;
167A : 342F8096;
167B : 344F8069;
167C : 346F8097;
167D : 40000000;
167E : 340F809A;
167F : 344F809B;
1680 : 40000000;
1681 : 342F809E;
1682 : 346F809F;
1683 : 40000000;
1684 : 340F80A0;
1685 : 344F80A1;
1686 : 40000000;
1687 : 340F807E;
1688 : 344F807F;
1689 : 346F80A1;
168A : 40000000;
168B : 340F80BA;
168C : 342F80A0;
168D : 344F80BB;
168E : 40000000;
168F : 340F803A;
1690 : 342F80A6;
1691 : 344F803B;
1692 : 346F80A7;
1693 : 40000000;
1694 : 340F8092;
1695 : 342F80B2;
1696 : 344F8093;
1697 : 346F80BB;
1698 : 40000000;
1699 : 340F802A;
169A : 342F80BE;
169B : 344F802B;
169C : 346F80BF;
169D : 40000000;
169E : 340F8092;
169F : 342F80C2;
16A0 : 344F8093;
16A1 : 346F80C3;
16A2 : 40000000;
16A3 : 340F809C;
16A4 : 342F8036;
16A5 : 344F80A7;
16A6 : 346F8037;
16A7 : 348F8014;
16A8 : 40000000;
16A9 : 340F80AC;
16AA : 344F80AD;
16AB : 40000000;
16AC : 340F80AE;
16AD : 342F8038;
16AE : 344F80AF;
16AF : 346F8039;
16B0 : 40000000;
16B1 : 340F80C6;
16B2 : 342F803A;
16B3 : 344F80C7;
16B4 : 346F803B;
16B5 : 40000000;
16B6 : 340F80CC;
16B7 : 342F803C;
16B8 : 344F80CD;
16B9 : 346F803D;
16BA : 40000000;
16BB : 340F80D0;
16BC : 342F803E;
16BD : 344F80D1;
16BE : 346F803F;
16BF : 40000000;
16C0 : 340F8096;
16C1 : 342F8054;
16C2 : 344F8097;
16C3 : 346F8057;
16C4 : 40000000;
16C5 : 340F809C;
16C6 : 344F809D;
16C7 : 40000000;
16C8 : 340F80CE;
16C9 : 342F8058;
16CA : 344F80CF;
16CB : 346F805B;
16CC : 40000000;
16CD : 340F8082;
16CE : 342F805C;
16CF : 344F8083;
16D0 : 346F805D;
16D1 : 40000000;
16D2 : 340F80AE;
16D3 : 342F8062;
16D4 : 344F80AF;
16D5 : 346F8063;
16D6 : 40000000;
16D7 : 340F80B0;
16D8 : 342F8064;
16D9 : 344F80B1;
16DA : 346F8065;
16DB : 40000000;
16DC : 340F8090;
16DD : 342F8078;
16DE : 344F8091;
16DF : 346F8079;
16E0 : 40000000;
16E1 : 340F8094;
16E2 : 344F8095;
16E3 : 40000000;
16E4 : 340F80C4;
16E5 : 342F8030;
16E6 : 344F80C5;
16E7 : 346F8031;
16E8 : 348F8015;
16E9 : 40000000;
16EA : 340F8080;
16EB : 342F8036;
16EC : 344F808D;
16ED : 346F8037;
16EE : 40000000;
16EF : 340F80A8;
16F0 : 344F80AB;
16F1 : 40000000;
16F2 : 340F807A;
16F3 : 342F8038;
16F4 : 344F807B;
16F5 : 346F8039;
16F6 : 40000000;
16F7 : 340F8088;
16F8 : 344F8089;
16F9 : 40000000;
16FA : 340F80B0;
16FB : 344F80B1;
16FC : 40000000;
16FD : 340F80B8;
16FE : 344F80B9;
16FF : 40000000;
1700 : 340F8076;
1701 : 342F803A;
1702 : 344F8077;
1703 : 346F803B;
1704 : 40000000;
1705 : 340F80B6;
1706 : 344F80B7;
1707 : 40000000;
1708 : 340F80BE;
1709 : 344F80BF;
170A : 40000000;
170B : 340F80C8;
170C : 344F80CB;
170D : 40000000;
170E : 340F8082;
170F : 344F8087;
1710 : 346F8049;
1711 : 40000000;
1712 : 340F80BA;
1713 : 342F803C;
1714 : 344F80BB;
1715 : 346F803D;
1716 : 40000000;
1717 : 340F80C2;
1718 : 344F80C3;
1719 : 40000000;
171A : 340F80CE;
171B : 344F80D1;
171C : 40000000;
171D : 340F8080;
171E : 344F8081;
171F : 346F804D;
1720 : 40000000;
1721 : 340F807A;
1722 : 344F807B;
1723 : 346F806F;
1724 : 40000000;
1725 : 340F8070;
1726 : 342F803E;
1727 : 344F8071;
1728 : 346F803F;
1729 : 40000000;
172A : 340F8078;
172B : 344F8079;
172C : 40000000;
172D : 340F80BE;
172E : 344F80BF;
172F : 40000000;
1730 : 340F80D2;
1731 : 344F80D5;
1732 : 40000000;
1733 : 340F807C;
1734 : 344F807F;
1735 : 346F806D;
1736 : 40000000;
1737 : 340F806C;
1738 : 342F8040;
1739 : 344F806D;
173A : 346F8041;
173B : 40000000;
173C : 340F80C2;
173D : 344F80C3;
173E : 40000000;
173F : 340F80D8;
1740 : 344F80D9;
1741 : 40000000;
1742 : 340F8068;
1743 : 342F8042;
1744 : 344F806B;
1745 : 346F8043;
1746 : 40000000;
1747 : 340F8076;
1748 : 344F8079;
1749 : 40000000;
174A : 340F80DC;
174B : 344F80DD;
174C : 40000000;
174D : 340F8064;
174E : 342F8044;
174F : 344F8067;
1750 : 346F8045;
1751 : 40000000;
1752 : 340F80CA;
1753 : 344F80CB;
1754 : 40000000;
1755 : 340F80E0;
1756 : 344F80E1;
1757 : 40000000;
1758 : 340F8088;
1759 : 344F8089;
175A : 346F8049;
175B : 40000000;
175C : 340F8078;
175D : 344F8079;
175E : 346F8063;
175F : 40000000;
1760 : 340F8060;
1761 : 342F8046;
1762 : 344F8065;
1763 : 346F8047;
1764 : 40000000;
1765 : 340F80C8;
1766 : 344F80C9;
1767 : 40000000;
1768 : 340F8076;
1769 : 344F8077;
176A : 346F8049;
176B : 40000000;
176C : 340F808A;
176D : 344F808D;
176E : 40000000;
176F : 340F805C;
1770 : 342F8048;
1771 : 344F8061;
1772 : 40000000;
1773 : 340F808E;
1774 : 344F8091;
1775 : 40000000;
1776 : 340F80CA;
1777 : 344F80CD;
1778 : 40000000;
1779 : 340F80E4;
177A : 344F80E5;
177B : 40000000;
177C : 340F805A;
177D : 342F804A;
177E : 344F805D;
177F : 346F804B;
1780 : 40000000;
1781 : 340F8082;
1782 : 344F8085;
1783 : 40000000;
1784 : 340F80CA;
1785 : 344F80CB;
1786 : 40000000;
1787 : 340F80E6;
1788 : 344F80E7;
1789 : 40000000;
178A : 340F8082;
178B : 342F804C;
178C : 344F8083;
178D : 346F805B;
178E : 40000000;
178F : 340F8076;
1790 : 344F8077;
1791 : 346F8063;
1792 : 40000000;
1793 : 340F8058;
1794 : 342F804E;
1795 : 344F8059;
1796 : 346F804F;
1797 : 40000000;
1798 : 340F80E8;
1799 : 344F80E9;
179A : 346F8051;
179B : 40000000;
179C : 340F8098;
179D : 344F809B;
179E : 346F805B;
179F : 40000000;
17A0 : 340F808E;
17A1 : 342F8050;
17A2 : 344F808F;
17A3 : 346F8051;
17A4 : 40000000;
17A5 : 340F80B0;
17A6 : 344F80B1;
17A7 : 40000000;
17A8 : 340F8084;
17A9 : 344F8089;
17AA : 346F8053;
17AB : 40000000;
17AC : 340F80E4;
17AD : 344F80E5;
17AE : 346F8059;
17AF : 40000000;
17B0 : 340F808A;
17B1 : 342F8052;
17B2 : 344F808B;
17B3 : 346F8053;
17B4 : 40000000;
17B5 : 340F80B4;
17B6 : 344F80B5;
17B7 : 40000000;
17B8 : 340F8070;
17B9 : 344F8071;
17BA : 346F8059;
17BB : 40000000;
17BC : 340F806E;
17BD : 342F8054;
17BE : 344F806F;
17BF : 346F8055;
17C0 : 40000000;
17C1 : 340F8084;
17C2 : 344F8087;
17C3 : 40000000;
17C4 : 340F80E8;
17C5 : 344F80E9;
17C6 : 40000000;
17C7 : 340F80E2;
17C8 : 344F80E3;
17C9 : 346F8057;
17CA : 40000000;
17CB : 340F8080;
17CC : 344F8081;
17CD : 346F8063;
17CE : 40000000;
17CF : 340F8084;
17D0 : 342F8056;
17D1 : 344F8085;
17D2 : 346F8057;
17D3 : 40000000;
17D4 : 340F80E6;
17D5 : 344F80E7;
17D6 : 346F8059;
17D7 : 40000000;
17D8 : 340F8072;
17D9 : 344F8073;
17DA : 346F805D;
17DB : 40000000;
17DC : 340F80DE;
17DD : 344F80E1;
17DE : 40000000;
17DF : 340F80E2;
17E0 : 342F805A;
17E1 : 344F80E3;
17E2 : 346F805B;
17E3 : 40000000;
17E4 : 340F80DC;
17E5 : 344F80DD;
17E6 : 346F805D;
17E7 : 40000000;
17E8 : 340F8096;
17E9 : 344F8097;
17EA : 346F8061;
17EB : 40000000;
17EC : 340F8070;
17ED : 342F805C;
17EE : 344F8071;
17EF : 346F805D;
17F0 : 40000000;
17F1 : 340F8074;
17F2 : 344F8075;
17F3 : 346F805F;
17F4 : 40000000;
17F5 : 340F8094;
17F6 : 344F8095;
17F7 : 346F8061;
17F8 : 40000000;
17F9 : 340F8098;
17FA : 344F8099;
17FB : 40000000;
17FC : 340F80DA;
17FD : 344F80DB;
17FE : 40000000;
17FF : 340F80D8;
1800 : 342F805E;
1801 : 344F80D9;
1802 : 346F805F;
1803 : 40000000;
1804 : 340F80E0;
1805 : 344F80E1;
1806 : 40000000;
1807 : 340F8090;
1808 : 342F8060;
1809 : 344F8091;
180A : 346F8061;
180B : 40000000;
180C : 340F80DC;
180D : 344F80DD;
180E : 40000000;
180F : 340F809A;
1810 : 342F8062;
1811 : 344F809B;
1812 : 346F8063;
1813 : 40000000;
1814 : 340F80D6;
1815 : 344F80D7;
1816 : 40000000;
1817 : 340F8090;
1818 : 342F8064;
1819 : 344F8093;
181A : 346F8065;
181B : 40000000;
181C : 340F809C;
181D : 342F8066;
181E : 344F809D;
181F : 346F8067;
1820 : 40000000;
1821 : 340F8078;
1822 : 344F8079;
1823 : 346F8069;
1824 : 40000000;
1825 : 340F8094;
1826 : 344F8095;
1827 : 40000000;
1828 : 340F8080;
1829 : 344F8081;
182A : 346F806F;
182B : 40000000;
182C : 340F8098;
182D : 342F8068;
182E : 344F8099;
182F : 346F8069;
1830 : 40000000;
1831 : 340F809E;
1832 : 344F809F;
1833 : 40000000;
1834 : 340F8074;
1835 : 344F8077;
1836 : 346F806B;
1837 : 40000000;
1838 : 340F8076;
1839 : 342F806C;
183A : 346F8071;
183B : 40000000;
183C : 340F807C;
183D : 342F806E;
183E : 344F807D;
183F : 346F806F;
1840 : 40000000;
1841 : 340F8074;
1842 : 342F8070;
1843 : 344F8075;
1844 : 346F8071;
1845 : 40000000;
1846 : 340F808C;
1847 : 342F8072;
1848 : 344F8093;
1849 : 346F8073;
184A : 40000000;
184B : 340F80AC;
184C : 342F8074;
184D : 344F80AD;
184E : 346F8075;
184F : 40000000;
1850 : 340F808E;
1851 : 344F808F;
1852 : 346F8079;
1853 : 40000000;
1854 : 340F8092;
1855 : 342F8076;
1856 : 344F8095;
1857 : 346F8077;
1858 : 40000000;
1859 : 340F8090;
185A : 342F807A;
185B : 344F8093;
185C : 346F807B;
185D : 40000000;
185E : 340F8092;
185F : 342F807C;
1860 : 346F807D;
1861 : 40000000;
1862 : 340F8082;
1863 : 342F8084;
1864 : 344F8085;
1865 : 346F8087;
1866 : 40000000;
1867 : 340F8086;
1868 : 342F8086;
1869 : 344F8087;
186A : 346F8089;
186B : 40000000;
186C : 340F8088;
186D : 342F8088;
186E : 344F8089;
186F : 346F808B;
1870 : 40000000;
1871 : 340F8084;
1872 : 342F808A;
1873 : 344F8085;
1874 : 40000000;
1875 : 340F808A;
1876 : 344F808B;
1877 : 346F808D;
1878 : 40000000;
1879 : 340F8086;
187A : 342F808C;
187B : 344F8087;
187C : 40000000;
187D : 340F808C;
187E : 342F808E;
187F : 344F808D;
1880 : 346F808F;
1881 : 40000000;
1882 : 340F8090;
1883 : 342F8092;
1884 : 344F8091;
1885 : 346F8095;
1886 : 40000000;
1887 : 340F8094;
1888 : 342F8098;
1889 : 344F8095;
188A : 346F8099;
188B : 40000000;
188C : 340F809C;
188D : 344F809D;
188E : 346F809D;
188F : 40000000;
1890 : 340F809E;
1891 : 342F809C;
1892 : 344F809F;
1893 : 40000000;
1894 : 340F808A;
1895 : 342F8024;
1896 : 344F808B;
1897 : 346F8025;
1898 : 348F8016;
1899 : 40000000;
189A : 340F80AC;
189B : 344F80AD;
189C : 40000000;
189D : 340F8082;
189E : 342F8026;
189F : 344F8083;
18A0 : 346F8027;
18A1 : 40000000;
18A2 : 340F80B8;
18A3 : 342F8028;
18A4 : 344F80B9;
18A5 : 346F8029;
18A6 : 40000000;
18A7 : 340F807A;
18A8 : 342F802A;
18A9 : 344F807B;
18AA : 346F802B;
18AB : 40000000;
18AC : 340F80BC;
18AD : 344F80BD;
18AE : 40000000;
18AF : 340F80A0;
18B0 : 342F802E;
18B1 : 344F80A3;
18B2 : 346F802F;
18B3 : 40000000;
18B4 : 340F80B0;
18B5 : 342F8030;
18B6 : 344F80B1;
18B7 : 346F8031;
18B8 : 40000000;
18B9 : 340F80BA;
18BA : 342F8032;
18BB : 344F80BB;
18BC : 346F8033;
18BD : 40000000;
18BE : 340F807C;
18BF : 342F8038;
18C0 : 344F807D;
18C1 : 346F8039;
18C2 : 40000000;
18C3 : 340F8082;
18C4 : 344F8087;
18C5 : 40000000;
18C6 : 340F80B2;
18C7 : 344F80B7;
18C8 : 40000000;
18C9 : 340F807E;
18CA : 342F803A;
18CB : 344F8081;
18CC : 346F803B;
18CD : 40000000;
18CE : 340F80B8;
18CF : 344F80B9;
18D0 : 40000000;
18D1 : 340F80BC;
18D2 : 344F80BD;
18D3 : 346F803D;
18D4 : 40000000;
18D5 : 340F8078;
18D6 : 342F803C;
18D7 : 344F8079;
18D8 : 40000000;
18D9 : 340F807C;
18DA : 344F807F;
18DB : 40000000;
18DC : 340F80C0;
18DD : 342F803E;
18DE : 344F80C1;
18DF : 346F803F;
18E0 : 40000000;
18E1 : 340F80C4;
18E2 : 344F80C5;
18E3 : 40000000;
18E4 : 340F8076;
18E5 : 344F8077;
18E6 : 346F8041;
18E7 : 40000000;
18E8 : 340F806E;
18E9 : 342F8040;
18EA : 344F806F;
18EB : 346F8053;
18EC : 40000000;
18ED : 340F8074;
18EE : 344F8075;
18EF : 346F805B;
18F0 : 40000000;
18F1 : 340F80C8;
18F2 : 342F8042;
18F3 : 344F80C9;
18F4 : 346F8043;
18F5 : 40000000;
18F6 : 340F806C;
18F7 : 344F806D;
18F8 : 346F8055;
18F9 : 40000000;
18FA : 340F8072;
18FB : 344F8073;
18FC : 40000000;
18FD : 340F8076;
18FE : 342F8044;
18FF : 344F8077;
1900 : 346F8045;
1901 : 40000000;
1902 : 340F8070;
1903 : 344F8071;
1904 : 346F8051;
1905 : 40000000;
1906 : 340F8068;
1907 : 344F806B;
1908 : 346F8055;
1909 : 40000000;
190A : 340F80CA;
190B : 342F8046;
190C : 344F80CB;
190D : 346F8047;
190E : 40000000;
190F : 340F8066;
1910 : 344F8067;
1911 : 346F8057;
1912 : 40000000;
1913 : 340F8062;
1914 : 342F8048;
1915 : 344F8065;
1916 : 346F8055;
1917 : 40000000;
1918 : 340F8076;
1919 : 342F804A;
191A : 344F8077;
191B : 346F804B;
191C : 40000000;
191D : 340F805E;
191E : 344F8061;
191F : 346F8053;
1920 : 40000000;
1921 : 340F805A;
1922 : 342F804C;
1923 : 344F805D;
1924 : 346F8051;
1925 : 40000000;
1926 : 340F8080;
1927 : 342F804E;
1928 : 344F8081;
1929 : 346F8053;
192A : 40000000;
192B : 340F8058;
192C : 342F8050;
192D : 344F8059;
192E : 346F8051;
192F : 40000000;
1930 : 340F808A;
1931 : 344F808D;
1932 : 40000000;
1933 : 340F805C;
1934 : 342F8052;
1935 : 344F805D;
1936 : 346F8053;
1937 : 40000000;
1938 : 340F808C;
1939 : 344F808D;
193A : 40000000;
193B : 340F80B0;
193C : 344F80B3;
193D : 40000000;
193E : 340F8060;
193F : 342F8054;
1940 : 344F8061;
1941 : 346F8055;
1942 : 40000000;
1943 : 340F8068;
1944 : 342F8056;
1945 : 344F8069;
1946 : 346F805B;
1947 : 40000000;
1948 : 340F806E;
1949 : 344F806F;
194A : 346F805F;
194B : 40000000;
194C : 340F8070;
194D : 342F805A;
194E : 344F8071;
194F : 346F805B;
1950 : 40000000;
1951 : 340F80E4;
1952 : 344F80E5;
1953 : 40000000;
1954 : 340F806A;
1955 : 344F806B;
1956 : 346F805F;
1957 : 40000000;
1958 : 340F8066;
1959 : 342F805C;
195A : 344F8067;
195B : 346F805D;
195C : 40000000;
195D : 340F80E2;
195E : 344F80E3;
195F : 40000000;
1960 : 340F80DE;
1961 : 342F805E;
1962 : 344F80DF;
1963 : 346F805F;
1964 : 40000000;
1965 : 340F8092;
1966 : 344F8093;
1967 : 346F8063;
1968 : 40000000;
1969 : 340F8070;
196A : 344F8073;
196B : 346F8065;
196C : 40000000;
196D : 340F8074;
196E : 342F8060;
196F : 344F8075;
1970 : 346F8067;
1971 : 40000000;
1972 : 340F8090;
1973 : 342F8062;
1974 : 344F8091;
1975 : 346F8063;
1976 : 40000000;
1977 : 340F8094;
1978 : 344F8099;
1979 : 346F8065;
197A : 40000000;
197B : 340F8078;
197C : 342F8064;
197D : 344F8079;
197E : 40000000;
197F : 340F809A;
1980 : 344F809B;
1981 : 346F8069;
1982 : 40000000;
1983 : 340F8096;
1984 : 342F8066;
1985 : 344F8099;
1986 : 346F8067;
1987 : 40000000;
1988 : 340F8072;
1989 : 344F8073;
198A : 346F806B;
198B : 40000000;
198C : 340F809C;
198D : 342F8068;
198E : 344F809D;
198F : 346F8069;
1990 : 40000000;
1991 : 340F8074;
1992 : 342F806C;
1993 : 344F8075;
1994 : 346F806F;
1995 : 40000000;
1996 : 340F8076;
1997 : 342F8072;
1998 : 344F8077;
1999 : 346F8073;
199A : 40000000;
199B : 340F8090;
199C : 342F8074;
199D : 344F8093;
199E : 346F8075;
199F : 40000000;
19A0 : 340F807E;
19A1 : 342F8088;
19A2 : 344F807F;
19A3 : 346F8089;
19A4 : 40000000;
19A5 : 340F8084;
19A6 : 344F8085;
19A7 : 40000000;
19A8 : 340F8086;
19A9 : 342F808A;
19AA : 344F8087;
19AB : 346F808B;
19AC : 40000000;
19AD : 340F8088;
19AE : 342F808C;
19AF : 344F8089;
19B0 : 346F808D;
19B1 : 40000000;
19B2 : 340F808A;
19B3 : 342F808E;
19B4 : 344F808B;
19B5 : 346F808F;
19B6 : 40000000;
19B7 : 340F808C;
19B8 : 342F8090;
19B9 : 344F808F;
19BA : 346F8091;
19BB : 40000000;
19BC : 340F808E;
19BD : 342F8092;
19BE : 346F8093;
19BF : 40000000;
19C0 : 340F80D6;
19C1 : 344F80D7;
19C2 : 40000000;
19C3 : 340F8092;
19C4 : 342F8094;
19C5 : 344F8095;
19C6 : 346F8095;
19C7 : 40000000;
19C8 : 342F8096;
19C9 : 344F8093;
19CA : 346F8097;
19CB : 40000000;
19CC : 340F8096;
19CD : 344F8099;
19CE : 40000000;
19CF : 340F8098;
19D0 : 342F8098;
19D1 : 344F809B;
19D2 : 346F809B;
19D3 : 40000000;
19D4 : 340F805E;
19D5 : 342F809A;
19D6 : 344F805F;
19D7 : 40000000;
19D8 : 340F809A;
19D9 : 342F809C;
19DA : 344F809B;
19DB : 346F809D;
19DC : 40000000;
19DD : 340F8040;
19DE : 342F80A4;
19DF : 344F8041;
19E0 : 346F80A5;
19E1 : 40000000;
19E2 : 340F80BE;
19E3 : 342F8084;
19E4 : 344F80BF;
19E5 : 346F8087;
19E6 : 348F8017;
19E7 : 40000000;
19E8 : 340F80CA;
19E9 : 342F808E;
19EA : 344F80CB;
19EB : 346F808F;
19EC : 40000000;
19ED : 340F806C;
19EE : 342F8094;
19EF : 344F806D;
19F0 : 346F8095;
19F1 : 40000000;
19F2 : 340F80BE;
19F3 : 344F80BF;
19F4 : 40000000;
19F5 : 340F80E4;
19F6 : 342F8096;
19F7 : 344F80E5;
19F8 : 346F8097;
19F9 : 40000000;
19FA : 340F80EA;
19FB : 342F8098;
19FC : 344F80EB;
19FD : 346F8099;
19FE : 40000000;
19FF : 340F80F0;
1A00 : 342F809A;
1A01 : 344F80F1;
1A02 : 346F809B;
1A03 : 40000000;
1A04 : 340F8058;
1A05 : 342F809C;
1A06 : 344F8059;
1A07 : 346F809D;
1A08 : 40000000;
1A09 : 340F80F6;
1A0A : 344F80F7;
1A0B : 40000000;
1A0C : 340F8052;
1A0D : 342F809E;
1A0E : 344F8053;
1A0F : 346F809F;
1A10 : 40000000;
1A11 : 340F809C;
1A12 : 344F809F;
1A13 : 346F80AB;
1A14 : 40000000;
1A15 : 340F80A0;
1A16 : 342F80A0;
1A17 : 344F80A3;
1A18 : 346F80A1;
1A19 : 40000000;
1A1A : 340F8096;
1A1B : 344F809B;
1A1C : 346F80AB;
1A1D : 40000000;
1A1E : 340F8090;
1A1F : 342F80A2;
1A20 : 344F8095;
1A21 : 346F80A3;
1A22 : 40000000;
1A23 : 340F8108;
1A24 : 344F8109;
1A25 : 40000000;
1A26 : 340F807C;
1A27 : 344F807D;
1A28 : 346F80A5;
1A29 : 40000000;
1A2A : 340F80A0;
1A2B : 344F80A1;
1A2C : 40000000;
1A2D : 340F80BA;
1A2E : 344F80BB;
1A2F : 40000000;
1A30 : 340F8092;
1A31 : 342F80A4;
1A32 : 344F8095;
1A33 : 40000000;
1A34 : 340F80AA;
1A35 : 344F80AD;
1A36 : 40000000;
1A37 : 340F808E;
1A38 : 342F80A6;
1A39 : 344F808F;
1A3A : 346F80A7;
1A3B : 40000000;
1A3C : 340F80A8;
1A3D : 344F80AB;
1A3E : 40000000;
1A3F : 340F8094;
1A40 : 344F8095;
1A41 : 346F80A9;
1A42 : 40000000;
1A43 : 340F8036;
1A44 : 342F80A8;
1A45 : 344F8037;
1A46 : 40000000;
1A47 : 340F8090;
1A48 : 344F8091;
1A49 : 40000000;
1A4A : 340F80A8;
1A4B : 344F80A9;
1A4C : 40000000;
1A4D : 340F8092;
1A4E : 342F80AA;
1A4F : 344F8093;
1A50 : 346F80AB;
1A51 : 40000000;
1A52 : 340F80A6;
1A53 : 344F80A7;
1A54 : 40000000;
1A55 : 340F8030;
1A56 : 342F80AC;
1A57 : 344F8031;
1A58 : 346F80AD;
1A59 : 40000000;
1A5A : 340F8094;
1A5B : 344F8095;
1A5C : 40000000;
1A5D : 340F8098;
1A5E : 344F809D;
1A5F : 40000000;
1A60 : 340F80B8;
1A61 : 344F80B9;
1A62 : 40000000;
1A63 : 340F80A4;
1A64 : 344F80A5;
1A65 : 346F80AF;
1A66 : 40000000;
1A67 : 340F8098;
1A68 : 342F80AE;
1A69 : 344F809B;
1A6A : 40000000;
1A6B : 340F8112;
1A6C : 344F8113;
1A6D : 40000000;
1A6E : 340F80A2;
1A6F : 342F80B0;
1A70 : 344F80A3;
1A71 : 346F80B3;
1A72 : 40000000;
1A73 : 340F809A;
1A74 : 344F809D;
1A75 : 346F80B9;
1A76 : 40000000;
1A77 : 340F802E;
1A78 : 342F80B2;
1A79 : 344F802F;
1A7A : 346F80B3;
1A7B : 40000000;
1A7C : 340F809E;
1A7D : 344F80A1;
1A7E : 40000000;
1A7F : 340F8098;
1A80 : 344F8099;
1A81 : 346F80B9;
1A82 : 40000000;
1A83 : 340F80A0;
1A84 : 342F80B4;
1A85 : 344F80A1;
1A86 : 346F80B5;
1A87 : 40000000;
1A88 : 340F80B6;
1A89 : 342F80B6;
1A8A : 344F80B7;
1A8B : 346F80B7;
1A8C : 40000000;
1A8D : 340F8114;
1A8E : 344F8115;
1A8F : 40000000;
1A90 : 340F807E;
1A91 : 344F807F;
1A92 : 346F80B9;
1A93 : 40000000;
1A94 : 340F802C;
1A95 : 342F80B8;
1A96 : 344F802D;
1A97 : 40000000;
1A98 : 340F809A;
1A99 : 342F80BA;
1A9A : 344F809B;
1A9B : 346F80D1;
1A9C : 40000000;
1A9D : 340F8096;
1A9E : 342F80BC;
1A9F : 344F8099;
1AA0 : 346F80ED;
1AA1 : 40000000;
1AA2 : 340F80B4;
1AA3 : 342F80C0;
1AA4 : 344F80B5;
1AA5 : 346F80C1;
1AA6 : 40000000;
1AA7 : 340F8094;
1AA8 : 344F8095;
1AA9 : 346F80ED;
1AAA : 40000000;
1AAB : 340F8092;
1AAC : 342F80C4;
1AAD : 344F8093;
1AAE : 346F80EF;
1AAF : 40000000;
1AB0 : 340F8080;
1AB1 : 342F80C6;
1AB2 : 344F8081;
1AB3 : 346F80C7;
1AB4 : 40000000;
1AB5 : 340F80B2;
1AB6 : 342F80C8;
1AB7 : 344F80B3;
1AB8 : 346F80C9;
1AB9 : 40000000;
1ABA : 340F8090;
1ABB : 342F80CC;
1ABC : 344F8091;
1ABD : 346F80EF;
1ABE : 40000000;
1ABF : 340F80B0;
1AC0 : 342F80D2;
1AC1 : 344F80B1;
1AC2 : 346F80D3;
1AC3 : 40000000;
1AC4 : 340F8082;
1AC5 : 344F8083;
1AC6 : 346F80D5;
1AC7 : 40000000;
1AC8 : 340F808E;
1AC9 : 342F80D4;
1ACA : 344F808F;
1ACB : 346F80EF;
1ACC : 40000000;
1ACD : 340F809A;
1ACE : 342F80D8;
1ACF : 344F809B;
1AD0 : 346F80D9;
1AD1 : 40000000;
1AD2 : 340F80AE;
1AD3 : 342F80DA;
1AD4 : 344F80AF;
1AD5 : 346F80DB;
1AD6 : 40000000;
1AD7 : 340F80AA;
1AD8 : 342F80DC;
1AD9 : 344F80AB;
1ADA : 346F80E1;
1ADB : 40000000;
1ADC : 340F8084;
1ADD : 342F80DE;
1ADE : 344F8085;
1ADF : 40000000;
1AE0 : 340F80AC;
1AE1 : 342F80E0;
1AE2 : 344F80AD;
1AE3 : 40000000;
1AE4 : 340F809A;
1AE5 : 342F80E4;
1AE6 : 344F809B;
1AE7 : 346F80EB;
1AE8 : 40000000;
1AE9 : 340F80A8;
1AEA : 342F80E6;
1AEB : 344F80A9;
1AEC : 346F80E9;
1AED : 40000000;
1AEE : 340F808C;
1AEF : 344F808D;
1AF0 : 346F80EF;
1AF1 : 40000000;
1AF2 : 340F809C;
1AF3 : 342F80E8;
1AF4 : 344F809D;
1AF5 : 346F80EB;
1AF6 : 40000000;
1AF7 : 340F8086;
1AF8 : 342F80EA;
1AF9 : 344F8087;
1AFA : 40000000;
1AFB : 340F80A6;
1AFC : 342F80EE;
1AFD : 344F80A7;
1AFE : 346F80EF;
1AFF : 40000000;
1B00 : 340F807A;
1B01 : 342F808C;
1B02 : 344F807B;
1B03 : 346F808D;
1B04 : 348F8018;
1B05 : 40000000;
1B06 : 340F80C6;
1B07 : 344F80C7;
1B08 : 40000000;
1B09 : 340F8070;
1B0A : 342F8092;
1B0B : 344F8071;
1B0C : 346F8093;
1B0D : 40000000;
1B0E : 340F80DC;
1B0F : 342F8094;
1B10 : 344F80DD;
1B11 : 346F8095;
1B12 : 40000000;
1B13 : 340F807C;
1B14 : 344F807D;
1B15 : 346F8099;
1B16 : 40000000;
1B17 : 340F8064;
1B18 : 342F8098;
1B19 : 344F8065;
1B1A : 40000000;
1B1B : 340F80BC;
1B1C : 342F809A;
1B1D : 344F80BD;
1B1E : 346F809D;
1B1F : 40000000;
1B20 : 340F807C;
1B21 : 342F809C;
1B22 : 344F807D;
1B23 : 346F80A1;
1B24 : 40000000;
1B25 : 340F80FC;
1B26 : 342F809E;
1B27 : 344F80FD;
1B28 : 346F809F;
1B29 : 40000000;
1B2A : 340F804C;
1B2B : 342F80A0;
1B2C : 344F804D;
1B2D : 346F80A1;
1B2E : 40000000;
1B2F : 340F8102;
1B30 : 344F8103;
1B31 : 40000000;
1B32 : 340F8046;
1B33 : 342F80A2;
1B34 : 344F8047;
1B35 : 346F80A3;
1B36 : 40000000;
1B37 : 340F810E;
1B38 : 342F80A4;
1B39 : 344F810F;
1B3A : 346F80A5;
1B3B : 40000000;
1B3C : 340F808C;
1B3D : 342F80A6;
1B3E : 344F808D;
1B3F : 346F80A7;
1B40 : 40000000;
1B41 : 340F8090;
1B42 : 344F8091;
1B43 : 40000000;
1B44 : 340F80BA;
1B45 : 344F80BB;
1B46 : 40000000;
1B47 : 340F807C;
1B48 : 344F807D;
1B49 : 346F80A9;
1B4A : 40000000;
1B4B : 340F8034;
1B4C : 342F80A8;
1B4D : 344F8035;
1B4E : 40000000;
1B4F : 340F8092;
1B50 : 344F8093;
1B51 : 40000000;
1B52 : 340F8110;
1B53 : 344F8111;
1B54 : 40000000;
1B55 : 340F8094;
1B56 : 342F80AA;
1B57 : 344F8095;
1B58 : 346F80AB;
1B59 : 40000000;
1B5A : 340F8096;
1B5B : 342F80AE;
1B5C : 344F8097;
1B5D : 346F80AF;
1B5E : 40000000;
1B5F : 340F80B8;
1B60 : 344F80B9;
1B61 : 40000000;
1B62 : 340F8112;
1B63 : 342F80B0;
1B64 : 344F8113;
1B65 : 346F80B1;
1B66 : 40000000;
1B67 : 340F80B6;
1B68 : 342F80B8;
1B69 : 344F80B7;
1B6A : 346F80B9;
1B6B : 40000000;
1B6C : 340F8114;
1B6D : 344F8115;
1B6E : 40000000;
1B6F : 340F807E;
1B70 : 342F80BA;
1B71 : 344F807F;
1B72 : 346F80BB;
1B73 : 40000000;
1B74 : 340F8116;
1B75 : 342F80BC;
1B76 : 344F8117;
1B77 : 346F80BD;
1B78 : 40000000;
1B79 : 340F802A;
1B7A : 342F80C0;
1B7B : 344F802B;
1B7C : 346F80C1;
1B7D : 40000000;
1B7E : 340F80B4;
1B7F : 342F80C2;
1B80 : 344F80B5;
1B81 : 346F80C3;
1B82 : 40000000;
1B83 : 340F8028;
1B84 : 342F80C6;
1B85 : 344F8029;
1B86 : 346F80C7;
1B87 : 40000000;
1B88 : 340F8080;
1B89 : 342F80C8;
1B8A : 344F8081;
1B8B : 346F80C9;
1B8C : 40000000;
1B8D : 340F80B2;
1B8E : 342F80CA;
1B8F : 344F80B3;
1B90 : 346F80CB;
1B91 : 40000000;
1B92 : 340F80B0;
1B93 : 342F80D4;
1B94 : 344F80B1;
1B95 : 346F80D5;
1B96 : 40000000;
1B97 : 340F8082;
1B98 : 342F80D6;
1B99 : 344F8083;
1B9A : 346F80D7;
1B9B : 40000000;
1B9C : 340F80AE;
1B9D : 342F80DC;
1B9E : 344F80AF;
1B9F : 346F80DD;
1BA0 : 40000000;
1BA1 : 340F80F6;
1BA2 : 344F80F7;
1BA3 : 40000000;
1BA4 : 340F80F4;
1BA5 : 342F80DE;
1BA6 : 344F80F5;
1BA7 : 346F80DF;
1BA8 : 40000000;
1BA9 : 340F80D8;
1BAA : 342F80E0;
1BAB : 344F80D9;
1BAC : 346F80E3;
1BAD : 40000000;
1BAE : 340F80AA;
1BAF : 342F80E2;
1BB0 : 344F80AB;
1BB1 : 40000000;
1BB2 : 340F80D2;
1BB3 : 344F80D7;
1BB4 : 40000000;
1BB5 : 342F80E4;
1BB6 : 344F80D5;
1BB7 : 346F80E5;
1BB8 : 40000000;
1BB9 : 340F80E6;
1BBA : 344F80EB;
1BBB : 346F80E7;
1BBC : 40000000;
1BBD : 340F80E2;
1BBE : 342F80E6;
1BBF : 344F80E5;
1BC0 : 346F80ED;
1BC1 : 40000000;
1BC2 : 340F80D6;
1BC3 : 342F80E8;
1BC4 : 344F80D9;
1BC5 : 346F80E9;
1BC6 : 40000000;
1BC7 : 340F80E6;
1BC8 : 344F80E9;
1BC9 : 346F80ED;
1BCA : 40000000;
1BCB : 340F80EA;
1BCC : 342F80EA;
1BCD : 344F80ED;
1BCE : 346F80EB;
1BCF : 40000000;
1BD0 : 340F80CA;
1BD1 : 344F80D5;
1BD2 : 346F80ED;
1BD3 : 40000000;
1BD4 : 340F8086;
1BD5 : 342F80EC;
1BD6 : 344F8087;
1BD7 : 40000000;
1BD8 : 340F80CE;
1BD9 : 342F80EE;
1BDA : 344F80D5;
1BDB : 346F80EF;
1BDC : 40000000;
1BDD : 340F810C;
1BDE : 342F80A6;
1BDF : 344F810D;
1BE0 : 346F80A9;
1BE1 : 348F8019;
1BE2 : 40000000;
1BE3 : 340F8098;
1BE4 : 342F80B0;
1BE5 : 344F8099;
1BE6 : 346F80B1;
1BE7 : 40000000;
1BE8 : 340F810C;
1BE9 : 342F80B2;
1BEA : 344F810D;
1BEB : 346F80B3;
1BEC : 40000000;
1BED : 340F810A;
1BEE : 342F80B6;
1BEF : 344F810B;
1BF0 : 346F80EF;
1BF1 : 40000000;
1BF2 : 340F8098;
1BF3 : 342F80BA;
1BF4 : 344F8099;
1BF5 : 346F80BB;
1BF6 : 40000000;
1BF7 : 340F8102;
1BF8 : 342F80BE;
1BF9 : 344F8103;
1BFA : 346F80C3;
1BFB : 40000000;
1BFC : 340F8108;
1BFD : 344F8109;
1BFE : 346F80EF;
1BFF : 40000000;
1C00 : 340F80FE;
1C01 : 342F80C0;
1C02 : 344F8101;
1C03 : 346F80CD;
1C04 : 40000000;
1C05 : 340F80FC;
1C06 : 342F80C6;
1C07 : 344F80FD;
1C08 : 346F80D3;
1C09 : 40000000;
1C0A : 340F810C;
1C0B : 344F810D;
1C0C : 346F80ED;
1C0D : 40000000;
1C0E : 340F8080;
1C0F : 342F80CA;
1C10 : 344F8081;
1C11 : 346F80CB;
1C12 : 40000000;
1C13 : 340F80FA;
1C14 : 344F80FB;
1C15 : 346F80D5;
1C16 : 40000000;
1C17 : 340F80DE;
1C18 : 342F80CC;
1C19 : 344F80E1;
1C1A : 346F80CD;
1C1B : 40000000;
1C1C : 340F8106;
1C1D : 344F8107;
1C1E : 346F80EB;
1C1F : 40000000;
1C20 : 340F810E;
1C21 : 344F810F;
1C22 : 346F80EF;
1C23 : 40000000;
1C24 : 340F80FE;
1C25 : 342F80CE;
1C26 : 344F80FF;
1C27 : 346F80D1;
1C28 : 40000000;
1C29 : 340F80E0;
1C2A : 344F80E3;
1C2B : 346F80DD;
1C2C : 40000000;
1C2D : 340F80F8;
1C2E : 344F80F9;
1C2F : 40000000;
1C30 : 340F80DE;
1C31 : 342F80D0;
1C32 : 344F80DF;
1C33 : 346F80DF;
1C34 : 40000000;
1C35 : 340F80F6;
1C36 : 342F80D2;
1C37 : 344F80F7;
1C38 : 346F80DB;
1C39 : 40000000;
1C3A : 340F80DC;
1C3B : 344F80DD;
1C3C : 346F80E3;
1C3D : 40000000;
1C3E : 340F80E4;
1C3F : 342F80D4;
1C40 : 344F80E7;
1C41 : 346F80D5;
1C42 : 40000000;
1C43 : 340F80DA;
1C44 : 344F80DB;
1C45 : 346F80EF;
1C46 : 40000000;
1C47 : 340F80D8;
1C48 : 342F80D6;
1C49 : 344F80D9;
1C4A : 346F80DF;
1C4B : 40000000;
1C4C : 340F8110;
1C4D : 344F8111;
1C4E : 346F80EF;
1C4F : 40000000;
1C50 : 340F80B6;
1C51 : 342F80D8;
1C52 : 344F80B9;
1C53 : 346F80DD;
1C54 : 40000000;
1C55 : 340F80D6;
1C56 : 344F80D7;
1C57 : 346F80E1;
1C58 : 40000000;
1C59 : 340F8112;
1C5A : 344F8113;
1C5B : 346F80EF;
1C5C : 40000000;
1C5D : 340F80F4;
1C5E : 342F80DA;
1C5F : 344F80F5;
1C60 : 346F80DD;
1C61 : 40000000;
1C62 : 340F80D4;
1C63 : 344F80D5;
1C64 : 346F80E1;
1C65 : 40000000;
1C66 : 340F8104;
1C67 : 342F80DC;
1C68 : 344F8105;
1C69 : 346F80E9;
1C6A : 40000000;
1C6B : 340F80E0;
1C6C : 342F80DE;
1C6D : 344F80E1;
1C6E : 346F80DF;
1C6F : 40000000;
1C70 : 340F80EC;
1C71 : 344F80F3;
1C72 : 40000000;
1C73 : 340F80D2;
1C74 : 344F80D3;
1C75 : 346F80E1;
1C76 : 40000000;
1C77 : 340F80F6;
1C78 : 344F80F7;
1C79 : 346F80E5;
1C7A : 40000000;
1C7B : 340F80B4;
1C7C : 344F80B7;
1C7D : 346F80ED;
1C7E : 40000000;
1C7F : 340F80E8;
1C80 : 342F80E0;
1C81 : 344F80ED;
1C82 : 346F80E3;
1C83 : 40000000;
1C84 : 340F80B8;
1C85 : 344F80B9;
1C86 : 346F80E5;
1C87 : 40000000;
1C88 : 340F80F4;
1C89 : 344F80F5;
1C8A : 346F80E9;
1C8B : 40000000;
1C8C : 340F80B2;
1C8D : 344F80B3;
1C8E : 346F80EF;
1C8F : 40000000;
1C90 : 340F80E6;
1C91 : 342F80E2;
1C92 : 344F80E7;
1C93 : 346F80E3;
1C94 : 40000000;
1C95 : 340F80D0;
1C96 : 344F80D1;
1C97 : 346F80E9;
1C98 : 40000000;
1C99 : 340F80EE;
1C9A : 344F80F1;
1C9B : 346F80EB;
1C9C : 40000000;
1C9D : 340F8084;
1C9E : 344F8085;
1C9F : 346F80EF;
1CA0 : 40000000;
1CA1 : 340F80E2;
1CA2 : 342F80E4;
1CA3 : 344F80E5;
1CA4 : 346F80E5;
1CA5 : 40000000;
1CA6 : 340F8082;
1CA7 : 344F8083;
1CA8 : 346F80E7;
1CA9 : 40000000;
1CAA : 340F80D6;
1CAB : 344F80D9;
1CAC : 40000000;
1CAD : 340F80F2;
1CAE : 344F80F3;
1CAF : 40000000;
1CB0 : 340F80CE;
1CB1 : 344F80CF;
1CB2 : 346F80E9;
1CB3 : 40000000;
1CB4 : 340F80EC;
1CB5 : 344F80ED;
1CB6 : 40000000;
1CB7 : 340F80B0;
1CB8 : 344F80B1;
1CB9 : 346F80ED;
1CBA : 40000000;
1CBB : 340F8114;
1CBC : 344F8115;
1CBD : 346F80EF;
1CBE : 40000000;
1CBF : 340F80C6;
1CC0 : 342F80E6;
1CC1 : 344F80C7;
1CC2 : 346F80E7;
1CC3 : 40000000;
1CC4 : 340F80CA;
1CC5 : 344F80CD;
1CC6 : 346F80E9;
1CC7 : 40000000;
1CC8 : 340F80D2;
1CC9 : 344F80D5;
1CCA : 40000000;
1CCB : 340F80DE;
1CCC : 344F80E1;
1CCD : 346F80EF;
1CCE : 40000000;
1CCF : 340F8116;
1CD0 : 344F8117;
1CD1 : 40000000;
1CD2 : 340F80C4;
1CD3 : 342F80E8;
1CD4 : 344F80C5;
1CD5 : 346F80E9;
1CD6 : 40000000;
1CD7 : 340F80EA;
1CD8 : 344F80EB;
1CD9 : 40000000;
1CDA : 340F80DC;
1CDB : 344F80DD;
1CDC : 346F80EF;
1CDD : 40000000;
1CDE : 340F80C8;
1CDF : 342F80EA;
1CE0 : 344F80C9;
1CE1 : 40000000;
1CE2 : 340F80D6;
1CE3 : 344F80D9;
1CE4 : 40000000;
1CE5 : 340F80C2;
1CE6 : 342F80EC;
1CE7 : 344F80C3;
1CE8 : 346F80ED;
1CE9 : 40000000;
1CEA : 340F80C6;
1CEB : 344F80C7;
1CEC : 346F80EF;
1CED : 40000000;
1CEE : 340F80EA;
1CEF : 344F80EF;
1CF0 : 40000000;
1CF1 : 340F80F2;
1CF2 : 344F80F3;
1CF3 : 40000000;
1CF4 : 340F80B4;
1CF5 : 342F80EE;
1CF6 : 344F80B5;
1CF7 : 40000000;
1CF8 : 340F80CA;
1CF9 : 344F80CD;
1CFA : 40000000;
1CFB : 340F80E2;
1CFC : 344F80E7;
1CFD : 40000000;
1CFE : 340F80F0;
1CFF : 344F80F1;
1D00 : 40000000;
1D01 : 340F80BE;
1D02 : 342F8096;
1D03 : 344F80BF;
1D04 : 346F8097;
1D05 : 348F801A;
1D06 : 40000000;
1D07 : 340F80C0;
1D08 : 342F8098;
1D09 : 344F80C1;
1D0A : 346F8099;
1D0B : 40000000;
1D0C : 340F80EE;
1D0D : 342F809A;
1D0E : 344F80EF;
1D0F : 346F809B;
1D10 : 40000000;
1D11 : 340F8066;
1D12 : 344F8067;
1D13 : 346F80A7;
1D14 : 40000000;
1D15 : 340F8068;
1D16 : 342F809C;
1D17 : 344F8069;
1D18 : 346F809D;
1D19 : 40000000;
1D1A : 340F8062;
1D1B : 344F8065;
1D1C : 346F80A7;
1D1D : 40000000;
1D1E : 340F80BC;
1D1F : 342F809E;
1D20 : 344F80BD;
1D21 : 346F809F;
1D22 : 40000000;
1D23 : 340F80C8;
1D24 : 344F80C9;
1D25 : 40000000;
1D26 : 340F807A;
1D27 : 344F807B;
1D28 : 346F80A1;
1D29 : 40000000;
1D2A : 340F805E;
1D2B : 344F8061;
1D2C : 346F80A5;
1D2D : 40000000;
1D2E : 340F80C2;
1D2F : 342F80A0;
1D30 : 344F80C5;
1D31 : 346F80A1;
1D32 : 40000000;
1D33 : 340F80CA;
1D34 : 344F80CD;
1D35 : 40000000;
1D36 : 340F805C;
1D37 : 344F805D;
1D38 : 346F80A3;
1D39 : 40000000;
1D3A : 340F80CC;
1D3B : 342F80A2;
1D3C : 344F80CF;
1D3D : 40000000;
1D3E : 340F80D8;
1D3F : 344F80D9;
1D40 : 40000000;
1D41 : 340F80C6;
1D42 : 344F80C7;
1D43 : 346F80AB;
1D44 : 40000000;
1D45 : 340F808E;
1D46 : 342F80A4;
1D47 : 344F8091;
1D48 : 346F80A5;
1D49 : 40000000;
1D4A : 340F80C8;
1D4B : 344F80CB;
1D4C : 40000000;
1D4D : 340F80D4;
1D4E : 344F80D7;
1D4F : 40000000;
1D50 : 340F8068;
1D51 : 344F8069;
1D52 : 346F80A7;
1D53 : 40000000;
1D54 : 340F80D0;
1D55 : 344F80D1;
1D56 : 346F80A9;
1D57 : 40000000;
1D58 : 340F80C4;
1D59 : 344F80C5;
1D5A : 346F80AB;
1D5B : 40000000;
1D5C : 340F8092;
1D5D : 342F80A6;
1D5E : 344F8093;
1D5F : 346F80A7;
1D60 : 40000000;
1D61 : 340F80D2;
1D62 : 344F80D3;
1D63 : 40000000;
1D64 : 340F80C8;
1D65 : 344F80C9;
1D66 : 346F80AB;
1D67 : 40000000;
1D68 : 340F80C0;
1D69 : 344F80C3;
1D6A : 346F80EB;
1D6B : 40000000;
1D6C : 340F80BA;
1D6D : 342F80A8;
1D6E : 344F80BB;
1D6F : 346F80A9;
1D70 : 40000000;
1D71 : 340F80CE;
1D72 : 344F80CF;
1D73 : 40000000;
1D74 : 340F80CA;
1D75 : 344F80CB;
1D76 : 346F80AB;
1D77 : 40000000;
1D78 : 340F810E;
1D79 : 344F810F;
1D7A : 346F80CB;
1D7B : 40000000;
1D7C : 340F80CC;
1D7D : 342F80AA;
1D7E : 344F80CD;
1D7F : 346F80AB;
1D80 : 40000000;
1D81 : 340F8110;
1D82 : 344F8111;
1D83 : 40000000;
1D84 : 340F807C;
1D85 : 344F807D;
1D86 : 346F80AD;
1D87 : 40000000;
1D88 : 340F8106;
1D89 : 344F8107;
1D8A : 346F80AF;
1D8B : 40000000;
1D8C : 340F810C;
1D8D : 344F810D;
1D8E : 346F80B1;
1D8F : 40000000;
1D90 : 340F8060;
1D91 : 342F80AC;
1D92 : 344F8063;
1D93 : 346F80AD;
1D94 : 40000000;
1D95 : 340F8096;
1D96 : 344F8097;
1D97 : 40000000;
1D98 : 340F810A;
1D99 : 344F810B;
1D9A : 346F80B5;
1D9B : 40000000;
1D9C : 340F80FE;
1D9D : 344F8105;
1D9E : 346F80BD;
1D9F : 40000000;
1DA0 : 340F80BE;
1DA1 : 344F80BF;
1DA2 : 346F80EF;
1DA3 : 40000000;
1DA4 : 340F805E;
1DA5 : 342F80AE;
1DA6 : 344F8061;
1DA7 : 346F80BB;
1DA8 : 40000000;
1DA9 : 340F80FC;
1DAA : 344F80FD;
1DAB : 346F80C5;
1DAC : 40000000;
1DAD : 340F80F8;
1DAE : 344F80F9;
1DAF : 346F80CD;
1DB0 : 40000000;
1DB1 : 340F80BC;
1DB2 : 344F80BD;
1DB3 : 346F80EF;
1DB4 : 40000000;
1DB5 : 340F80F6;
1DB6 : 342F80B0;
1DB7 : 344F80F7;
1DB8 : 346F80B7;
1DB9 : 40000000;
1DBA : 340F805C;
1DBB : 344F805D;
1DBC : 346F80BB;
1DBD : 40000000;
1DBE : 340F80FA;
1DBF : 344F80FB;
1DC0 : 346F80C9;
1DC1 : 40000000;
1DC2 : 340F8110;
1DC3 : 344F8111;
1DC4 : 346F80D5;
1DC5 : 40000000;
1DC6 : 340F80EC;
1DC7 : 344F80F1;
1DC8 : 346F80DD;
1DC9 : 40000000;
1DCA : 340F80DE;
1DCB : 342F80B2;
1DCC : 344F80DF;
1DCD : 346F80B5;
1DCE : 40000000;
1DCF : 340F80C4;
1DD0 : 344F80C5;
1DD1 : 346F80D5;
1DD2 : 40000000;
1DD3 : 340F80E8;
1DD4 : 344F80EB;
1DD5 : 346F80DF;
1DD6 : 40000000;
1DD7 : 340F805A;
1DD8 : 342F80B4;
1DD9 : 344F805B;
1DDA : 346F80B7;
1DDB : 40000000;
1DDC : 340F80C6;
1DDD : 344F80C9;
1DDE : 346F80C3;
1DDF : 40000000;
1DE0 : 340F810C;
1DE1 : 344F810D;
1DE2 : 346F80C5;
1DE3 : 40000000;
1DE4 : 340F80BA;
1DE5 : 344F80BB;
1DE6 : 346F80EF;
1DE7 : 40000000;
1DE8 : 340F80CE;
1DE9 : 342F80B6;
1DEA : 344F80D1;
1DEB : 346F80B7;
1DEC : 40000000;
1DED : 340F80DC;
1DEE : 344F80DD;
1DEF : 346F80B9;
1DF0 : 40000000;
1DF1 : 340F80CA;
1DF2 : 344F80CB;
1DF3 : 346F80BB;
1DF4 : 40000000;
1DF5 : 340F80E6;
1DF6 : 344F80E7;
1DF7 : 346F80D3;
1DF8 : 40000000;
1DF9 : 340F80F2;
1DFA : 344F80F3;
1DFB : 346F80DD;
1DFC : 40000000;
1DFD : 340F80D2;
1DFE : 342F80B8;
1DFF : 344F80D3;
1E00 : 346F80B9;
1E01 : 40000000;
1E02 : 340F8108;
1E03 : 344F8109;
1E04 : 346F80BD;
1E05 : 40000000;
1E06 : 340F80E2;
1E07 : 344F80E5;
1E08 : 346F80CD;
1E09 : 40000000;
1E0A : 340F8112;
1E0B : 344F8113;
1E0C : 346F80D7;
1E0D : 40000000;
1E0E : 340F8034;
1E0F : 344F8035;
1E10 : 346F80D9;
1E11 : 40000000;
1E12 : 340F80F4;
1E13 : 344F80F5;
1E14 : 40000000;
1E15 : 340F80F6;
1E16 : 342F80BA;
1E17 : 344F80F7;
1E18 : 346F80BD;
1E19 : 40000000;
1E1A : 340F804E;
1E1B : 342F80BC;
1E1C : 344F804F;
1E1D : 40000000;
1E1E : 340F80DA;
1E1F : 344F80DB;
1E20 : 346F80BF;
1E21 : 40000000;
1E22 : 340F807E;
1E23 : 344F807F;
1E24 : 346F80C1;
1E25 : 40000000;
1E26 : 340F80B8;
1E27 : 344F80B9;
1E28 : 346F80D7;
1E29 : 40000000;
1E2A : 340F80FE;
1E2B : 342F80BE;
1E2C : 344F8101;
1E2D : 346F80BF;
1E2E : 40000000;
1E2F : 340F8104;
1E30 : 344F8105;
1E31 : 40000000;
1E32 : 340F80D8;
1E33 : 344F80D9;
1E34 : 346F80C3;
1E35 : 40000000;
1E36 : 340F8048;
1E37 : 344F804D;
1E38 : 346F80C5;
1E39 : 40000000;
1E3A : 340F807C;
1E3B : 344F807D;
1E3C : 40000000;
1E3D : 340F80DE;
1E3E : 344F80E1;
1E3F : 346F80CB;
1E40 : 40000000;
1E41 : 340F8114;
1E42 : 344F8117;
1E43 : 346F80E3;
1E44 : 40000000;
1E45 : 340F80DC;
1E46 : 342F80C0;
1E47 : 344F80DD;
1E48 : 346F80D1;
1E49 : 40000000;
1E4A : 340F80F6;
1E4B : 344F80F7;
1E4C : 40000000;
1E4D : 340F80D6;
1E4E : 342F80C2;
1E4F : 344F80D7;
1E50 : 346F80C7;
1E51 : 40000000;
1E52 : 340F8046;
1E53 : 344F8047;
1E54 : 346F80DF;
1E55 : 40000000;
1E56 : 340F8102;
1E57 : 342F80C4;
1E58 : 344F8103;
1E59 : 346F80C9;
1E5A : 40000000;
1E5B : 340F80C6;
1E5C : 344F80C7;
1E5D : 346F80CF;
1E5E : 40000000;
1E5F : 340F80DA;
1E60 : 344F80DB;
1E61 : 346F80D3;
1E62 : 40000000;
1E63 : 340F8036;
1E64 : 344F8037;
1E65 : 346F80DD;
1E66 : 40000000;
1E67 : 340F8044;
1E68 : 344F8045;
1E69 : 346F80DF;
1E6A : 40000000;
1E6B : 340F80C8;
1E6C : 342F80C6;
1E6D : 344F80C9;
1E6E : 346F80C9;
1E6F : 40000000;
1E70 : 340F8106;
1E71 : 344F8107;
1E72 : 346F80CB;
1E73 : 40000000;
1E74 : 340F80D4;
1E75 : 344F80D5;
1E76 : 346F80CD;
1E77 : 40000000;
1E78 : 340F8048;
1E79 : 344F804B;
1E7A : 346F80D7;
1E7B : 40000000;
1E7C : 340F80B6;
1E7D : 344F80B7;
1E7E : 40000000;
1E7F : 340F807E;
1E80 : 342F80C8;
1E81 : 344F807F;
1E82 : 40000000;
1E83 : 340F8032;
1E84 : 342F80CA;
1E85 : 344F8033;
1E86 : 346F80CD;
1E87 : 40000000;
1E88 : 340F80D2;
1E89 : 344F80D3;
1E8A : 346F80D1;
1E8B : 40000000;
1E8C : 340F80D8;
1E8D : 344F80D9;
1E8E : 346F80D5;
1E8F : 40000000;
1E90 : 340F80B2;
1E91 : 342F80CC;
1E92 : 344F80B5;
1E93 : 346F80CD;
1E94 : 40000000;
1E95 : 340F8080;
1E96 : 344F8081;
1E97 : 346F80E9;
1E98 : 40000000;
1E99 : 340F80DE;
1E9A : 342F80CE;
1E9B : 344F80DF;
1E9C : 346F80CF;
1E9D : 40000000;
1E9E : 340F8042;
1E9F : 344F8043;
1EA0 : 346F80D1;
1EA1 : 40000000;
1EA2 : 340F80E4;
1EA3 : 344F80E5;
1EA4 : 346F80D3;
1EA5 : 40000000;
1EA6 : 340F804C;
1EA7 : 344F804D;
1EA8 : 346F80D5;
1EA9 : 40000000;
1EAA : 340F80D0;
1EAB : 344F80D1;
1EAC : 40000000;
1EAD : 340F8100;
1EAE : 344F8101;
1EAF : 40000000;
1EB0 : 340F80D6;
1EB1 : 344F80D7;
1EB2 : 346F80D7;
1EB3 : 40000000;
1EB4 : 340F80B4;
1EB5 : 344F80B5;
1EB6 : 346F80DD;
1EB7 : 40000000;
1EB8 : 340F80D4;
1EB9 : 342F80D0;
1EBA : 344F80D5;
1EBB : 346F80D9;
1EBC : 40000000;
1EBD : 340F80CE;
1EBE : 344F80CF;
1EBF : 346F80E3;
1EC0 : 40000000;
1EC1 : 340F8038;
1EC2 : 344F8039;
1EC3 : 346F80EB;
1EC4 : 40000000;
1EC5 : 340F80FE;
1EC6 : 342F80D2;
1EC7 : 344F80FF;
1EC8 : 346F80DD;
1EC9 : 40000000;
1ECA : 340F80CC;
1ECB : 344F80CD;
1ECC : 346F80E5;
1ECD : 40000000;
1ECE : 340F80FC;
1ECF : 342F80D4;
1ED0 : 344F80FD;
1ED1 : 346F80DB;
1ED2 : 40000000;
1ED3 : 340F8104;
1ED4 : 344F8105;
1ED5 : 40000000;
1ED6 : 340F80D2;
1ED7 : 344F80D3;
1ED8 : 346F80DD;
1ED9 : 40000000;
1EDA : 340F80B0;
1EDB : 342F80D6;
1EDC : 344F80B3;
1EDD : 346F80D7;
1EDE : 40000000;
1EDF : 340F80FA;
1EE0 : 344F80FB;
1EE1 : 346F80DF;
1EE2 : 40000000;
1EE3 : 340F80E4;
1EE4 : 344F80E7;
1EE5 : 346F80E1;
1EE6 : 40000000;
1EE7 : 340F80CA;
1EE8 : 344F80CB;
1EE9 : 346F80E5;
1EEA : 40000000;
1EEB : 340F80B2;
1EEC : 342F80D8;
1EED : 344F80B3;
1EEE : 346F80DF;
1EEF : 40000000;
1EF0 : 340F80D0;
1EF1 : 344F80D1;
1EF2 : 346F80E1;
1EF3 : 40000000;
1EF4 : 340F8082;
1EF5 : 344F8083;
1EF6 : 346F80E3;
1EF7 : 40000000;
1EF8 : 340F80C8;
1EF9 : 342F80DA;
1EFA : 344F80C9;
1EFB : 346F80E9;
1EFC : 40000000;
1EFD : 340F803A;
1EFE : 344F803B;
1EFF : 346F80EB;
1F00 : 40000000;
1F01 : 340F8048;
1F02 : 342F80DC;
1F03 : 344F804B;
1F04 : 346F80DD;
1F05 : 40000000;
1F06 : 340F80C6;
1F07 : 344F80C7;
1F08 : 346F80E5;
1F09 : 40000000;
1F0A : 340F8034;
1F0B : 344F8035;
1F0C : 346F80E7;
1F0D : 40000000;
1F0E : 340F80B8;
1F0F : 342F80DE;
1F10 : 344F80B9;
1F11 : 346F80DF;
1F12 : 40000000;
1F13 : 340F804A;
1F14 : 344F804B;
1F15 : 346F80E3;
1F16 : 40000000;
1F17 : 340F80AE;
1F18 : 344F80B1;
1F19 : 40000000;
1F1A : 340F80E2;
1F1B : 344F80E3;
1F1C : 40000000;
1F1D : 340F80C4;
1F1E : 344F80C5;
1F1F : 346F80E7;
1F20 : 40000000;
1F21 : 340F80F8;
1F22 : 344F80F9;
1F23 : 346F80EB;
1F24 : 40000000;
1F25 : 340F8032;
1F26 : 344F8033;
1F27 : 346F80EF;
1F28 : 40000000;
1F29 : 340F80EE;
1F2A : 342F80E0;
1F2B : 344F80F3;
1F2C : 346F80E1;
1F2D : 40000000;
1F2E : 340F80DE;
1F2F : 344F80E1;
1F30 : 346F80E5;
1F31 : 40000000;
1F32 : 340F8036;
1F33 : 344F8037;
1F34 : 346F80E9;
1F35 : 40000000;
1F36 : 340F8030;
1F37 : 344F8031;
1F38 : 346F80EF;
1F39 : 40000000;
1F3A : 340F80AC;
1F3B : 342F80E2;
1F3C : 344F80AD;
1F3D : 346F80E3;
1F3E : 40000000;
1F3F : 340F80E4;
1F40 : 344F80E5;
1F41 : 40000000;
1F42 : 340F80F2;
1F43 : 344F80F3;
1F44 : 40000000;
1F45 : 340F8102;
1F46 : 344F8103;
1F47 : 346F80EF;
1F48 : 40000000;
1F49 : 340F80AA;
1F4A : 342F80E4;
1F4B : 344F80AB;
1F4C : 346F80E5;
1F4D : 40000000;
1F4E : 340F8116;
1F4F : 344F8117;
1F50 : 40000000;
1F51 : 340F80DC;
1F52 : 344F80DD;
1F53 : 346F80E7;
1F54 : 40000000;
1F55 : 340F80AE;
1F56 : 344F80AF;
1F57 : 346F80EF;
1F58 : 40000000;
1F59 : 340F80F6;
1F5A : 342F80E6;
1F5B : 344F80F7;
1F5C : 346F80ED;
1F5D : 40000000;
1F5E : 340F802E;
1F5F : 344F802F;
1F60 : 346F80EF;
1F61 : 40000000;
1F62 : 340F80B8;
1F63 : 344F80B9;
1F64 : 40000000;
1F65 : 340F802C;
1F66 : 342F80E8;
1F67 : 344F802D;
1F68 : 346F80E9;
1F69 : 40000000;
1F6A : 340F80C6;
1F6B : 344F80C7;
1F6C : 346F80EB;
1F6D : 40000000;
1F6E : 340F80F2;
1F6F : 344F80F3;
1F70 : 40000000;
1F71 : 340F8082;
1F72 : 344F8083;
1F73 : 346F80EF;
1F74 : 40000000;
1F75 : 340F8034;
1F76 : 342F80EA;
1F77 : 344F8035;
1F78 : 40000000;
1F79 : 340F80A8;
1F7A : 344F80A9;
1F7B : 40000000;
1F7C : 340F80AC;
1F7D : 344F80AD;
1F7E : 40000000;
1F7F : 340F80C4;
1F80 : 344F80C5;
1F81 : 40000000;
1F82 : 340F80F4;
1F83 : 344F80F5;
1F84 : 40000000;
1F85 : 340F8104;
1F86 : 344F8105;
1F87 : 40000000;
1F88 : 340F80F0;
1F89 : 342F80EC;
1F8A : 344F80F1;
1F8B : 346F80ED;
1F8C : 40000000;
1F8D : 340F8036;
1F8E : 344F8037;
1F8F : 346F80EF;
1F90 : 40000000;
1F91 : 340F80C0;
1F92 : 344F80C1;
1F93 : 40000000;
1F94 : 340F8106;
1F95 : 344F8107;
1F96 : 40000000;
1F97 : 340F8038;
1F98 : 342F80EE;
1F99 : 344F8039;
1F9A : 40000000;
1F9B : 340F8086;
1F9C : 344F8087;
1F9D : 40000000;
1F9E : 340F80B0;
1F9F : 344F80B1;
1FA0 : 40000000;
1FA1 : 340F80B6;
1FA2 : 344F80B7;
1FA3 : 40000000;
1FA4 : 340F80C2;
1FA5 : 344F80C3;
1FA6 : 40000000;
1FA7 : 340F80E8;
1FA8 : 344F80E9;
1FA9 : 40000000;
1FAA : 340F810C;
1FAB : 344F810D;
1FAC : 40000000;
1FAD : 340F808C;
1FAE : 342F8024;
1FAF : 344F808D;
1FB0 : 346F8025;
1FB1 : 348F801B;
1FB2 : 40000000;
1FB3 : 340F80A0;
1FB4 : 344F80A1;
1FB5 : 346F802B;
1FB6 : 40000000;
1FB7 : 340F80A4;
1FB8 : 344F80AB;
1FB9 : 346F802D;
1FBA : 40000000;
1FBB : 340F8084;
1FBC : 342F8026;
1FBD : 344F8085;
1FBE : 346F8027;
1FBF : 40000000;
1FC0 : 340F8096;
1FC1 : 344F809F;
1FC2 : 346F802B;
1FC3 : 40000000;
1FC4 : 340F80A2;
1FC5 : 344F80A3;
1FC6 : 346F802D;
1FC7 : 40000000;
1FC8 : 340F80AC;
1FC9 : 344F80B3;
1FCA : 40000000;
1FCB : 340F807E;
1FCC : 342F8028;
1FCD : 344F807F;
1FCE : 346F8029;
1FCF : 40000000;
1FD0 : 340F80B4;
1FD1 : 344F80B7;
1FD2 : 346F802F;
1FD3 : 40000000;
1FD4 : 340F8094;
1FD5 : 342F802A;
1FD6 : 344F8095;
1FD7 : 346F802B;
1FD8 : 40000000;
1FD9 : 340F80B8;
1FDA : 344F80B9;
1FDB : 346F802F;
1FDC : 40000000;
1FDD : 340F8078;
1FDE : 342F802C;
1FDF : 344F8079;
1FE0 : 346F802D;
1FE1 : 40000000;
1FE2 : 340F80BA;
1FE3 : 344F80BB;
1FE4 : 346F8031;
1FE5 : 40000000;
1FE6 : 340F80A4;
1FE7 : 342F802E;
1FE8 : 344F80A9;
1FE9 : 346F802F;
1FEA : 40000000;
1FEB : 340F80AE;
1FEC : 344F80B3;
1FED : 40000000;
1FEE : 340F80BC;
1FEF : 344F80BD;
1FF0 : 346F8033;
1FF1 : 40000000;
1FF2 : 340F80B2;
1FF3 : 342F8030;
1FF4 : 344F80B5;
1FF5 : 346F8031;
1FF6 : 40000000;
1FF7 : 340F80BE;
1FF8 : 344F80BF;
1FF9 : 40000000;
1FFA : 340F80C2;
1FFB : 342F8034;
1FFC : 344F80C3;
1FFD : 346F8035;
1FFE : 40000000;
1FFF : 340F807E;
2000 : 342F8038;
2001 : 344F8081;
2002 : 346F8039;
2003 : 40000000;
2004 : 340F8078;
2005 : 342F803A;
2006 : 344F807D;
2007 : 346F803B;
2008 : 40000000;
2009 : 340F80BA;
200A : 344F80BB;
200B : 40000000;
200C : 340F8074;
200D : 342F803C;
200E : 344F8075;
200F : 346F803F;
2010 : 40000000;
2011 : 340F8072;
2012 : 342F803E;
2013 : 344F8073;
2014 : 346F8041;
2015 : 40000000;
2016 : 340F8070;
2017 : 342F8040;
2018 : 344F8071;
2019 : 346F8043;
201A : 40000000;
201B : 340F80C6;
201C : 344F80C7;
201D : 40000000;
201E : 340F80C8;
201F : 342F8044;
2020 : 344F80C9;
2021 : 346F8045;
2022 : 40000000;
2023 : 340F805C;
2024 : 342F8054;
2025 : 344F805D;
2026 : 346F8055;
2027 : 40000000;
2028 : 340F805E;
2029 : 342F8056;
202A : 344F8061;
202B : 346F8057;
202C : 40000000;
202D : 340F806A;
202E : 344F806D;
202F : 40000000;
2030 : 340F8060;
2031 : 342F8058;
2032 : 344F8065;
2033 : 346F8059;
2034 : 40000000;
2035 : 340F806A;
2036 : 344F806B;
2037 : 40000000;
2038 : 340F8064;
2039 : 342F805A;
203A : 344F8067;
203B : 346F805B;
203C : 40000000;
203D : 340F806C;
203E : 344F806D;
203F : 346F805F;
2040 : 40000000;
2041 : 340F8068;
2042 : 342F805C;
2043 : 344F8069;
2044 : 346F805D;
2045 : 40000000;
2046 : 340F8078;
2047 : 342F808E;
2048 : 344F8079;
2049 : 346F8091;
204A : 40000000;
204B : 340F8074;
204C : 342F8090;
204D : 344F8075;
204E : 40000000;
204F : 340F807C;
2050 : 344F807D;
2051 : 346F8093;
2052 : 40000000;
2053 : 340F8076;
2054 : 342F8092;
2055 : 344F8077;
2056 : 40000000;
2057 : 340F80D4;
2058 : 344F80D5;
2059 : 40000000;
205A : 340F8094;
205B : 342F8096;
205C : 344F8095;
205D : 346F8097;
205E : 40000000;
205F : 340F80E2;
2060 : 344F80E3;
2061 : 40000000;
2062 : 340F8096;
2063 : 342F8098;
2064 : 344F8097;
2065 : 346F8099;
2066 : 40000000;
2067 : 340F80E8;
2068 : 344F80E9;
2069 : 40000000;
206A : 340F8068;
206B : 342F809A;
206C : 344F8069;
206D : 346F809B;
206E : 40000000;
206F : 340F807C;
2070 : 344F807D;
2071 : 40000000;
2072 : 340F80C2;
2073 : 344F80C3;
2074 : 40000000;
2075 : 340F805A;
2076 : 342F809C;
2077 : 344F805B;
2078 : 346F809D;
2079 : 40000000;
207A : 340F807A;
207B : 344F807B;
207C : 40000000;
207D : 340F8054;
207E : 342F809E;
207F : 344F8055;
2080 : 346F809F;
2081 : 40000000;
2082 : 340F804E;
2083 : 342F80A0;
2084 : 344F804F;
2085 : 346F80A1;
2086 : 40000000;
2087 : 340F80DA;
2088 : 344F80DD;
2089 : 40000000;
208A : 340F805A;
208B : 342F80A2;
208C : 344F805B;
208D : 346F80A3;
208E : 40000000;
208F : 340F80DA;
2090 : 344F80DB;
2091 : 40000000;
2092 : 340F8106;
2093 : 344F8107;
2094 : 40000000;
2095 : 340F8048;
2096 : 342F80A4;
2097 : 344F8049;
2098 : 346F80A5;
2099 : 40000000;
209A : 340F806A;
209B : 344F806B;
209C : 40000000;
209D : 340F803C;
209E : 342F80A6;
209F : 344F803D;
20A0 : 346F80A7;
20A1 : 40000000;
20A2 : 340F8034;
20A3 : 342F80AC;
20A4 : 344F8035;
20A5 : 346F80AD;
20A6 : 40000000;
20A7 : 340F8030;
20A8 : 342F80AE;
20A9 : 344F8031;
20AA : 346F80AF;
20AB : 40000000;
20AC : 340F8062;
20AD : 344F8063;
20AE : 40000000;
20AF : 340F8032;
20B0 : 342F80B0;
20B1 : 344F8033;
20B2 : 346F80B5;
20B3 : 40000000;
20B4 : 340F802E;
20B5 : 342F80B4;
20B6 : 344F802F;
20B7 : 40000000;
20B8 : 340F80D4;
20B9 : 342F80B8;
20BA : 344F80D5;
20BB : 346F80B9;
20BC : 40000000;
20BD : 340F805A;
20BE : 344F805B;
20BF : 346F80BB;
20C0 : 40000000;
20C1 : 340F802C;
20C2 : 342F80BA;
20C3 : 344F802D;
20C4 : 40000000;
20C5 : 340F8032;
20C6 : 344F8033;
20C7 : 40000000;
20C8 : 340F80DA;
20C9 : 344F80DB;
20CA : 40000000;
20CB : 340F8028;
20CC : 342F80C8;
20CD : 344F8029;
20CE : 346F80CB;
20CF : 40000000;
20D0 : 340F8102;
20D1 : 342F80CA;
20D2 : 344F8103;
20D3 : 40000000;
20D4 : 340F802E;
20D5 : 342F80E4;
20D6 : 344F802F;
20D7 : 346F80E5;
20D8 : 40000000;
20D9 : 340F80AC;
20DA : 342F80E8;
20DB : 344F80AD;
20DC : 346F80E9;
20DD : 40000000;
20DE : 340F80F8;
20DF : 342F80EC;
20E0 : 344F80F9;
20E1 : 346F80ED;
20E2 : 40000000;
20E3 : 340F8100;
20E4 : 342F80EE;
20E5 : 344F8101;
20E6 : 346F80EF;
20E7 : 40000000;
20E8 : 340F808E;
20E9 : 342F8024;
20EA : 344F808F;
20EB : 346F8025;
20EC : 348F801C;
20ED : 40000000;
20EE : 340F809E;
20EF : 344F809F;
20F0 : 40000000;
20F1 : 340F80A2;
20F2 : 344F80A3;
20F3 : 40000000;
20F4 : 340F80BE;
20F5 : 342F802C;
20F6 : 344F80BF;
20F7 : 346F802D;
20F8 : 40000000;
20F9 : 340F80B6;
20FA : 342F8030;
20FB : 344F80B7;
20FC : 346F8031;
20FD : 40000000;
20FE : 340F8076;
20FF : 342F803C;
2100 : 344F8077;
2101 : 346F803D;
2102 : 40000000;
2103 : 340F80BE;
2104 : 344F80C1;
2105 : 40000000;
2106 : 340F80C2;
2107 : 342F803E;
2108 : 344F80C3;
2109 : 346F803F;
210A : 40000000;
210B : 340F80C4;
210C : 342F8040;
210D : 344F80C5;
210E : 346F8041;
210F : 40000000;
2110 : 340F805A;
2111 : 342F8052;
2112 : 344F805B;
2113 : 346F8053;
2114 : 40000000;
2115 : 340F805E;
2116 : 342F8054;
2117 : 344F805F;
2118 : 346F8055;
2119 : 40000000;
211A : 340F8062;
211B : 342F8056;
211C : 344F8065;
211D : 346F8057;
211E : 40000000;
211F : 340F8066;
2120 : 342F8058;
2121 : 344F8067;
2122 : 346F8059;
2123 : 40000000;
2124 : 340F806C;
2125 : 344F806D;
2126 : 40000000;
2127 : 340F806E;
2128 : 342F8060;
2129 : 344F806F;
212A : 346F8061;
212B : 40000000;
212C : 340F80C0;
212D : 342F8096;
212E : 344F80C1;
212F : 346F8097;
2130 : 348F801D;
2131 : 40000000;
2132 : 340F80C4;
2133 : 342F809C;
2134 : 344F80C5;
2135 : 346F809D;
2136 : 40000000;
2137 : 340F80C6;
2138 : 342F809E;
2139 : 344F80C7;
213A : 346F80A1;
213B : 40000000;
213C : 340F8068;
213D : 344F8069;
213E : 346F80A3;
213F : 40000000;
2140 : 340F80BE;
2141 : 344F80C1;
2142 : 40000000;
2143 : 340F80F8;
2144 : 342F80A0;
2145 : 344F80F9;
2146 : 346F80A1;
2147 : 40000000;
2148 : 340F80C8;
2149 : 344F80C9;
214A : 346F80A3;
214B : 40000000;
214C : 340F80C2;
214D : 342F80A2;
214E : 344F80C5;
214F : 40000000;
2150 : 340F80FE;
2151 : 344F8101;
2152 : 40000000;
2153 : 340F80C0;
2154 : 342F80A4;
2155 : 344F80C3;
2156 : 346F80A5;
2157 : 40000000;
2158 : 340F80D2;
2159 : 344F80D3;
215A : 40000000;
215B : 340F80D8;
215C : 344F80D9;
215D : 40000000;
215E : 340F8104;
215F : 344F8105;
2160 : 40000000;
2161 : 340F810C;
2162 : 344F810D;
2163 : 40000000;
2164 : 340F80CE;
2165 : 344F80CF;
2166 : 346F80A7;
2167 : 40000000;
2168 : 340F80CA;
2169 : 342F80A6;
216A : 344F80CD;
216B : 40000000;
216C : 340F810E;
216D : 344F810F;
216E : 40000000;
216F : 340F8106;
2170 : 344F8107;
2171 : 346F80A9;
2172 : 40000000;
2173 : 340F80BE;
2174 : 344F80BF;
2175 : 346F80AB;
2176 : 40000000;
2177 : 340F80CC;
2178 : 342F80A8;
2179 : 344F80CD;
217A : 346F80A9;
217B : 40000000;
217C : 340F8100;
217D : 344F8105;
217E : 346F80AB;
217F : 40000000;
2180 : 340F80FA;
2181 : 344F80FD;
2182 : 346F80AD;
2183 : 40000000;
2184 : 340F80F4;
2185 : 344F80F5;
2186 : 346F80B7;
2187 : 40000000;
2188 : 340F80CE;
2189 : 342F80AA;
218A : 344F80D1;
218B : 346F80AB;
218C : 40000000;
218D : 340F80FE;
218E : 344F80FF;
218F : 40000000;
2190 : 340F80F6;
2191 : 344F80F9;
2192 : 346F80AD;
2193 : 40000000;
2194 : 340F80F2;
2195 : 344F80F3;
2196 : 346F80B5;
2197 : 40000000;
2198 : 340F80BC;
2199 : 342F80AC;
219A : 344F80BD;
219B : 346F80AD;
219C : 40000000;
219D : 340F80EE;
219E : 344F80F1;
219F : 346F80AF;
21A0 : 40000000;
21A1 : 340F8110;
21A2 : 344F8111;
21A3 : 40000000;
21A4 : 340F80C4;
21A5 : 344F80CD;
21A6 : 346F80B1;
21A7 : 40000000;
21A8 : 340F807C;
21A9 : 342F80AE;
21AA : 344F807D;
21AB : 346F80AF;
21AC : 40000000;
21AD : 340F80EA;
21AE : 344F80ED;
21AF : 40000000;
21B0 : 340F80F6;
21B1 : 344F80F7;
21B2 : 40000000;
21B3 : 340F80FA;
21B4 : 344F80FB;
21B5 : 40000000;
21B6 : 340F80EA;
21B7 : 342F80B0;
21B8 : 344F80EB;
21B9 : 346F80B1;
21BA : 40000000;
21BB : 340F8106;
21BC : 344F8107;
21BD : 346F80B3;
21BE : 40000000;
21BF : 340F805A;
21C0 : 342F80B2;
21C1 : 344F805B;
21C2 : 40000000;
21C3 : 340F80C6;
21C4 : 344F80C7;
21C5 : 40000000;
21C6 : 340F80CA;
21C7 : 344F80CD;
21C8 : 346F80B5;
21C9 : 40000000;
21CA : 340F80E6;
21CB : 344F80E7;
21CC : 40000000;
21CD : 340F8112;
21CE : 344F8113;
21CF : 346F80B7;
21D0 : 40000000;
21D1 : 340F80CE;
21D2 : 342F80B4;
21D3 : 344F80CF;
21D4 : 346F80B5;
21D5 : 40000000;
21D6 : 340F8062;
21D7 : 344F8063;
21D8 : 346F80B7;
21D9 : 40000000;
21DA : 340F80E4;
21DB : 344F80E5;
21DC : 40000000;
21DD : 340F8050;
21DE : 344F8051;
21DF : 346F80DF;
21E0 : 40000000;
21E1 : 340F80E2;
21E2 : 342F80B6;
21E3 : 344F80E3;
21E4 : 346F80B7;
21E5 : 40000000;
21E6 : 340F8108;
21E7 : 344F8109;
21E8 : 40000000;
21E9 : 340F804C;
21EA : 344F804F;
21EB : 346F80BB;
21EC : 40000000;
21ED : 340F80CC;
21EE : 344F80CD;
21EF : 40000000;
21F0 : 340F807C;
21F1 : 344F807D;
21F2 : 346F80BD;
21F3 : 40000000;
21F4 : 340F80D0;
21F5 : 342F80B8;
21F6 : 344F80D1;
21F7 : 346F80B9;
21F8 : 40000000;
21F9 : 340F80F6;
21FA : 344F80F7;
21FB : 40000000;
21FC : 340F804A;
21FD : 344F804B;
21FE : 346F80BD;
21FF : 40000000;
2200 : 340F8114;
2201 : 342F80BA;
2202 : 344F8115;
2203 : 40000000;
2204 : 340F8048;
2205 : 342F80BC;
2206 : 344F8049;
2207 : 40000000;
2208 : 340F804C;
2209 : 344F804D;
220A : 40000000;
220B : 340F80E0;
220C : 344F80E1;
220D : 40000000;
220E : 340F8052;
220F : 344F8053;
2210 : 346F80BF;
2211 : 40000000;
2212 : 340F805C;
2213 : 344F8061;
2214 : 346F80C1;
2215 : 40000000;
2216 : 340F80CA;
2217 : 344F80CB;
2218 : 346F80C5;
2219 : 40000000;
221A : 340F80DC;
221B : 342F80BE;
221C : 344F80DD;
221D : 346F80BF;
221E : 40000000;
221F : 340F80F6;
2220 : 344F80F7;
2221 : 40000000;
2222 : 340F8044;
2223 : 344F8047;
2224 : 346F80C1;
2225 : 40000000;
2226 : 340F804E;
2227 : 344F804F;
2228 : 346F80E3;
2229 : 40000000;
222A : 340F80DA;
222B : 342F80C0;
222C : 344F80DB;
222D : 346F80C3;
222E : 40000000;
222F : 340F8036;
2230 : 342F80C2;
2231 : 344F8037;
2232 : 40000000;
2233 : 340F8044;
2234 : 344F8045;
2235 : 40000000;
2236 : 340F805E;
2237 : 344F8061;
2238 : 346F80C5;
2239 : 40000000;
223A : 340F80B6;
223B : 344F80B7;
223C : 40000000;
223D : 340F807E;
223E : 344F807F;
223F : 346F80C7;
2240 : 40000000;
2241 : 340F8032;
2242 : 344F8033;
2243 : 346F80C9;
2244 : 40000000;
2245 : 340F8062;
2246 : 342F80C4;
2247 : 344F8063;
2248 : 346F80C5;
2249 : 40000000;
224A : 340F80C8;
224B : 344F80C9;
224C : 40000000;
224D : 340F8042;
224E : 344F8043;
224F : 346F80C9;
2250 : 40000000;
2251 : 340F80D8;
2252 : 344F80D9;
2253 : 40000000;
2254 : 340F807C;
2255 : 342F80C6;
2256 : 344F807D;
2257 : 346F80C7;
2258 : 40000000;
2259 : 340F804C;
225A : 344F804D;
225B : 346F80CD;
225C : 40000000;
225D : 340F8060;
225E : 342F80C8;
225F : 344F8061;
2260 : 40000000;
2261 : 340F80D6;
2262 : 344F80D7;
2263 : 40000000;
2264 : 340F80C8;
2265 : 342F80CA;
2266 : 344F80C9;
2267 : 346F80CF;
2268 : 40000000;
2269 : 340F8042;
226A : 342F80CC;
226B : 344F8043;
226C : 346F80CD;
226D : 40000000;
226E : 340F80D0;
226F : 344F80D1;
2270 : 40000000;
2271 : 340F8062;
2272 : 342F80CE;
2273 : 344F8063;
2274 : 346F80CF;
2275 : 40000000;
2276 : 340F80CE;
2277 : 344F80CF;
2278 : 40000000;
2279 : 340F80D4;
227A : 344F80D5;
227B : 40000000;
227C : 340F80CC;
227D : 342F80D0;
227E : 344F80CD;
227F : 346F80D1;
2280 : 40000000;
2281 : 340F80C6;
2282 : 344F80C7;
2283 : 346F80DB;
2284 : 40000000;
2285 : 340F80D2;
2286 : 342F80D2;
2287 : 344F80D3;
2288 : 346F80D3;
2289 : 40000000;
228A : 340F8104;
228B : 344F8105;
228C : 40000000;
228D : 340F80CA;
228E : 344F80CB;
228F : 346F80D5;
2290 : 40000000;
2291 : 340F8042;
2292 : 344F8043;
2293 : 346F80D7;
2294 : 40000000;
2295 : 340F80B2;
2296 : 342F80D4;
2297 : 344F80B3;
2298 : 346F80D5;
2299 : 40000000;
229A : 340F8066;
229B : 344F8067;
229C : 346F80D9;
229D : 40000000;
229E : 340F80D0;
229F : 342F80D6;
22A0 : 344F80D1;
22A1 : 346F80D7;
22A2 : 40000000;
22A3 : 340F8068;
22A4 : 344F8069;
22A5 : 346F80D9;
22A6 : 40000000;
22A7 : 340F80C4;
22A8 : 344F80C5;
22A9 : 346F80DD;
22AA : 40000000;
22AB : 340F804C;
22AC : 344F804D;
22AD : 346F80ED;
22AE : 40000000;
22AF : 340F80C8;
22B0 : 342F80D8;
22B1 : 344F80C9;
22B2 : 346F80D9;
22B3 : 40000000;
22B4 : 340F8048;
22B5 : 344F804B;
22B6 : 346F80DB;
22B7 : 40000000;
22B8 : 340F807E;
22B9 : 344F807F;
22BA : 40000000;
22BB : 340F8034;
22BC : 342F80DA;
22BD : 344F8035;
22BE : 40000000;
22BF : 340F806A;
22C0 : 344F806B;
22C1 : 346F80DF;
22C2 : 40000000;
22C3 : 340F8032;
22C4 : 342F80DC;
22C5 : 344F8033;
22C6 : 346F80DD;
22C7 : 40000000;
22C8 : 340F80B0;
22C9 : 344F80B1;
22CA : 40000000;
22CB : 340F806C;
22CC : 344F806D;
22CD : 346F80E5;
22CE : 40000000;
22CF : 340F80FC;
22D0 : 344F80FD;
22D1 : 40000000;
22D2 : 340F805E;
22D3 : 344F805F;
22D4 : 346F80EF;
22D5 : 40000000;
22D6 : 340F8030;
22D7 : 342F80DE;
22D8 : 344F8031;
22D9 : 346F80DF;
22DA : 40000000;
22DB : 340F8036;
22DC : 344F8037;
22DD : 40000000;
22DE : 340F807E;
22DF : 344F807F;
22E0 : 346F80E1;
22E1 : 40000000;
22E2 : 340F8048;
22E3 : 344F8049;
22E4 : 346F80E5;
22E5 : 40000000;
22E6 : 340F8060;
22E7 : 344F8061;
22E8 : 346F80E7;
22E9 : 40000000;
22EA : 340F8102;
22EB : 342F80E0;
22EC : 344F8103;
22ED : 346F80E1;
22EE : 40000000;
22EF : 340F8046;
22F0 : 344F8047;
22F1 : 346F80E3;
22F2 : 40000000;
22F3 : 340F8062;
22F4 : 344F8063;
22F5 : 346F80E5;
22F6 : 40000000;
22F7 : 340F805A;
22F8 : 344F805D;
22F9 : 346F80EF;
22FA : 40000000;
22FB : 340F80FA;
22FC : 344F80FB;
22FD : 40000000;
22FE : 340F8072;
22FF : 342F80E4;
2300 : 344F8073;
2301 : 346F80E5;
2302 : 40000000;
2303 : 340F806E;
2304 : 344F806F;
2305 : 346F80E9;
2306 : 40000000;
2307 : 340F804A;
2308 : 344F804B;
2309 : 346F80ED;
230A : 40000000;
230B : 340F8058;
230C : 344F8059;
230D : 346F80EF;
230E : 40000000;
230F : 340F8070;
2310 : 342F80E6;
2311 : 344F8071;
2312 : 346F80ED;
2313 : 40000000;
2314 : 340F8034;
2315 : 342F80E8;
2316 : 344F8035;
2317 : 346F80E9;
2318 : 40000000;
2319 : 340F8046;
231A : 344F8049;
231B : 346F80EB;
231C : 40000000;
231D : 340F8064;
231E : 344F8065;
231F : 40000000;
2320 : 340F804E;
2321 : 344F804F;
2322 : 346F80EF;
2323 : 40000000;
2324 : 340F8056;
2325 : 344F8057;
2326 : 40000000;
2327 : 340F8036;
2328 : 342F80EA;
2329 : 344F8037;
232A : 346F80EB;
232B : 40000000;
232C : 340F8080;
232D : 344F8081;
232E : 346F80ED;
232F : 40000000;
2330 : 340F802C;
2331 : 344F802D;
2332 : 346F80EF;
2333 : 40000000;
2334 : 340F8066;
2335 : 344F8067;
2336 : 40000000;
2337 : 340F8038;
2338 : 342F80EC;
2339 : 344F8039;
233A : 346F80ED;
233B : 40000000;
233C : 340F8050;
233D : 344F8051;
233E : 346F80EF;
233F : 40000000;
2340 : 340F8054;
2341 : 344F8055;
2342 : 40000000;
2343 : 340F8060;
2344 : 344F8063;
2345 : 40000000;
2346 : 340F8068;
2347 : 344F8069;
2348 : 40000000;
2349 : 340F8072;
234A : 344F8073;
234B : 40000000;
234C : 340F80F6;
234D : 342F80EE;
234E : 344F80F7;
234F : 40000000;
2350 : 340F809C;
2351 : 342F8024;
2352 : 344F809D;
2353 : 346F8025;
2354 : 348F801E;
2355 : 40000000;
2356 : 340F8094;
2357 : 342F8026;
2358 : 344F8095;
2359 : 346F8027;
235A : 40000000;
235B : 340F8082;
235C : 342F802A;
235D : 344F8083;
235E : 346F802B;
235F : 40000000;
2360 : 340F8090;
2361 : 344F8093;
2362 : 40000000;
2363 : 340F809C;
2364 : 342F802C;
2365 : 344F80A1;
2366 : 346F802D;
2367 : 40000000;
2368 : 340F80B8;
2369 : 342F8030;
236A : 344F80B9;
236B : 346F8031;
236C : 40000000;
236D : 340F80C0;
236E : 344F80C1;
236F : 40000000;
2370 : 342F8088;
2371 : 346F8095;
2372 : 40000000;
2373 : 340F807C;
2374 : 342F808A;
2375 : 344F807D;
2376 : 346F808F;
2377 : 40000000;
2378 : 340F80C2;
2379 : 344F80C3;
237A : 346F8099;
237B : 40000000;
237C : 340F80C4;
237D : 342F808C;
237E : 344F80C5;
237F : 346F809B;
2380 : 40000000;
2381 : 340F807A;
2382 : 342F808E;
2383 : 344F807B;
2384 : 346F808F;
2385 : 40000000;
2386 : 340F80C6;
2387 : 344F80C9;
2388 : 346F809D;
2389 : 40000000;
238A : 340F8076;
238B : 342F8090;
238C : 344F8077;
238D : 346F8091;
238E : 40000000;
238F : 340F80CA;
2390 : 344F80CD;
2391 : 346F809F;
2392 : 40000000;
2393 : 340F80CE;
2394 : 342F8092;
2395 : 344F80D3;
2396 : 346F80A1;
2397 : 40000000;
2398 : 340F8072;
2399 : 344F8075;
239A : 346F80E3;
239B : 40000000;
239C : 340F8078;
239D : 344F8079;
239E : 346F80EF;
239F : 40000000;
23A0 : 340F80D4;
23A1 : 342F8094;
23A2 : 344F80DB;
23A3 : 346F809F;
23A4 : 40000000;
23A5 : 340F806E;
23A6 : 344F8071;
23A7 : 346F80E3;
23A8 : 40000000;
23A9 : 340F8076;
23AA : 344F8077;
23AB : 346F80EF;
23AC : 40000000;
23AD : 340F80DC;
23AE : 342F8096;
23AF : 344F80E1;
23B0 : 346F809F;
23B1 : 40000000;
23B2 : 340F806A;
23B3 : 344F806D;
23B4 : 346F80A3;
23B5 : 40000000;
23B6 : 340F8066;
23B7 : 342F8098;
23B8 : 344F8069;
23B9 : 346F8099;
23BA : 40000000;
23BB : 340F807A;
23BC : 344F807B;
23BD : 346F809B;
23BE : 40000000;
23BF : 340F80BE;
23C0 : 344F80BF;
23C1 : 346F809D;
23C2 : 40000000;
23C3 : 340F80E2;
23C4 : 344F80E7;
23C5 : 346F80B1;
23C6 : 40000000;
23C7 : 340F8060;
23C8 : 342F809A;
23C9 : 344F8065;
23CA : 346F809B;
23CB : 40000000;
23CC : 340F80C0;
23CD : 344F80C1;
23CE : 346F809D;
23CF : 40000000;
23D0 : 340F80E8;
23D1 : 344F80ED;
23D2 : 346F80AD;
23D3 : 40000000;
23D4 : 340F805C;
23D5 : 342F809C;
23D6 : 344F8061;
23D7 : 346F809D;
23D8 : 40000000;
23D9 : 340F80C2;
23DA : 344F80C3;
23DB : 346F809F;
23DC : 40000000;
23DD : 340F80EE;
23DE : 344F80F5;
23DF : 346F80A7;
23E0 : 40000000;
23E1 : 340F8056;
23E2 : 342F809E;
23E3 : 344F805D;
23E4 : 346F809F;
23E5 : 40000000;
23E6 : 340F80C4;
23E7 : 344F80C5;
23E8 : 40000000;
23E9 : 340F80F6;
23EA : 344F80FB;
23EB : 40000000;
23EC : 340F8050;
23ED : 342F80A0;
23EE : 344F805B;
23EF : 346F80A1;
23F0 : 40000000;
23F1 : 340F80D4;
23F2 : 344F80D9;
23F3 : 40000000;
23F4 : 340F80FA;
23F5 : 344F8101;
23F6 : 40000000;
23F7 : 340F80F6;
23F8 : 344F80F7;
23F9 : 346F80A9;
23FA : 40000000;
23FB : 340F80BC;
23FC : 344F80BD;
23FD : 346F80AB;
23FE : 40000000;
23FF : 340F80DE;
2400 : 344F80E1;
2401 : 346F80B1;
2402 : 40000000;
2403 : 340F8048;
2404 : 342F80A2;
2405 : 344F8059;
2406 : 346F80A3;
2407 : 40000000;
2408 : 340F80CA;
2409 : 344F80CB;
240A : 40000000;
240B : 340F80D0;
240C : 344F80D7;
240D : 40000000;
240E : 340F8102;
240F : 344F8105;
2410 : 40000000;
2411 : 340F80F8;
2412 : 344F80FD;
2413 : 346F80A7;
2414 : 40000000;
2415 : 340F80DC;
2416 : 344F80DD;
2417 : 346F80B5;
2418 : 40000000;
2419 : 340F807A;
241A : 344F807B;
241B : 346F80EF;
241C : 40000000;
241D : 340F80BE;
241E : 342F80A4;
241F : 344F80BF;
2420 : 346F80A5;
2421 : 40000000;
2422 : 340F80CC;
2423 : 344F80CD;
2424 : 40000000;
2425 : 340F8106;
2426 : 344F810B;
2427 : 40000000;
2428 : 340F80FE;
2429 : 344F8103;
242A : 346F80A7;
242B : 40000000;
242C : 340F804A;
242D : 344F805D;
242E : 346F80AF;
242F : 40000000;
2430 : 340F80DA;
2431 : 344F80DB;
2432 : 346F80B9;
2433 : 40000000;
2434 : 340F8042;
2435 : 344F8047;
2436 : 346F80BD;
2437 : 40000000;
2438 : 340F806C;
2439 : 344F806D;
243A : 346F80DB;
243B : 40000000;
243C : 340F8104;
243D : 342F80A6;
243E : 344F8105;
243F : 346F80A7;
2440 : 40000000;
2441 : 340F805E;
2442 : 344F8061;
2443 : 346F80AB;
2444 : 40000000;
2445 : 340F8108;
2446 : 344F810B;
2447 : 40000000;
2448 : 340F80D4;
2449 : 344F80D9;
244A : 346F80B7;
244B : 40000000;
244C : 340F8048;
244D : 344F8049;
244E : 346F80BB;
244F : 40000000;
2450 : 340F803E;
2451 : 344F8041;
2452 : 346F80D7;
2453 : 40000000;
2454 : 340F806A;
2455 : 344F806B;
2456 : 346F80D9;
2457 : 40000000;
2458 : 340F80EE;
2459 : 342F80A8;
245A : 344F80F3;
245B : 346F80A9;
245C : 40000000;
245D : 340F80F8;
245E : 344F80F9;
245F : 40000000;
2460 : 340F80FE;
2461 : 344F80FF;
2462 : 40000000;
2463 : 340F8062;
2464 : 344F8069;
2465 : 346F80AB;
2466 : 40000000;
2467 : 340F80D2;
2468 : 344F80D3;
2469 : 346F80B7;
246A : 40000000;
246B : 340F8038;
246C : 344F803D;
246D : 346F80CF;
246E : 40000000;
246F : 340F8032;
2470 : 342F80AA;
2471 : 344F8037;
2472 : 346F80AB;
2473 : 40000000;
2474 : 340F80EE;
2475 : 344F80F1;
2476 : 40000000;
2477 : 340F80BA;
2478 : 344F80BB;
2479 : 346F80B3;
247A : 40000000;
247B : 340F805E;
247C : 342F80AC;
247D : 344F805F;
247E : 346F80AD;
247F : 40000000;
2480 : 340F8032;
2481 : 344F8033;
2482 : 346F80AF;
2483 : 40000000;
2484 : 340F80CE;
2485 : 344F80D1;
2486 : 346F80B3;
2487 : 40000000;
2488 : 340F8108;
2489 : 344F8109;
248A : 346F80B5;
248B : 40000000;
248C : 340F8036;
248D : 344F8037;
248E : 346F80C1;
248F : 40000000;
2490 : 340F8064;
2491 : 344F8069;
2492 : 346F80D3;
2493 : 40000000;
2494 : 340F80E8;
2495 : 342F80AE;
2496 : 344F80E9;
2497 : 346F80B1;
2498 : 40000000;
2499 : 340F8034;
249A : 344F8035;
249B : 346F80B7;
249C : 40000000;
249D : 340F804A;
249E : 342F80B0;
249F : 344F805B;
24A0 : 346F80B1;
24A1 : 40000000;
24A2 : 340F8062;
24A3 : 344F8063;
24A4 : 346F80B3;
24A5 : 40000000;
24A6 : 340F807C;
24A7 : 344F807D;
24A8 : 346F80B5;
24A9 : 40000000;
24AA : 340F80B8;
24AB : 344F80B9;
24AC : 346F80BB;
24AD : 40000000;
24AE : 340F8030;
24AF : 344F8031;
24B0 : 346F80DD;
24B1 : 40000000;
24B2 : 340F804A;
24B3 : 342F80B2;
24B4 : 344F8059;
24B5 : 346F80B3;
24B6 : 40000000;
24B7 : 340F80C8;
24B8 : 344F80C9;
24B9 : 40000000;
24BA : 340F80E0;
24BB : 344F80E5;
24BC : 40000000;
24BD : 340F804A;
24BE : 342F80B4;
24BF : 344F804F;
24C0 : 346F80B5;
24C1 : 40000000;
24C2 : 340F80D0;
24C3 : 344F80D1;
24C4 : 40000000;
24C5 : 340F80E0;
24C6 : 344F80E3;
24C7 : 40000000;
24C8 : 340F8052;
24C9 : 344F8059;
24CA : 346F80BB;
24CB : 40000000;
24CC : 340F8106;
24CD : 344F8107;
24CE : 346F80C5;
24CF : 40000000;
24D0 : 340F804A;
24D1 : 342F80B6;
24D2 : 344F804B;
24D3 : 346F80B7;
24D4 : 40000000;
24D5 : 340F8032;
24D6 : 344F8033;
24D7 : 346F80B9;
24D8 : 40000000;
24D9 : 340F80DE;
24DA : 344F80E1;
24DB : 346F80BB;
24DC : 40000000;
24DD : 340F802E;
24DE : 344F802F;
24DF : 346F80E3;
24E0 : 40000000;
24E1 : 340F80D6;
24E2 : 342F80B8;
24E3 : 344F80D9;
24E4 : 346F80BD;
24E5 : 40000000;
24E6 : 340F8062;
24E7 : 344F8063;
24E8 : 346F80C3;
24E9 : 40000000;
24EA : 340F80CE;
24EB : 344F80CF;
24EC : 346F80CD;
24ED : 40000000;
24EE : 340F80DC;
24EF : 342F80BA;
24F0 : 344F80DD;
24F1 : 346F80BD;
24F2 : 40000000;
24F3 : 340F80B6;
24F4 : 344F80B7;
24F5 : 346F80C1;
24F6 : 40000000;
24F7 : 340F80D0;
24F8 : 344F80D5;
24F9 : 346F80C5;
24FA : 40000000;
24FB : 340F80DE;
24FC : 342F80BC;
24FD : 344F80DF;
24FE : 346F80BD;
24FF : 40000000;
2500 : 340F8032;
2501 : 344F8033;
2502 : 346F80C1;
2503 : 40000000;
2504 : 340F80CC;
2505 : 344F80CD;
2506 : 346F80CF;
2507 : 40000000;
2508 : 340F8054;
2509 : 344F805B;
250A : 346F80DF;
250B : 40000000;
250C : 340F802C;
250D : 344F802D;
250E : 346F80E7;
250F : 40000000;
2510 : 340F80D6;
2511 : 342F80BE;
2512 : 344F80D7;
2513 : 346F80C1;
2514 : 40000000;
2515 : 340F8042;
2516 : 344F8043;
2517 : 346F80C3;
2518 : 40000000;
2519 : 340F8104;
251A : 342F80C0;
251B : 344F8105;
251C : 346F80D1;
251D : 40000000;
251E : 340F8052;
251F : 344F8053;
2520 : 346F80EF;
2521 : 40000000;
2522 : 340F805C;
2523 : 342F80C2;
2524 : 344F805D;
2525 : 346F80DF;
2526 : 40000000;
2527 : 340F802A;
2528 : 344F802B;
2529 : 346F80EF;
252A : 40000000;
252B : 340F80B4;
252C : 342F80C4;
252D : 344F80B5;
252E : 346F80CB;
252F : 40000000;
2530 : 340F805E;
2531 : 342F80C6;
2532 : 344F8063;
2533 : 346F80C7;
2534 : 40000000;
2535 : 340F80D0;
2536 : 344F80D3;
2537 : 346F80C9;
2538 : 40000000;
2539 : 340F80CA;
253A : 344F80CB;
253B : 346F80D1;
253C : 40000000;
253D : 340F8062;
253E : 342F80C8;
253F : 344F8063;
2540 : 346F80CD;
2541 : 40000000;
2542 : 340F805E;
2543 : 344F805F;
2544 : 346F80DB;
2545 : 40000000;
2546 : 340F807C;
2547 : 344F807D;
2548 : 346F80EF;
2549 : 40000000;
254A : 340F8042;
254B : 342F80CA;
254C : 344F8043;
254D : 346F80CB;
254E : 40000000;
254F : 340F80D0;
2550 : 344F80D1;
2551 : 40000000;
2552 : 340F8102;
2553 : 342F80CC;
2554 : 344F8103;
2555 : 346F80D5;
2556 : 40000000;
2557 : 340F8028;
2558 : 344F8029;
2559 : 346F80EF;
255A : 40000000;
255B : 340F80B2;
255C : 342F80CE;
255D : 344F80B3;
255E : 346F80D3;
255F : 40000000;
2560 : 340F8032;
2561 : 344F8033;
2562 : 346F80DB;
2563 : 40000000;
2564 : 340F8060;
2565 : 344F8061;
2566 : 346F80DD;
2567 : 40000000;
2568 : 340F803A;
2569 : 342F80D0;
256A : 344F803D;
256B : 346F80D7;
256C : 40000000;
256D : 340F80C8;
256E : 344F80C9;
256F : 40000000;
2570 : 340F8062;
2571 : 344F8063;
2572 : 346F80DF;
2573 : 40000000;
2574 : 340F8068;
2575 : 342F80D4;
2576 : 344F8069;
2577 : 346F80D5;
2578 : 40000000;
2579 : 340F8064;
257A : 344F8065;
257B : 346F80E7;
257C : 40000000;
257D : 340F8100;
257E : 342F80D6;
257F : 344F8101;
2580 : 346F80DD;
2581 : 40000000;
2582 : 340F803A;
2583 : 342F80D8;
2584 : 344F803B;
2585 : 346F80D9;
2586 : 40000000;
2587 : 340F80B0;
2588 : 344F80B1;
2589 : 346F80DB;
258A : 40000000;
258B : 340F8040;
258C : 344F8043;
258D : 346F80E1;
258E : 40000000;
258F : 340F8102;
2590 : 342F80DA;
2591 : 344F8103;
2592 : 346F80DF;
2593 : 40000000;
2594 : 340F8066;
2595 : 344F8069;
2596 : 346F80E9;
2597 : 40000000;
2598 : 340F807E;
2599 : 342F80DC;
259A : 344F807F;
259B : 346F80DD;
259C : 40000000;
259D : 340F80FE;
259E : 342F80DE;
259F : 344F80FF;
25A0 : 346F80E3;
25A1 : 40000000;
25A2 : 340F803C;
25A3 : 344F803D;
25A4 : 346F80EF;
25A5 : 40000000;
25A6 : 340F8054;
25A7 : 342F80E0;
25A8 : 344F8059;
25A9 : 346F80E3;
25AA : 40000000;
25AB : 340F8050;
25AC : 344F8051;
25AD : 346F80EB;
25AE : 40000000;
25AF : 340F8044;
25B0 : 344F8045;
25B1 : 346F80EF;
25B2 : 40000000;
25B3 : 340F806A;
25B4 : 344F806B;
25B5 : 40000000;
25B6 : 340F8042;
25B7 : 342F80E2;
25B8 : 344F8043;
25B9 : 346F80ED;
25BA : 40000000;
25BB : 340F807E;
25BC : 344F807F;
25BD : 346F80EF;
25BE : 40000000;
25BF : 340F8070;
25C0 : 342F80E4;
25C1 : 344F8071;
25C2 : 346F80E5;
25C3 : 40000000;
25C4 : 340F8046;
25C5 : 344F8047;
25C6 : 346F80E7;
25C7 : 40000000;
25C8 : 340F804E;
25C9 : 344F804F;
25CA : 40000000;
25CB : 340F8054;
25CC : 344F8057;
25CD : 40000000;
25CE : 340F80AC;
25CF : 344F80AD;
25D0 : 40000000;
25D1 : 340F8100;
25D2 : 344F8101;
25D3 : 346F80ED;
25D4 : 40000000;
25D5 : 340F8074;
25D6 : 344F8075;
25D7 : 346F80EF;
25D8 : 40000000;
25D9 : 340F8048;
25DA : 342F80E6;
25DB : 344F8049;
25DC : 346F80E7;
25DD : 40000000;
25DE : 340F8062;
25DF : 344F8063;
25E0 : 346F80EB;
25E1 : 40000000;
25E2 : 340F8072;
25E3 : 344F8073;
25E4 : 40000000;
25E5 : 340F806C;
25E6 : 344F806D;
25E7 : 346F80EF;
25E8 : 40000000;
25E9 : 340F80AA;
25EA : 344F80AB;
25EB : 40000000;
25EC : 340F80FC;
25ED : 344F80FD;
25EE : 40000000;
25EF : 340F8054;
25F0 : 342F80E8;
25F1 : 344F8055;
25F2 : 346F80EB;
25F3 : 40000000;
25F4 : 340F8060;
25F5 : 344F8061;
25F6 : 40000000;
25F7 : 340F8068;
25F8 : 342F80EA;
25F9 : 344F8069;
25FA : 40000000;
25FB : 340F806E;
25FC : 344F806F;
25FD : 346F80EF;
25FE : 40000000;
25FF : 340F803A;
2600 : 342F80EC;
2601 : 344F803B;
2602 : 40000000;
2603 : 340F8046;
2604 : 344F8049;
2605 : 40000000;
2606 : 340F8064;
2607 : 344F8065;
2608 : 40000000;
2609 : 340F804A;
260A : 342F80EE;
260B : 344F804D;
260C : 40000000;
260D : 340F8070;
260E : 344F8071;
260F : 40000000;
2610 : 340F8080;
2611 : 344F8081;
2612 : 40000000;
2613 : 340F80F8;
2614 : 344F80F9;
2615 : 40000000;
2616 : 340F8090;
2617 : 342F8024;
2618 : 344F809B;
2619 : 346F8025;
261A : 348F801F;
261B : 40000000;
261C : 340F8086;
261D : 342F8026;
261E : 344F8093;
261F : 346F8029;
2620 : 40000000;
2621 : 340F8080;
2622 : 342F8028;
2623 : 344F8085;
2624 : 40000000;
2625 : 340F8094;
2626 : 344F8095;
2627 : 40000000;
2628 : 340F80BA;
2629 : 342F802A;
262A : 344F80BB;
262B : 346F802B;
262C : 40000000;
262D : 340F807C;
262E : 344F8081;
262F : 346F802D;
2630 : 40000000;
2631 : 340F8084;
2632 : 344F808F;
2633 : 40000000;
2634 : 340F807A;
2635 : 342F802C;
2636 : 344F807B;
2637 : 40000000;
2638 : 340F8082;
2639 : 344F8083;
263A : 40000000;
263B : 340F8090;
263C : 344F809B;
263D : 40000000;
263E : 340F80BC;
263F : 344F80BD;
2640 : 40000000;
2641 : 340F80AA;
2642 : 342F802E;
2643 : 344F80AD;
2644 : 346F802F;
2645 : 40000000;
2646 : 340F80BE;
2647 : 344F80C1;
2648 : 40000000;
2649 : 340F80C2;
264A : 342F8030;
264B : 344F80C3;
264C : 346F8033;
264D : 40000000;
264E : 340F80BE;
264F : 342F8032;
2650 : 344F80C1;
2651 : 40000000;
2652 : 340F80C4;
2653 : 344F80C5;
2654 : 346F8035;
2655 : 40000000;
2656 : 340F80C6;
2657 : 342F8034;
2658 : 344F80C7;
2659 : 40000000;
265A : 340F807A;
265B : 342F8090;
265C : 344F807B;
265D : 346F8097;
265E : 40000000;
265F : 340F8102;
2660 : 342F80D6;
2661 : 344F8103;
2662 : 346F80D9;
2663 : 40000000;
2664 : 340F803C;
2665 : 342F80D8;
2666 : 344F803F;
2667 : 346F80DD;
2668 : 40000000;
2669 : 340F8100;
266A : 342F80DE;
266B : 344F8101;
266C : 346F80E3;
266D : 40000000;
266E : 340F803E;
266F : 344F803F;
2670 : 346F80EF;
2671 : 40000000;
2672 : 340F8040;
2673 : 342F80E2;
2674 : 344F8041;
2675 : 40000000;
2676 : 340F80FE;
2677 : 342F80E4;
2678 : 344F80FF;
2679 : 40000000;
267A : 340F8042;
267B : 342F80EE;
267C : 344F8043;
267D : 40000000;
267E : 98000000;
[267F..3FFF] : 00000000;
END;
