-- Programa do coprocessador grafico: grade 80x120, 40 cores, 3658 retangulos
DEPTH = 16384;
WIDTH = 32;
ADDRESS_RADIX = HEX;
DATA_RADIX = HEX;
CONTENT
BEGIN
0000 : 350F8000;
0001 : 352F81FE;
0002 : 39048000;
0003 : 350F8001;
0004 : 352F81F5;
0005 : 39048000;
0006 : 350F8002;
0007 : 352F8174;
0008 : 39048000;
0009 : 350F8003;
000A : 352F81ED;
000B : 39048000;
000C : 350F8004;
000D : 352F81EC;
000E : 39048000;
000F : 350F8005;
0010 : 352F81AC;
0011 : 39048000;
0012 : 350F8006;
0013 : 352F812D;
0014 : 39048000;
0015 : 350F8007;
0016 : 352F812C;
0017 : 39048000;
0018 : 350F8008;
0019 : 352F812A;
001A : 39048000;
001B : 350F8009;
001C : 352F81E4;
001D : 39048000;
001E : 350F800A;
001F : 352F81E3;
0020 : 39048000;
0021 : 350F800B;
0022 : 352F8124;
0023 : 39048000;
0024 : 350F800C;
0025 : 352F8122;
0026 : 39048000;
0027 : 350F800D;
0028 : 352F80EA;
0029 : 39048000;
002A : 350F800E;
002B : 352F819B;
002C : 39048000;
002D : 350F800F;
002E : 352F819A;
002F : 39048000;
0030 : 350F8010;
0031 : 352F815B;
0032 : 39048000;
0033 : 350F8011;
0034 : 352F818A;
0035 : 39048000;
0036 : 350F8012;
0037 : 352F8152;
0038 : 39048000;
0039 : 350F8013;
003A : 352F8112;
003B : 39048000;
003C : 350F8014;
003D : 352F8109;
003E : 39048000;
003F : 350F8015;
0040 : 352F8091;
0041 : 39048000;
0042 : 350F8016;
0043 : 352F8089;
0044 : 39048000;
0045 : 350F8017;
0046 : 352F8088;
0047 : 39048000;
0048 : 350F8018;
0049 : 352F8048;
004A : 39048000;
004B : 350F8019;
004C : 352F800C;
004D : 39048000;
004E : 350F801A;
004F : 352F800B;
0050 : 39048000;
0051 : 350F801B;
0052 : 352F800A;
0053 : 39048000;
0054 : 350F801C;
0055 : 352F8181;
0056 : 39048000;
0057 : 350F801D;
0058 : 352F8140;
0059 : 39048000;
005A : 350F801E;
005B : 352F8100;
005C : 39048000;
005D : 350F801F;
005E : 352F80C0;
005F : 39048000;
0060 : 350F8020;
0061 : 352F8081;
0062 : 39048000;
0063 : 350F8021;
0064 : 352F8080;
0065 : 39048000;
0066 : 350F8022;
0067 : 352F8041;
0068 : 39048000;
0069 : 350F8023;
006A : 352F8040;
006B : 39048000;
006C : 350F8024;
006D : 352F8003;
006E : 39048000;
006F : 350F8025;
0070 : 352F8002;
0071 : 39048000;
0072 : 350F8026;
0073 : 352F8001;
0074 : 39048000;
0075 : 350F8027;
0076 : 352F8000;
0077 : 39048000;
0078 : 340F8000;
0079 : 342F8000;
007A : 344F813F;
007B : 346F80EF;
007C : 348F8007;
007D : 34AF8000;
007E : 40000000;
007F : 340F80D3;
0080 : 342F801E;
0081 : 344F80DC;
0082 : 346F801F;
0083 : 348F8000;
0084 : 40000000;
0085 : 340F80CF;
0086 : 342F8020;
0087 : 344F80D0;
0088 : 346F8021;
0089 : 40000000;
008A : 340F80E9;
008B : 342F8022;
008C : 344F80EC;
008D : 346F8023;
008E : 40000000;
008F : 340F80DD;
0090 : 342F8028;
0091 : 344F80DE;
0092 : 346F802B;
0093 : 40000000;
0094 : 340F80DF;
0095 : 342F802A;
0096 : 344F80E0;
0097 : 40000000;
0098 : 340F80CF;
0099 : 342F802E;
009A : 344F80D6;
009B : 346F8031;
009C : 40000000;
009D : 340F80CB;
009E : 342F8030;
009F : 344F80CC;
00A0 : 346F8033;
00A1 : 40000000;
00A2 : 340F80D1;
00A3 : 342F8032;
00A4 : 344F80D2;
00A5 : 40000000;
00A6 : 340F80D5;
00A7 : 344F80D6;
00A8 : 40000000;
00A9 : 340F80CD;
00AA : 344F80CE;
00AB : 346F8035;
00AC : 40000000;
00AD : 340F80B9;
00AE : 342F8036;
00AF : 344F80BA;
00B0 : 346F8037;
00B1 : 40000000;
00B2 : 340F80CB;
00B3 : 342F8038;
00B4 : 344F80CC;
00B5 : 346F8039;
00B6 : 40000000;
00B7 : 340F80D5;
00B8 : 344F80D6;
00B9 : 40000000;
00BA : 340F809B;
00BB : 342F803C;
00BC : 344F809C;
00BD : 346F803D;
00BE : 40000000;
00BF : 340F80EB;
00C0 : 344F80EF;
00C1 : 346F8045;
00C2 : 40000000;
00C3 : 340F80E7;
00C4 : 344F80E8;
00C5 : 346F8047;
00C6 : 40000000;
00C7 : 340F80E3;
00C8 : 342F8040;
00C9 : 344F80E4;
00CA : 346F8043;
00CB : 40000000;
00CC : 340F80B5;
00CD : 342F8042;
00CE : 344F80B6;
00CF : 346F8045;
00D0 : 40000000;
00D1 : 340F80E9;
00D2 : 344F80EA;
00D3 : 346F8049;
00D4 : 40000000;
00D5 : 340F80E5;
00D6 : 342F8044;
00D7 : 344F80E6;
00D8 : 346F8045;
00D9 : 40000000;
00DA : 340F80C7;
00DB : 342F8046;
00DC : 344F80C8;
00DD : 346F8047;
00DE : 40000000;
00DF : 340F80EB;
00E0 : 344F80EC;
00E1 : 40000000;
00E2 : 340F8087;
00E3 : 342F8054;
00E4 : 344F8088;
00E5 : 346F8055;
00E6 : 40000000;
00E7 : 340F8065;
00E8 : 342F8056;
00E9 : 344F8066;
00EA : 346F8057;
00EB : 40000000;
00EC : 340F8089;
00ED : 344F808A;
00EE : 40000000;
00EF : 340F808B;
00F0 : 342F8058;
00F1 : 344F808C;
00F2 : 346F8059;
00F3 : 40000000;
00F4 : 340F80A5;
00F5 : 344F80AE;
00F6 : 40000000;
00F7 : 340F808D;
00F8 : 342F805A;
00F9 : 344F808E;
00FA : 346F805B;
00FB : 40000000;
00FC : 340F80A1;
00FD : 344F80A8;
00FE : 40000000;
00FF : 340F808F;
0100 : 342F805C;
0101 : 344F8090;
0102 : 346F805D;
0103 : 40000000;
0104 : 340F809D;
0105 : 344F80A4;
0106 : 40000000;
0107 : 340F8091;
0108 : 342F805E;
0109 : 344F8092;
010A : 346F805F;
010B : 40000000;
010C : 340F809D;
010D : 344F80A0;
010E : 40000000;
010F : 340F8093;
0110 : 342F8060;
0111 : 344F8094;
0112 : 346F8061;
0113 : 40000000;
0114 : 340F80ED;
0115 : 342F806C;
0116 : 344F80EF;
0117 : 346F806D;
0118 : 40000000;
0119 : 340F80E1;
011A : 342F8080;
011B : 344F80E6;
011C : 346F8083;
011D : 40000000;
011E : 340F80E7;
011F : 342F8082;
0120 : 344F80E8;
0121 : 346F8085;
0122 : 40000000;
0123 : 340F80E5;
0124 : 342F8084;
0125 : 344F80E6;
0126 : 40000000;
0127 : 340F80E9;
0128 : 344F80EA;
0129 : 346F8087;
012A : 40000000;
012B : 340F80EB;
012C : 342F8086;
012D : 344F80EC;
012E : 346F8089;
012F : 40000000;
0130 : 340F80ED;
0131 : 342F8088;
0132 : 344F80EF;
0133 : 346F808B;
0134 : 40000000;
0135 : 340F8077;
0136 : 342F808A;
0137 : 344F8078;
0138 : 40000000;
0139 : 340F807D;
013A : 342F808E;
013B : 344F807E;
013C : 346F808F;
013D : 40000000;
013E : 340F8071;
013F : 342F8090;
0140 : 344F8072;
0141 : 346F8091;
0142 : 40000000;
0143 : 340F807F;
0144 : 344F8080;
0145 : 40000000;
0146 : 340F8081;
0147 : 342F8092;
0148 : 344F8082;
0149 : 346F8093;
014A : 40000000;
014B : 340F8077;
014C : 342F8094;
014D : 344F8078;
014E : 346F8095;
014F : 40000000;
0150 : 340F8083;
0151 : 344F8084;
0152 : 40000000;
0153 : 340F80ED;
0154 : 342F80B4;
0155 : 344F80EF;
0156 : 346F80B5;
0157 : 40000000;
0158 : 340F8069;
0159 : 342F80B8;
015A : 344F806A;
015B : 346F80B9;
015C : 40000000;
015D : 340F8075;
015E : 344F8076;
015F : 40000000;
0160 : 340F809B;
0161 : 344F809C;
0162 : 40000000;
0163 : 340F80BB;
0164 : 344F80BC;
0165 : 40000000;
0166 : 340F805F;
0167 : 342F80BC;
0168 : 344F8060;
0169 : 346F80BD;
016A : 40000000;
016B : 340F80ED;
016C : 342F80C2;
016D : 344F80EF;
016E : 346F80C3;
016F : 40000000;
0170 : 340F80B7;
0171 : 342F80CE;
0172 : 344F80B8;
0173 : 346F80CF;
0174 : 40000000;
0175 : 340F80ED;
0176 : 342F80D8;
0177 : 344F80EF;
0178 : 346F80D9;
0179 : 40000000;
017A : 340F8063;
017B : 342F80DC;
017C : 344F8064;
017D : 346F80DD;
017E : 40000000;
017F : 340F80B3;
0180 : 344F80B4;
0181 : 40000000;
0182 : 340F80EB;
0183 : 342F80DE;
0184 : 344F80EC;
0185 : 346F80DF;
0186 : 40000000;
0187 : 340F80E9;
0188 : 342F80E0;
0189 : 344F80EA;
018A : 346F80E1;
018B : 40000000;
018C : 340F80EB;
018D : 342F80E2;
018E : 344F80EC;
018F : 346F80E3;
0190 : 40000000;
0191 : 340F8059;
0192 : 342F80E6;
0193 : 344F805A;
0194 : 346F80E7;
0195 : 40000000;
0196 : 340F80E9;
0197 : 344F80EA;
0198 : 40000000;
0199 : 340F80DD;
019A : 342F8026;
019B : 344F80DE;
019C : 346F8027;
019D : 348F8001;
019E : 40000000;
019F : 340F80D9;
01A0 : 342F8028;
01A1 : 344F80DA;
01A2 : 346F8029;
01A3 : 40000000;
01A4 : 340F80CF;
01A5 : 342F802C;
01A6 : 344F80D4;
01A7 : 346F802D;
01A8 : 40000000;
01A9 : 340F80DB;
01AA : 344F80DC;
01AB : 40000000;
01AC : 340F80A9;
01AD : 344F80AA;
01AE : 346F802F;
01AF : 40000000;
01B0 : 340F80A7;
01B1 : 342F802E;
01B2 : 344F80A8;
01B3 : 40000000;
01B4 : 340F80C9;
01B5 : 344F80CA;
01B6 : 40000000;
01B7 : 340F80A5;
01B8 : 342F8030;
01B9 : 344F80A6;
01BA : 346F8031;
01BB : 40000000;
01BC : 340F80D7;
01BD : 344F80D8;
01BE : 40000000;
01BF : 340F80A3;
01C0 : 342F8034;
01C1 : 344F80A4;
01C2 : 346F8035;
01C3 : 40000000;
01C4 : 340F80CB;
01C5 : 344F80CC;
01C6 : 346F8037;
01C7 : 40000000;
01C8 : 340F80C9;
01C9 : 342F8036;
01CA : 344F80CA;
01CB : 40000000;
01CC : 340F80CD;
01CD : 344F80D0;
01CE : 40000000;
01CF : 340F8053;
01D0 : 344F8056;
01D1 : 346F804B;
01D2 : 40000000;
01D3 : 340F80B9;
01D4 : 342F8038;
01D5 : 344F80BA;
01D6 : 346F8039;
01D7 : 40000000;
01D8 : 340F8057;
01D9 : 344F805A;
01DA : 346F804F;
01DB : 40000000;
01DC : 340F809B;
01DD : 342F803A;
01DE : 344F809E;
01DF : 346F803B;
01E0 : 40000000;
01E1 : 340F805B;
01E2 : 344F805C;
01E3 : 346F8053;
01E4 : 40000000;
01E5 : 340F805D;
01E6 : 342F803C;
01E7 : 344F8060;
01E8 : 346F8057;
01E9 : 40000000;
01EA : 340F8061;
01EB : 342F803E;
01EC : 344F8064;
01ED : 346F803F;
01EE : 40000000;
01EF : 340F8065;
01F0 : 342F8040;
01F1 : 344F8068;
01F2 : 346F8041;
01F3 : 40000000;
01F4 : 340F8061;
01F5 : 344F8062;
01F6 : 346F8045;
01F7 : 40000000;
01F8 : 340F8067;
01F9 : 342F8042;
01FA : 344F806A;
01FB : 346F8043;
01FC : 40000000;
01FD : 340F80C7;
01FE : 342F8044;
01FF : 344F80C8;
0200 : 346F8045;
0201 : 40000000;
0202 : 340F8063;
0203 : 344F8068;
0204 : 346F8047;
0205 : 40000000;
0206 : 340F80C5;
0207 : 342F8046;
0208 : 344F80C6;
0209 : 40000000;
020A : 340F8061;
020B : 342F8048;
020C : 344F8066;
020D : 346F804D;
020E : 40000000;
020F : 340F8067;
0210 : 342F804A;
0211 : 344F806A;
0212 : 346F804B;
0213 : 40000000;
0214 : 340F8055;
0215 : 342F804C;
0216 : 344F8056;
0217 : 346F804D;
0218 : 40000000;
0219 : 340F806D;
021A : 342F804E;
021B : 344F806E;
021C : 346F804F;
021D : 40000000;
021E : 340F8061;
021F : 344F8064;
0220 : 346F8059;
0221 : 40000000;
0222 : 340F8059;
0223 : 342F8050;
0224 : 344F805A;
0225 : 346F8051;
0226 : 40000000;
0227 : 340F8065;
0228 : 344F8066;
0229 : 40000000;
022A : 340F8069;
022B : 342F8054;
022C : 344F806A;
022D : 346F8055;
022E : 40000000;
022F : 340F805F;
0230 : 342F8058;
0231 : 344F8060;
0232 : 346F8059;
0233 : 40000000;
0234 : 340F80D1;
0235 : 342F805A;
0236 : 344F80D2;
0237 : 346F805B;
0238 : 40000000;
0239 : 340F8061;
023A : 344F8062;
023B : 346F805D;
023C : 40000000;
023D : 340F80E5;
023E : 342F8068;
023F : 344F80E6;
0240 : 346F8075;
0241 : 40000000;
0242 : 340F80ED;
0243 : 342F806A;
0244 : 344F80EF;
0245 : 346F806B;
0246 : 40000000;
0247 : 340F80E7;
0248 : 344F80E8;
0249 : 346F8077;
024A : 40000000;
024B : 340F80EB;
024C : 342F806C;
024D : 344F80EC;
024E : 346F8073;
024F : 40000000;
0250 : 340F80E3;
0251 : 342F806E;
0252 : 344F80E4;
0253 : 346F8071;
0254 : 40000000;
0255 : 340F80ED;
0256 : 344F80EF;
0257 : 346F8073;
0258 : 40000000;
0259 : 340F80E9;
025A : 344F80EA;
025B : 346F8077;
025C : 40000000;
025D : 340F8085;
025E : 342F8098;
025F : 344F8086;
0260 : 346F8099;
0261 : 40000000;
0262 : 340F8055;
0263 : 342F80B0;
0264 : 344F8056;
0265 : 346F80B9;
0266 : 40000000;
0267 : 340F8053;
0268 : 342F80B2;
0269 : 344F8054;
026A : 346F80BB;
026B : 40000000;
026C : 340F8057;
026D : 342F80B4;
026E : 344F8058;
026F : 346F80B5;
0270 : 40000000;
0271 : 340F8091;
0272 : 342F80B6;
0273 : 344F8092;
0274 : 346F80BD;
0275 : 40000000;
0276 : 340F80D1;
0277 : 342F80B8;
0278 : 344F80D2;
0279 : 346F80B9;
027A : 40000000;
027B : 340F80E7;
027C : 344F80E8;
027D : 40000000;
027E : 340F806B;
027F : 342F80BA;
0280 : 344F806C;
0281 : 346F80BB;
0282 : 40000000;
0283 : 340F8089;
0284 : 344F808A;
0285 : 40000000;
0286 : 340F80A9;
0287 : 344F80AA;
0288 : 40000000;
0289 : 340F80DD;
028A : 344F80DE;
028B : 40000000;
028C : 340F8099;
028D : 342F80BC;
028E : 344F809A;
028F : 346F80BD;
0290 : 40000000;
0291 : 340F809B;
0292 : 342F80BE;
0293 : 344F809C;
0294 : 346F80BF;
0295 : 40000000;
0296 : 340F8057;
0297 : 342F80C0;
0298 : 344F805A;
0299 : 346F80C5;
029A : 40000000;
029B : 340F8053;
029C : 342F80C2;
029D : 344F8056;
029E : 346F80C7;
029F : 40000000;
02A0 : 342F80C8;
02A1 : 344F8054;
02A2 : 346F80C9;
02A3 : 40000000;
02A4 : 340F80B5;
02A5 : 342F80CA;
02A6 : 344F80B6;
02A7 : 346F80CB;
02A8 : 40000000;
02A9 : 340F80C7;
02AA : 342F80CC;
02AB : 344F80C8;
02AC : 346F80CF;
02AD : 40000000;
02AE : 340F80B9;
02AF : 342F80D0;
02B0 : 344F80BA;
02B1 : 346F80D1;
02B2 : 40000000;
02B3 : 340F805B;
02B4 : 342F80DA;
02B5 : 344F805C;
02B6 : 346F80DB;
02B7 : 40000000;
02B8 : 340F8077;
02B9 : 342F80DC;
02BA : 344F8078;
02BB : 346F80DD;
02BC : 40000000;
02BD : 340F807F;
02BE : 344F8080;
02BF : 40000000;
02C0 : 340F8095;
02C1 : 344F8096;
02C2 : 40000000;
02C3 : 340F80CB;
02C4 : 344F80CC;
02C5 : 40000000;
02C6 : 340F80E1;
02C7 : 344F80E2;
02C8 : 40000000;
02C9 : 340F80D7;
02CA : 344F80D8;
02CB : 346F80DF;
02CC : 40000000;
02CD : 340F80BD;
02CE : 344F80BE;
02CF : 346F80E1;
02D0 : 40000000;
02D1 : 340F80CD;
02D2 : 342F80DE;
02D3 : 344F80CE;
02D4 : 346F80DF;
02D5 : 40000000;
02D6 : 340F805B;
02D7 : 344F805C;
02D8 : 346F80E1;
02D9 : 40000000;
02DA : 340F80ED;
02DB : 342F80E2;
02DC : 344F80EF;
02DD : 346F80E3;
02DE : 40000000;
02DF : 340F80D1;
02E0 : 342F801E;
02E1 : 344F80D2;
02E2 : 346F801F;
02E3 : 348F8002;
02E4 : 40000000;
02E5 : 340F8053;
02E6 : 342F8034;
02E7 : 344F8056;
02E8 : 346F8035;
02E9 : 40000000;
02EA : 340F8057;
02EB : 342F8036;
02EC : 344F8058;
02ED : 346F8037;
02EE : 40000000;
02EF : 340F805B;
02F0 : 342F8038;
02F1 : 344F805C;
02F2 : 346F8039;
02F3 : 40000000;
02F4 : 340F805D;
02F5 : 342F803A;
02F6 : 344F8060;
02F7 : 346F803B;
02F8 : 40000000;
02F9 : 340F8061;
02FA : 342F803C;
02FB : 344F8062;
02FC : 346F803D;
02FD : 40000000;
02FE : 340F8065;
02FF : 342F803E;
0300 : 344F8066;
0301 : 346F803F;
0302 : 40000000;
0303 : 340F8099;
0304 : 344F809A;
0305 : 40000000;
0306 : 340F8069;
0307 : 342F8040;
0308 : 344F806A;
0309 : 346F8041;
030A : 40000000;
030B : 340F8063;
030C : 344F8064;
030D : 346F8043;
030E : 40000000;
030F : 340F8065;
0310 : 342F8042;
0311 : 344F8066;
0312 : 40000000;
0313 : 340F8061;
0314 : 342F8046;
0315 : 344F8062;
0316 : 346F8047;
0317 : 40000000;
0318 : 340F8053;
0319 : 342F804C;
031A : 344F8054;
031B : 346F804D;
031C : 40000000;
031D : 340F8055;
031E : 342F804E;
031F : 344F8056;
0320 : 346F804F;
0321 : 40000000;
0322 : 340F8065;
0323 : 344F8066;
0324 : 40000000;
0325 : 340F8057;
0326 : 342F8050;
0327 : 344F8058;
0328 : 346F8051;
0329 : 40000000;
032A : 340F8059;
032B : 342F8052;
032C : 344F805A;
032D : 346F8053;
032E : 40000000;
032F : 340F805B;
0330 : 342F8054;
0331 : 344F805C;
0332 : 346F8055;
0333 : 40000000;
0334 : 340F805F;
0335 : 342F805A;
0336 : 344F8060;
0337 : 346F805B;
0338 : 40000000;
0339 : 340F80A9;
033A : 344F80AA;
033B : 40000000;
033C : 340F80A1;
033D : 342F805E;
033E : 344F80A2;
033F : 346F805F;
0340 : 40000000;
0341 : 340F8055;
0342 : 342F80AE;
0343 : 344F8056;
0344 : 346F80AF;
0345 : 40000000;
0346 : 340F8057;
0347 : 342F80B6;
0348 : 344F8058;
0349 : 346F80B7;
034A : 40000000;
034B : 340F8093;
034C : 344F8094;
034D : 40000000;
034E : 340F8099;
034F : 344F809A;
0350 : 40000000;
0351 : 340F805B;
0352 : 342F80B8;
0353 : 344F805C;
0354 : 346F80B9;
0355 : 40000000;
0356 : 340F8073;
0357 : 344F8074;
0358 : 40000000;
0359 : 340F807D;
035A : 344F807E;
035B : 40000000;
035C : 340F8087;
035D : 344F8088;
035E : 40000000;
035F : 340F80DD;
0360 : 344F80DE;
0361 : 40000000;
0362 : 340F805D;
0363 : 342F80BA;
0364 : 344F805E;
0365 : 346F80BB;
0366 : 40000000;
0367 : 340F809B;
0368 : 344F809C;
0369 : 40000000;
036A : 340F80BD;
036B : 344F80BE;
036C : 40000000;
036D : 340F8075;
036E : 344F8076;
036F : 346F80BD;
0370 : 40000000;
0371 : 340F80D1;
0372 : 344F80D2;
0373 : 40000000;
0374 : 340F8053;
0375 : 342F80BC;
0376 : 344F8054;
0377 : 40000000;
0378 : 340F8057;
0379 : 344F805A;
037A : 40000000;
037B : 340F806F;
037C : 344F8070;
037D : 40000000;
037E : 340F8089;
037F : 344F808A;
0380 : 40000000;
0381 : 340F80C3;
0382 : 344F80C4;
0383 : 40000000;
0384 : 340F80DD;
0385 : 344F80DE;
0386 : 40000000;
0387 : 340F8057;
0388 : 342F80BE;
0389 : 344F8058;
038A : 346F80BF;
038B : 40000000;
038C : 340F8061;
038D : 344F8062;
038E : 40000000;
038F : 340F8057;
0390 : 342F80C6;
0391 : 344F805A;
0392 : 346F80C7;
0393 : 40000000;
0394 : 340F8055;
0395 : 342F80C8;
0396 : 344F8056;
0397 : 346F80C9;
0398 : 40000000;
0399 : 340F807D;
039A : 342F80CA;
039B : 344F807E;
039C : 346F80CB;
039D : 40000000;
039E : 340F808B;
039F : 344F808C;
03A0 : 40000000;
03A1 : 340F80B3;
03A2 : 344F80B4;
03A3 : 40000000;
03A4 : 340F8097;
03A5 : 344F8098;
03A6 : 346F80CF;
03A7 : 40000000;
03A8 : 340F809F;
03A9 : 344F80A0;
03AA : 40000000;
03AB : 340F80B5;
03AC : 342F80CC;
03AD : 344F80B6;
03AE : 346F80CD;
03AF : 40000000;
03B0 : 340F8059;
03B1 : 342F80D8;
03B2 : 344F805A;
03B3 : 346F80DF;
03B4 : 40000000;
03B5 : 340F80C9;
03B6 : 342F80DA;
03B7 : 344F80CA;
03B8 : 346F80DB;
03B9 : 40000000;
03BA : 340F80EB;
03BB : 344F80EC;
03BC : 346F80DD;
03BD : 40000000;
03BE : 340F806B;
03BF : 342F80DC;
03C0 : 344F806C;
03C1 : 40000000;
03C2 : 340F809F;
03C3 : 344F80A0;
03C4 : 40000000;
03C5 : 340F80A9;
03C6 : 344F80AA;
03C7 : 40000000;
03C8 : 340F80E9;
03C9 : 344F80EA;
03CA : 40000000;
03CB : 340F80ED;
03CC : 344F80EF;
03CD : 346F80DF;
03CE : 40000000;
03CF : 340F8077;
03D0 : 342F80DE;
03D1 : 344F8078;
03D2 : 40000000;
03D3 : 340F809D;
03D4 : 344F809E;
03D5 : 40000000;
03D6 : 340F80B5;
03D7 : 344F80B6;
03D8 : 40000000;
03D9 : 340F8063;
03DA : 342F80E0;
03DB : 344F8064;
03DC : 346F80E1;
03DD : 40000000;
03DE : 340F8095;
03DF : 344F8096;
03E0 : 40000000;
03E1 : 340F80AB;
03E2 : 344F80AC;
03E3 : 40000000;
03E4 : 340F80BB;
03E5 : 344F80BC;
03E6 : 40000000;
03E7 : 340F80CD;
03E8 : 344F80CE;
03E9 : 40000000;
03EA : 340F80D7;
03EB : 344F80D8;
03EC : 40000000;
03ED : 340F80EB;
03EE : 344F80EC;
03EF : 40000000;
03F0 : 340F80BD;
03F1 : 342F80E2;
03F2 : 344F80BE;
03F3 : 346F80E3;
03F4 : 40000000;
03F5 : 340F80CF;
03F6 : 344F80D0;
03F7 : 40000000;
03F8 : 340F80E9;
03F9 : 344F80EA;
03FA : 40000000;
03FB : 340F80EB;
03FC : 342F80E6;
03FD : 344F80EF;
03FE : 346F80E7;
03FF : 40000000;
0400 : 340F80DD;
0401 : 342F8024;
0402 : 344F80E0;
0403 : 346F8025;
0404 : 348F8003;
0405 : 40000000;
0406 : 340F80A9;
0407 : 342F8026;
0408 : 344F80AA;
0409 : 346F8027;
040A : 40000000;
040B : 340F80D7;
040C : 344F80DC;
040D : 40000000;
040E : 340F80DF;
040F : 344F80E2;
0410 : 346F8029;
0411 : 40000000;
0412 : 340F80D1;
0413 : 344F80D2;
0414 : 346F802B;
0415 : 40000000;
0416 : 340F80CF;
0417 : 342F8028;
0418 : 344F80D0;
0419 : 40000000;
041A : 340F80D3;
041B : 344F80D8;
041C : 40000000;
041D : 340F80E3;
041E : 344F80E6;
041F : 346F802D;
0420 : 40000000;
0421 : 340F80AB;
0422 : 344F80AC;
0423 : 346F802F;
0424 : 40000000;
0425 : 340F80CD;
0426 : 342F802A;
0427 : 344F80CE;
0428 : 346F802B;
0429 : 40000000;
042A : 340F80D9;
042B : 344F80DC;
042C : 40000000;
042D : 340F80E7;
042E : 344F80E8;
042F : 346F802D;
0430 : 40000000;
0431 : 340F80E1;
0432 : 344F80E2;
0433 : 346F8039;
0434 : 40000000;
0435 : 340F80A7;
0436 : 342F802C;
0437 : 344F80A8;
0438 : 346F802D;
0439 : 40000000;
043A : 340F80AD;
043B : 344F80AE;
043C : 40000000;
043D : 340F80D5;
043E : 344F80DA;
043F : 40000000;
0440 : 340F80E9;
0441 : 344F80EA;
0442 : 40000000;
0443 : 340F80DD;
0444 : 344F80E0;
0445 : 346F8035;
0446 : 40000000;
0447 : 340F80A3;
0448 : 342F802E;
0449 : 344F80A6;
044A : 346F802F;
044B : 40000000;
044C : 340F80CB;
044D : 344F80CE;
044E : 40000000;
044F : 340F80D7;
0450 : 344F80DC;
0451 : 40000000;
0452 : 340F80C7;
0453 : 344F80C8;
0454 : 346F8031;
0455 : 40000000;
0456 : 340F80E3;
0457 : 344F80E4;
0458 : 346F8035;
0459 : 40000000;
045A : 340F80A3;
045B : 342F8030;
045C : 344F80A4;
045D : 346F8031;
045E : 40000000;
045F : 340F80A7;
0460 : 344F80A8;
0461 : 40000000;
0462 : 340F80CD;
0463 : 344F80CE;
0464 : 40000000;
0465 : 340F80E5;
0466 : 344F80EA;
0467 : 346F8033;
0468 : 40000000;
0469 : 340F80C9;
046A : 344F80CA;
046B : 346F8035;
046C : 40000000;
046D : 340F80D9;
046E : 344F80DC;
046F : 40000000;
0470 : 340F80A5;
0471 : 342F8032;
0472 : 344F80A6;
0473 : 40000000;
0474 : 340F80CF;
0475 : 344F80D0;
0476 : 40000000;
0477 : 340F80D3;
0478 : 344F80D4;
0479 : 346F8039;
047A : 40000000;
047B : 340F80D7;
047C : 344F80D8;
047D : 40000000;
047E : 340F80EB;
047F : 344F80EF;
0480 : 346F803B;
0481 : 40000000;
0482 : 340F80AD;
0483 : 342F8034;
0484 : 344F80B0;
0485 : 346F8035;
0486 : 40000000;
0487 : 340F80BF;
0488 : 344F80C0;
0489 : 40000000;
048A : 340F80C7;
048B : 344F80C8;
048C : 40000000;
048D : 340F80D1;
048E : 344F80D2;
048F : 346F8037;
0490 : 40000000;
0491 : 340F80D5;
0492 : 344F80D6;
0493 : 40000000;
0494 : 340F80E7;
0495 : 344F80EA;
0496 : 346F803B;
0497 : 40000000;
0498 : 340F809F;
0499 : 342F8036;
049A : 344F80A4;
049B : 346F8037;
049C : 40000000;
049D : 340F80BB;
049E : 344F80BC;
049F : 40000000;
04A0 : 340F80D9;
04A1 : 344F80DA;
04A2 : 346F8039;
04A3 : 40000000;
04A4 : 340F809F;
04A5 : 342F8038;
04A6 : 344F80A2;
04A7 : 40000000;
04A8 : 340F80B1;
04A9 : 344F80B2;
04AA : 40000000;
04AB : 340F80B7;
04AC : 344F80B8;
04AD : 40000000;
04AE : 340F80CD;
04AF : 344F80D0;
04B0 : 40000000;
04B1 : 340F80A1;
04B2 : 342F803A;
04B3 : 344F80A2;
04B4 : 346F803B;
04B5 : 40000000;
04B6 : 340F80B3;
04B7 : 344F80B4;
04B8 : 40000000;
04B9 : 340F80B9;
04BA : 344F80BA;
04BB : 40000000;
04BC : 340F80C5;
04BD : 344F80C6;
04BE : 40000000;
04BF : 340F80D5;
04C0 : 344F80D6;
04C1 : 40000000;
04C2 : 340F80CB;
04C3 : 344F80CE;
04C4 : 346F803D;
04C5 : 40000000;
04C6 : 340F80A9;
04C7 : 342F803C;
04C8 : 344F80AA;
04C9 : 40000000;
04CA : 340F80AF;
04CB : 344F80B2;
04CC : 40000000;
04CD : 340F80D9;
04CE : 344F80DA;
04CF : 40000000;
04D0 : 340F80E9;
04D1 : 344F80EA;
04D2 : 40000000;
04D3 : 340F809F;
04D4 : 344F80A0;
04D5 : 346F8041;
04D6 : 40000000;
04D7 : 340F80A7;
04D8 : 342F803E;
04D9 : 344F80A8;
04DA : 346F803F;
04DB : 40000000;
04DC : 340F80CD;
04DD : 344F80D0;
04DE : 40000000;
04DF : 340F80E1;
04E0 : 344F80E4;
04E1 : 40000000;
04E2 : 340F80A1;
04E3 : 344F80A2;
04E4 : 346F8041;
04E5 : 40000000;
04E6 : 340F80BF;
04E7 : 342F8040;
04E8 : 344F80C0;
04E9 : 40000000;
04EA : 340F80E1;
04EB : 344F80E2;
04EC : 40000000;
04ED : 340F80E9;
04EE : 344F80EA;
04EF : 40000000;
04F0 : 340F80CD;
04F1 : 344F80CE;
04F2 : 346F8047;
04F3 : 40000000;
04F4 : 340F80B7;
04F5 : 342F8042;
04F6 : 344F80B8;
04F7 : 346F8043;
04F8 : 40000000;
04F9 : 340F80C7;
04FA : 344F80C8;
04FB : 40000000;
04FC : 340F80E5;
04FD : 344F80E6;
04FE : 40000000;
04FF : 340F80BD;
0500 : 344F80BE;
0501 : 346F8045;
0502 : 40000000;
0503 : 340F80AF;
0504 : 342F8044;
0505 : 344F80B0;
0506 : 40000000;
0507 : 340F80C3;
0508 : 344F80C6;
0509 : 40000000;
050A : 340F80BB;
050B : 344F80BC;
050C : 346F8049;
050D : 40000000;
050E : 340F80CF;
050F : 344F80D0;
0510 : 40000000;
0511 : 340F80C3;
0512 : 342F8046;
0513 : 344F80C4;
0514 : 346F8047;
0515 : 40000000;
0516 : 340F80C9;
0517 : 344F80CC;
0518 : 40000000;
0519 : 340F80ED;
051A : 344F80EF;
051B : 40000000;
051C : 340F80D1;
051D : 344F80D2;
051E : 346F804B;
051F : 40000000;
0520 : 340F80B7;
0521 : 342F8048;
0522 : 344F80B8;
0523 : 346F8049;
0524 : 40000000;
0525 : 340F80C5;
0526 : 344F80CA;
0527 : 40000000;
0528 : 340F806B;
0529 : 342F804A;
052A : 344F806C;
052B : 346F804B;
052C : 40000000;
052D : 340F80D3;
052E : 342F804C;
052F : 344F80D4;
0530 : 346F804D;
0531 : 40000000;
0532 : 340F806F;
0533 : 342F804E;
0534 : 344F8070;
0535 : 346F804F;
0536 : 40000000;
0537 : 340F8073;
0538 : 344F8074;
0539 : 40000000;
053A : 340F80CD;
053B : 342F8050;
053C : 344F80CE;
053D : 346F8051;
053E : 40000000;
053F : 340F80BD;
0540 : 344F80BE;
0541 : 346F8053;
0542 : 40000000;
0543 : 340F8067;
0544 : 342F8054;
0545 : 344F8068;
0546 : 346F8055;
0547 : 40000000;
0548 : 340F806B;
0549 : 344F806C;
054A : 40000000;
054B : 340F808D;
054C : 342F8058;
054D : 344F808E;
054E : 346F8059;
054F : 40000000;
0550 : 340F80E5;
0551 : 342F8066;
0552 : 344F80E6;
0553 : 346F8067;
0554 : 40000000;
0555 : 340F80E9;
0556 : 342F806C;
0557 : 344F80EA;
0558 : 346F806D;
0559 : 40000000;
055A : 340F80EB;
055B : 342F8074;
055C : 344F80EF;
055D : 346F8075;
055E : 40000000;
055F : 340F80E5;
0560 : 342F8076;
0561 : 344F80E6;
0562 : 346F8077;
0563 : 40000000;
0564 : 340F80EB;
0565 : 344F80EC;
0566 : 346F8079;
0567 : 40000000;
0568 : 340F80E7;
0569 : 342F8078;
056A : 344F80EA;
056B : 40000000;
056C : 340F80E3;
056D : 342F807E;
056E : 344F80E4;
056F : 346F807F;
0570 : 40000000;
0571 : 340F80EB;
0572 : 342F8084;
0573 : 344F80EC;
0574 : 346F8085;
0575 : 40000000;
0576 : 340F80ED;
0577 : 342F8086;
0578 : 344F80EF;
0579 : 346F8087;
057A : 40000000;
057B : 340F807B;
057C : 342F808C;
057D : 344F807C;
057E : 346F808D;
057F : 40000000;
0580 : 340F807D;
0581 : 342F8090;
0582 : 344F807E;
0583 : 346F8091;
0584 : 40000000;
0585 : 340F8087;
0586 : 344F808A;
0587 : 40000000;
0588 : 340F8075;
0589 : 342F8092;
058A : 344F8076;
058B : 346F8093;
058C : 40000000;
058D : 340F8089;
058E : 344F808A;
058F : 40000000;
0590 : 340F808B;
0591 : 342F8094;
0592 : 344F808C;
0593 : 346F8095;
0594 : 40000000;
0595 : 340F8079;
0596 : 342F8096;
0597 : 344F807A;
0598 : 346F8097;
0599 : 40000000;
059A : 340F8083;
059B : 344F8086;
059C : 40000000;
059D : 340F808D;
059E : 344F808E;
059F : 40000000;
05A0 : 340F806F;
05A1 : 342F8098;
05A2 : 344F8070;
05A3 : 346F8099;
05A4 : 40000000;
05A5 : 340F807B;
05A6 : 344F807C;
05A7 : 40000000;
05A8 : 340F807D;
05A9 : 342F809A;
05AA : 344F807E;
05AB : 346F809B;
05AC : 40000000;
05AD : 340F8085;
05AE : 344F808A;
05AF : 40000000;
05B0 : 340F807F;
05B1 : 342F809C;
05B2 : 344F8080;
05B3 : 346F809D;
05B4 : 40000000;
05B5 : 340F8089;
05B6 : 344F808C;
05B7 : 346F809F;
05B8 : 40000000;
05B9 : 340F8075;
05BA : 342F809E;
05BB : 344F8076;
05BC : 40000000;
05BD : 340F8081;
05BE : 344F8082;
05BF : 40000000;
05C0 : 340F8077;
05C1 : 342F80A0;
05C2 : 344F8078;
05C3 : 346F80A1;
05C4 : 40000000;
05C5 : 340F8083;
05C6 : 344F8084;
05C7 : 40000000;
05C8 : 340F8085;
05C9 : 342F80A2;
05CA : 344F8086;
05CB : 346F80A3;
05CC : 40000000;
05CD : 340F805D;
05CE : 342F80B8;
05CF : 344F805E;
05D0 : 346F80B9;
05D1 : 40000000;
05D2 : 340F805B;
05D3 : 342F80DC;
05D4 : 344F805C;
05D5 : 346F80DD;
05D6 : 40000000;
05D7 : 340F8055;
05D8 : 344F8056;
05D9 : 346F80E3;
05DA : 40000000;
05DB : 340F80AB;
05DC : 342F80DE;
05DD : 344F80AC;
05DE : 346F80DF;
05DF : 40000000;
05E0 : 340F80E9;
05E1 : 344F80EA;
05E2 : 40000000;
05E3 : 340F806B;
05E4 : 342F80E0;
05E5 : 344F806C;
05E6 : 346F80E1;
05E7 : 40000000;
05E8 : 340F807F;
05E9 : 344F8080;
05EA : 40000000;
05EB : 340F805B;
05EC : 342F80E2;
05ED : 344F805C;
05EE : 346F80E3;
05EF : 40000000;
05F0 : 340F80A7;
05F1 : 342F8024;
05F2 : 344F80AA;
05F3 : 346F8025;
05F4 : 348F8004;
05F5 : 40000000;
05F6 : 340F80CD;
05F7 : 342F8026;
05F8 : 344F80D0;
05F9 : 346F8027;
05FA : 40000000;
05FB : 340F80A7;
05FC : 344F80A8;
05FD : 346F802B;
05FE : 40000000;
05FF : 340F80CB;
0600 : 342F8028;
0601 : 344F80CE;
0602 : 346F8029;
0603 : 40000000;
0604 : 340F80A9;
0605 : 344F80AA;
0606 : 346F802B;
0607 : 40000000;
0608 : 340F80CB;
0609 : 342F802A;
060A : 344F80CC;
060B : 40000000;
060C : 340F80A5;
060D : 344F80A6;
060E : 346F802D;
060F : 40000000;
0610 : 340F80C5;
0611 : 342F802C;
0612 : 344F80CA;
0613 : 40000000;
0614 : 340F80CD;
0615 : 344F80CE;
0616 : 40000000;
0617 : 340F809F;
0618 : 344F80A0;
0619 : 346F802F;
061A : 40000000;
061B : 340F80C5;
061C : 342F802E;
061D : 344F80C6;
061E : 40000000;
061F : 340F80A1;
0620 : 344F80A2;
0621 : 346F8035;
0622 : 40000000;
0623 : 340F80A3;
0624 : 342F8032;
0625 : 344F80A4;
0626 : 346F8033;
0627 : 40000000;
0628 : 340F80AD;
0629 : 344F80AE;
062A : 40000000;
062B : 340F80C7;
062C : 344F80C8;
062D : 40000000;
062E : 340F80BD;
062F : 342F8034;
0630 : 344F80BE;
0631 : 346F8035;
0632 : 40000000;
0633 : 340F80AD;
0634 : 342F8036;
0635 : 344F80B2;
0636 : 346F8037;
0637 : 40000000;
0638 : 340F809D;
0639 : 342F8038;
063A : 344F809E;
063B : 346F8039;
063C : 40000000;
063D : 340F80A3;
063E : 344F80A4;
063F : 40000000;
0640 : 340F80AD;
0641 : 344F80B0;
0642 : 40000000;
0643 : 340F80D1;
0644 : 344F80D2;
0645 : 40000000;
0646 : 340F809F;
0647 : 342F803A;
0648 : 344F80A0;
0649 : 346F803B;
064A : 40000000;
064B : 340F80A9;
064C : 344F80AA;
064D : 40000000;
064E : 340F80B1;
064F : 344F80B2;
0650 : 40000000;
0651 : 340F80BF;
0652 : 344F80C0;
0653 : 40000000;
0654 : 340F80D3;
0655 : 344F80D4;
0656 : 40000000;
0657 : 340F80CF;
0658 : 344F80D0;
0659 : 346F803D;
065A : 40000000;
065B : 340F80A1;
065C : 342F803C;
065D : 344F80A4;
065E : 40000000;
065F : 340F80A7;
0660 : 344F80A8;
0661 : 40000000;
0662 : 340F80B9;
0663 : 344F80BA;
0664 : 40000000;
0665 : 340F809D;
0666 : 344F809E;
0667 : 346F804D;
0668 : 40000000;
0669 : 340F80A3;
066A : 342F803E;
066B : 344F80A6;
066C : 346F803F;
066D : 40000000;
066E : 340F80CB;
066F : 344F80CC;
0670 : 40000000;
0671 : 340F80A9;
0672 : 344F80AA;
0673 : 346F804F;
0674 : 40000000;
0675 : 340F80B5;
0676 : 342F8040;
0677 : 344F80B6;
0678 : 346F8041;
0679 : 40000000;
067A : 340F80A7;
067B : 344F80A8;
067C : 346F804F;
067D : 40000000;
067E : 340F80A3;
067F : 344F80A4;
0680 : 346F8053;
0681 : 40000000;
0682 : 340F80AD;
0683 : 342F8042;
0684 : 344F80B0;
0685 : 346F8043;
0686 : 40000000;
0687 : 340F80BF;
0688 : 344F80C0;
0689 : 40000000;
068A : 340F80CF;
068B : 344F80D0;
068C : 40000000;
068D : 340F809F;
068E : 344F80A2;
068F : 346F8047;
0690 : 40000000;
0691 : 340F80A5;
0692 : 344F80A6;
0693 : 346F8049;
0694 : 40000000;
0695 : 340F80C9;
0696 : 342F8044;
0697 : 344F80CC;
0698 : 346F8045;
0699 : 40000000;
069A : 340F80D1;
069B : 344F80D2;
069C : 40000000;
069D : 340F80AD;
069E : 344F80AE;
069F : 346F8047;
06A0 : 40000000;
06A1 : 340F809B;
06A2 : 344F809C;
06A3 : 346F804B;
06A4 : 40000000;
06A5 : 340F8097;
06A6 : 342F8046;
06A7 : 344F809A;
06A8 : 346F8047;
06A9 : 40000000;
06AA : 340F80AF;
06AB : 344F80B0;
06AC : 40000000;
06AD : 340F80AB;
06AE : 344F80AC;
06AF : 346F804B;
06B0 : 40000000;
06B1 : 340F80D3;
06B2 : 344F80D4;
06B3 : 40000000;
06B4 : 340F806F;
06B5 : 342F8048;
06B6 : 344F8070;
06B7 : 346F8049;
06B8 : 40000000;
06B9 : 340F80CB;
06BA : 344F80CE;
06BB : 40000000;
06BC : 340F8099;
06BD : 344F809A;
06BE : 346F804B;
06BF : 40000000;
06C0 : 340F80A1;
06C1 : 344F80A2;
06C2 : 346F8053;
06C3 : 40000000;
06C4 : 340F806D;
06C5 : 342F804A;
06C6 : 344F806E;
06C7 : 346F804B;
06C8 : 40000000;
06C9 : 340F80C7;
06CA : 344F80CA;
06CB : 40000000;
06CC : 340F80CF;
06CD : 344F80D0;
06CE : 40000000;
06CF : 340F808F;
06D0 : 344F8090;
06D1 : 346F804D;
06D2 : 40000000;
06D3 : 340F809F;
06D4 : 344F80A0;
06D5 : 346F804F;
06D6 : 40000000;
06D7 : 340F80B9;
06D8 : 342F804C;
06D9 : 344F80BA;
06DA : 346F804D;
06DB : 40000000;
06DC : 340F80A5;
06DD : 344F80A6;
06DE : 346F8053;
06DF : 40000000;
06E0 : 340F806B;
06E1 : 342F804E;
06E2 : 344F806C;
06E3 : 346F804F;
06E4 : 40000000;
06E5 : 340F8071;
06E6 : 344F8072;
06E7 : 40000000;
06E8 : 340F80BD;
06E9 : 344F80BE;
06EA : 40000000;
06EB : 340F80D3;
06EC : 344F80D4;
06ED : 40000000;
06EE : 340F80AD;
06EF : 342F8052;
06F0 : 344F80AE;
06F1 : 346F8053;
06F2 : 40000000;
06F3 : 340F806D;
06F4 : 342F8054;
06F5 : 344F806E;
06F6 : 346F8055;
06F7 : 40000000;
06F8 : 340F8063;
06F9 : 342F805A;
06FA : 344F8064;
06FB : 346F805B;
06FC : 40000000;
06FD : 340F80E3;
06FE : 342F8068;
06FF : 344F80E4;
0700 : 346F806D;
0701 : 40000000;
0702 : 340F80B7;
0703 : 342F806A;
0704 : 344F80B8;
0705 : 346F806B;
0706 : 40000000;
0707 : 340F80EB;
0708 : 344F80EC;
0709 : 40000000;
070A : 340F80E3;
070B : 342F8072;
070C : 344F80E4;
070D : 346F8075;
070E : 40000000;
070F : 340F80ED;
0710 : 342F8076;
0711 : 344F80EF;
0712 : 346F807D;
0713 : 40000000;
0714 : 340F80E5;
0715 : 342F8078;
0716 : 344F80E6;
0717 : 40000000;
0718 : 340F80E7;
0719 : 342F807A;
071A : 344F80EC;
071B : 346F807B;
071C : 40000000;
071D : 342F807C;
071E : 344F80E8;
071F : 346F807D;
0720 : 40000000;
0721 : 340F807B;
0722 : 342F808E;
0723 : 344F807C;
0724 : 346F808F;
0725 : 40000000;
0726 : 340F8075;
0727 : 342F8094;
0728 : 344F8076;
0729 : 346F8095;
072A : 40000000;
072B : 340F8077;
072C : 342F8096;
072D : 344F8078;
072E : 346F8097;
072F : 40000000;
0730 : 340F8083;
0731 : 342F8098;
0732 : 344F8084;
0733 : 346F8099;
0734 : 40000000;
0735 : 340F808D;
0736 : 344F8090;
0737 : 40000000;
0738 : 340F808F;
0739 : 342F809A;
073A : 346F809D;
073B : 40000000;
073C : 340F8073;
073D : 342F809C;
073E : 344F8074;
073F : 40000000;
0740 : 340F8087;
0741 : 344F8088;
0742 : 40000000;
0743 : 340F808D;
0744 : 344F808E;
0745 : 346F809F;
0746 : 40000000;
0747 : 340F807F;
0748 : 342F809E;
0749 : 344F8080;
074A : 40000000;
074B : 340F8081;
074C : 342F80A0;
074D : 344F8082;
074E : 346F80A1;
074F : 40000000;
0750 : 340F8089;
0751 : 344F808C;
0752 : 40000000;
0753 : 340F8087;
0754 : 342F80A2;
0755 : 344F8088;
0756 : 346F80A5;
0757 : 40000000;
0758 : 340F807B;
0759 : 342F80A4;
075A : 344F807C;
075B : 40000000;
075C : 340F8085;
075D : 344F8086;
075E : 40000000;
075F : 340F80A9;
0760 : 342F80B8;
0761 : 344F80AA;
0762 : 346F80B9;
0763 : 40000000;
0764 : 340F80C5;
0765 : 344F80C6;
0766 : 346F80BD;
0767 : 40000000;
0768 : 340F8059;
0769 : 342F80BA;
076A : 344F805A;
076B : 346F80BB;
076C : 40000000;
076D : 340F80A9;
076E : 342F80BC;
076F : 344F80AA;
0770 : 346F80BD;
0771 : 40000000;
0772 : 340F8051;
0773 : 342F80BE;
0774 : 344F8052;
0775 : 346F80BF;
0776 : 40000000;
0777 : 340F80E7;
0778 : 344F80E8;
0779 : 40000000;
077A : 340F8051;
077B : 342F80C2;
077C : 344F8052;
077D : 346F80C3;
077E : 40000000;
077F : 340F809F;
0780 : 342F80C8;
0781 : 344F80A0;
0782 : 346F80C9;
0783 : 40000000;
0784 : 340F80B3;
0785 : 344F80B4;
0786 : 40000000;
0787 : 340F80CF;
0788 : 344F80D0;
0789 : 40000000;
078A : 340F80C7;
078B : 342F80CA;
078C : 344F80C8;
078D : 346F80CB;
078E : 40000000;
078F : 340F807F;
0790 : 342F80DE;
0791 : 344F8080;
0792 : 346F80DF;
0793 : 40000000;
0794 : 340F80E1;
0795 : 342F80E2;
0796 : 344F80E2;
0797 : 346F80E3;
0798 : 40000000;
0799 : 340F80DF;
079A : 342F801C;
079B : 346F801F;
079C : 348F8005;
079D : 40000000;
079E : 340F80E3;
079F : 342F801E;
07A0 : 344F80E6;
07A1 : 346F8021;
07A2 : 40000000;
07A3 : 340F80DD;
07A4 : 344F80DE;
07A5 : 346F8023;
07A6 : 40000000;
07A7 : 340F80D1;
07A8 : 342F8020;
07A9 : 344F80D2;
07AA : 346F8021;
07AB : 40000000;
07AC : 340F80D7;
07AD : 344F80DC;
07AE : 40000000;
07AF : 340F80E7;
07B0 : 344F80EA;
07B1 : 40000000;
07B2 : 340F80CD;
07B3 : 344F80CE;
07B4 : 346F8023;
07B5 : 40000000;
07B6 : 340F80A9;
07B7 : 342F8022;
07B8 : 344F80AA;
07B9 : 40000000;
07BA : 340F80CB;
07BB : 344F80CC;
07BC : 40000000;
07BD : 340F80DF;
07BE : 344F80E0;
07BF : 40000000;
07C0 : 340F80E7;
07C1 : 344F80E8;
07C2 : 40000000;
07C3 : 340F80DB;
07C4 : 344F80DC;
07C5 : 346F8025;
07C6 : 40000000;
07C7 : 340F80ED;
07C8 : 344F80EF;
07C9 : 346F8029;
07CA : 40000000;
07CB : 340F80C9;
07CC : 342F8024;
07CD : 344F80CA;
07CE : 346F8025;
07CF : 40000000;
07D0 : 340F80D9;
07D1 : 344F80DA;
07D2 : 40000000;
07D3 : 340F80E9;
07D4 : 344F80EC;
07D5 : 40000000;
07D6 : 340F80AB;
07D7 : 342F8026;
07D8 : 344F80AC;
07D9 : 346F8027;
07DA : 40000000;
07DB : 340F80EB;
07DC : 344F80EC;
07DD : 346F8031;
07DE : 40000000;
07DF : 340F80DB;
07E0 : 342F8028;
07E1 : 344F80DC;
07E2 : 346F8029;
07E3 : 40000000;
07E4 : 340F80E7;
07E5 : 344F80E8;
07E6 : 40000000;
07E7 : 340F80AD;
07E8 : 344F80AE;
07E9 : 346F802B;
07EA : 40000000;
07EB : 340F80E9;
07EC : 342F802A;
07ED : 344F80EA;
07EE : 40000000;
07EF : 340F80E5;
07F0 : 342F802E;
07F1 : 346F802F;
07F2 : 40000000;
07F3 : 340F80ED;
07F4 : 344F80EF;
07F5 : 346F8031;
07F6 : 40000000;
07F7 : 340F809B;
07F8 : 342F8032;
07F9 : 344F809C;
07FA : 346F8033;
07FB : 40000000;
07FC : 340F80AF;
07FD : 344F80B0;
07FE : 40000000;
07FF : 340F80B9;
0800 : 342F8034;
0801 : 344F80BA;
0802 : 346F8035;
0803 : 40000000;
0804 : 340F80E5;
0805 : 344F80E6;
0806 : 346F8041;
0807 : 40000000;
0808 : 340F80DF;
0809 : 342F8036;
080A : 344F80E0;
080B : 346F803B;
080C : 40000000;
080D : 340F80E3;
080E : 344F80E4;
080F : 346F803D;
0810 : 40000000;
0811 : 340F80DB;
0812 : 342F8038;
0813 : 344F80DC;
0814 : 40000000;
0815 : 340F80D7;
0816 : 342F803A;
0817 : 344F80DA;
0818 : 346F803B;
0819 : 40000000;
081A : 340F80DD;
081B : 344F80DE;
081C : 40000000;
081D : 340F80E1;
081E : 344F80E2;
081F : 346F803D;
0820 : 40000000;
0821 : 340F8063;
0822 : 342F803C;
0823 : 344F8064;
0824 : 40000000;
0825 : 340F8099;
0826 : 344F809A;
0827 : 40000000;
0828 : 340F80D5;
0829 : 344F80D8;
082A : 40000000;
082B : 340F809B;
082C : 342F803E;
082D : 344F809C;
082E : 346F803F;
082F : 40000000;
0830 : 340F80E9;
0831 : 344F80EA;
0832 : 40000000;
0833 : 340F80DF;
0834 : 344F80E0;
0835 : 346F8041;
0836 : 40000000;
0837 : 340F80DD;
0838 : 342F8040;
0839 : 344F80DE;
083A : 40000000;
083B : 340F806B;
083C : 342F8042;
083D : 344F806E;
083E : 346F8043;
083F : 40000000;
0840 : 340F80E1;
0841 : 344F80E2;
0842 : 40000000;
0843 : 340F8069;
0844 : 342F8044;
0845 : 344F806A;
0846 : 346F8045;
0847 : 40000000;
0848 : 340F80E3;
0849 : 344F80E4;
084A : 346F8049;
084B : 40000000;
084C : 340F80B5;
084D : 342F8046;
084E : 344F80B6;
084F : 346F8047;
0850 : 40000000;
0851 : 340F80DF;
0852 : 344F80E2;
0853 : 40000000;
0854 : 340F80E5;
0855 : 344F80E6;
0856 : 346F804D;
0857 : 40000000;
0858 : 340F8067;
0859 : 342F8048;
085A : 344F8068;
085B : 346F8049;
085C : 40000000;
085D : 340F80EB;
085E : 344F80EF;
085F : 346F804B;
0860 : 40000000;
0861 : 340F80E7;
0862 : 344F80E8;
0863 : 346F804F;
0864 : 40000000;
0865 : 340F80E9;
0866 : 342F804A;
0867 : 344F80EA;
0868 : 40000000;
0869 : 340F80B7;
086A : 344F80B8;
086B : 346F8053;
086C : 40000000;
086D : 340F80ED;
086E : 342F804C;
086F : 344F80EF;
0870 : 346F804F;
0871 : 40000000;
0872 : 340F80B9;
0873 : 342F804E;
0874 : 344F80BA;
0875 : 346F8055;
0876 : 40000000;
0877 : 340F8083;
0878 : 342F8052;
0879 : 344F8084;
087A : 346F8053;
087B : 40000000;
087C : 340F80C5;
087D : 344F80CA;
087E : 40000000;
087F : 340F80EB;
0880 : 344F80EF;
0881 : 40000000;
0882 : 340F8065;
0883 : 344F8066;
0884 : 346F8055;
0885 : 40000000;
0886 : 340F80BB;
0887 : 344F80BC;
0888 : 346F8057;
0889 : 40000000;
088A : 340F8085;
088B : 342F8054;
088C : 344F8086;
088D : 346F8055;
088E : 40000000;
088F : 340F80B3;
0890 : 344F80B4;
0891 : 40000000;
0892 : 340F80BF;
0893 : 344F80C2;
0894 : 40000000;
0895 : 340F80C7;
0896 : 344F80C8;
0897 : 40000000;
0898 : 340F80EB;
0899 : 344F80EC;
089A : 40000000;
089B : 340F805B;
089C : 342F8056;
089D : 344F805C;
089E : 346F8057;
089F : 40000000;
08A0 : 340F805D;
08A1 : 342F8058;
08A2 : 344F805E;
08A3 : 346F8059;
08A4 : 40000000;
08A5 : 340F808F;
08A6 : 342F805A;
08A7 : 344F8090;
08A8 : 346F805B;
08A9 : 40000000;
08AA : 340F809F;
08AB : 344F80A0;
08AC : 40000000;
08AD : 340F805F;
08AE : 342F805C;
08AF : 344F8060;
08B0 : 346F805D;
08B1 : 40000000;
08B2 : 340F8061;
08B3 : 342F805E;
08B4 : 344F8062;
08B5 : 346F805F;
08B6 : 40000000;
08B7 : 340F809B;
08B8 : 344F809C;
08B9 : 40000000;
08BA : 340F80E5;
08BB : 342F8064;
08BC : 344F80E6;
08BD : 346F8065;
08BE : 40000000;
08BF : 340F80E7;
08C0 : 342F8066;
08C1 : 344F80E8;
08C2 : 346F8069;
08C3 : 40000000;
08C4 : 340F80EB;
08C5 : 342F8068;
08C6 : 344F80EF;
08C7 : 40000000;
08C8 : 340F80E9;
08C9 : 342F8082;
08CA : 344F80EA;
08CB : 346F8083;
08CC : 40000000;
08CD : 340F80E7;
08CE : 342F8086;
08CF : 344F80E8;
08D0 : 346F8087;
08D1 : 40000000;
08D2 : 340F8051;
08D3 : 342F809C;
08D4 : 344F8052;
08D5 : 346F809F;
08D6 : 40000000;
08D7 : 340F8053;
08D8 : 342F80B0;
08D9 : 344F8054;
08DA : 346F80B1;
08DB : 40000000;
08DC : 340F805B;
08DD : 342F80B6;
08DE : 344F805C;
08DF : 346F80B7;
08E0 : 40000000;
08E1 : 340F8069;
08E2 : 344F806A;
08E3 : 40000000;
08E4 : 340F80A9;
08E5 : 344F80AA;
08E6 : 40000000;
08E7 : 340F80B1;
08E8 : 344F80B2;
08E9 : 40000000;
08EA : 340F80D1;
08EB : 344F80D2;
08EC : 40000000;
08ED : 340F80EB;
08EE : 344F80EC;
08EF : 40000000;
08F0 : 340F8057;
08F1 : 342F80D8;
08F2 : 344F8058;
08F3 : 346F80D9;
08F4 : 40000000;
08F5 : 340F80EB;
08F6 : 344F80EC;
08F7 : 40000000;
08F8 : 340F8055;
08F9 : 342F80DA;
08FA : 344F8056;
08FB : 346F80DB;
08FC : 40000000;
08FD : 340F8063;
08FE : 342F80DE;
08FF : 344F8064;
0900 : 346F80DF;
0901 : 40000000;
0902 : 340F806B;
0903 : 344F806C;
0904 : 40000000;
0905 : 340F809D;
0906 : 342F80E0;
0907 : 344F809E;
0908 : 346F80E1;
0909 : 40000000;
090A : 340F80ED;
090B : 344F80EF;
090C : 40000000;
090D : 340F8065;
090E : 342F80E2;
090F : 344F8066;
0910 : 346F80E3;
0911 : 40000000;
0912 : 340F807F;
0913 : 344F8080;
0914 : 40000000;
0915 : 340F8055;
0916 : 342F80E4;
0917 : 344F8056;
0918 : 346F80E7;
0919 : 40000000;
091A : 340F8057;
091B : 342F80E6;
091C : 344F8058;
091D : 40000000;
091E : 340F8053;
091F : 342F8000;
0920 : 344F8054;
0921 : 346F8003;
0922 : 348F8006;
0923 : 40000000;
0924 : 340F80C3;
0925 : 342F8004;
0926 : 344F80C4;
0927 : 346F8005;
0928 : 40000000;
0929 : 340F8053;
092A : 342F8006;
092B : 344F8054;
092C : 346F800B;
092D : 40000000;
092E : 340F8089;
092F : 342F800A;
0930 : 344F808A;
0931 : 40000000;
0932 : 340F808D;
0933 : 344F8090;
0934 : 40000000;
0935 : 340F809D;
0936 : 344F80A2;
0937 : 40000000;
0938 : 340F807F;
0939 : 342F800C;
093A : 344F8086;
093B : 346F800D;
093C : 40000000;
093D : 340F8095;
093E : 344F8098;
093F : 40000000;
0940 : 340F80A5;
0941 : 344F80A6;
0942 : 346F800F;
0943 : 40000000;
0944 : 340F8079;
0945 : 342F800E;
0946 : 344F807C;
0947 : 40000000;
0948 : 340F8075;
0949 : 342F8010;
094A : 344F8076;
094B : 346F8011;
094C : 40000000;
094D : 340F80A7;
094E : 344F80A8;
094F : 40000000;
0950 : 340F80BF;
0951 : 344F80C4;
0952 : 40000000;
0953 : 340F80D1;
0954 : 344F80D4;
0955 : 40000000;
0956 : 340F8073;
0957 : 342F8012;
0958 : 344F8074;
0959 : 346F8013;
095A : 40000000;
095B : 340F80C3;
095C : 344F80C6;
095D : 40000000;
095E : 340F8071;
095F : 342F8014;
0960 : 344F8072;
0961 : 346F8015;
0962 : 40000000;
0963 : 340F80A9;
0964 : 344F80AA;
0965 : 346F8019;
0966 : 40000000;
0967 : 340F8053;
0968 : 342F8018;
0969 : 344F8054;
096A : 40000000;
096B : 340F806B;
096C : 344F806C;
096D : 346F801B;
096E : 40000000;
096F : 340F80DB;
0970 : 342F801C;
0971 : 344F80DE;
0972 : 346F801D;
0973 : 40000000;
0974 : 340F8069;
0975 : 342F801E;
0976 : 344F806A;
0977 : 346F801F;
0978 : 40000000;
0979 : 340F80E7;
097A : 344F80E8;
097B : 40000000;
097C : 340F80EB;
097D : 342F8020;
097E : 344F80EC;
097F : 346F8021;
0980 : 40000000;
0981 : 340F8067;
0982 : 342F8022;
0983 : 344F8068;
0984 : 346F8027;
0985 : 40000000;
0986 : 340F8053;
0987 : 342F8026;
0988 : 344F8054;
0989 : 346F802F;
098A : 40000000;
098B : 340F8065;
098C : 342F802C;
098D : 344F8066;
098E : 40000000;
098F : 340F8067;
0990 : 342F8032;
0991 : 344F8068;
0992 : 346F8035;
0993 : 40000000;
0994 : 340F805B;
0995 : 342F8036;
0996 : 344F805C;
0997 : 346F8037;
0998 : 40000000;
0999 : 340F8069;
099A : 342F803A;
099B : 344F806A;
099C : 346F803B;
099D : 40000000;
099E : 340F806B;
099F : 342F803E;
09A0 : 344F806C;
09A1 : 346F8041;
09A2 : 40000000;
09A3 : 340F8053;
09A4 : 342F804E;
09A5 : 344F8054;
09A6 : 346F807B;
09A7 : 40000000;
09A8 : 340F8055;
09A9 : 342F8050;
09AA : 344F8056;
09AB : 346F8075;
09AC : 40000000;
09AD : 340F8057;
09AE : 342F8052;
09AF : 344F8058;
09B0 : 346F8071;
09B1 : 40000000;
09B2 : 340F8059;
09B3 : 342F8054;
09B4 : 344F805A;
09B5 : 346F806D;
09B6 : 40000000;
09B7 : 340F80EB;
09B8 : 342F8058;
09B9 : 344F80EC;
09BA : 346F8059;
09BB : 40000000;
09BC : 340F805B;
09BD : 344F805C;
09BE : 346F8069;
09BF : 40000000;
09C0 : 340F805D;
09C1 : 342F805A;
09C2 : 344F805E;
09C3 : 346F8065;
09C4 : 40000000;
09C5 : 340F80E5;
09C6 : 342F805C;
09C7 : 344F80E6;
09C8 : 346F805D;
09C9 : 40000000;
09CA : 340F805F;
09CB : 342F805E;
09CC : 344F8060;
09CD : 346F8063;
09CE : 40000000;
09CF : 340F80DF;
09D0 : 342F8082;
09D1 : 344F80E0;
09D2 : 346F8083;
09D3 : 40000000;
09D4 : 340F80ED;
09D5 : 342F808C;
09D6 : 344F80EF;
09D7 : 346F808D;
09D8 : 40000000;
09D9 : 340F8053;
09DA : 342F809E;
09DB : 344F8054;
09DC : 346F80AF;
09DD : 40000000;
09DE : 340F8055;
09DF : 342F80AA;
09E0 : 344F8056;
09E1 : 346F80AD;
09E2 : 40000000;
09E3 : 340F80ED;
09E4 : 342F80B0;
09E5 : 344F80EF;
09E6 : 346F80B3;
09E7 : 40000000;
09E8 : 340F8059;
09E9 : 342F80C8;
09EA : 344F805A;
09EB : 346F80CB;
09EC : 40000000;
09ED : 340F80ED;
09EE : 342F80D0;
09EF : 344F80EF;
09F0 : 346F80D7;
09F1 : 40000000;
09F2 : 342F80E8;
09F3 : 346F80E9;
09F4 : 40000000;
09F5 : 340F80E9;
09F6 : 344F80EA;
09F7 : 346F80EF;
09F8 : 40000000;
09F9 : 340F8051;
09FA : 342F800C;
09FB : 344F8052;
09FC : 346F800D;
09FD : 348F8008;
09FE : 40000000;
09FF : 342F801A;
0A00 : 346F801B;
0A01 : 40000000;
0A02 : 342F8026;
0A03 : 346F8027;
0A04 : 40000000;
0A05 : 342F8032;
0A06 : 346F804B;
0A07 : 40000000;
0A08 : 342F8060;
0A09 : 346F8061;
0A0A : 40000000;
0A0B : 342F8076;
0A0C : 346F8077;
0A0D : 40000000;
0A0E : 342F807A;
0A0F : 346F807D;
0A10 : 40000000;
0A11 : 342F80A2;
0A12 : 346F80A5;
0A13 : 40000000;
0A14 : 340F8057;
0A15 : 342F80B2;
0A16 : 344F8058;
0A17 : 346F80B3;
0A18 : 40000000;
0A19 : 340F8073;
0A1A : 342F80B6;
0A1B : 344F8074;
0A1C : 346F80B7;
0A1D : 40000000;
0A1E : 340F807F;
0A1F : 344F8080;
0A20 : 40000000;
0A21 : 340F8085;
0A22 : 344F8086;
0A23 : 40000000;
0A24 : 340F808F;
0A25 : 344F8090;
0A26 : 40000000;
0A27 : 340F8095;
0A28 : 344F8098;
0A29 : 40000000;
0A2A : 340F80AD;
0A2B : 344F80B0;
0A2C : 40000000;
0A2D : 340F80ED;
0A2E : 344F80EF;
0A2F : 40000000;
0A30 : 340F80B9;
0A31 : 344F80BA;
0A32 : 346F80B9;
0A33 : 40000000;
0A34 : 340F8099;
0A35 : 342F80B8;
0A36 : 344F809A;
0A37 : 40000000;
0A38 : 340F8069;
0A39 : 342F80BA;
0A3A : 344F806A;
0A3B : 346F80BB;
0A3C : 40000000;
0A3D : 340F80E7;
0A3E : 344F80E8;
0A3F : 40000000;
0A40 : 340F807B;
0A41 : 344F807C;
0A42 : 346F80BD;
0A43 : 40000000;
0A44 : 340F806D;
0A45 : 342F80BC;
0A46 : 344F806E;
0A47 : 40000000;
0A48 : 340F80B9;
0A49 : 344F80BA;
0A4A : 346F80BF;
0A4B : 40000000;
0A4C : 340F8059;
0A4D : 342F80BE;
0A4E : 344F805A;
0A4F : 40000000;
0A50 : 340F806F;
0A51 : 344F8070;
0A52 : 40000000;
0A53 : 340F807D;
0A54 : 344F807E;
0A55 : 40000000;
0A56 : 340F8099;
0A57 : 344F809A;
0A58 : 40000000;
0A59 : 340F80C5;
0A5A : 344F80C6;
0A5B : 40000000;
0A5C : 340F80D1;
0A5D : 344F80D2;
0A5E : 40000000;
0A5F : 340F8055;
0A60 : 342F80C0;
0A61 : 344F8056;
0A62 : 346F80C1;
0A63 : 40000000;
0A64 : 340F809B;
0A65 : 344F809C;
0A66 : 40000000;
0A67 : 340F8051;
0A68 : 342F80C8;
0A69 : 344F8052;
0A6A : 346F80C9;
0A6B : 40000000;
0A6C : 340F807D;
0A6D : 344F807E;
0A6E : 40000000;
0A6F : 340F808B;
0A70 : 344F808C;
0A71 : 40000000;
0A72 : 340F80CB;
0A73 : 344F80CE;
0A74 : 40000000;
0A75 : 340F807D;
0A76 : 342F80CC;
0A77 : 344F807E;
0A78 : 346F80CF;
0A79 : 40000000;
0A7A : 340F808B;
0A7B : 344F808C;
0A7C : 40000000;
0A7D : 340F80AF;
0A7E : 342F80CE;
0A7F : 344F80B0;
0A80 : 40000000;
0A81 : 340F809F;
0A82 : 342F80D0;
0A83 : 344F80A0;
0A84 : 346F80D1;
0A85 : 40000000;
0A86 : 340F8085;
0A87 : 342F80D2;
0A88 : 344F8086;
0A89 : 346F80D3;
0A8A : 40000000;
0A8B : 340F80A7;
0A8C : 344F80A8;
0A8D : 40000000;
0A8E : 340F80CF;
0A8F : 344F80D0;
0A90 : 40000000;
0A91 : 340F8057;
0A92 : 342F80DA;
0A93 : 344F8058;
0A94 : 346F80DB;
0A95 : 40000000;
0A96 : 340F806D;
0A97 : 344F8070;
0A98 : 40000000;
0A99 : 340F80A1;
0A9A : 344F80A2;
0A9B : 40000000;
0A9C : 340F80ED;
0A9D : 344F80EF;
0A9E : 40000000;
0A9F : 340F80B1;
0AA0 : 344F80B2;
0AA1 : 346F80DD;
0AA2 : 40000000;
0AA3 : 340F8061;
0AA4 : 342F80DC;
0AA5 : 344F8062;
0AA6 : 40000000;
0AA7 : 340F808D;
0AA8 : 344F808E;
0AA9 : 40000000;
0AAA : 340F809D;
0AAB : 344F809E;
0AAC : 40000000;
0AAD : 340F80C9;
0AAE : 344F80CA;
0AAF : 40000000;
0AB0 : 340F80DF;
0AB1 : 344F80E0;
0AB2 : 40000000;
0AB3 : 340F808F;
0AB4 : 342F80DE;
0AB5 : 344F8090;
0AB6 : 346F80DF;
0AB7 : 40000000;
0AB8 : 340F80A9;
0AB9 : 344F80AA;
0ABA : 40000000;
0ABB : 340F80E1;
0ABC : 344F80E2;
0ABD : 40000000;
0ABE : 340F80E7;
0ABF : 344F80E8;
0AC0 : 346F80E1;
0AC1 : 40000000;
0AC2 : 340F8059;
0AC3 : 342F80E0;
0AC4 : 344F805A;
0AC5 : 40000000;
0AC6 : 340F8077;
0AC7 : 344F8078;
0AC8 : 40000000;
0AC9 : 340F80C5;
0ACA : 344F80C6;
0ACB : 40000000;
0ACC : 340F80B1;
0ACD : 344F80B2;
0ACE : 346F80E3;
0ACF : 40000000;
0AD0 : 340F8097;
0AD1 : 342F80E2;
0AD2 : 344F8098;
0AD3 : 40000000;
0AD4 : 340F805B;
0AD5 : 342F80E4;
0AD6 : 344F805C;
0AD7 : 346F80E5;
0AD8 : 40000000;
0AD9 : 340F8087;
0ADA : 344F8088;
0ADB : 40000000;
0ADC : 340F80E1;
0ADD : 344F80E2;
0ADE : 40000000;
0ADF : 340F80EB;
0AE0 : 344F80EF;
0AE1 : 40000000;
0AE2 : 340F8051;
0AE3 : 342F80EA;
0AE4 : 344F8052;
0AE5 : 346F80EB;
0AE6 : 40000000;
0AE7 : 340F80DF;
0AE8 : 342F8020;
0AE9 : 344F80E0;
0AEA : 346F8021;
0AEB : 348F8009;
0AEC : 40000000;
0AED : 340F80A7;
0AEE : 344F80A8;
0AEF : 346F8023;
0AF0 : 40000000;
0AF1 : 340F80D3;
0AF2 : 344F80D6;
0AF3 : 346F8027;
0AF4 : 40000000;
0AF5 : 340F80CF;
0AF6 : 342F8022;
0AF7 : 344F80D2;
0AF8 : 346F8023;
0AF9 : 40000000;
0AFA : 340F80D7;
0AFB : 344F80DA;
0AFC : 40000000;
0AFD : 340F80E1;
0AFE : 344F80E6;
0AFF : 40000000;
0B00 : 340F80CB;
0B01 : 342F8024;
0B02 : 344F80CC;
0B03 : 346F8025;
0B04 : 40000000;
0B05 : 340F80D1;
0B06 : 344F80D2;
0B07 : 40000000;
0B08 : 340F80D7;
0B09 : 344F80D8;
0B0A : 40000000;
0B0B : 340F80E1;
0B0C : 344F80E4;
0B0D : 40000000;
0B0E : 340F80E7;
0B0F : 344F80E8;
0B10 : 346F8027;
0B11 : 40000000;
0B12 : 340F80C9;
0B13 : 342F8026;
0B14 : 344F80CA;
0B15 : 40000000;
0B16 : 340F80E3;
0B17 : 344F80E6;
0B18 : 40000000;
0B19 : 340F80E9;
0B1A : 344F80EA;
0B1B : 346F8029;
0B1C : 40000000;
0B1D : 340F80A5;
0B1E : 342F8028;
0B1F : 344F80A6;
0B20 : 40000000;
0B21 : 340F80C5;
0B22 : 342F802A;
0B23 : 344F80CA;
0B24 : 346F802B;
0B25 : 40000000;
0B26 : 340F80A1;
0B27 : 344F80A2;
0B28 : 346F802D;
0B29 : 40000000;
0B2A : 340F80A3;
0B2B : 342F802C;
0B2C : 344F80A4;
0B2D : 40000000;
0B2E : 340F80CB;
0B2F : 344F80CC;
0B30 : 40000000;
0B31 : 340F80C3;
0B32 : 344F80C4;
0B33 : 346F8031;
0B34 : 40000000;
0B35 : 340F809B;
0B36 : 342F8030;
0B37 : 344F80A0;
0B38 : 40000000;
0B39 : 340F80C5;
0B3A : 344F80C6;
0B3B : 346F8033;
0B3C : 40000000;
0B3D : 340F809D;
0B3E : 342F8032;
0B3F : 344F80A0;
0B40 : 346F8035;
0B41 : 40000000;
0B42 : 340F80B1;
0B43 : 342F8034;
0B44 : 344F80B2;
0B45 : 40000000;
0B46 : 340F80BB;
0B47 : 344F80BC;
0B48 : 40000000;
0B49 : 340F809D;
0B4A : 342F8036;
0B4B : 344F809E;
0B4C : 346F8037;
0B4D : 40000000;
0B4E : 340F80A5;
0B4F : 344F80A6;
0B50 : 40000000;
0B51 : 340F80B3;
0B52 : 344F80B8;
0B53 : 40000000;
0B54 : 340F80BD;
0B55 : 344F80BE;
0B56 : 40000000;
0B57 : 340F80DB;
0B58 : 344F80DE;
0B59 : 40000000;
0B5A : 340F809B;
0B5B : 342F8038;
0B5C : 344F809C;
0B5D : 346F8039;
0B5E : 40000000;
0B5F : 340F80B3;
0B60 : 344F80B4;
0B61 : 40000000;
0B62 : 340F80BF;
0B63 : 344F80C0;
0B64 : 40000000;
0B65 : 340F80C9;
0B66 : 344F80CA;
0B67 : 40000000;
0B68 : 340F80DD;
0B69 : 344F80DE;
0B6A : 40000000;
0B6B : 340F80BB;
0B6C : 344F80BC;
0B6D : 346F803D;
0B6E : 40000000;
0B6F : 340F80AF;
0B70 : 342F803A;
0B71 : 344F80B0;
0B72 : 346F803B;
0B73 : 40000000;
0B74 : 340F80B7;
0B75 : 344F80B8;
0B76 : 40000000;
0B77 : 340F80BD;
0B78 : 344F80BE;
0B79 : 40000000;
0B7A : 340F80D1;
0B7B : 344F80D2;
0B7C : 346F803F;
0B7D : 40000000;
0B7E : 340F80AB;
0B7F : 344F80AC;
0B80 : 346F8045;
0B81 : 40000000;
0B82 : 340F80C5;
0B83 : 342F803C;
0B84 : 344F80C6;
0B85 : 346F803D;
0B86 : 40000000;
0B87 : 340F80DD;
0B88 : 344F80E0;
0B89 : 40000000;
0B8A : 340F80BF;
0B8B : 344F80C0;
0B8C : 346F803F;
0B8D : 40000000;
0B8E : 340F80D3;
0B8F : 344F80D4;
0B90 : 40000000;
0B91 : 340F80AF;
0B92 : 342F803E;
0B93 : 344F80B0;
0B94 : 40000000;
0B95 : 340F80D5;
0B96 : 344F80DE;
0B97 : 40000000;
0B98 : 340F8097;
0B99 : 342F8040;
0B9A : 344F8098;
0B9B : 346F8041;
0B9C : 40000000;
0B9D : 340F80A5;
0B9E : 344F80A6;
0B9F : 40000000;
0BA0 : 340F80CF;
0BA1 : 344F80D0;
0BA2 : 40000000;
0BA3 : 340F809B;
0BA4 : 344F809C;
0BA5 : 346F8043;
0BA6 : 40000000;
0BA7 : 340F80CB;
0BA8 : 344F80CC;
0BA9 : 40000000;
0BAA : 340F80C1;
0BAB : 344F80C2;
0BAC : 346F8049;
0BAD : 40000000;
0BAE : 340F80C3;
0BAF : 342F8042;
0BB0 : 344F80C6;
0BB1 : 346F8043;
0BB2 : 40000000;
0BB3 : 340F80D1;
0BB4 : 344F80D2;
0BB5 : 40000000;
0BB6 : 340F80DD;
0BB7 : 344F80DE;
0BB8 : 40000000;
0BB9 : 340F806B;
0BBA : 342F8044;
0BBB : 344F806E;
0BBC : 346F8045;
0BBD : 40000000;
0BBE : 340F8099;
0BBF : 344F809A;
0BC0 : 40000000;
0BC1 : 340F80B7;
0BC2 : 344F80B8;
0BC3 : 346F8047;
0BC4 : 40000000;
0BC5 : 340F80BF;
0BC6 : 344F80C0;
0BC7 : 346F8049;
0BC8 : 40000000;
0BC9 : 340F80DB;
0BCA : 342F8046;
0BCB : 344F80DC;
0BCC : 346F8047;
0BCD : 40000000;
0BCE : 340F80BD;
0BCF : 344F80BE;
0BD0 : 346F804D;
0BD1 : 40000000;
0BD2 : 340F806D;
0BD3 : 342F8048;
0BD4 : 344F806E;
0BD5 : 346F8049;
0BD6 : 40000000;
0BD7 : 340F8071;
0BD8 : 344F8072;
0BD9 : 40000000;
0BDA : 340F8097;
0BDB : 344F8098;
0BDC : 40000000;
0BDD : 340F809F;
0BDE : 344F80A0;
0BDF : 40000000;
0BE0 : 340F80AD;
0BE1 : 344F80AE;
0BE2 : 40000000;
0BE3 : 340F80C3;
0BE4 : 344F80C4;
0BE5 : 40000000;
0BE6 : 340F80DF;
0BE7 : 344F80E2;
0BE8 : 40000000;
0BE9 : 340F806F;
0BEA : 342F804A;
0BEB : 344F8070;
0BEC : 346F804B;
0BED : 40000000;
0BEE : 340F8075;
0BEF : 344F8076;
0BF0 : 40000000;
0BF1 : 340F80A5;
0BF2 : 344F80A6;
0BF3 : 40000000;
0BF4 : 340F80BB;
0BF5 : 344F80BC;
0BF6 : 40000000;
0BF7 : 340F80C5;
0BF8 : 344F80C6;
0BF9 : 40000000;
0BFA : 340F80E1;
0BFB : 344F80E2;
0BFC : 346F804D;
0BFD : 40000000;
0BFE : 340F8067;
0BFF : 342F804C;
0C00 : 344F8068;
0C01 : 40000000;
0C02 : 340F8091;
0C03 : 344F8092;
0C04 : 40000000;
0C05 : 340F80AB;
0C06 : 344F80AC;
0C07 : 40000000;
0C08 : 340F80D1;
0C09 : 344F80D2;
0C0A : 40000000;
0C0B : 340F80D5;
0C0C : 344F80D8;
0C0D : 40000000;
0C0E : 340F80C7;
0C0F : 344F80CA;
0C10 : 346F8051;
0C11 : 40000000;
0C12 : 340F8075;
0C13 : 342F804E;
0C14 : 344F8076;
0C15 : 346F804F;
0C16 : 40000000;
0C17 : 340F8069;
0C18 : 344F806A;
0C19 : 346F8051;
0C1A : 40000000;
0C1B : 340F80C5;
0C1C : 344F80C6;
0C1D : 40000000;
0C1E : 340F80BF;
0C1F : 344F80C0;
0C20 : 346F8053;
0C21 : 40000000;
0C22 : 340F8067;
0C23 : 342F8050;
0C24 : 344F8068;
0C25 : 346F8051;
0C26 : 40000000;
0C27 : 340F806B;
0C28 : 344F806E;
0C29 : 40000000;
0C2A : 340F80BB;
0C2B : 344F80BC;
0C2C : 40000000;
0C2D : 340F80CF;
0C2E : 344F80D0;
0C2F : 40000000;
0C30 : 340F80DB;
0C31 : 344F80DC;
0C32 : 40000000;
0C33 : 340F80E7;
0C34 : 344F80E8;
0C35 : 40000000;
0C36 : 340F80C1;
0C37 : 344F80C4;
0C38 : 346F8053;
0C39 : 40000000;
0C3A : 340F80CB;
0C3B : 344F80CC;
0C3C : 40000000;
0C3D : 340F806D;
0C3E : 342F8052;
0C3F : 344F8070;
0C40 : 40000000;
0C41 : 340F8085;
0C42 : 344F8086;
0C43 : 40000000;
0C44 : 340F80B3;
0C45 : 344F80B6;
0C46 : 40000000;
0C47 : 340F80CD;
0C48 : 344F80CE;
0C49 : 40000000;
0C4A : 340F80DF;
0C4B : 344F80E0;
0C4C : 40000000;
0C4D : 340F806F;
0C4E : 342F8054;
0C4F : 344F8070;
0C50 : 346F8055;
0C51 : 40000000;
0C52 : 340F80C3;
0C53 : 344F80C6;
0C54 : 40000000;
0C55 : 340F80C9;
0C56 : 344F80CA;
0C57 : 40000000;
0C58 : 340F80D1;
0C59 : 344F80D4;
0C5A : 40000000;
0C5B : 340F80BD;
0C5C : 344F80BE;
0C5D : 346F8057;
0C5E : 40000000;
0C5F : 340F8067;
0C60 : 342F8056;
0C61 : 344F8068;
0C62 : 40000000;
0C63 : 340F808B;
0C64 : 344F808C;
0C65 : 40000000;
0C66 : 340F80BF;
0C67 : 344F80C0;
0C68 : 40000000;
0C69 : 340F80C7;
0C6A : 344F80C8;
0C6B : 346F8059;
0C6C : 40000000;
0C6D : 340F8065;
0C6E : 342F8058;
0C6F : 344F8066;
0C70 : 40000000;
0C71 : 340F80A3;
0C72 : 344F80A4;
0C73 : 40000000;
0C74 : 340F80D1;
0C75 : 344F80D2;
0C76 : 40000000;
0C77 : 340F80BF;
0C78 : 342F805A;
0C79 : 344F80C0;
0C7A : 346F805B;
0C7B : 40000000;
0C7C : 340F80C3;
0C7D : 344F80C4;
0C7E : 40000000;
0C7F : 340F80D9;
0C80 : 344F80DA;
0C81 : 40000000;
0C82 : 340F8091;
0C83 : 342F805C;
0C84 : 344F8092;
0C85 : 346F805D;
0C86 : 40000000;
0C87 : 340F80C1;
0C88 : 344F80C2;
0C89 : 40000000;
0C8A : 340F80D1;
0C8B : 344F80D4;
0C8C : 40000000;
0C8D : 340F8093;
0C8E : 342F805E;
0C8F : 344F8094;
0C90 : 346F805F;
0C91 : 40000000;
0C92 : 340F80E3;
0C93 : 342F8064;
0C94 : 344F80E4;
0C95 : 346F8067;
0C96 : 40000000;
0C97 : 340F80BB;
0C98 : 342F8066;
0C99 : 344F80C0;
0C9A : 40000000;
0C9B : 340F80B9;
0C9C : 342F8068;
0C9D : 344F80BC;
0C9E : 346F8069;
0C9F : 40000000;
0CA0 : 340F80B5;
0CA1 : 344F80B6;
0CA2 : 346F806D;
0CA3 : 40000000;
0CA4 : 340F8051;
0CA5 : 342F806C;
0CA6 : 344F8052;
0CA7 : 40000000;
0CA8 : 340F80B1;
0CA9 : 344F80B4;
0CAA : 346F806F;
0CAB : 40000000;
0CAC : 340F80AF;
0CAD : 342F806E;
0CAE : 344F80B0;
0CAF : 40000000;
0CB0 : 340F80E9;
0CB1 : 342F807C;
0CB2 : 344F80EC;
0CB3 : 346F807F;
0CB4 : 40000000;
0CB5 : 340F80E5;
0CB6 : 342F807E;
0CB7 : 344F80E6;
0CB8 : 40000000;
0CB9 : 340F80ED;
0CBA : 344F80EF;
0CBB : 346F8085;
0CBC : 40000000;
0CBD : 340F80DF;
0CBE : 342F8080;
0CBF : 344F80E0;
0CC0 : 346F8081;
0CC1 : 40000000;
0CC2 : 340F80E7;
0CC3 : 344F80E8;
0CC4 : 40000000;
0CC5 : 340F8075;
0CC6 : 342F808A;
0CC7 : 344F8076;
0CC8 : 346F808B;
0CC9 : 40000000;
0CCA : 340F8079;
0CCB : 344F807A;
0CCC : 346F808D;
0CCD : 40000000;
0CCE : 340F8077;
0CCF : 342F808C;
0CD0 : 344F8078;
0CD1 : 40000000;
0CD2 : 340F8085;
0CD3 : 344F8086;
0CD4 : 346F808F;
0CD5 : 40000000;
0CD6 : 340F8087;
0CD7 : 342F808E;
0CD8 : 344F8088;
0CD9 : 40000000;
0CDA : 340F806F;
0CDB : 342F8090;
0CDC : 344F8070;
0CDD : 346F8091;
0CDE : 40000000;
0CDF : 340F8073;
0CE0 : 344F8074;
0CE1 : 40000000;
0CE2 : 340F807F;
0CE3 : 342F8092;
0CE4 : 344F8080;
0CE5 : 346F8093;
0CE6 : 40000000;
0CE7 : 340F8087;
0CE8 : 344F8088;
0CE9 : 40000000;
0CEA : 340F808B;
0CEB : 344F808C;
0CEC : 40000000;
0CED : 340F8079;
0CEE : 342F8094;
0CEF : 344F807A;
0CF0 : 346F8095;
0CF1 : 40000000;
0CF2 : 340F8089;
0CF3 : 344F808A;
0CF4 : 40000000;
0CF5 : 340F8081;
0CF6 : 344F8082;
0CF7 : 346F8097;
0CF8 : 40000000;
0CF9 : 340F807B;
0CFA : 342F8096;
0CFB : 344F807C;
0CFC : 40000000;
0CFD : 340F808B;
0CFE : 344F808C;
0CFF : 40000000;
0D00 : 340F8079;
0D01 : 342F8098;
0D02 : 344F807A;
0D03 : 346F8099;
0D04 : 40000000;
0D05 : 340F807D;
0D06 : 344F807E;
0D07 : 40000000;
0D08 : 340F8087;
0D09 : 344F8088;
0D0A : 40000000;
0D0B : 340F806F;
0D0C : 342F809A;
0D0D : 344F8072;
0D0E : 346F809B;
0D0F : 40000000;
0D10 : 340F807B;
0D11 : 344F807C;
0D12 : 40000000;
0D13 : 340F8083;
0D14 : 344F8084;
0D15 : 40000000;
0D16 : 340F808B;
0D17 : 344F808E;
0D18 : 40000000;
0D19 : 340F807D;
0D1A : 342F809C;
0D1B : 344F807E;
0D1C : 346F809F;
0D1D : 40000000;
0D1E : 340F8073;
0D1F : 342F809E;
0D20 : 344F8074;
0D21 : 40000000;
0D22 : 340F8077;
0D23 : 344F8078;
0D24 : 40000000;
0D25 : 340F8087;
0D26 : 344F8088;
0D27 : 346F80A1;
0D28 : 40000000;
0D29 : 340F8091;
0D2A : 344F8092;
0D2B : 346F80A3;
0D2C : 40000000;
0D2D : 340F807F;
0D2E : 342F80A0;
0D2F : 344F8080;
0D30 : 346F80A1;
0D31 : 40000000;
0D32 : 340F8085;
0D33 : 344F8086;
0D34 : 40000000;
0D35 : 340F808D;
0D36 : 344F8090;
0D37 : 40000000;
0D38 : 340F8079;
0D39 : 344F807A;
0D3A : 346F80A3;
0D3B : 40000000;
0D3C : 340F807B;
0D3D : 342F80A2;
0D3E : 344F807C;
0D3F : 40000000;
0D40 : 340F8083;
0D41 : 344F8084;
0D42 : 40000000;
0D43 : 340F8089;
0D44 : 344F808C;
0D45 : 40000000;
0D46 : 342F80A4;
0D47 : 344F808A;
0D48 : 346F80A5;
0D49 : 40000000;
0D4A : 340F8093;
0D4B : 344F8094;
0D4C : 40000000;
0D4D : 340F807D;
0D4E : 342F80A6;
0D4F : 344F807E;
0D50 : 346F80A7;
0D51 : 40000000;
0D52 : 340F8087;
0D53 : 344F8088;
0D54 : 40000000;
0D55 : 340F807F;
0D56 : 342F80A8;
0D57 : 344F8080;
0D58 : 346F80A9;
0D59 : 40000000;
0D5A : 340F8097;
0D5B : 342F80AE;
0D5C : 344F8098;
0D5D : 346F80AF;
0D5E : 40000000;
0D5F : 340F8095;
0D60 : 342F80B4;
0D61 : 346F80B5;
0D62 : 40000000;
0D63 : 340F8075;
0D64 : 342F80B6;
0D65 : 344F8076;
0D66 : 346F80B7;
0D67 : 40000000;
0D68 : 340F809B;
0D69 : 344F809C;
0D6A : 40000000;
0D6B : 340F806B;
0D6C : 342F80B8;
0D6D : 344F806C;
0D6E : 346F80B9;
0D6F : 40000000;
0D70 : 340F8089;
0D71 : 344F808A;
0D72 : 40000000;
0D73 : 340F805F;
0D74 : 342F80BA;
0D75 : 344F8060;
0D76 : 346F80BB;
0D77 : 40000000;
0D78 : 340F809B;
0D79 : 342F80BC;
0D7A : 344F809C;
0D7B : 346F80BD;
0D7C : 40000000;
0D7D : 340F8051;
0D7E : 342F80C0;
0D7F : 344F8052;
0D80 : 346F80C1;
0D81 : 40000000;
0D82 : 340F80B7;
0D83 : 342F80CC;
0D84 : 344F80B8;
0D85 : 346F80CD;
0D86 : 40000000;
0D87 : 340F807F;
0D88 : 342F80D0;
0D89 : 344F8080;
0D8A : 346F80D1;
0D8B : 40000000;
0D8C : 340F8079;
0D8D : 342F80DE;
0D8E : 344F807A;
0D8F : 346F80E1;
0D90 : 40000000;
0D91 : 340F8065;
0D92 : 342F80E0;
0D93 : 344F8066;
0D94 : 40000000;
0D95 : 340F8097;
0D96 : 344F8098;
0D97 : 40000000;
0D98 : 340F80CF;
0D99 : 344F80D0;
0D9A : 40000000;
0D9B : 340F806D;
0D9C : 342F80E2;
0D9D : 344F806E;
0D9E : 346F80E3;
0D9F : 40000000;
0DA0 : 340F80CF;
0DA1 : 342F8024;
0DA2 : 344F80D0;
0DA3 : 346F8025;
0DA4 : 348F800A;
0DA5 : 40000000;
0DA6 : 340F80A5;
0DA7 : 342F8026;
0DA8 : 344F80A6;
0DA9 : 346F8027;
0DAA : 40000000;
0DAB : 340F80CB;
0DAC : 344F80CC;
0DAD : 40000000;
0DAE : 340F80A1;
0DAF : 342F8028;
0DB0 : 344F80A2;
0DB1 : 346F8029;
0DB2 : 40000000;
0DB3 : 340F80C7;
0DB4 : 344F80CA;
0DB5 : 40000000;
0DB6 : 340F80A3;
0DB7 : 342F802A;
0DB8 : 344F80A4;
0DB9 : 346F802B;
0DBA : 40000000;
0DBB : 340F809D;
0DBC : 342F802E;
0DBD : 344F809E;
0DBE : 346F802F;
0DBF : 40000000;
0DC0 : 340F80AD;
0DC1 : 344F80AE;
0DC2 : 40000000;
0DC3 : 340F80A7;
0DC4 : 342F8032;
0DC5 : 344F80A8;
0DC6 : 346F8033;
0DC7 : 40000000;
0DC8 : 340F80C1;
0DC9 : 344F80C2;
0DCA : 346F8035;
0DCB : 40000000;
0DCC : 340F809B;
0DCD : 342F8034;
0DCE : 344F809C;
0DCF : 40000000;
0DD0 : 340F80AB;
0DD1 : 344F80AC;
0DD2 : 40000000;
0DD3 : 340F80BF;
0DD4 : 342F8036;
0DD5 : 344F80C0;
0DD6 : 346F8037;
0DD7 : 40000000;
0DD8 : 340F80AB;
0DD9 : 342F8038;
0DDA : 344F80AC;
0DDB : 346F8039;
0DDC : 40000000;
0DDD : 340F80BD;
0DDE : 344F80BE;
0DDF : 40000000;
0DE0 : 340F80A3;
0DE1 : 342F803A;
0DE2 : 344F80A4;
0DE3 : 346F803B;
0DE4 : 40000000;
0DE5 : 340F80B5;
0DE6 : 344F80B6;
0DE7 : 40000000;
0DE8 : 340F80A5;
0DE9 : 342F803C;
0DEA : 344F80A6;
0DEB : 346F803D;
0DEC : 40000000;
0DED : 340F80B3;
0DEE : 344F80B4;
0DEF : 40000000;
0DF0 : 340F80C7;
0DF1 : 344F80C8;
0DF2 : 40000000;
0DF3 : 340F80AD;
0DF4 : 344F80AE;
0DF5 : 346F8041;
0DF6 : 40000000;
0DF7 : 340F80B7;
0DF8 : 342F8040;
0DF9 : 344F80B8;
0DFA : 40000000;
0DFB : 340F80C3;
0DFC : 344F80C4;
0DFD : 40000000;
0DFE : 340F80D1;
0DFF : 344F80D2;
0E00 : 40000000;
0E01 : 340F8099;
0E02 : 344F809A;
0E03 : 346F8043;
0E04 : 40000000;
0E05 : 340F80B1;
0E06 : 342F8042;
0E07 : 344F80B2;
0E08 : 346F8045;
0E09 : 40000000;
0E0A : 340F8095;
0E0B : 342F8044;
0E0C : 344F8098;
0E0D : 40000000;
0E0E : 340F80D3;
0E0F : 344F80D4;
0E10 : 40000000;
0E11 : 340F8093;
0E12 : 342F8046;
0E13 : 344F8096;
0E14 : 346F8047;
0E15 : 40000000;
0E16 : 340F8069;
0E17 : 344F806A;
0E18 : 346F8049;
0E19 : 40000000;
0E1A : 340F80B9;
0E1B : 344F80BA;
0E1C : 40000000;
0E1D : 340F808B;
0E1E : 344F808C;
0E1F : 346F804B;
0E20 : 40000000;
0E21 : 340F806B;
0E22 : 342F8048;
0E23 : 344F806C;
0E24 : 346F8049;
0E25 : 40000000;
0E26 : 340F8089;
0E27 : 344F808A;
0E28 : 40000000;
0E29 : 340F8095;
0E2A : 344F8096;
0E2B : 40000000;
0E2C : 340F8073;
0E2D : 344F8074;
0E2E : 346F804B;
0E2F : 40000000;
0E30 : 340F8071;
0E31 : 342F804A;
0E32 : 344F8072;
0E33 : 40000000;
0E34 : 340F8091;
0E35 : 344F8092;
0E36 : 40000000;
0E37 : 340F8097;
0E38 : 344F8098;
0E39 : 40000000;
0E3A : 340F80AD;
0E3B : 344F80B0;
0E3C : 40000000;
0E3D : 340F80C1;
0E3E : 344F80C4;
0E3F : 40000000;
0E40 : 340F80CB;
0E41 : 344F80CE;
0E42 : 40000000;
0E43 : 340F80D5;
0E44 : 344F80D6;
0E45 : 40000000;
0E46 : 340F808D;
0E47 : 344F808E;
0E48 : 346F804D;
0E49 : 40000000;
0E4A : 340F8099;
0E4B : 342F804C;
0E4C : 344F809C;
0E4D : 40000000;
0E4E : 340F80BB;
0E4F : 344F80BC;
0E50 : 40000000;
0E51 : 340F80BF;
0E52 : 344F80C0;
0E53 : 40000000;
0E54 : 340F80C3;
0E55 : 344F80C6;
0E56 : 40000000;
0E57 : 340F80C1;
0E58 : 342F804E;
0E59 : 344F80C4;
0E5A : 346F804F;
0E5B : 40000000;
0E5C : 340F80CB;
0E5D : 344F80CC;
0E5E : 40000000;
0E5F : 340F80D1;
0E60 : 344F80D2;
0E61 : 40000000;
0E62 : 340F80D5;
0E63 : 344F80D6;
0E64 : 40000000;
0E65 : 340F809B;
0E66 : 344F809E;
0E67 : 346F8051;
0E68 : 40000000;
0E69 : 340F80AB;
0E6A : 344F80AC;
0E6B : 346F8053;
0E6C : 40000000;
0E6D : 340F80AD;
0E6E : 342F8050;
0E6F : 344F80B0;
0E70 : 346F8051;
0E71 : 40000000;
0E72 : 340F80D9;
0E73 : 344F80DA;
0E74 : 40000000;
0E75 : 340F809F;
0E76 : 344F80A0;
0E77 : 346F8053;
0E78 : 40000000;
0E79 : 340F80DD;
0E7A : 344F80DE;
0E7B : 40000000;
0E7C : 340F80A7;
0E7D : 344F80A8;
0E7E : 346F8055;
0E7F : 40000000;
0E80 : 340F808B;
0E81 : 342F8052;
0E82 : 344F8092;
0E83 : 346F8053;
0E84 : 40000000;
0E85 : 340F80A9;
0E86 : 344F80AA;
0E87 : 40000000;
0E88 : 340F80AF;
0E89 : 344F80B0;
0E8A : 40000000;
0E8B : 340F80D3;
0E8C : 344F80D6;
0E8D : 40000000;
0E8E : 340F808D;
0E8F : 342F8054;
0E90 : 344F8090;
0E91 : 346F8055;
0E92 : 40000000;
0E93 : 340F80A1;
0E94 : 344F80A6;
0E95 : 40000000;
0E96 : 340F80CB;
0E97 : 344F80CC;
0E98 : 40000000;
0E99 : 340F80CF;
0E9A : 344F80D0;
0E9B : 40000000;
0E9C : 340F8091;
0E9D : 342F8056;
0E9E : 344F8094;
0E9F : 346F8057;
0EA0 : 40000000;
0EA1 : 340F80D1;
0EA2 : 344F80D2;
0EA3 : 40000000;
0EA4 : 340F80E1;
0EA5 : 344F80E2;
0EA6 : 40000000;
0EA7 : 340F8095;
0EA8 : 342F8058;
0EA9 : 344F809A;
0EAA : 346F8059;
0EAB : 40000000;
0EAC : 340F80D5;
0EAD : 344F80D6;
0EAE : 40000000;
0EAF : 340F80D9;
0EB0 : 344F80DA;
0EB1 : 40000000;
0EB2 : 340F8099;
0EB3 : 342F805A;
0EB4 : 344F809A;
0EB5 : 346F805B;
0EB6 : 40000000;
0EB7 : 340F80CB;
0EB8 : 344F80CC;
0EB9 : 40000000;
0EBA : 340F80CF;
0EBB : 344F80D0;
0EBC : 40000000;
0EBD : 340F80D3;
0EBE : 344F80D4;
0EBF : 40000000;
0EC0 : 340F809B;
0EC1 : 342F805C;
0EC2 : 344F809C;
0EC3 : 346F805D;
0EC4 : 40000000;
0EC5 : 340F80D5;
0EC6 : 344F80D6;
0EC7 : 40000000;
0EC8 : 340F80B7;
0EC9 : 342F8068;
0ECA : 344F80B8;
0ECB : 346F8069;
0ECC : 40000000;
0ECD : 340F80B9;
0ECE : 342F806A;
0ECF : 344F80BA;
0ED0 : 346F806B;
0ED1 : 40000000;
0ED2 : 340F80E3;
0ED3 : 342F8076;
0ED4 : 344F80E4;
0ED5 : 346F8077;
0ED6 : 40000000;
0ED7 : 340F80E7;
0ED8 : 342F807E;
0ED9 : 344F80E8;
0EDA : 346F807F;
0EDB : 40000000;
0EDC : 340F80E9;
0EDD : 342F8080;
0EDE : 344F80EC;
0EDF : 346F8081;
0EE0 : 40000000;
0EE1 : 340F80EB;
0EE2 : 342F8082;
0EE3 : 346F8083;
0EE4 : 40000000;
0EE5 : 340F807B;
0EE6 : 342F8090;
0EE7 : 344F807C;
0EE8 : 346F8091;
0EE9 : 40000000;
0EEA : 340F804F;
0EEB : 342F8092;
0EEC : 344F8050;
0EED : 346F8093;
0EEE : 40000000;
0EEF : 340F807D;
0EF0 : 344F807E;
0EF1 : 40000000;
0EF2 : 340F807F;
0EF3 : 342F8094;
0EF4 : 344F8080;
0EF5 : 346F8095;
0EF6 : 40000000;
0EF7 : 340F8075;
0EF8 : 342F8096;
0EF9 : 344F8076;
0EFA : 346F8097;
0EFB : 40000000;
0EFC : 340F8077;
0EFD : 342F8098;
0EFE : 344F8078;
0EFF : 346F8099;
0F00 : 40000000;
0F01 : 340F807F;
0F02 : 342F809A;
0F03 : 344F8080;
0F04 : 346F809B;
0F05 : 40000000;
0F06 : 340F807B;
0F07 : 342F809C;
0F08 : 344F807C;
0F09 : 346F809D;
0F0A : 40000000;
0F0B : 340F8085;
0F0C : 344F8086;
0F0D : 40000000;
0F0E : 340F808F;
0F0F : 342F809E;
0F10 : 344F8090;
0F11 : 346F809F;
0F12 : 40000000;
0F13 : 340F8075;
0F14 : 342F80A0;
0F15 : 344F8076;
0F16 : 346F80A1;
0F17 : 40000000;
0F18 : 340F8093;
0F19 : 342F80A2;
0F1A : 344F8094;
0F1B : 346F80A3;
0F1C : 40000000;
0F1D : 340F8081;
0F1E : 344F8082;
0F1F : 346F80A5;
0F20 : 40000000;
0F21 : 340F808D;
0F22 : 344F8090;
0F23 : 40000000;
0F24 : 340F8079;
0F25 : 342F80A4;
0F26 : 344F807A;
0F27 : 40000000;
0F28 : 340F807D;
0F29 : 344F807E;
0F2A : 40000000;
0F2B : 340F808B;
0F2C : 344F808C;
0F2D : 40000000;
0F2E : 340F8091;
0F2F : 344F8092;
0F30 : 346F80A7;
0F31 : 40000000;
0F32 : 340F807F;
0F33 : 342F80A6;
0F34 : 344F8080;
0F35 : 40000000;
0F36 : 340F8085;
0F37 : 344F8086;
0F38 : 40000000;
0F39 : 340F8089;
0F3A : 344F808A;
0F3B : 40000000;
0F3C : 340F8093;
0F3D : 344F8094;
0F3E : 40000000;
0F3F : 340F808F;
0F40 : 344F8090;
0F41 : 346F80A9;
0F42 : 40000000;
0F43 : 340F8095;
0F44 : 342F80A8;
0F45 : 344F8096;
0F46 : 346F80AB;
0F47 : 40000000;
0F48 : 340F807F;
0F49 : 342F80AA;
0F4A : 344F8080;
0F4B : 40000000;
0F4C : 340F8097;
0F4D : 342F80B0;
0F4E : 344F8098;
0F4F : 346F80B1;
0F50 : 40000000;
0F51 : 340F8095;
0F52 : 342F80B2;
0F53 : 344F8096;
0F54 : 346F80B3;
0F55 : 40000000;
0F56 : 340F8099;
0F57 : 344F809A;
0F58 : 346F80B5;
0F59 : 40000000;
0F5A : 340F8051;
0F5B : 344F8052;
0F5C : 346F80BD;
0F5D : 40000000;
0F5E : 340F8093;
0F5F : 342F80B4;
0F60 : 344F8094;
0F61 : 346F80B5;
0F62 : 40000000;
0F63 : 340F809B;
0F64 : 344F809C;
0F65 : 40000000;
0F66 : 340F8087;
0F67 : 342F80B6;
0F68 : 344F8088;
0F69 : 346F80B7;
0F6A : 40000000;
0F6B : 340F809D;
0F6C : 344F809E;
0F6D : 40000000;
0F6E : 340F80AB;
0F6F : 344F80AC;
0F70 : 40000000;
0F71 : 340F80D3;
0F72 : 344F80D6;
0F73 : 40000000;
0F74 : 340F80DD;
0F75 : 344F80E0;
0F76 : 40000000;
0F77 : 340F8093;
0F78 : 342F80B8;
0F79 : 344F8096;
0F7A : 346F80B9;
0F7B : 40000000;
0F7C : 342F80BA;
0F7D : 344F8094;
0F7E : 346F80BB;
0F7F : 40000000;
0F80 : 340F80B1;
0F81 : 344F80B2;
0F82 : 40000000;
0F83 : 340F80E5;
0F84 : 342F80BC;
0F85 : 344F80E6;
0F86 : 346F80BD;
0F87 : 40000000;
0F88 : 340F80B1;
0F89 : 342F80C0;
0F8A : 344F80B2;
0F8B : 346F80C1;
0F8C : 40000000;
0F8D : 340F8051;
0F8E : 342F80C4;
0F8F : 344F8052;
0F90 : 346F80C7;
0F91 : 40000000;
0F92 : 340F8097;
0F93 : 342F80C8;
0F94 : 344F8098;
0F95 : 346F80C9;
0F96 : 40000000;
0F97 : 340F80C7;
0F98 : 344F80CA;
0F99 : 40000000;
0F9A : 340F80C9;
0F9B : 342F80CC;
0F9C : 346F80CD;
0F9D : 40000000;
0F9E : 340F80CF;
0F9F : 344F80D0;
0FA0 : 40000000;
0FA1 : 340F808D;
0FA2 : 342F80D0;
0FA3 : 344F808E;
0FA4 : 346F80D1;
0FA5 : 40000000;
0FA6 : 340F808F;
0FA7 : 342F80DA;
0FA8 : 344F8090;
0FA9 : 346F80DB;
0FAA : 40000000;
0FAB : 340F80BD;
0FAC : 344F80BE;
0FAD : 40000000;
0FAE : 340F80D7;
0FAF : 344F80DA;
0FB0 : 40000000;
0FB1 : 340F8051;
0FB2 : 342F80DC;
0FB3 : 344F8052;
0FB4 : 346F80DD;
0FB5 : 40000000;
0FB6 : 340F80DF;
0FB7 : 342F80E0;
0FB8 : 344F80E0;
0FB9 : 346F80E1;
0FBA : 40000000;
0FBB : 340F808D;
0FBC : 342F80E2;
0FBD : 344F808E;
0FBE : 346F80E3;
0FBF : 40000000;
0FC0 : 340F809F;
0FC1 : 344F80A0;
0FC2 : 40000000;
0FC3 : 340F8051;
0FC4 : 342F80EE;
0FC5 : 344F8052;
0FC6 : 346F80EF;
0FC7 : 40000000;
0FC8 : 342F8000;
0FC9 : 346F8003;
0FCA : 348F800B;
0FCB : 40000000;
0FCC : 340F8089;
0FCD : 342F800C;
0FCE : 344F808A;
0FCF : 346F800D;
0FD0 : 40000000;
0FD1 : 340F808D;
0FD2 : 344F8090;
0FD3 : 40000000;
0FD4 : 340F80A1;
0FD5 : 344F80A2;
0FD6 : 40000000;
0FD7 : 340F807F;
0FD8 : 342F800E;
0FD9 : 344F8080;
0FDA : 346F800F;
0FDB : 40000000;
0FDC : 340F8079;
0FDD : 342F8010;
0FDE : 344F807A;
0FDF : 346F8011;
0FE0 : 40000000;
0FE1 : 340F80A7;
0FE2 : 342F8016;
0FE3 : 344F80A8;
0FE4 : 346F801F;
0FE5 : 40000000;
0FE6 : 340F8051;
0FE7 : 342F801C;
0FE8 : 344F8052;
0FE9 : 346F8021;
0FEA : 40000000;
0FEB : 340F80E1;
0FEC : 342F8020;
0FED : 344F80E2;
0FEE : 40000000;
0FEF : 340F80AB;
0FF0 : 342F8024;
0FF1 : 344F80AC;
0FF2 : 346F8025;
0FF3 : 40000000;
0FF4 : 340F80E5;
0FF5 : 344F80E6;
0FF6 : 40000000;
0FF7 : 340F8051;
0FF8 : 342F8028;
0FF9 : 344F8052;
0FFA : 346F8031;
0FFB : 40000000;
0FFC : 340F80C3;
0FFD : 342F802A;
0FFE : 344F80C4;
0FFF : 346F802B;
1000 : 40000000;
1001 : 340F80ED;
1002 : 344F80EF;
1003 : 346F802D;
1004 : 40000000;
1005 : 340F80C1;
1006 : 342F802C;
1007 : 344F80C2;
1008 : 40000000;
1009 : 340F80AF;
100A : 342F802E;
100B : 344F80B0;
100C : 346F802F;
100D : 40000000;
100E : 340F80BF;
100F : 344F80C0;
1010 : 40000000;
1011 : 340F80BD;
1012 : 342F8032;
1013 : 344F80BE;
1014 : 346F8033;
1015 : 40000000;
1016 : 340F80B7;
1017 : 342F8034;
1018 : 344F80B8;
1019 : 346F8035;
101A : 40000000;
101B : 340F8069;
101C : 342F8036;
101D : 344F806A;
101E : 346F8037;
101F : 40000000;
1020 : 340F8097;
1021 : 342F803E;
1022 : 344F8098;
1023 : 346F803F;
1024 : 40000000;
1025 : 340F80DB;
1026 : 342F8040;
1027 : 344F80DC;
1028 : 346F8041;
1029 : 40000000;
102A : 340F80DF;
102B : 342F8042;
102C : 344F80E0;
102D : 346F8045;
102E : 40000000;
102F : 340F80E1;
1030 : 342F8044;
1031 : 344F80E2;
1032 : 40000000;
1033 : 340F80DD;
1034 : 344F80DE;
1035 : 346F8049;
1036 : 40000000;
1037 : 340F8075;
1038 : 342F8048;
1039 : 344F8076;
103A : 40000000;
103B : 340F80B5;
103C : 344F80B6;
103D : 40000000;
103E : 340F80DF;
103F : 342F804A;
1040 : 344F80E0;
1041 : 346F804B;
1042 : 40000000;
1043 : 340F80E3;
1044 : 344F80E4;
1045 : 346F804D;
1046 : 40000000;
1047 : 340F80EB;
1048 : 342F804C;
1049 : 344F80EC;
104A : 346F8051;
104B : 40000000;
104C : 340F80E5;
104D : 342F804E;
104E : 344F80E6;
104F : 40000000;
1050 : 340F8051;
1051 : 344F8052;
1052 : 346F8055;
1053 : 40000000;
1054 : 340F80B5;
1055 : 342F8050;
1056 : 344F80B6;
1057 : 346F8051;
1058 : 40000000;
1059 : 340F80ED;
105A : 344F80EF;
105B : 40000000;
105C : 340F80E9;
105D : 344F80EA;
105E : 346F8055;
105F : 40000000;
1060 : 340F80B5;
1061 : 342F8054;
1062 : 344F80B8;
1063 : 346F8057;
1064 : 40000000;
1065 : 340F80ED;
1066 : 344F80EF;
1067 : 40000000;
1068 : 340F8087;
1069 : 342F8056;
106A : 344F8088;
106B : 40000000;
106C : 340F80B1;
106D : 344F80B4;
106E : 40000000;
106F : 340F80C1;
1070 : 344F80C6;
1071 : 40000000;
1072 : 340F80EB;
1073 : 344F80EC;
1074 : 40000000;
1075 : 340F80B9;
1076 : 344F80BA;
1077 : 346F8059;
1078 : 40000000;
1079 : 340F80AF;
107A : 342F8058;
107B : 344F80B0;
107C : 40000000;
107D : 340F80B7;
107E : 344F80B8;
107F : 40000000;
1080 : 340F80BB;
1081 : 344F80C0;
1082 : 40000000;
1083 : 340F80C3;
1084 : 344F80C4;
1085 : 40000000;
1086 : 340F80BD;
1087 : 342F805A;
1088 : 344F80BE;
1089 : 346F805B;
108A : 40000000;
108B : 340F80C1;
108C : 344F80C2;
108D : 40000000;
108E : 340F80C5;
108F : 344F80C6;
1090 : 40000000;
1091 : 340F80E5;
1092 : 344F80E8;
1093 : 40000000;
1094 : 340F8063;
1095 : 342F805C;
1096 : 344F8064;
1097 : 346F805D;
1098 : 40000000;
1099 : 340F80A5;
109A : 344F80A6;
109B : 40000000;
109C : 340F80E3;
109D : 344F80E4;
109E : 40000000;
109F : 340F8051;
10A0 : 344F8052;
10A1 : 346F805F;
10A2 : 40000000;
10A3 : 340F8095;
10A4 : 342F8060;
10A5 : 344F8096;
10A6 : 346F8063;
10A7 : 40000000;
10A8 : 340F80E3;
10A9 : 342F8062;
10AA : 344F80E4;
10AB : 40000000;
10AC : 340F8051;
10AD : 344F8052;
10AE : 346F8067;
10AF : 40000000;
10B0 : 342F806E;
10B1 : 346F8073;
10B2 : 40000000;
10B3 : 342F8078;
10B4 : 346F8079;
10B5 : 40000000;
10B6 : 342F807E;
10B7 : 346F807F;
10B8 : 40000000;
10B9 : 340F80E3;
10BA : 342F8084;
10BB : 344F80E4;
10BC : 346F8085;
10BD : 40000000;
10BE : 340F80E9;
10BF : 342F8088;
10C0 : 344F80EA;
10C1 : 346F8089;
10C2 : 40000000;
10C3 : 340F80EB;
10C4 : 342F808A;
10C5 : 344F80EC;
10C6 : 346F808B;
10C7 : 40000000;
10C8 : 340F8071;
10C9 : 342F808E;
10CA : 344F8072;
10CB : 346F808F;
10CC : 40000000;
10CD : 340F8077;
10CE : 342F8092;
10CF : 344F8078;
10D0 : 346F8093;
10D1 : 40000000;
10D2 : 340F804F;
10D3 : 342F8098;
10D4 : 344F8052;
10D5 : 346F8099;
10D6 : 40000000;
10D7 : 340F8071;
10D8 : 344F8072;
10D9 : 40000000;
10DA : 340F8051;
10DB : 342F809A;
10DC : 344F8052;
10DD : 346F809B;
10DE : 40000000;
10DF : 340F8053;
10E0 : 342F809C;
10E1 : 344F8054;
10E2 : 346F809D;
10E3 : 40000000;
10E4 : 340F8055;
10E5 : 342F80A8;
10E6 : 344F8056;
10E7 : 346F80A9;
10E8 : 40000000;
10E9 : 340F8051;
10EA : 342F80AE;
10EB : 344F8052;
10EC : 346F80AF;
10ED : 40000000;
10EE : 340F8057;
10EF : 342F80B0;
10F0 : 344F8058;
10F1 : 346F80B1;
10F2 : 40000000;
10F3 : 340F804F;
10F4 : 344F8050;
10F5 : 346F80B7;
10F6 : 40000000;
10F7 : 340F80EB;
10F8 : 342F80B4;
10F9 : 344F80EC;
10FA : 346F80B5;
10FB : 40000000;
10FC : 342F80B8;
10FD : 346F80BB;
10FE : 40000000;
10FF : 340F804F;
1100 : 342F80BA;
1101 : 344F8050;
1102 : 346F80BD;
1103 : 40000000;
1104 : 340F805B;
1105 : 342F80C8;
1106 : 344F805C;
1107 : 346F80C9;
1108 : 40000000;
1109 : 340F804F;
110A : 342F80CA;
110B : 344F8050;
110C : 346F80CB;
110D : 40000000;
110E : 342F80D0;
110F : 346F80D3;
1110 : 40000000;
1111 : 340F805B;
1112 : 342F80D4;
1113 : 344F805C;
1114 : 346F80D9;
1115 : 40000000;
1116 : 340F805D;
1117 : 342F80DA;
1118 : 344F805E;
1119 : 346F80DB;
111A : 40000000;
111B : 340F8061;
111C : 344F8062;
111D : 40000000;
111E : 340F804F;
111F : 342F80DE;
1120 : 344F8050;
1121 : 346F80DF;
1122 : 40000000;
1123 : 340F8051;
1124 : 342F80E0;
1125 : 344F8052;
1126 : 346F80E1;
1127 : 40000000;
1128 : 340F805B;
1129 : 342F80E6;
112A : 344F805C;
112B : 346F80E7;
112C : 40000000;
112D : 340F804F;
112E : 342F8000;
112F : 344F8050;
1130 : 346F8001;
1131 : 348F800C;
1132 : 40000000;
1133 : 342F800A;
1134 : 346F800B;
1135 : 40000000;
1136 : 342F8010;
1137 : 346F8017;
1138 : 40000000;
1139 : 342F803E;
113A : 346F8045;
113B : 40000000;
113C : 342F807C;
113D : 346F8081;
113E : 40000000;
113F : 340F8067;
1140 : 342F80B6;
1141 : 344F8068;
1142 : 346F80B7;
1143 : 40000000;
1144 : 340F807D;
1145 : 344F807E;
1146 : 40000000;
1147 : 340F8081;
1148 : 344F8084;
1149 : 40000000;
114A : 340F80C3;
114B : 344F80C4;
114C : 40000000;
114D : 340F80CF;
114E : 344F80D0;
114F : 40000000;
1150 : 340F80E1;
1151 : 344F80E2;
1152 : 40000000;
1153 : 340F80E5;
1154 : 344F80E6;
1155 : 40000000;
1156 : 340F8055;
1157 : 342F80BA;
1158 : 344F8056;
1159 : 346F80BB;
115A : 40000000;
115B : 340F8097;
115C : 344F8098;
115D : 40000000;
115E : 340F80AF;
115F : 344F80B0;
1160 : 40000000;
1161 : 340F80BB;
1162 : 344F80BC;
1163 : 40000000;
1164 : 340F8093;
1165 : 342F80BC;
1166 : 344F8094;
1167 : 346F80BD;
1168 : 40000000;
1169 : 340F80DD;
116A : 342F80BE;
116B : 344F80DE;
116C : 346F80BF;
116D : 40000000;
116E : 340F807F;
116F : 342F80C0;
1170 : 344F8080;
1171 : 346F80C1;
1172 : 40000000;
1173 : 340F80AB;
1174 : 344F80B0;
1175 : 40000000;
1176 : 340F804F;
1177 : 342F80C8;
1178 : 344F8050;
1179 : 346F80C9;
117A : 40000000;
117B : 340F80B1;
117C : 344F80B2;
117D : 40000000;
117E : 340F80CB;
117F : 342F80CC;
1180 : 344F80CC;
1181 : 346F80CD;
1182 : 40000000;
1183 : 340F80CD;
1184 : 342F80CE;
1185 : 344F80CE;
1186 : 346F80CF;
1187 : 40000000;
1188 : 340F8097;
1189 : 342F80D0;
118A : 344F8098;
118B : 346F80D1;
118C : 40000000;
118D : 340F80AF;
118E : 344F80B0;
118F : 40000000;
1190 : 340F8081;
1191 : 342F80D2;
1192 : 344F8082;
1193 : 346F80D3;
1194 : 40000000;
1195 : 340F8087;
1196 : 344F8088;
1197 : 40000000;
1198 : 340F808F;
1199 : 344F8090;
119A : 40000000;
119B : 340F80A1;
119C : 344F80A6;
119D : 40000000;
119E : 340F80C9;
119F : 344F80CE;
11A0 : 40000000;
11A1 : 340F8073;
11A2 : 342F80DA;
11A3 : 344F8074;
11A4 : 346F80DB;
11A5 : 40000000;
11A6 : 340F807D;
11A7 : 344F807E;
11A8 : 40000000;
11A9 : 340F808D;
11AA : 344F808E;
11AB : 40000000;
11AC : 340F8093;
11AD : 344F8094;
11AE : 40000000;
11AF : 340F80A3;
11B0 : 344F80A8;
11B1 : 40000000;
11B2 : 340F80BB;
11B3 : 344F80BC;
11B4 : 40000000;
11B5 : 340F80DB;
11B6 : 344F80DC;
11B7 : 40000000;
11B8 : 340F80E9;
11B9 : 344F80EA;
11BA : 40000000;
11BB : 340F80B3;
11BC : 342F80DE;
11BD : 344F80B4;
11BE : 346F80DF;
11BF : 40000000;
11C0 : 340F80C7;
11C1 : 344F80C8;
11C2 : 40000000;
11C3 : 340F80D7;
11C4 : 342F80E2;
11C5 : 344F80D8;
11C6 : 346F80E3;
11C7 : 40000000;
11C8 : 340F805D;
11C9 : 342F80E4;
11CA : 344F805E;
11CB : 346F80E5;
11CC : 40000000;
11CD : 340F806F;
11CE : 344F8070;
11CF : 40000000;
11D0 : 340F8081;
11D1 : 344F8086;
11D2 : 40000000;
11D3 : 340F808F;
11D4 : 344F8090;
11D5 : 40000000;
11D6 : 340F80A1;
11D7 : 344F80A2;
11D8 : 40000000;
11D9 : 340F804F;
11DA : 342F80EA;
11DB : 344F8050;
11DC : 346F80EB;
11DD : 40000000;
11DE : 342F8002;
11DF : 346F8009;
11E0 : 348F800D;
11E1 : 40000000;
11E2 : 340F809F;
11E3 : 342F800C;
11E4 : 344F80A0;
11E5 : 346F800D;
11E6 : 40000000;
11E7 : 340F804F;
11E8 : 344F8050;
11E9 : 346F800F;
11EA : 40000000;
11EB : 340F80A5;
11EC : 342F8010;
11ED : 344F80A6;
11EE : 346F8011;
11EF : 40000000;
11F0 : 340F804F;
11F1 : 342F8018;
11F2 : 344F8052;
11F3 : 346F8019;
11F4 : 40000000;
11F5 : 342F801A;
11F6 : 344F8050;
11F7 : 346F803D;
11F8 : 40000000;
11F9 : 340F8069;
11FA : 342F8022;
11FB : 344F806A;
11FC : 346F8025;
11FD : 40000000;
11FE : 340F8051;
11FF : 342F8024;
1200 : 344F8052;
1201 : 40000000;
1202 : 340F806B;
1203 : 342F803A;
1204 : 344F806C;
1205 : 346F803B;
1206 : 40000000;
1207 : 340F806D;
1208 : 342F8040;
1209 : 344F806E;
120A : 346F8041;
120B : 40000000;
120C : 340F804F;
120D : 342F8046;
120E : 344F8050;
120F : 346F806B;
1210 : 40000000;
1211 : 340F80E9;
1212 : 342F8058;
1213 : 344F80EA;
1214 : 346F8059;
1215 : 40000000;
1216 : 340F808B;
1217 : 342F805A;
1218 : 344F808C;
1219 : 346F805B;
121A : 40000000;
121B : 340F8061;
121C : 342F8060;
121D : 344F8062;
121E : 346F8061;
121F : 40000000;
1220 : 340F8091;
1221 : 344F8092;
1222 : 40000000;
1223 : 340F805D;
1224 : 342F8066;
1225 : 344F805E;
1226 : 346F8067;
1227 : 40000000;
1228 : 340F8051;
1229 : 342F8068;
122A : 344F8052;
122B : 346F8069;
122C : 40000000;
122D : 340F8055;
122E : 342F8076;
122F : 344F8056;
1230 : 346F8077;
1231 : 40000000;
1232 : 340F804F;
1233 : 344F8050;
1234 : 346F807B;
1235 : 40000000;
1236 : 340F8051;
1237 : 342F8080;
1238 : 344F8052;
1239 : 346F8081;
123A : 40000000;
123B : 340F804F;
123C : 342F8082;
123D : 344F8050;
123E : 346F8083;
123F : 40000000;
1240 : 342F809A;
1241 : 346F80A5;
1242 : 40000000;
1243 : 340F8051;
1244 : 342F80B0;
1245 : 344F8052;
1246 : 346F80B1;
1247 : 40000000;
1248 : 340F8059;
1249 : 342F80B6;
124A : 344F805A;
124B : 346F80B7;
124C : 40000000;
124D : 340F807B;
124E : 342F80B8;
124F : 344F807C;
1250 : 346F80B9;
1251 : 40000000;
1252 : 340F80A7;
1253 : 344F80A8;
1254 : 40000000;
1255 : 340F80CF;
1256 : 344F80D0;
1257 : 40000000;
1258 : 340F80C3;
1259 : 344F80C4;
125A : 346F80BB;
125B : 40000000;
125C : 340F80E5;
125D : 344F80E6;
125E : 40000000;
125F : 340F808F;
1260 : 344F8090;
1261 : 346F80BD;
1262 : 40000000;
1263 : 340F8057;
1264 : 342F80BA;
1265 : 344F8058;
1266 : 346F80BB;
1267 : 40000000;
1268 : 340F8073;
1269 : 344F8074;
126A : 40000000;
126B : 340F8099;
126C : 344F809A;
126D : 40000000;
126E : 340F806B;
126F : 342F80BC;
1270 : 344F806C;
1271 : 346F80BD;
1272 : 40000000;
1273 : 340F8097;
1274 : 344F8098;
1275 : 40000000;
1276 : 340F80BF;
1277 : 344F80C0;
1278 : 40000000;
1279 : 340F8067;
127A : 344F8068;
127B : 346F80BF;
127C : 40000000;
127D : 340F805F;
127E : 342F80BE;
127F : 344F8060;
1280 : 40000000;
1281 : 340F8075;
1282 : 344F8076;
1283 : 40000000;
1284 : 340F80C3;
1285 : 344F80C4;
1286 : 40000000;
1287 : 340F80E5;
1288 : 344F80E6;
1289 : 40000000;
128A : 340F8061;
128B : 342F80C0;
128C : 344F8062;
128D : 346F80C1;
128E : 40000000;
128F : 340F8081;
1290 : 344F8082;
1291 : 40000000;
1292 : 340F80E7;
1293 : 344F80E8;
1294 : 40000000;
1295 : 340F805B;
1296 : 342F80C6;
1297 : 344F805C;
1298 : 346F80C7;
1299 : 40000000;
129A : 340F80AF;
129B : 342F80CC;
129C : 344F80B0;
129D : 346F80CD;
129E : 40000000;
129F : 340F807D;
12A0 : 342F80D0;
12A1 : 344F807E;
12A2 : 346F80D1;
12A3 : 40000000;
12A4 : 340F80B7;
12A5 : 344F80B8;
12A6 : 40000000;
12A7 : 340F807F;
12A8 : 342F80D2;
12A9 : 344F8080;
12AA : 346F80D3;
12AB : 40000000;
12AC : 340F8083;
12AD : 344F8084;
12AE : 40000000;
12AF : 340F80B9;
12B0 : 344F80BA;
12B1 : 40000000;
12B2 : 340F8071;
12B3 : 342F80DA;
12B4 : 344F8072;
12B5 : 346F80DB;
12B6 : 40000000;
12B7 : 340F8091;
12B8 : 344F8092;
12B9 : 40000000;
12BA : 340F8075;
12BB : 342F80DC;
12BC : 344F8076;
12BD : 346F80DD;
12BE : 40000000;
12BF : 340F80A7;
12C0 : 344F80A8;
12C1 : 40000000;
12C2 : 340F80E7;
12C3 : 344F80E8;
12C4 : 40000000;
12C5 : 340F80BB;
12C6 : 344F80BC;
12C7 : 346F80DF;
12C8 : 40000000;
12C9 : 340F807D;
12CA : 344F807E;
12CB : 346F80E1;
12CC : 40000000;
12CD : 340F8051;
12CE : 342F80DE;
12CF : 344F8052;
12D0 : 346F80DF;
12D1 : 40000000;
12D2 : 340F8069;
12D3 : 344F806A;
12D4 : 40000000;
12D5 : 340F80C5;
12D6 : 344F80C6;
12D7 : 40000000;
12D8 : 340F80CB;
12D9 : 344F80CC;
12DA : 40000000;
12DB : 340F80DF;
12DC : 344F80E0;
12DD : 40000000;
12DE : 340F80A9;
12DF : 342F80E0;
12E0 : 344F80AA;
12E1 : 346F80E1;
12E2 : 40000000;
12E3 : 340F80B7;
12E4 : 344F80B8;
12E5 : 40000000;
12E6 : 340F804F;
12E7 : 344F8050;
12E8 : 346F80E9;
12E9 : 40000000;
12EA : 340F8059;
12EB : 342F80E2;
12EC : 344F805A;
12ED : 346F80E3;
12EE : 40000000;
12EF : 340F8063;
12F0 : 344F8064;
12F1 : 40000000;
12F2 : 340F806B;
12F3 : 344F806C;
12F4 : 40000000;
12F5 : 340F8077;
12F6 : 344F8078;
12F7 : 40000000;
12F8 : 340F8095;
12F9 : 344F8096;
12FA : 40000000;
12FB : 340F809D;
12FC : 344F809E;
12FD : 40000000;
12FE : 340F80BB;
12FF : 344F80BC;
1300 : 40000000;
1301 : 340F80DF;
1302 : 344F80E0;
1303 : 40000000;
1304 : 340F806D;
1305 : 342F80E4;
1306 : 344F806E;
1307 : 346F80E5;
1308 : 40000000;
1309 : 340F80A3;
130A : 344F80A4;
130B : 40000000;
130C : 340F80E9;
130D : 344F80EA;
130E : 40000000;
130F : 340F805B;
1310 : 342F80EA;
1311 : 344F805C;
1312 : 346F80EF;
1313 : 40000000;
1314 : 340F80A5;
1315 : 342F8024;
1316 : 344F80A6;
1317 : 346F8025;
1318 : 348F800E;
1319 : 40000000;
131A : 340F80CD;
131B : 344F80CE;
131C : 40000000;
131D : 340F80A3;
131E : 342F8028;
131F : 344F80A4;
1320 : 346F8029;
1321 : 40000000;
1322 : 340F80C3;
1323 : 342F8032;
1324 : 344F80C4;
1325 : 346F8033;
1326 : 40000000;
1327 : 340F80C5;
1328 : 342F8034;
1329 : 344F80C6;
132A : 346F8035;
132B : 40000000;
132C : 340F80B5;
132D : 342F8038;
132E : 344F80B6;
132F : 346F8039;
1330 : 40000000;
1331 : 340F80C5;
1332 : 344F80C6;
1333 : 40000000;
1334 : 340F80A7;
1335 : 342F803A;
1336 : 344F80A8;
1337 : 346F803B;
1338 : 40000000;
1339 : 340F80AD;
133A : 344F80AE;
133B : 40000000;
133C : 340F80C3;
133D : 344F80C4;
133E : 40000000;
133F : 340F80C7;
1340 : 344F80C8;
1341 : 40000000;
1342 : 340F80BD;
1343 : 342F803C;
1344 : 344F80BE;
1345 : 346F8041;
1346 : 40000000;
1347 : 340F80BB;
1348 : 342F803E;
1349 : 344F80BC;
134A : 346F803F;
134B : 40000000;
134C : 340F80C1;
134D : 344F80C2;
134E : 40000000;
134F : 340F80C7;
1350 : 344F80CA;
1351 : 40000000;
1352 : 340F8095;
1353 : 342F8040;
1354 : 344F8096;
1355 : 346F8041;
1356 : 40000000;
1357 : 340F80AF;
1358 : 344F80B0;
1359 : 40000000;
135A : 340F80C5;
135B : 344F80C6;
135C : 40000000;
135D : 340F80C9;
135E : 344F80CA;
135F : 346F8043;
1360 : 40000000;
1361 : 340F80D3;
1362 : 344F80D4;
1363 : 40000000;
1364 : 340F8097;
1365 : 342F8042;
1366 : 344F8098;
1367 : 40000000;
1368 : 340F80BB;
1369 : 344F80BC;
136A : 40000000;
136B : 340F8091;
136C : 342F8044;
136D : 344F8094;
136E : 346F8045;
136F : 40000000;
1370 : 340F80D5;
1371 : 344F80D6;
1372 : 346F8049;
1373 : 40000000;
1374 : 340F8089;
1375 : 342F8046;
1376 : 344F808A;
1377 : 346F8047;
1378 : 40000000;
1379 : 340F8093;
137A : 342F8048;
137B : 344F8094;
137C : 346F8049;
137D : 40000000;
137E : 340F80AF;
137F : 344F80B0;
1380 : 40000000;
1381 : 340F80D7;
1382 : 344F80D8;
1383 : 346F804B;
1384 : 40000000;
1385 : 340F80B9;
1386 : 342F804A;
1387 : 344F80BA;
1388 : 40000000;
1389 : 340F80BF;
138A : 344F80C0;
138B : 40000000;
138C : 340F8069;
138D : 342F804C;
138E : 344F806C;
138F : 346F804D;
1390 : 40000000;
1391 : 340F8073;
1392 : 344F8074;
1393 : 40000000;
1394 : 340F8097;
1395 : 344F8098;
1396 : 40000000;
1397 : 340F80C1;
1398 : 344F80C2;
1399 : 40000000;
139A : 340F80CB;
139B : 344F80D0;
139C : 40000000;
139D : 340F80DD;
139E : 344F80E0;
139F : 40000000;
13A0 : 340F80AD;
13A1 : 344F80AE;
13A2 : 346F804F;
13A3 : 40000000;
13A4 : 340F80D9;
13A5 : 344F80DA;
13A6 : 40000000;
13A7 : 340F8067;
13A8 : 342F804E;
13A9 : 344F8068;
13AA : 40000000;
13AB : 340F8099;
13AC : 344F809A;
13AD : 40000000;
13AE : 340F80CD;
13AF : 344F80D0;
13B0 : 40000000;
13B1 : 340F80D7;
13B2 : 344F80D8;
13B3 : 40000000;
13B4 : 340F80DB;
13B5 : 344F80DC;
13B6 : 40000000;
13B7 : 340F806F;
13B8 : 342F8050;
13B9 : 344F8072;
13BA : 346F8051;
13BB : 40000000;
13BC : 340F8067;
13BD : 342F8052;
13BE : 344F806C;
13BF : 346F8053;
13C0 : 40000000;
13C1 : 340F809D;
13C2 : 344F809E;
13C3 : 40000000;
13C4 : 340F80CF;
13C5 : 344F80D2;
13C6 : 40000000;
13C7 : 340F8089;
13C8 : 342F8054;
13C9 : 344F808A;
13CA : 346F8055;
13CB : 40000000;
13CC : 340F8091;
13CD : 344F8094;
13CE : 40000000;
13CF : 340F80A9;
13D0 : 344F80AA;
13D1 : 40000000;
13D2 : 340F80AD;
13D3 : 344F80AE;
13D4 : 40000000;
13D5 : 340F80DF;
13D6 : 344F80E2;
13D7 : 40000000;
13D8 : 340F80CD;
13D9 : 344F80CE;
13DA : 346F8057;
13DB : 40000000;
13DC : 340F8069;
13DD : 342F8056;
13DE : 344F806C;
13DF : 40000000;
13E0 : 340F808D;
13E1 : 344F8090;
13E2 : 40000000;
13E3 : 340F8095;
13E4 : 344F8096;
13E5 : 40000000;
13E6 : 340F80CF;
13E7 : 344F80D0;
13E8 : 40000000;
13E9 : 340F80C9;
13EA : 344F80CC;
13EB : 346F8059;
13EC : 40000000;
13ED : 340F80D3;
13EE : 344F80D4;
13EF : 40000000;
13F0 : 340F8067;
13F1 : 342F8058;
13F2 : 344F8068;
13F3 : 40000000;
13F4 : 340F80D7;
13F5 : 344F80D8;
13F6 : 40000000;
13F7 : 340F80DB;
13F8 : 344F80DC;
13F9 : 40000000;
13FA : 340F8065;
13FB : 342F805A;
13FC : 344F8066;
13FD : 346F805B;
13FE : 40000000;
13FF : 340F8097;
1400 : 344F8098;
1401 : 40000000;
1402 : 340F809D;
1403 : 344F809E;
1404 : 40000000;
1405 : 340F80C7;
1406 : 344F80CA;
1407 : 346F8061;
1408 : 40000000;
1409 : 340F80BF;
140A : 342F805C;
140B : 344F80C0;
140C : 346F805D;
140D : 40000000;
140E : 340F80D7;
140F : 344F80DA;
1410 : 40000000;
1411 : 340F80C3;
1412 : 344F80C6;
1413 : 346F8061;
1414 : 40000000;
1415 : 340F80CB;
1416 : 344F80CC;
1417 : 40000000;
1418 : 340F80C1;
1419 : 342F805E;
141A : 344F80C2;
141B : 40000000;
141C : 340F80CD;
141D : 342F8060;
141E : 344F80D0;
141F : 40000000;
1420 : 340F80C5;
1421 : 342F8062;
1422 : 344F80C8;
1423 : 346F8063;
1424 : 40000000;
1425 : 340F80BB;
1426 : 344F80BE;
1427 : 346F8065;
1428 : 40000000;
1429 : 340F80BF;
142A : 342F8064;
142B : 344F80C2;
142C : 40000000;
142D : 340F80B7;
142E : 344F80B8;
142F : 346F8067;
1430 : 40000000;
1431 : 340F80B5;
1432 : 342F8066;
1433 : 344F80B6;
1434 : 40000000;
1435 : 340F80B9;
1436 : 344F80BA;
1437 : 40000000;
1438 : 340F80BD;
1439 : 342F8068;
143A : 344F80BE;
143B : 346F8069;
143C : 40000000;
143D : 340F80B3;
143E : 344F80B4;
143F : 346F806B;
1440 : 40000000;
1441 : 340F80B1;
1442 : 342F806A;
1443 : 344F80B2;
1444 : 40000000;
1445 : 340F80E9;
1446 : 344F80EA;
1447 : 40000000;
1448 : 340F80AF;
1449 : 342F806C;
144A : 344F80B0;
144B : 346F806D;
144C : 40000000;
144D : 340F80B7;
144E : 344F80B8;
144F : 40000000;
1450 : 340F80AD;
1451 : 342F806E;
1452 : 344F80AE;
1453 : 346F806F;
1454 : 40000000;
1455 : 340F804F;
1456 : 344F8050;
1457 : 346F8073;
1458 : 40000000;
1459 : 340F80AF;
145A : 342F8070;
145B : 344F80B2;
145C : 346F8071;
145D : 40000000;
145E : 340F80E3;
145F : 342F8078;
1460 : 344F80E4;
1461 : 346F8079;
1462 : 40000000;
1463 : 342F807C;
1464 : 346F807D;
1465 : 40000000;
1466 : 340F8083;
1467 : 342F808A;
1468 : 344F8084;
1469 : 346F808D;
146A : 40000000;
146B : 340F8079;
146C : 342F808E;
146D : 344F807A;
146E : 346F808F;
146F : 40000000;
1470 : 340F804F;
1471 : 342F8090;
1472 : 344F8050;
1473 : 346F8091;
1474 : 40000000;
1475 : 340F8085;
1476 : 344F8086;
1477 : 40000000;
1478 : 340F8071;
1479 : 342F8092;
147A : 344F8074;
147B : 346F8093;
147C : 40000000;
147D : 340F8083;
147E : 344F8084;
147F : 40000000;
1480 : 340F804F;
1481 : 342F8094;
1482 : 344F8050;
1483 : 346F8097;
1484 : 40000000;
1485 : 340F8051;
1486 : 342F8096;
1487 : 344F8052;
1488 : 40000000;
1489 : 340F8081;
148A : 342F8098;
148B : 344F8082;
148C : 346F8099;
148D : 40000000;
148E : 340F8079;
148F : 342F809A;
1490 : 344F807A;
1491 : 346F809B;
1492 : 40000000;
1493 : 340F8081;
1494 : 342F809C;
1495 : 344F8082;
1496 : 346F809D;
1497 : 40000000;
1498 : 340F8083;
1499 : 342F809E;
149A : 344F8084;
149B : 346F809F;
149C : 40000000;
149D : 340F807D;
149E : 342F80A0;
149F : 344F807E;
14A0 : 346F80A1;
14A1 : 40000000;
14A2 : 340F8077;
14A3 : 342F80A2;
14A4 : 344F8078;
14A5 : 346F80A3;
14A6 : 40000000;
14A7 : 340F807F;
14A8 : 344F8080;
14A9 : 40000000;
14AA : 340F8083;
14AB : 342F80A4;
14AC : 344F8084;
14AD : 346F80A5;
14AE : 40000000;
14AF : 340F8081;
14B0 : 342F80A6;
14B1 : 344F8082;
14B2 : 346F80A9;
14B3 : 40000000;
14B4 : 340F808B;
14B5 : 344F808E;
14B6 : 346F80AF;
14B7 : 40000000;
14B8 : 340F807D;
14B9 : 342F80A8;
14BA : 344F807E;
14BB : 346F80A9;
14BC : 40000000;
14BD : 340F8083;
14BE : 344F808A;
14BF : 40000000;
14C0 : 340F8091;
14C1 : 344F8094;
14C2 : 346F80B1;
14C3 : 40000000;
14C4 : 340F8085;
14C5 : 342F80AA;
14C6 : 344F8088;
14C7 : 346F80AB;
14C8 : 40000000;
14C9 : 340F808F;
14CA : 344F8090;
14CB : 346F80B1;
14CC : 40000000;
14CD : 340F8087;
14CE : 342F80AC;
14CF : 344F8088;
14D0 : 346F80AD;
14D1 : 40000000;
14D2 : 340F8095;
14D3 : 344F8096;
14D4 : 346F80B1;
14D5 : 40000000;
14D6 : 340F8093;
14D7 : 342F80B2;
14D8 : 344F8094;
14D9 : 346F80B3;
14DA : 40000000;
14DB : 340F8097;
14DC : 344F8098;
14DD : 40000000;
14DE : 340F8083;
14DF : 342F80B4;
14E0 : 344F8086;
14E1 : 346F80B5;
14E2 : 40000000;
14E3 : 340F808F;
14E4 : 344F8092;
14E5 : 40000000;
14E6 : 340F809D;
14E7 : 342F80B8;
14E8 : 344F80A0;
14E9 : 346F80B9;
14EA : 40000000;
14EB : 340F80BF;
14EC : 342F80BA;
14ED : 344F80C0;
14EE : 346F80BB;
14EF : 40000000;
14F0 : 340F809D;
14F1 : 344F809E;
14F2 : 346F80C1;
14F3 : 40000000;
14F4 : 340F80A3;
14F5 : 342F80BC;
14F6 : 344F80A4;
14F7 : 40000000;
14F8 : 340F8069;
14F9 : 342F80BE;
14FA : 344F806A;
14FB : 346F80BF;
14FC : 40000000;
14FD : 340F8095;
14FE : 344F8096;
14FF : 40000000;
1500 : 340F804F;
1501 : 344F8050;
1502 : 346F80C3;
1503 : 40000000;
1504 : 340F8097;
1505 : 342F80C0;
1506 : 344F8098;
1507 : 346F80C1;
1508 : 40000000;
1509 : 340F8099;
150A : 342F80C2;
150B : 344F809A;
150C : 346F80C3;
150D : 40000000;
150E : 340F80A1;
150F : 342F80C8;
1510 : 344F80A2;
1511 : 346F80CB;
1512 : 40000000;
1513 : 340F808D;
1514 : 342F80CA;
1515 : 344F808E;
1516 : 40000000;
1517 : 340F807F;
1518 : 344F8080;
1519 : 346F80CF;
151A : 40000000;
151B : 340F808D;
151C : 342F80CE;
151D : 344F808E;
151E : 40000000;
151F : 340F80A1;
1520 : 342F80D0;
1521 : 344F80A2;
1522 : 346F80D1;
1523 : 40000000;
1524 : 340F804F;
1525 : 342F80D4;
1526 : 344F8050;
1527 : 346F80D9;
1528 : 40000000;
1529 : 340F807F;
152A : 342F80DA;
152B : 344F8080;
152C : 346F80DB;
152D : 40000000;
152E : 340F80CB;
152F : 344F80CC;
1530 : 40000000;
1531 : 340F804F;
1532 : 342F80DC;
1533 : 344F8050;
1534 : 346F80DD;
1535 : 40000000;
1536 : 340F80B5;
1537 : 344F80B6;
1538 : 40000000;
1539 : 340F8065;
153A : 342F80DE;
153B : 344F8066;
153C : 346F80DF;
153D : 40000000;
153E : 340F80B7;
153F : 344F80B8;
1540 : 40000000;
1541 : 340F804F;
1542 : 342F80EE;
1543 : 344F8050;
1544 : 346F80EF;
1545 : 40000000;
1546 : 340F80A3;
1547 : 342F8026;
1548 : 344F80A4;
1549 : 346F8027;
154A : 348F800F;
154B : 40000000;
154C : 340F80AB;
154D : 342F8036;
154E : 344F80AC;
154F : 346F8037;
1550 : 40000000;
1551 : 340F80A5;
1552 : 342F8038;
1553 : 344F80A6;
1554 : 346F803B;
1555 : 40000000;
1556 : 340F80C1;
1557 : 342F803C;
1558 : 344F80C4;
1559 : 346F803D;
155A : 40000000;
155B : 340F808F;
155C : 342F8040;
155D : 344F8090;
155E : 346F8043;
155F : 40000000;
1560 : 340F8095;
1561 : 342F8042;
1562 : 344F8096;
1563 : 40000000;
1564 : 340F8087;
1565 : 342F8044;
1566 : 344F8088;
1567 : 346F8045;
1568 : 40000000;
1569 : 340F808B;
156A : 344F808C;
156B : 40000000;
156C : 340F80B9;
156D : 344F80BA;
156E : 40000000;
156F : 340F8091;
1570 : 342F8046;
1571 : 344F8092;
1572 : 346F8047;
1573 : 40000000;
1574 : 340F808D;
1575 : 344F808E;
1576 : 346F8049;
1577 : 40000000;
1578 : 340F808F;
1579 : 342F8048;
157A : 344F8090;
157B : 40000000;
157C : 340F8095;
157D : 342F804A;
157E : 344F8096;
157F : 346F804B;
1580 : 40000000;
1581 : 340F806F;
1582 : 342F804C;
1583 : 344F8072;
1584 : 346F804D;
1585 : 40000000;
1586 : 340F8091;
1587 : 342F804E;
1588 : 344F8092;
1589 : 346F804F;
158A : 40000000;
158B : 340F8097;
158C : 344F8098;
158D : 40000000;
158E : 340F80DD;
158F : 344F80DE;
1590 : 40000000;
1591 : 340F8089;
1592 : 342F8050;
1593 : 344F808C;
1594 : 346F8051;
1595 : 40000000;
1596 : 340F80A9;
1597 : 344F80AA;
1598 : 40000000;
1599 : 340F80D7;
159A : 344F80D8;
159B : 346F8053;
159C : 40000000;
159D : 340F8099;
159E : 344F809A;
159F : 346F8057;
15A0 : 40000000;
15A1 : 340F8089;
15A2 : 342F8052;
15A3 : 344F808A;
15A4 : 346F8053;
15A5 : 40000000;
15A6 : 340F8093;
15A7 : 344F8094;
15A8 : 40000000;
15A9 : 340F80D9;
15AA : 344F80DA;
15AB : 40000000;
15AC : 340F809B;
15AD : 344F809C;
15AE : 346F805B;
15AF : 40000000;
15B0 : 340F808B;
15B1 : 342F8054;
15B2 : 344F808C;
15B3 : 346F8055;
15B4 : 40000000;
15B5 : 340F8095;
15B6 : 344F8098;
15B7 : 40000000;
15B8 : 340F809D;
15B9 : 344F80A0;
15BA : 40000000;
15BB : 340F80D5;
15BC : 344F80D6;
15BD : 40000000;
15BE : 340F8097;
15BF : 342F8056;
15C0 : 344F8098;
15C1 : 346F8057;
15C2 : 40000000;
15C3 : 340F80DB;
15C4 : 344F80DC;
15C5 : 40000000;
15C6 : 340F809D;
15C7 : 344F809E;
15C8 : 346F8059;
15C9 : 40000000;
15CA : 340F808F;
15CB : 342F8058;
15CC : 344F8094;
15CD : 40000000;
15CE : 340F80CD;
15CF : 344F80D0;
15D0 : 40000000;
15D1 : 340F8093;
15D2 : 342F805A;
15D3 : 344F8096;
15D4 : 346F805B;
15D5 : 40000000;
15D6 : 340F80DB;
15D7 : 344F80DC;
15D8 : 346F805D;
15D9 : 40000000;
15DA : 340F8095;
15DB : 342F805C;
15DC : 344F809A;
15DD : 40000000;
15DE : 340F80CD;
15DF : 342F805E;
15E0 : 344F80CE;
15E1 : 346F805F;
15E2 : 40000000;
15E3 : 340F80D1;
15E4 : 344F80D6;
15E5 : 40000000;
15E6 : 340F80B9;
15E7 : 342F8064;
15E8 : 344F80BA;
15E9 : 346F8065;
15EA : 40000000;
15EB : 340F80C3;
15EC : 344F80C4;
15ED : 40000000;
15EE : 340F80E1;
15EF : 342F806C;
15F0 : 344F80E2;
15F1 : 346F8071;
15F2 : 40000000;
15F3 : 340F80E3;
15F4 : 342F807A;
15F5 : 344F80E4;
15F6 : 346F807B;
15F7 : 40000000;
15F8 : 340F8073;
15F9 : 342F8094;
15FA : 344F8074;
15FB : 346F8095;
15FC : 40000000;
15FD : 340F8089;
15FE : 342F8096;
15FF : 344F808A;
1600 : 346F8097;
1601 : 40000000;
1602 : 340F808B;
1603 : 342F8098;
1604 : 344F808C;
1605 : 346F8099;
1606 : 40000000;
1607 : 340F8071;
1608 : 342F809C;
1609 : 344F8072;
160A : 346F809D;
160B : 40000000;
160C : 340F8085;
160D : 342F809E;
160E : 344F8086;
160F : 346F809F;
1610 : 40000000;
1611 : 340F8083;
1612 : 342F80A6;
1613 : 344F8084;
1614 : 346F80A7;
1615 : 40000000;
1616 : 342F80AA;
1617 : 346F80AB;
1618 : 40000000;
1619 : 340F8089;
161A : 344F808A;
161B : 346F80AF;
161C : 40000000;
161D : 340F80DF;
161E : 342F80BA;
161F : 344F80E0;
1620 : 346F80BD;
1621 : 40000000;
1622 : 340F8091;
1623 : 342F80BE;
1624 : 344F8092;
1625 : 346F80BF;
1626 : 40000000;
1627 : 340F80A9;
1628 : 344F80AA;
1629 : 40000000;
162A : 340F80CD;
162B : 342F80CC;
162C : 344F80CE;
162D : 346F80CD;
162E : 40000000;
162F : 340F80B1;
1630 : 344F80B2;
1631 : 346F80CF;
1632 : 40000000;
1633 : 340F80C9;
1634 : 342F80CE;
1635 : 344F80CA;
1636 : 40000000;
1637 : 340F80CF;
1638 : 344F80D0;
1639 : 40000000;
163A : 340F80A3;
163B : 342F80D0;
163C : 344F80A6;
163D : 346F80D1;
163E : 40000000;
163F : 340F80C7;
1640 : 344F80C8;
1641 : 40000000;
1642 : 340F80D1;
1643 : 342F80D2;
1644 : 344F80D2;
1645 : 346F80D3;
1646 : 40000000;
1647 : 340F809F;
1648 : 342F80DA;
1649 : 344F80A0;
164A : 346F80DB;
164B : 40000000;
164C : 340F80DF;
164D : 344F80E0;
164E : 40000000;
164F : 340F80D9;
1650 : 342F80DE;
1651 : 344F80DA;
1652 : 346F80E1;
1653 : 40000000;
1654 : 340F80C7;
1655 : 342F80E0;
1656 : 344F80C8;
1657 : 40000000;
1658 : 340F80D1;
1659 : 342F80E4;
165A : 344F80D2;
165B : 346F80E5;
165C : 40000000;
165D : 340F8051;
165E : 342F8004;
165F : 344F8052;
1660 : 346F800B;
1661 : 348F8010;
1662 : 40000000;
1663 : 342F800E;
1664 : 346F8017;
1665 : 40000000;
1666 : 340F8071;
1667 : 342F8018;
1668 : 344F8072;
1669 : 346F8019;
166A : 40000000;
166B : 340F8051;
166C : 342F8022;
166D : 344F8052;
166E : 346F8023;
166F : 40000000;
1670 : 340F80A5;
1671 : 344F80A6;
1672 : 40000000;
1673 : 340F809F;
1674 : 342F802A;
1675 : 344F80A0;
1676 : 346F802B;
1677 : 40000000;
1678 : 340F80C1;
1679 : 342F802E;
167A : 344F80C2;
167B : 346F802F;
167C : 40000000;
167D : 340F80A9;
167E : 342F8030;
167F : 344F80AA;
1680 : 346F8031;
1681 : 40000000;
1682 : 340F80AF;
1683 : 344F80B0;
1684 : 40000000;
1685 : 340F80A7;
1686 : 342F8034;
1687 : 344F80A8;
1688 : 346F8037;
1689 : 40000000;
168A : 340F809B;
168B : 342F8036;
168C : 344F809C;
168D : 40000000;
168E : 340F80C7;
168F : 344F80C8;
1690 : 40000000;
1691 : 340F80A9;
1692 : 344F80AA;
1693 : 346F8039;
1694 : 40000000;
1695 : 340F8099;
1696 : 342F803A;
1697 : 344F809A;
1698 : 346F803B;
1699 : 40000000;
169A : 340F80C7;
169B : 342F8040;
169C : 344F80C8;
169D : 346F8041;
169E : 40000000;
169F : 340F80D5;
16A0 : 344F80DA;
16A1 : 346F8043;
16A2 : 40000000;
16A3 : 340F806F;
16A4 : 342F8042;
16A5 : 344F8070;
16A6 : 40000000;
16A7 : 340F80B3;
16A8 : 344F80B4;
16A9 : 346F8045;
16AA : 40000000;
16AB : 340F80DB;
16AC : 344F80DC;
16AD : 40000000;
16AE : 340F80D9;
16AF : 342F8048;
16B0 : 346F8049;
16B1 : 40000000;
16B2 : 340F80DB;
16B3 : 342F804A;
16B4 : 344F80DE;
16B5 : 346F804B;
16B6 : 40000000;
16B7 : 340F80B5;
16B8 : 344F80B6;
16B9 : 346F804F;
16BA : 40000000;
16BB : 340F8051;
16BC : 342F804C;
16BD : 344F8052;
16BE : 346F804D;
16BF : 40000000;
16C0 : 340F80BB;
16C1 : 342F804E;
16C2 : 344F80BC;
16C3 : 346F804F;
16C4 : 40000000;
16C5 : 340F80E1;
16C6 : 344F80E4;
16C7 : 40000000;
16C8 : 340F80B3;
16C9 : 342F8050;
16CA : 344F80B4;
16CB : 346F8051;
16CC : 40000000;
16CD : 340F80D1;
16CE : 344F80D4;
16CF : 40000000;
16D0 : 340F80DF;
16D1 : 344F80E0;
16D2 : 40000000;
16D3 : 340F80E5;
16D4 : 342F8052;
16D5 : 344F80E8;
16D6 : 346F8053;
16D7 : 40000000;
16D8 : 340F80B1;
16D9 : 342F8054;
16DA : 344F80B2;
16DB : 346F8055;
16DC : 40000000;
16DD : 340F80AB;
16DE : 344F80AC;
16DF : 346F8057;
16E0 : 40000000;
16E1 : 340F809F;
16E2 : 342F8056;
16E3 : 344F80AA;
16E4 : 40000000;
16E5 : 340F80E5;
16E6 : 344F80EA;
16E7 : 40000000;
16E8 : 340F8051;
16E9 : 344F8052;
16EA : 346F805B;
16EB : 40000000;
16EC : 340F809F;
16ED : 342F8058;
16EE : 344F80A2;
16EF : 346F8059;
16F0 : 40000000;
16F1 : 340F80B3;
16F2 : 344F80B6;
16F3 : 40000000;
16F4 : 340F80C1;
16F5 : 344F80C2;
16F6 : 40000000;
16F7 : 340F80C5;
16F8 : 344F80C6;
16F9 : 40000000;
16FA : 340F80E5;
16FB : 344F80E6;
16FC : 40000000;
16FD : 340F80AB;
16FE : 342F805A;
16FF : 344F80AC;
1700 : 346F805B;
1701 : 40000000;
1702 : 340F80B7;
1703 : 344F80BC;
1704 : 40000000;
1705 : 340F80E3;
1706 : 344F80E4;
1707 : 40000000;
1708 : 340F80BD;
1709 : 342F805C;
170A : 344F80BE;
170B : 346F805D;
170C : 40000000;
170D : 340F80E9;
170E : 342F8068;
170F : 344F80EA;
1710 : 346F8069;
1711 : 40000000;
1712 : 340F8051;
1713 : 342F806A;
1714 : 344F8052;
1715 : 346F806B;
1716 : 40000000;
1717 : 340F804F;
1718 : 342F806C;
1719 : 344F8050;
171A : 346F806D;
171B : 40000000;
171C : 342F8074;
171D : 344F8052;
171E : 346F8075;
171F : 40000000;
1720 : 340F80E1;
1721 : 342F807E;
1722 : 344F80E2;
1723 : 346F807F;
1724 : 40000000;
1725 : 340F804F;
1726 : 342F8084;
1727 : 344F8050;
1728 : 346F808F;
1729 : 40000000;
172A : 340F8081;
172B : 342F8090;
172C : 344F8082;
172D : 346F8091;
172E : 40000000;
172F : 340F8051;
1730 : 342F8094;
1731 : 344F8052;
1732 : 346F8095;
1733 : 40000000;
1734 : 340F808D;
1735 : 344F808E;
1736 : 40000000;
1737 : 340F8073;
1738 : 342F809A;
1739 : 344F8074;
173A : 346F809B;
173B : 40000000;
173C : 340F8075;
173D : 342F809C;
173E : 344F8076;
173F : 346F809D;
1740 : 40000000;
1741 : 340F8091;
1742 : 344F8092;
1743 : 40000000;
1744 : 340F8051;
1745 : 342F80A0;
1746 : 344F8052;
1747 : 346F80A1;
1748 : 40000000;
1749 : 340F807B;
174A : 342F80A6;
174B : 344F807C;
174C : 346F80A7;
174D : 40000000;
174E : 340F804F;
174F : 344F8052;
1750 : 346F80AD;
1751 : 40000000;
1752 : 340F8081;
1753 : 342F80AA;
1754 : 344F8082;
1755 : 346F80AB;
1756 : 40000000;
1757 : 340F807D;
1758 : 342F80AC;
1759 : 344F8080;
175A : 346F80AD;
175B : 40000000;
175C : 340F8097;
175D : 344F8098;
175E : 40000000;
175F : 340F804F;
1760 : 342F80AE;
1761 : 344F8050;
1762 : 346F80AF;
1763 : 40000000;
1764 : 340F8081;
1765 : 344F8084;
1766 : 40000000;
1767 : 340F8089;
1768 : 342F80B0;
1769 : 344F808A;
176A : 346F80B1;
176B : 40000000;
176C : 340F8099;
176D : 344F809A;
176E : 40000000;
176F : 340F808D;
1770 : 344F808E;
1771 : 346F80B3;
1772 : 40000000;
1773 : 340F808F;
1774 : 342F80B2;
1775 : 344F8092;
1776 : 40000000;
1777 : 340F80BB;
1778 : 342F80B6;
1779 : 344F80BC;
177A : 346F80B7;
177B : 40000000;
177C : 340F80C5;
177D : 344F80C6;
177E : 40000000;
177F : 340F80D7;
1780 : 344F80D8;
1781 : 40000000;
1782 : 340F804F;
1783 : 342F80B8;
1784 : 344F8050;
1785 : 346F80B9;
1786 : 40000000;
1787 : 340F80BD;
1788 : 344F80BE;
1789 : 40000000;
178A : 340F8095;
178B : 342F80BA;
178C : 344F8096;
178D : 346F80BB;
178E : 40000000;
178F : 340F80AB;
1790 : 344F80AC;
1791 : 40000000;
1792 : 340F809F;
1793 : 344F80A2;
1794 : 346F80BD;
1795 : 40000000;
1796 : 340F8061;
1797 : 342F80BC;
1798 : 344F8062;
1799 : 40000000;
179A : 340F80B1;
179B : 344F80B2;
179C : 40000000;
179D : 340F80EB;
179E : 344F80EC;
179F : 346F80C1;
17A0 : 40000000;
17A1 : 340F807F;
17A2 : 342F80BE;
17A3 : 344F8080;
17A4 : 346F80BF;
17A5 : 40000000;
17A6 : 340F8063;
17A7 : 342F80C0;
17A8 : 344F8064;
17A9 : 346F80C1;
17AA : 40000000;
17AB : 340F809F;
17AC : 344F80A0;
17AD : 346F80C3;
17AE : 40000000;
17AF : 340F809D;
17B0 : 342F80C2;
17B1 : 344F809E;
17B2 : 40000000;
17B3 : 340F80A3;
17B4 : 344F80A4;
17B5 : 346F80C5;
17B6 : 40000000;
17B7 : 340F804F;
17B8 : 342F80C4;
17B9 : 344F8050;
17BA : 346F80C7;
17BB : 40000000;
17BC : 340F8051;
17BD : 342F80CA;
17BE : 344F8052;
17BF : 346F80DB;
17C0 : 40000000;
17C1 : 340F804F;
17C2 : 342F80CC;
17C3 : 344F8050;
17C4 : 346F80CF;
17C5 : 40000000;
17C6 : 342F80DA;
17C7 : 346F80DB;
17C8 : 40000000;
17C9 : 340F8063;
17CA : 344F8064;
17CB : 40000000;
17CC : 340F8075;
17CD : 344F8076;
17CE : 40000000;
17CF : 340F8095;
17D0 : 344F8096;
17D1 : 40000000;
17D2 : 340F8065;
17D3 : 342F80DC;
17D4 : 344F8066;
17D5 : 346F80DD;
17D6 : 40000000;
17D7 : 340F806D;
17D8 : 344F806E;
17D9 : 40000000;
17DA : 340F805D;
17DB : 344F805E;
17DC : 346F80DF;
17DD : 40000000;
17DE : 342F80E2;
17DF : 344F8060;
17E0 : 346F80E3;
17E1 : 40000000;
17E2 : 340F8079;
17E3 : 344F807A;
17E4 : 40000000;
17E5 : 340F8081;
17E6 : 344F8082;
17E7 : 40000000;
17E8 : 340F8051;
17E9 : 344F8052;
17EA : 346F80E9;
17EB : 40000000;
17EC : 340F8057;
17ED : 342F80E4;
17EE : 344F8058;
17EF : 346F80E5;
17F0 : 40000000;
17F1 : 340F804F;
17F2 : 342F80EC;
17F3 : 344F8052;
17F4 : 346F80ED;
17F5 : 40000000;
17F6 : 340F80C1;
17F7 : 342F8030;
17F8 : 344F80C2;
17F9 : 346F8031;
17FA : 348F8011;
17FB : 40000000;
17FC : 342F803A;
17FD : 346F803B;
17FE : 40000000;
17FF : 340F80B7;
1800 : 342F803C;
1801 : 344F80B8;
1802 : 346F803D;
1803 : 40000000;
1804 : 340F80B1;
1805 : 342F803E;
1806 : 344F80B2;
1807 : 346F803F;
1808 : 40000000;
1809 : 340F80B9;
180A : 344F80BA;
180B : 346F8043;
180C : 40000000;
180D : 340F80BB;
180E : 342F8040;
180F : 344F80BC;
1810 : 346F8041;
1811 : 40000000;
1812 : 340F8091;
1813 : 342F8042;
1814 : 344F8094;
1815 : 346F8043;
1816 : 40000000;
1817 : 340F808D;
1818 : 342F8044;
1819 : 344F808E;
181A : 346F8045;
181B : 40000000;
181C : 340F8087;
181D : 342F8046;
181E : 344F8088;
181F : 346F8047;
1820 : 40000000;
1821 : 340F808F;
1822 : 344F8090;
1823 : 40000000;
1824 : 340F8091;
1825 : 342F8048;
1826 : 344F8092;
1827 : 346F8049;
1828 : 40000000;
1829 : 340F8093;
182A : 342F804A;
182B : 344F8094;
182C : 346F8051;
182D : 40000000;
182E : 340F806D;
182F : 342F804C;
1830 : 344F806E;
1831 : 346F804D;
1832 : 40000000;
1833 : 340F8095;
1834 : 344F8096;
1835 : 346F8053;
1836 : 40000000;
1837 : 340F808F;
1838 : 342F804E;
1839 : 344F8090;
183A : 346F8051;
183B : 40000000;
183C : 340F808D;
183D : 342F8050;
183E : 344F808E;
183F : 40000000;
1840 : 340F8091;
1841 : 344F8092;
1842 : 40000000;
1843 : 340F8097;
1844 : 344F8098;
1845 : 346F8053;
1846 : 40000000;
1847 : 340F80DB;
1848 : 342F8052;
1849 : 344F80DC;
184A : 40000000;
184B : 340F80DF;
184C : 342F8056;
184D : 344F80E0;
184E : 346F8059;
184F : 40000000;
1850 : 340F80DD;
1851 : 342F8058;
1852 : 344F80DE;
1853 : 346F805B;
1854 : 40000000;
1855 : 340F8091;
1856 : 342F805A;
1857 : 344F8092;
1858 : 40000000;
1859 : 340F80D5;
185A : 344F80D8;
185B : 40000000;
185C : 340F8093;
185D : 342F805C;
185E : 344F8094;
185F : 346F805D;
1860 : 40000000;
1861 : 340F80CF;
1862 : 344F80D0;
1863 : 346F805F;
1864 : 40000000;
1865 : 340F80D7;
1866 : 342F805E;
1867 : 344F80D8;
1868 : 40000000;
1869 : 340F80BB;
186A : 344F80BC;
186B : 346F8061;
186C : 40000000;
186D : 340F80BD;
186E : 342F8060;
186F : 344F80C0;
1870 : 40000000;
1871 : 340F80D1;
1872 : 344F80D2;
1873 : 40000000;
1874 : 340F80B7;
1875 : 342F8062;
1876 : 344F80BA;
1877 : 346F8063;
1878 : 40000000;
1879 : 340F80BF;
187A : 344F80C4;
187B : 40000000;
187C : 340F80B5;
187D : 342F8064;
187E : 344F80B6;
187F : 346F8065;
1880 : 40000000;
1881 : 340F80B3;
1882 : 342F8066;
1883 : 344F80B4;
1884 : 346F8067;
1885 : 40000000;
1886 : 340F80B1;
1887 : 342F8068;
1888 : 344F80B2;
1889 : 346F8069;
188A : 40000000;
188B : 340F80D9;
188C : 344F80DC;
188D : 40000000;
188E : 340F80AF;
188F : 342F806A;
1890 : 344F80B0;
1891 : 346F806B;
1892 : 40000000;
1893 : 340F80C5;
1894 : 344F80C6;
1895 : 40000000;
1896 : 340F80E1;
1897 : 344F80E2;
1898 : 40000000;
1899 : 340F80AD;
189A : 342F806C;
189B : 344F80AE;
189C : 346F806D;
189D : 40000000;
189E : 340F80D1;
189F : 344F80D4;
18A0 : 346F806F;
18A1 : 40000000;
18A2 : 340F80D5;
18A3 : 342F806E;
18A4 : 344F80D8;
18A5 : 40000000;
18A6 : 340F80D3;
18A7 : 342F8070;
18A8 : 344F80D6;
18A9 : 346F8071;
18AA : 40000000;
18AB : 340F80E1;
18AC : 342F8072;
18AD : 344F80E2;
18AE : 346F8075;
18AF : 40000000;
18B0 : 340F80D5;
18B1 : 344F80DA;
18B2 : 346F8077;
18B3 : 40000000;
18B4 : 340F80D3;
18B5 : 342F8074;
18B6 : 344F80D4;
18B7 : 346F8079;
18B8 : 40000000;
18B9 : 340F80DB;
18BA : 344F80DC;
18BB : 40000000;
18BC : 340F80DD;
18BD : 342F8076;
18BE : 344F80DE;
18BF : 346F8077;
18C0 : 40000000;
18C1 : 340F80CF;
18C2 : 344F80D2;
18C3 : 346F8079;
18C4 : 40000000;
18C5 : 340F80D5;
18C6 : 342F8078;
18C7 : 344F80D6;
18C8 : 40000000;
18C9 : 340F80D9;
18CA : 344F80DA;
18CB : 346F807B;
18CC : 40000000;
18CD : 340F80CB;
18CE : 342F807A;
18CF : 344F80CC;
18D0 : 40000000;
18D1 : 340F80D1;
18D2 : 344F80D2;
18D3 : 40000000;
18D4 : 340F80D7;
18D5 : 344F80D8;
18D6 : 346F807D;
18D7 : 40000000;
18D8 : 340F80D3;
18D9 : 342F8080;
18DA : 344F80D4;
18DB : 346F8083;
18DC : 40000000;
18DD : 340F8083;
18DE : 342F808E;
18DF : 344F8084;
18E0 : 346F808F;
18E1 : 40000000;
18E2 : 340F8085;
18E3 : 342F8092;
18E4 : 344F8086;
18E5 : 346F8093;
18E6 : 40000000;
18E7 : 340F8087;
18E8 : 342F8094;
18E9 : 344F8088;
18EA : 346F8095;
18EB : 40000000;
18EC : 340F807F;
18ED : 342F8096;
18EE : 344F8080;
18EF : 346F8097;
18F0 : 40000000;
18F1 : 340F8071;
18F2 : 342F809E;
18F3 : 344F8072;
18F4 : 346F809F;
18F5 : 40000000;
18F6 : 340F8073;
18F7 : 342F80A0;
18F8 : 344F8074;
18F9 : 346F80A1;
18FA : 40000000;
18FB : 340F8075;
18FC : 342F80A2;
18FD : 344F8076;
18FE : 346F80A3;
18FF : 40000000;
1900 : 340F8077;
1901 : 342F80A4;
1902 : 344F8078;
1903 : 346F80A5;
1904 : 40000000;
1905 : 340F807B;
1906 : 342F80AE;
1907 : 344F807C;
1908 : 346F80AF;
1909 : 40000000;
190A : 340F8081;
190B : 342F80B4;
190C : 344F8082;
190D : 346F80B5;
190E : 40000000;
190F : 340F8087;
1910 : 344F8088;
1911 : 40000000;
1912 : 340F808D;
1913 : 344F808E;
1914 : 40000000;
1915 : 340F8089;
1916 : 342F80B6;
1917 : 344F808C;
1918 : 346F80B7;
1919 : 40000000;
191A : 340F80E7;
191B : 344F80E8;
191C : 40000000;
191D : 340F80DF;
191E : 342F80B8;
191F : 344F80E2;
1920 : 346F80B9;
1921 : 40000000;
1922 : 340F80E9;
1923 : 344F80EA;
1924 : 346F80BB;
1925 : 40000000;
1926 : 340F808B;
1927 : 344F808C;
1928 : 346F80BD;
1929 : 40000000;
192A : 340F806D;
192B : 342F80BA;
192C : 344F806E;
192D : 346F80BB;
192E : 40000000;
192F : 340F80A3;
1930 : 344F80A4;
1931 : 40000000;
1932 : 340F8077;
1933 : 344F8078;
1934 : 346F80BF;
1935 : 40000000;
1936 : 340F807D;
1937 : 342F80BC;
1938 : 344F807E;
1939 : 346F80BD;
193A : 40000000;
193B : 340F80E7;
193C : 344F80E8;
193D : 40000000;
193E : 340F8071;
193F : 342F80BE;
1940 : 344F8072;
1941 : 346F80BF;
1942 : 40000000;
1943 : 340F8093;
1944 : 344F8094;
1945 : 40000000;
1946 : 340F80AB;
1947 : 344F80AC;
1948 : 40000000;
1949 : 340F80E1;
194A : 344F80E2;
194B : 40000000;
194C : 340F80E9;
194D : 344F80EA;
194E : 346F80C1;
194F : 40000000;
1950 : 340F80D9;
1951 : 342F80C0;
1952 : 344F80DA;
1953 : 40000000;
1954 : 340F80E3;
1955 : 344F80E4;
1956 : 40000000;
1957 : 340F809B;
1958 : 342F80C2;
1959 : 344F809C;
195A : 346F80C3;
195B : 40000000;
195C : 340F80A9;
195D : 344F80AA;
195E : 40000000;
195F : 340F809D;
1960 : 342F80C6;
1961 : 344F80A0;
1962 : 346F80C7;
1963 : 40000000;
1964 : 340F80B1;
1965 : 344F80B2;
1966 : 40000000;
1967 : 340F80AF;
1968 : 342F80C8;
1969 : 344F80B0;
196A : 346F80C9;
196B : 40000000;
196C : 340F80B5;
196D : 344F80B6;
196E : 40000000;
196F : 340F80D1;
1970 : 344F80D2;
1971 : 346F80CB;
1972 : 40000000;
1973 : 340F809B;
1974 : 344F809C;
1975 : 346F80CF;
1976 : 40000000;
1977 : 340F80AD;
1978 : 342F80CA;
1979 : 344F80AE;
197A : 346F80CB;
197B : 40000000;
197C : 340F80B7;
197D : 344F80B8;
197E : 40000000;
197F : 340F80C9;
1980 : 344F80D0;
1981 : 40000000;
1982 : 340F8099;
1983 : 344F809A;
1984 : 346F80CD;
1985 : 40000000;
1986 : 340F808D;
1987 : 342F80CC;
1988 : 344F808E;
1989 : 40000000;
198A : 340F80A1;
198B : 344F80A2;
198C : 346F80CF;
198D : 40000000;
198E : 340F80AB;
198F : 344F80AC;
1990 : 40000000;
1991 : 340F80B9;
1992 : 342F80CE;
1993 : 344F80BA;
1994 : 40000000;
1995 : 340F80A7;
1996 : 342F80D0;
1997 : 344F80AA;
1998 : 346F80D1;
1999 : 40000000;
199A : 340F80C9;
199B : 344F80D2;
199C : 40000000;
199D : 340F80AF;
199E : 342F80D2;
199F : 344F80B0;
19A0 : 346F80D3;
19A1 : 40000000;
19A2 : 340F80B3;
19A3 : 344F80B6;
19A4 : 40000000;
19A5 : 340F80BB;
19A6 : 344F80BC;
19A7 : 40000000;
19A8 : 340F80C3;
19A9 : 344F80C4;
19AA : 40000000;
19AB : 340F80AB;
19AC : 342F80D4;
19AD : 344F80AE;
19AE : 346F80D5;
19AF : 40000000;
19B0 : 340F80C5;
19B1 : 344F80C6;
19B2 : 40000000;
19B3 : 340F809D;
19B4 : 342F80DA;
19B5 : 344F809E;
19B6 : 346F80DB;
19B7 : 40000000;
19B8 : 340F80A9;
19B9 : 344F80AA;
19BA : 40000000;
19BB : 340F80B3;
19BC : 344F80B4;
19BD : 40000000;
19BE : 340F80E1;
19BF : 344F80E2;
19C0 : 40000000;
19C1 : 340F808F;
19C2 : 342F80DC;
19C3 : 344F8090;
19C4 : 346F80DD;
19C5 : 40000000;
19C6 : 340F80A1;
19C7 : 344F80A4;
19C8 : 40000000;
19C9 : 340F80AB;
19CA : 344F80AE;
19CB : 40000000;
19CC : 340F80D9;
19CD : 344F80DC;
19CE : 40000000;
19CF : 340F80E3;
19D0 : 344F80E4;
19D1 : 346F80E3;
19D2 : 40000000;
19D3 : 340F80AD;
19D4 : 342F80DE;
19D5 : 344F80AE;
19D6 : 346F80DF;
19D7 : 40000000;
19D8 : 340F80B3;
19D9 : 342F80E0;
19DA : 344F80B4;
19DB : 346F80E3;
19DC : 40000000;
19DD : 340F808F;
19DE : 342F80E2;
19DF : 344F8092;
19E0 : 40000000;
19E1 : 340F80A1;
19E2 : 344F80A2;
19E3 : 40000000;
19E4 : 340F80AD;
19E5 : 344F80AE;
19E6 : 40000000;
19E7 : 340F80B5;
19E8 : 344F80B6;
19E9 : 40000000;
19EA : 340F80D1;
19EB : 344F80D2;
19EC : 40000000;
19ED : 340F80DB;
19EE : 344F80DC;
19EF : 40000000;
19F0 : 340F80C5;
19F1 : 342F80E4;
19F2 : 344F80C6;
19F3 : 346F80E5;
19F4 : 40000000;
19F5 : 340F80DD;
19F6 : 344F80DE;
19F7 : 40000000;
19F8 : 340F809D;
19F9 : 342F802C;
19FA : 344F809E;
19FB : 346F802D;
19FC : 348F8012;
19FD : 40000000;
19FE : 340F80AD;
19FF : 342F8030;
1A00 : 344F80AE;
1A01 : 346F8031;
1A02 : 40000000;
1A03 : 340F80BF;
1A04 : 342F8032;
1A05 : 344F80C0;
1A06 : 346F8033;
1A07 : 40000000;
1A08 : 340F80C3;
1A09 : 342F8034;
1A0A : 344F80C4;
1A0B : 346F8035;
1A0C : 40000000;
1A0D : 340F80C1;
1A0E : 342F8036;
1A0F : 344F80C2;
1A10 : 346F8039;
1A11 : 40000000;
1A12 : 340F80A7;
1A13 : 342F8038;
1A14 : 344F80A8;
1A15 : 40000000;
1A16 : 340F80C3;
1A17 : 344F80C4;
1A18 : 40000000;
1A19 : 340F80C9;
1A1A : 342F803A;
1A1B : 344F80CA;
1A1C : 346F803D;
1A1D : 40000000;
1A1E : 340F80B5;
1A1F : 342F803C;
1A20 : 344F80B6;
1A21 : 40000000;
1A22 : 340F80B3;
1A23 : 342F803E;
1A24 : 344F80B4;
1A25 : 346F803F;
1A26 : 40000000;
1A27 : 340F80C3;
1A28 : 344F80C4;
1A29 : 40000000;
1A2A : 340F8091;
1A2B : 342F8040;
1A2C : 344F8094;
1A2D : 346F8041;
1A2E : 40000000;
1A2F : 340F80B1;
1A30 : 344F80B2;
1A31 : 40000000;
1A32 : 340F808D;
1A33 : 342F8042;
1A34 : 344F808E;
1A35 : 346F8043;
1A36 : 40000000;
1A37 : 340F8089;
1A38 : 342F8044;
1A39 : 344F808A;
1A3A : 346F8045;
1A3B : 40000000;
1A3C : 340F808F;
1A3D : 344F8090;
1A3E : 40000000;
1A3F : 340F80D7;
1A40 : 344F80D8;
1A41 : 346F8047;
1A42 : 40000000;
1A43 : 340F806B;
1A44 : 342F8046;
1A45 : 344F806C;
1A46 : 40000000;
1A47 : 340F80D9;
1A48 : 344F80DA;
1A49 : 40000000;
1A4A : 340F80B1;
1A4B : 344F80B2;
1A4C : 346F8049;
1A4D : 40000000;
1A4E : 340F8087;
1A4F : 342F8048;
1A50 : 344F8088;
1A51 : 40000000;
1A52 : 340F8089;
1A53 : 342F804A;
1A54 : 344F808A;
1A55 : 346F804B;
1A56 : 40000000;
1A57 : 340F80D9;
1A58 : 344F80DA;
1A59 : 40000000;
1A5A : 340F808B;
1A5B : 342F804C;
1A5C : 344F808C;
1A5D : 346F804D;
1A5E : 40000000;
1A5F : 340F80DB;
1A60 : 344F80DC;
1A61 : 40000000;
1A62 : 340F80AF;
1A63 : 344F80B0;
1A64 : 346F804F;
1A65 : 40000000;
1A66 : 340F8087;
1A67 : 342F804E;
1A68 : 344F808A;
1A69 : 40000000;
1A6A : 340F80DF;
1A6B : 344F80E0;
1A6C : 40000000;
1A6D : 340F8073;
1A6E : 342F8050;
1A6F : 344F8074;
1A70 : 346F8051;
1A71 : 40000000;
1A72 : 340F80D5;
1A73 : 344F80D6;
1A74 : 40000000;
1A75 : 340F8087;
1A76 : 344F8088;
1A77 : 346F8053;
1A78 : 40000000;
1A79 : 340F80D7;
1A7A : 342F8054;
1A7B : 344F80D8;
1A7C : 346F8055;
1A7D : 40000000;
1A7E : 340F80D9;
1A7F : 342F8056;
1A80 : 344F80DA;
1A81 : 346F8057;
1A82 : 40000000;
1A83 : 340F80E1;
1A84 : 342F8058;
1A85 : 344F80E2;
1A86 : 346F8059;
1A87 : 40000000;
1A88 : 340F80B5;
1A89 : 342F805A;
1A8A : 344F80B6;
1A8B : 346F805B;
1A8C : 40000000;
1A8D : 340F80DF;
1A8E : 344F80E0;
1A8F : 40000000;
1A90 : 340F80CD;
1A91 : 344F80CE;
1A92 : 346F805D;
1A93 : 40000000;
1A94 : 340F80B7;
1A95 : 342F805C;
1A96 : 344F80BC;
1A97 : 40000000;
1A98 : 340F80DD;
1A99 : 344F80DE;
1A9A : 40000000;
1A9B : 340F8097;
1A9C : 342F805E;
1A9D : 344F8098;
1A9E : 346F805F;
1A9F : 40000000;
1AA0 : 340F80BD;
1AA1 : 344F80C0;
1AA2 : 40000000;
1AA3 : 340F80D9;
1AA4 : 344F80DA;
1AA5 : 40000000;
1AA6 : 340F80B9;
1AA7 : 344F80BA;
1AA8 : 346F8061;
1AA9 : 40000000;
1AAA : 340F80E1;
1AAB : 344F80E2;
1AAC : 346F8067;
1AAD : 40000000;
1AAE : 340F80D3;
1AAF : 342F8060;
1AB0 : 344F80D4;
1AB1 : 346F8061;
1AB2 : 40000000;
1AB3 : 340F80C9;
1AB4 : 342F8062;
1AB5 : 344F80CA;
1AB6 : 346F8063;
1AB7 : 40000000;
1AB8 : 340F80C5;
1AB9 : 342F8064;
1ABA : 344F80C6;
1ABB : 346F8065;
1ABC : 40000000;
1ABD : 340F80B1;
1ABE : 344F80B2;
1ABF : 346F8067;
1AC0 : 40000000;
1AC1 : 340F80C1;
1AC2 : 342F8066;
1AC3 : 344F80C2;
1AC4 : 40000000;
1AC5 : 340F80AF;
1AC6 : 344F80B0;
1AC7 : 346F8069;
1AC8 : 40000000;
1AC9 : 340F80C9;
1ACA : 342F8068;
1ACB : 344F80CA;
1ACC : 40000000;
1ACD : 340F80B5;
1ACE : 342F806E;
1ACF : 344F80B6;
1AD0 : 346F806F;
1AD1 : 40000000;
1AD2 : 340F80E1;
1AD3 : 342F8076;
1AD4 : 344F80E2;
1AD5 : 346F8077;
1AD6 : 40000000;
1AD7 : 340F80D9;
1AD8 : 342F8082;
1AD9 : 344F80DA;
1ADA : 346F8083;
1ADB : 40000000;
1ADC : 340F8075;
1ADD : 342F808C;
1ADE : 344F8076;
1ADF : 346F808D;
1AE0 : 40000000;
1AE1 : 340F8077;
1AE2 : 342F808E;
1AE3 : 344F8078;
1AE4 : 346F808F;
1AE5 : 40000000;
1AE6 : 340F8079;
1AE7 : 342F8090;
1AE8 : 344F807A;
1AE9 : 346F8091;
1AEA : 40000000;
1AEB : 340F806F;
1AEC : 342F8092;
1AED : 344F8070;
1AEE : 346F8093;
1AEF : 40000000;
1AF0 : 340F807B;
1AF1 : 344F807C;
1AF2 : 40000000;
1AF3 : 340F807D;
1AF4 : 342F8094;
1AF5 : 344F807E;
1AF6 : 346F8095;
1AF7 : 40000000;
1AF8 : 340F8085;
1AF9 : 344F8086;
1AFA : 40000000;
1AFB : 340F8087;
1AFC : 342F8096;
1AFD : 344F8088;
1AFE : 346F8097;
1AFF : 40000000;
1B00 : 340F8089;
1B01 : 342F8098;
1B02 : 344F808A;
1B03 : 346F8099;
1B04 : 40000000;
1B05 : 340F8077;
1B06 : 342F809A;
1B07 : 344F8078;
1B08 : 346F809B;
1B09 : 40000000;
1B0A : 340F8081;
1B0B : 344F8082;
1B0C : 40000000;
1B0D : 340F8079;
1B0E : 342F809C;
1B0F : 344F807A;
1B10 : 346F809D;
1B11 : 40000000;
1B12 : 340F8083;
1B13 : 344F8084;
1B14 : 40000000;
1B15 : 340F807B;
1B16 : 342F809E;
1B17 : 344F807C;
1B18 : 346F809F;
1B19 : 40000000;
1B1A : 340F807D;
1B1B : 342F80A2;
1B1C : 344F807E;
1B1D : 346F80A3;
1B1E : 40000000;
1B1F : 340F8079;
1B20 : 342F80A6;
1B21 : 344F807A;
1B22 : 346F80A7;
1B23 : 40000000;
1B24 : 340F807D;
1B25 : 342F80AA;
1B26 : 344F807E;
1B27 : 346F80AB;
1B28 : 40000000;
1B29 : 340F807B;
1B2A : 342F80AC;
1B2B : 344F807C;
1B2C : 346F80AD;
1B2D : 40000000;
1B2E : 340F8081;
1B2F : 344F8086;
1B30 : 40000000;
1B31 : 340F807D;
1B32 : 342F80AE;
1B33 : 344F8080;
1B34 : 346F80B1;
1B35 : 40000000;
1B36 : 340F8085;
1B37 : 344F8088;
1B38 : 346F80B3;
1B39 : 40000000;
1B3A : 340F8081;
1B3B : 342F80B0;
1B3C : 344F8084;
1B3D : 40000000;
1B3E : 340F808B;
1B3F : 344F808C;
1B40 : 40000000;
1B41 : 340F8089;
1B42 : 342F80B2;
1B43 : 344F808A;
1B44 : 40000000;
1B45 : 340F8059;
1B46 : 342F80B4;
1B47 : 344F805A;
1B48 : 346F80B5;
1B49 : 40000000;
1B4A : 340F805D;
1B4B : 342F80B6;
1B4C : 344F805E;
1B4D : 346F80B7;
1B4E : 40000000;
1B4F : 340F806B;
1B50 : 344F806C;
1B51 : 40000000;
1B52 : 340F808D;
1B53 : 344F808E;
1B54 : 40000000;
1B55 : 340F8077;
1B56 : 342F80B8;
1B57 : 344F8078;
1B58 : 346F80B9;
1B59 : 40000000;
1B5A : 340F80AB;
1B5B : 344F80AC;
1B5C : 40000000;
1B5D : 340F80AF;
1B5E : 344F80B2;
1B5F : 40000000;
1B60 : 340F80D3;
1B61 : 344F80D4;
1B62 : 40000000;
1B63 : 340F80D7;
1B64 : 344F80D8;
1B65 : 40000000;
1B66 : 340F80E3;
1B67 : 344F80E4;
1B68 : 346F80BB;
1B69 : 40000000;
1B6A : 340F807D;
1B6B : 342F80BA;
1B6C : 344F807E;
1B6D : 40000000;
1B6E : 340F80E1;
1B6F : 344F80E2;
1B70 : 40000000;
1B71 : 340F80AB;
1B72 : 342F80BC;
1B73 : 344F80AC;
1B74 : 346F80BD;
1B75 : 40000000;
1B76 : 340F80BB;
1B77 : 344F80BC;
1B78 : 40000000;
1B79 : 340F8063;
1B7A : 344F8064;
1B7B : 346F80BF;
1B7C : 40000000;
1B7D : 340F809F;
1B7E : 342F80BE;
1B7F : 344F80A0;
1B80 : 40000000;
1B81 : 340F80AD;
1B82 : 344F80B2;
1B83 : 40000000;
1B84 : 340F805D;
1B85 : 342F80C0;
1B86 : 344F805E;
1B87 : 346F80C1;
1B88 : 40000000;
1B89 : 340F8069;
1B8A : 344F806A;
1B8B : 40000000;
1B8C : 340F8071;
1B8D : 344F8072;
1B8E : 40000000;
1B8F : 340F8091;
1B90 : 344F8092;
1B91 : 40000000;
1B92 : 340F8095;
1B93 : 344F8096;
1B94 : 40000000;
1B95 : 340F80A5;
1B96 : 344F80A6;
1B97 : 40000000;
1B98 : 340F80B3;
1B99 : 344F80B4;
1B9A : 40000000;
1B9B : 340F80DD;
1B9C : 344F80DE;
1B9D : 40000000;
1B9E : 340F8097;
1B9F : 342F80C2;
1BA0 : 344F8098;
1BA1 : 346F80C3;
1BA2 : 40000000;
1BA3 : 340F80A1;
1BA4 : 344F80A2;
1BA5 : 40000000;
1BA6 : 342F80C6;
1BA7 : 346F80C7;
1BA8 : 40000000;
1BA9 : 340F8099;
1BAA : 342F80C8;
1BAB : 344F809A;
1BAC : 346F80C9;
1BAD : 40000000;
1BAE : 342F80CE;
1BAF : 346F80CF;
1BB0 : 40000000;
1BB1 : 340F80A3;
1BB2 : 344F80A4;
1BB3 : 40000000;
1BB4 : 340F80CB;
1BB5 : 344F80CC;
1BB6 : 40000000;
1BB7 : 340F80C3;
1BB8 : 344F80C4;
1BB9 : 346F80D1;
1BBA : 40000000;
1BBB : 340F8081;
1BBC : 342F80D0;
1BBD : 344F8082;
1BBE : 40000000;
1BBF : 340F8087;
1BC0 : 344F8088;
1BC1 : 40000000;
1BC2 : 340F808F;
1BC3 : 344F8090;
1BC4 : 40000000;
1BC5 : 340F809B;
1BC6 : 344F809C;
1BC7 : 40000000;
1BC8 : 340F8089;
1BC9 : 342F80D2;
1BCA : 344F808A;
1BCB : 346F80D3;
1BCC : 40000000;
1BCD : 340F80A9;
1BCE : 344F80AA;
1BCF : 40000000;
1BD0 : 340F809F;
1BD1 : 342F80D4;
1BD2 : 344F80A2;
1BD3 : 346F80D5;
1BD4 : 40000000;
1BD5 : 340F80A5;
1BD6 : 344F80A8;
1BD7 : 40000000;
1BD8 : 340F80E7;
1BD9 : 342F80DA;
1BDA : 344F80E8;
1BDB : 346F80DB;
1BDC : 40000000;
1BDD : 340F8067;
1BDE : 342F80DC;
1BDF : 344F8068;
1BE0 : 346F80DD;
1BE1 : 40000000;
1BE2 : 340F8079;
1BE3 : 344F807A;
1BE4 : 40000000;
1BE5 : 340F8091;
1BE6 : 344F8092;
1BE7 : 40000000;
1BE8 : 340F80A5;
1BE9 : 344F80A6;
1BEA : 40000000;
1BEB : 340F80CD;
1BEC : 344F80CE;
1BED : 40000000;
1BEE : 340F8095;
1BEF : 342F80DE;
1BF0 : 344F8098;
1BF1 : 346F80DF;
1BF2 : 40000000;
1BF3 : 340F80DB;
1BF4 : 344F80DE;
1BF5 : 40000000;
1BF6 : 340F8073;
1BF7 : 344F8074;
1BF8 : 346F80E1;
1BF9 : 40000000;
1BFA : 340F808B;
1BFB : 342F80E0;
1BFC : 344F808C;
1BFD : 40000000;
1BFE : 340F80C9;
1BFF : 344F80CA;
1C00 : 40000000;
1C01 : 340F80D3;
1C02 : 344F80D4;
1C03 : 40000000;
1C04 : 340F8067;
1C05 : 342F80E2;
1C06 : 344F8068;
1C07 : 346F80E3;
1C08 : 40000000;
1C09 : 340F8087;
1C0A : 344F8088;
1C0B : 40000000;
1C0C : 340F80AB;
1C0D : 344F80AC;
1C0E : 40000000;
1C0F : 340F8089;
1C10 : 342F80E4;
1C11 : 344F808A;
1C12 : 346F80E5;
1C13 : 40000000;
1C14 : 340F80CB;
1C15 : 344F80CE;
1C16 : 40000000;
1C17 : 340F80D7;
1C18 : 344F80D8;
1C19 : 40000000;
1C1A : 340F80E3;
1C1B : 344F80E4;
1C1C : 40000000;
1C1D : 340F80E7;
1C1E : 344F80E8;
1C1F : 40000000;
1C20 : 340F8081;
1C21 : 342F800E;
1C22 : 344F8084;
1C23 : 346F800F;
1C24 : 348F8013;
1C25 : 40000000;
1C26 : 340F8095;
1C27 : 344F8098;
1C28 : 40000000;
1C29 : 340F80A3;
1C2A : 344F80A4;
1C2B : 40000000;
1C2C : 340F807B;
1C2D : 342F8010;
1C2E : 344F807C;
1C2F : 346F8011;
1C30 : 40000000;
1C31 : 340F8089;
1C32 : 344F808A;
1C33 : 40000000;
1C34 : 340F808D;
1C35 : 344F8090;
1C36 : 40000000;
1C37 : 340F8075;
1C38 : 342F8012;
1C39 : 344F8076;
1C3A : 346F8013;
1C3B : 40000000;
1C3C : 340F8073;
1C3D : 342F8014;
1C3E : 344F8074;
1C3F : 346F8015;
1C40 : 40000000;
1C41 : 340F8077;
1C42 : 344F8078;
1C43 : 40000000;
1C44 : 340F8071;
1C45 : 342F8016;
1C46 : 344F8072;
1C47 : 346F8017;
1C48 : 40000000;
1C49 : 340F8073;
1C4A : 342F8018;
1C4B : 344F8074;
1C4C : 346F8019;
1C4D : 40000000;
1C4E : 340F806F;
1C4F : 344F8070;
1C50 : 346F801F;
1C51 : 40000000;
1C52 : 340F8071;
1C53 : 342F801A;
1C54 : 344F8072;
1C55 : 346F801B;
1C56 : 40000000;
1C57 : 340F806D;
1C58 : 344F806E;
1C59 : 346F8025;
1C5A : 40000000;
1C5B : 340F806B;
1C5C : 342F801E;
1C5D : 344F806C;
1C5E : 346F802D;
1C5F : 40000000;
1C60 : 340F80A5;
1C61 : 342F8020;
1C62 : 344F80A6;
1C63 : 346F8021;
1C64 : 40000000;
1C65 : 340F80A3;
1C66 : 342F8024;
1C67 : 344F80A4;
1C68 : 346F8025;
1C69 : 40000000;
1C6A : 340F80A1;
1C6B : 342F8026;
1C6C : 344F80A2;
1C6D : 346F8027;
1C6E : 40000000;
1C6F : 340F806F;
1C70 : 344F8070;
1C71 : 346F8029;
1C72 : 40000000;
1C73 : 340F8069;
1C74 : 344F806A;
1C75 : 346F802D;
1C76 : 40000000;
1C77 : 340F8079;
1C78 : 342F8028;
1C79 : 344F807A;
1C7A : 40000000;
1C7B : 340F809B;
1C7C : 342F802E;
1C7D : 344F809C;
1C7E : 346F802F;
1C7F : 40000000;
1C80 : 340F80BF;
1C81 : 342F8030;
1C82 : 344F80C0;
1C83 : 346F8031;
1C84 : 40000000;
1C85 : 340F80AB;
1C86 : 344F80AC;
1C87 : 346F8033;
1C88 : 40000000;
1C89 : 340F80A9;
1C8A : 342F8034;
1C8B : 344F80AA;
1C8C : 346F8035;
1C8D : 40000000;
1C8E : 340F8099;
1C8F : 342F8038;
1C90 : 344F809A;
1C91 : 346F8039;
1C92 : 40000000;
1C93 : 340F8097;
1C94 : 342F803C;
1C95 : 344F8098;
1C96 : 346F803D;
1C97 : 40000000;
1C98 : 340F808F;
1C99 : 342F803E;
1C9A : 344F8094;
1C9B : 346F803F;
1C9C : 40000000;
1C9D : 340F80B3;
1C9E : 342F8040;
1C9F : 344F80B4;
1CA0 : 346F8041;
1CA1 : 40000000;
1CA2 : 340F8087;
1CA3 : 342F8042;
1CA4 : 344F8088;
1CA5 : 346F8043;
1CA6 : 40000000;
1CA7 : 340F806F;
1CA8 : 342F8044;
1CA9 : 344F8070;
1CAA : 346F8045;
1CAB : 40000000;
1CAC : 340F80D9;
1CAD : 344F80DA;
1CAE : 40000000;
1CAF : 340F80B3;
1CB0 : 342F8046;
1CB1 : 344F80B4;
1CB2 : 346F8049;
1CB3 : 40000000;
1CB4 : 340F8077;
1CB5 : 342F804A;
1CB6 : 344F8078;
1CB7 : 346F804B;
1CB8 : 40000000;
1CB9 : 340F80B1;
1CBA : 344F80B2;
1CBB : 40000000;
1CBC : 340F8075;
1CBD : 342F804C;
1CBE : 344F8076;
1CBF : 346F804D;
1CC0 : 40000000;
1CC1 : 340F80B3;
1CC2 : 344F80B4;
1CC3 : 346F804F;
1CC4 : 40000000;
1CC5 : 340F807D;
1CC6 : 342F8050;
1CC7 : 344F8082;
1CC8 : 346F8051;
1CC9 : 40000000;
1CCA : 340F80B1;
1CCB : 344F80B2;
1CCC : 346F8053;
1CCD : 40000000;
1CCE : 340F80E1;
1CCF : 344F80E4;
1CD0 : 40000000;
1CD1 : 340F80E5;
1CD2 : 342F8054;
1CD3 : 344F80E8;
1CD4 : 346F8055;
1CD5 : 40000000;
1CD6 : 340F80AF;
1CD7 : 344F80B0;
1CD8 : 346F8057;
1CD9 : 40000000;
1CDA : 340F806D;
1CDB : 342F8056;
1CDC : 344F806E;
1CDD : 40000000;
1CDE : 340F80AD;
1CDF : 344F80AE;
1CE0 : 40000000;
1CE1 : 340F80E3;
1CE2 : 344F80E4;
1CE3 : 40000000;
1CE4 : 340F8089;
1CE5 : 342F8058;
1CE6 : 344F808A;
1CE7 : 346F8059;
1CE8 : 40000000;
1CE9 : 340F80E7;
1CEA : 344F80E8;
1CEB : 40000000;
1CEC : 340F808D;
1CED : 342F805C;
1CEE : 344F808E;
1CEF : 346F805D;
1CF0 : 40000000;
1CF1 : 340F808F;
1CF2 : 342F805E;
1CF3 : 344F8090;
1CF4 : 346F805F;
1CF5 : 40000000;
1CF6 : 340F8095;
1CF7 : 344F8096;
1CF8 : 40000000;
1CF9 : 340F80A3;
1CFA : 344F80A4;
1CFB : 40000000;
1CFC : 340F8057;
1CFD : 342F8072;
1CFE : 344F8058;
1CFF : 346F8073;
1D00 : 40000000;
1D01 : 340F8051;
1D02 : 342F8084;
1D03 : 344F8052;
1D04 : 346F8093;
1D05 : 40000000;
1D06 : 340F8077;
1D07 : 342F8088;
1D08 : 344F8078;
1D09 : 346F8089;
1D0A : 40000000;
1D0B : 340F807B;
1D0C : 342F808A;
1D0D : 344F807C;
1D0E : 346F808B;
1D0F : 40000000;
1D10 : 340F807D;
1D11 : 342F808C;
1D12 : 344F807E;
1D13 : 346F808D;
1D14 : 40000000;
1D15 : 340F806F;
1D16 : 342F808E;
1D17 : 344F8070;
1D18 : 346F808F;
1D19 : 40000000;
1D1A : 340F807F;
1D1B : 344F8080;
1D1C : 40000000;
1D1D : 340F8075;
1D1E : 342F8090;
1D1F : 344F8076;
1D20 : 346F8091;
1D21 : 40000000;
1D22 : 340F808F;
1D23 : 342F8096;
1D24 : 344F8090;
1D25 : 346F8097;
1D26 : 40000000;
1D27 : 340F8091;
1D28 : 342F809A;
1D29 : 344F8092;
1D2A : 346F809B;
1D2B : 40000000;
1D2C : 340F8093;
1D2D : 342F80A0;
1D2E : 344F8094;
1D2F : 346F80A1;
1D30 : 40000000;
1D31 : 340F807F;
1D32 : 342F80A4;
1D33 : 344F8080;
1D34 : 346F80A5;
1D35 : 40000000;
1D36 : 340F8095;
1D37 : 342F80A6;
1D38 : 344F8096;
1D39 : 346F80A7;
1D3A : 40000000;
1D3B : 340F8097;
1D3C : 342F80AA;
1D3D : 344F8098;
1D3E : 346F80AB;
1D3F : 40000000;
1D40 : 340F80ED;
1D41 : 342F80AC;
1D42 : 344F80EF;
1D43 : 346F80AD;
1D44 : 40000000;
1D45 : 340F8057;
1D46 : 342F80AE;
1D47 : 344F8058;
1D48 : 346F80AF;
1D49 : 40000000;
1D4A : 340F8099;
1D4B : 344F809A;
1D4C : 40000000;
1D4D : 340F809B;
1D4E : 342F80B2;
1D4F : 344F809C;
1D50 : 346F80B3;
1D51 : 40000000;
1D52 : 340F8089;
1D53 : 342F80B4;
1D54 : 344F808C;
1D55 : 346F80B5;
1D56 : 40000000;
1D57 : 340F809D;
1D58 : 344F809E;
1D59 : 40000000;
1D5A : 340F8071;
1D5B : 342F80B6;
1D5C : 344F8072;
1D5D : 346F80B7;
1D5E : 40000000;
1D5F : 340F809F;
1D60 : 344F80A0;
1D61 : 40000000;
1D62 : 340F80A7;
1D63 : 344F80A8;
1D64 : 40000000;
1D65 : 340F80B3;
1D66 : 344F80B4;
1D67 : 40000000;
1D68 : 340F80CB;
1D69 : 344F80CE;
1D6A : 40000000;
1D6B : 340F80DB;
1D6C : 344F80DC;
1D6D : 40000000;
1D6E : 340F80E3;
1D6F : 344F80E4;
1D70 : 40000000;
1D71 : 340F8063;
1D72 : 342F80B8;
1D73 : 344F8064;
1D74 : 346F80B9;
1D75 : 40000000;
1D76 : 340F807F;
1D77 : 344F8080;
1D78 : 40000000;
1D79 : 340F808D;
1D7A : 344F808E;
1D7B : 40000000;
1D7C : 340F8097;
1D7D : 344F8098;
1D7E : 40000000;
1D7F : 340F80A1;
1D80 : 344F80A2;
1D81 : 40000000;
1D82 : 340F80D5;
1D83 : 344F80D6;
1D84 : 40000000;
1D85 : 340F80AD;
1D86 : 344F80AE;
1D87 : 346F80BD;
1D88 : 40000000;
1D89 : 340F8071;
1D8A : 342F80BC;
1D8B : 344F8072;
1D8C : 40000000;
1D8D : 340F80AF;
1D8E : 344F80B0;
1D8F : 40000000;
1D90 : 340F8081;
1D91 : 342F80BE;
1D92 : 344F8084;
1D93 : 346F80BF;
1D94 : 40000000;
1D95 : 340F8089;
1D96 : 344F808A;
1D97 : 40000000;
1D98 : 340F80A1;
1D99 : 344F80A2;
1D9A : 346F80C1;
1D9B : 40000000;
1D9C : 340F805B;
1D9D : 342F80C0;
1D9E : 344F805C;
1D9F : 40000000;
1DA0 : 340F806F;
1DA1 : 344F8070;
1DA2 : 40000000;
1DA3 : 340F8075;
1DA4 : 344F8076;
1DA5 : 40000000;
1DA6 : 340F807D;
1DA7 : 344F807E;
1DA8 : 40000000;
1DA9 : 340F8099;
1DAA : 344F809A;
1DAB : 40000000;
1DAC : 340F80A9;
1DAD : 344F80AA;
1DAE : 40000000;
1DAF : 340F80B9;
1DB0 : 344F80BA;
1DB1 : 40000000;
1DB2 : 340F80C5;
1DB3 : 344F80C6;
1DB4 : 40000000;
1DB5 : 340F80D1;
1DB6 : 344F80D2;
1DB7 : 40000000;
1DB8 : 340F80ED;
1DB9 : 344F80EF;
1DBA : 40000000;
1DBB : 340F80EB;
1DBC : 342F80C2;
1DBD : 344F80EC;
1DBE : 346F80C3;
1DBF : 40000000;
1DC0 : 340F805B;
1DC1 : 342F80C4;
1DC2 : 344F805C;
1DC3 : 346F80C5;
1DC4 : 40000000;
1DC5 : 340F809B;
1DC6 : 344F80A2;
1DC7 : 40000000;
1DC8 : 340F80A3;
1DC9 : 342F80C6;
1DCA : 344F80A4;
1DCB : 346F80CD;
1DCC : 40000000;
1DCD : 340F8095;
1DCE : 342F80C8;
1DCF : 344F8096;
1DD0 : 346F80C9;
1DD1 : 40000000;
1DD2 : 340F809D;
1DD3 : 344F809E;
1DD4 : 40000000;
1DD5 : 340F80C5;
1DD6 : 344F80C6;
1DD7 : 40000000;
1DD8 : 340F8083;
1DD9 : 342F80D0;
1DDA : 344F8086;
1DDB : 346F80D1;
1DDC : 40000000;
1DDD : 340F80B1;
1DDE : 344F80B2;
1DDF : 40000000;
1DE0 : 340F808D;
1DE1 : 342F80D2;
1DE2 : 344F808E;
1DE3 : 346F80D3;
1DE4 : 40000000;
1DE5 : 340F8091;
1DE6 : 344F8092;
1DE7 : 40000000;
1DE8 : 340F80AD;
1DE9 : 344F80AE;
1DEA : 40000000;
1DEB : 340F80C7;
1DEC : 344F80C8;
1DED : 40000000;
1DEE : 340F80EB;
1DEF : 342F80D6;
1DF0 : 344F80EC;
1DF1 : 346F80D7;
1DF2 : 40000000;
1DF3 : 340F8071;
1DF4 : 342F80D8;
1DF5 : 344F8072;
1DF6 : 346F80D9;
1DF7 : 40000000;
1DF8 : 340F805F;
1DF9 : 344F8060;
1DFA : 346F80DB;
1DFB : 40000000;
1DFC : 340F8069;
1DFD : 342F80DA;
1DFE : 344F806C;
1DFF : 40000000;
1E00 : 340F80AF;
1E01 : 344F80B0;
1E02 : 40000000;
1E03 : 340F80C7;
1E04 : 344F80C8;
1E05 : 40000000;
1E06 : 340F80D5;
1E07 : 344F80D6;
1E08 : 40000000;
1E09 : 340F80DD;
1E0A : 344F80DE;
1E0B : 40000000;
1E0C : 340F806F;
1E0D : 342F80DC;
1E0E : 344F8070;
1E0F : 346F80DD;
1E10 : 40000000;
1E11 : 340F8097;
1E12 : 344F8098;
1E13 : 40000000;
1E14 : 340F8093;
1E15 : 344F8094;
1E16 : 346F80DF;
1E17 : 40000000;
1E18 : 340F8091;
1E19 : 342F80DE;
1E1A : 344F8092;
1E1B : 346F80E1;
1E1C : 40000000;
1E1D : 340F805D;
1E1E : 342F80E0;
1E1F : 344F805E;
1E20 : 40000000;
1E21 : 340F808F;
1E22 : 344F8090;
1E23 : 40000000;
1E24 : 340F80B9;
1E25 : 344F80BA;
1E26 : 40000000;
1E27 : 340F806F;
1E28 : 342F80E2;
1E29 : 344F8072;
1E2A : 346F80E3;
1E2B : 40000000;
1E2C : 340F8083;
1E2D : 344F8086;
1E2E : 40000000;
1E2F : 340F80A3;
1E30 : 344F80A4;
1E31 : 40000000;
1E32 : 340F80C5;
1E33 : 344F80CA;
1E34 : 40000000;
1E35 : 340F8063;
1E36 : 342F80E4;
1E37 : 344F8066;
1E38 : 346F80E5;
1E39 : 40000000;
1E3A : 340F8071;
1E3B : 344F8072;
1E3C : 40000000;
1E3D : 340F8075;
1E3E : 344F8076;
1E3F : 40000000;
1E40 : 340F808D;
1E41 : 344F808E;
1E42 : 40000000;
1E43 : 340F809F;
1E44 : 344F80A0;
1E45 : 40000000;
1E46 : 340F80B1;
1E47 : 344F80B2;
1E48 : 40000000;
1E49 : 340F80BD;
1E4A : 344F80BE;
1E4B : 40000000;
1E4C : 340F805F;
1E4D : 342F80E6;
1E4E : 344F8062;
1E4F : 346F80E7;
1E50 : 40000000;
1E51 : 340F80E7;
1E52 : 344F80E8;
1E53 : 40000000;
1E54 : 340F805B;
1E55 : 342F80E8;
1E56 : 344F805C;
1E57 : 346F80E9;
1E58 : 40000000;
1E59 : 340F809F;
1E5A : 342F8028;
1E5B : 344F80A0;
1E5C : 346F8029;
1E5D : 348F8014;
1E5E : 40000000;
1E5F : 340F80A9;
1E60 : 342F8032;
1E61 : 344F80AA;
1E62 : 346F8033;
1E63 : 40000000;
1E64 : 340F8099;
1E65 : 344F809A;
1E66 : 346F8037;
1E67 : 40000000;
1E68 : 340F80C3;
1E69 : 342F8036;
1E6A : 344F80C6;
1E6B : 40000000;
1E6C : 340F80C7;
1E6D : 342F8038;
1E6E : 344F80C8;
1E6F : 346F8039;
1E70 : 40000000;
1E71 : 340F80B5;
1E72 : 342F803E;
1E73 : 344F80B6;
1E74 : 346F803F;
1E75 : 40000000;
1E76 : 340F80C5;
1E77 : 344F80C6;
1E78 : 40000000;
1E79 : 340F808D;
1E7A : 342F8040;
1E7B : 344F808E;
1E7C : 346F8041;
1E7D : 40000000;
1E7E : 340F806D;
1E7F : 342F8046;
1E80 : 344F806E;
1E81 : 346F8047;
1E82 : 40000000;
1E83 : 340F80B3;
1E84 : 342F804A;
1E85 : 344F80B4;
1E86 : 346F804B;
1E87 : 40000000;
1E88 : 340F80B1;
1E89 : 342F804E;
1E8A : 344F80B2;
1E8B : 346F804F;
1E8C : 40000000;
1E8D : 340F8083;
1E8E : 342F8050;
1E8F : 344F8084;
1E90 : 346F8051;
1E91 : 40000000;
1E92 : 340F80E3;
1E93 : 342F8054;
1E94 : 344F80E4;
1E95 : 346F8055;
1E96 : 40000000;
1E97 : 342F8058;
1E98 : 346F8059;
1E99 : 40000000;
1E9A : 340F80E1;
1E9B : 342F805A;
1E9C : 344F80E2;
1E9D : 346F805B;
1E9E : 40000000;
1E9F : 340F80A7;
1EA0 : 342F805C;
1EA1 : 344F80A8;
1EA2 : 346F805D;
1EA3 : 40000000;
1EA4 : 340F80B5;
1EA5 : 344F80B6;
1EA6 : 40000000;
1EA7 : 340F8099;
1EA8 : 342F805E;
1EA9 : 344F809A;
1EAA : 346F805F;
1EAB : 40000000;
1EAC : 340F80DB;
1EAD : 344F80DC;
1EAE : 40000000;
1EAF : 340F80B7;
1EB0 : 344F80B8;
1EB1 : 346F8061;
1EB2 : 40000000;
1EB3 : 340F80B3;
1EB4 : 342F8060;
1EB5 : 344F80B4;
1EB6 : 346F8065;
1EB7 : 40000000;
1EB8 : 340F80B1;
1EB9 : 342F8062;
1EBA : 344F80B2;
1EBB : 346F8063;
1EBC : 40000000;
1EBD : 340F80CB;
1EBE : 344F80CC;
1EBF : 40000000;
1EC0 : 340F80BF;
1EC1 : 342F8068;
1EC2 : 344F80C0;
1EC3 : 346F8069;
1EC4 : 40000000;
1EC5 : 340F80E1;
1EC6 : 344F80E2;
1EC7 : 40000000;
1EC8 : 340F80AD;
1EC9 : 342F806A;
1ECA : 344F80AE;
1ECB : 346F806B;
1ECC : 40000000;
1ECD : 340F80BB;
1ECE : 344F80BC;
1ECF : 40000000;
1ED0 : 340F80B3;
1ED1 : 342F8070;
1ED2 : 344F80B4;
1ED3 : 346F8071;
1ED4 : 40000000;
1ED5 : 340F806D;
1ED6 : 342F8098;
1ED7 : 344F806E;
1ED8 : 346F8099;
1ED9 : 40000000;
1EDA : 340F8075;
1EDB : 344F8076;
1EDC : 40000000;
1EDD : 340F807F;
1EDE : 344F8080;
1EDF : 40000000;
1EE0 : 340F806F;
1EE1 : 342F809C;
1EE2 : 344F8070;
1EE3 : 346F809D;
1EE4 : 40000000;
1EE5 : 340F807B;
1EE6 : 342F80A0;
1EE7 : 344F807C;
1EE8 : 346F80A1;
1EE9 : 40000000;
1EEA : 340F8077;
1EEB : 342F80A6;
1EEC : 344F8078;
1EED : 346F80A7;
1EEE : 40000000;
1EEF : 340F807B;
1EF0 : 342F80A8;
1EF1 : 344F807C;
1EF2 : 346F80AB;
1EF3 : 40000000;
1EF4 : 342F80B0;
1EF5 : 346F80B1;
1EF6 : 40000000;
1EF7 : 340F807F;
1EF8 : 342F80B2;
1EF9 : 344F8080;
1EFA : 346F80B3;
1EFB : 40000000;
1EFC : 340F8065;
1EFD : 342F80B6;
1EFE : 344F8066;
1EFF : 346F80B7;
1F00 : 40000000;
1F01 : 340F807B;
1F02 : 344F807C;
1F03 : 40000000;
1F04 : 340F80A5;
1F05 : 344F80A6;
1F06 : 40000000;
1F07 : 340F80E9;
1F08 : 344F80EA;
1F09 : 40000000;
1F0A : 340F80C9;
1F0B : 344F80CA;
1F0C : 346F80B9;
1F0D : 40000000;
1F0E : 340F805F;
1F0F : 342F80B8;
1F10 : 344F8060;
1F11 : 40000000;
1F12 : 340F806D;
1F13 : 344F8070;
1F14 : 40000000;
1F15 : 340F8081;
1F16 : 344F8084;
1F17 : 40000000;
1F18 : 340F80B3;
1F19 : 344F80B4;
1F1A : 40000000;
1F1B : 340F80CB;
1F1C : 344F80CE;
1F1D : 40000000;
1F1E : 340F8063;
1F1F : 342F80BA;
1F20 : 344F8064;
1F21 : 346F80BB;
1F22 : 40000000;
1F23 : 340F80CD;
1F24 : 344F80CE;
1F25 : 40000000;
1F26 : 340F805B;
1F27 : 344F805C;
1F28 : 346F80BF;
1F29 : 40000000;
1F2A : 340F8069;
1F2B : 342F80BC;
1F2C : 344F806A;
1F2D : 346F80BD;
1F2E : 40000000;
1F2F : 340F80A5;
1F30 : 344F80A6;
1F31 : 346F80BF;
1F32 : 40000000;
1F33 : 340F80B3;
1F34 : 342F80BE;
1F35 : 344F80B4;
1F36 : 40000000;
1F37 : 340F80BB;
1F38 : 344F80BE;
1F39 : 40000000;
1F3A : 340F80CD;
1F3B : 344F80CE;
1F3C : 346F80C1;
1F3D : 40000000;
1F3E : 340F806B;
1F3F : 342F80C0;
1F40 : 344F806C;
1F41 : 40000000;
1F42 : 340F8077;
1F43 : 344F8078;
1F44 : 40000000;
1F45 : 340F8087;
1F46 : 344F8088;
1F47 : 40000000;
1F48 : 340F808D;
1F49 : 344F808E;
1F4A : 40000000;
1F4B : 340F80BF;
1F4C : 344F80C2;
1F4D : 40000000;
1F4E : 340F80E5;
1F4F : 344F80E6;
1F50 : 40000000;
1F51 : 340F806D;
1F52 : 342F80C2;
1F53 : 344F806E;
1F54 : 346F80C3;
1F55 : 40000000;
1F56 : 340F808F;
1F57 : 344F8092;
1F58 : 40000000;
1F59 : 340F8095;
1F5A : 344F8096;
1F5B : 40000000;
1F5C : 340F80A5;
1F5D : 344F80A6;
1F5E : 40000000;
1F5F : 340F8099;
1F60 : 342F80C4;
1F61 : 344F809A;
1F62 : 346F80C7;
1F63 : 40000000;
1F64 : 340F8095;
1F65 : 342F80C6;
1F66 : 344F8098;
1F67 : 40000000;
1F68 : 340F809B;
1F69 : 344F809C;
1F6A : 40000000;
1F6B : 340F807B;
1F6C : 342F80C8;
1F6D : 344F807C;
1F6E : 346F80C9;
1F6F : 40000000;
1F70 : 340F807F;
1F71 : 344F8080;
1F72 : 40000000;
1F73 : 340F8089;
1F74 : 344F808A;
1F75 : 40000000;
1F76 : 340F808D;
1F77 : 344F808E;
1F78 : 40000000;
1F79 : 340F80AD;
1F7A : 342F80CC;
1F7B : 344F80AE;
1F7C : 346F80CD;
1F7D : 40000000;
1F7E : 340F80B3;
1F7F : 344F80B4;
1F80 : 346F80D1;
1F81 : 40000000;
1F82 : 340F80A5;
1F83 : 342F80CE;
1F84 : 344F80A6;
1F85 : 346F80CF;
1F86 : 40000000;
1F87 : 340F8089;
1F88 : 342F80D0;
1F89 : 344F808A;
1F8A : 346F80D1;
1F8B : 40000000;
1F8C : 340F8091;
1F8D : 344F8094;
1F8E : 40000000;
1F8F : 340F80B5;
1F90 : 344F80B6;
1F91 : 40000000;
1F92 : 340F807B;
1F93 : 342F80D2;
1F94 : 344F807C;
1F95 : 346F80D3;
1F96 : 40000000;
1F97 : 340F808B;
1F98 : 344F808C;
1F99 : 40000000;
1F9A : 340F8095;
1F9B : 344F8098;
1F9C : 40000000;
1F9D : 340F80B7;
1F9E : 344F80B8;
1F9F : 40000000;
1FA0 : 340F806F;
1FA1 : 342F80D8;
1FA2 : 344F8070;
1FA3 : 346F80D9;
1FA4 : 40000000;
1FA5 : 340F8077;
1FA6 : 342F80DA;
1FA7 : 344F8078;
1FA8 : 346F80DB;
1FA9 : 40000000;
1FAA : 340F808B;
1FAB : 344F808C;
1FAC : 40000000;
1FAD : 340F8071;
1FAE : 342F80DC;
1FAF : 344F8072;
1FB0 : 346F80DD;
1FB1 : 40000000;
1FB2 : 340F809B;
1FB3 : 344F809C;
1FB4 : 40000000;
1FB5 : 340F80C5;
1FB6 : 344F80C6;
1FB7 : 40000000;
1FB8 : 340F80E5;
1FB9 : 344F80E6;
1FBA : 40000000;
1FBB : 340F805F;
1FBC : 344F8060;
1FBD : 346F80E1;
1FBE : 40000000;
1FBF : 340F8067;
1FC0 : 342F80DE;
1FC1 : 344F8068;
1FC2 : 346F80DF;
1FC3 : 40000000;
1FC4 : 340F806D;
1FC5 : 344F806E;
1FC6 : 40000000;
1FC7 : 340F8089;
1FC8 : 344F808A;
1FC9 : 346F80E3;
1FCA : 40000000;
1FCB : 340F8075;
1FCC : 342F80E0;
1FCD : 344F8076;
1FCE : 346F80E1;
1FCF : 40000000;
1FD0 : 340F808D;
1FD1 : 344F808E;
1FD2 : 40000000;
1FD3 : 340F80C1;
1FD4 : 344F80C2;
1FD5 : 346F80E3;
1FD6 : 40000000;
1FD7 : 340F807B;
1FD8 : 344F807C;
1FD9 : 346F80E5;
1FDA : 40000000;
1FDB : 340F8061;
1FDC : 342F80E2;
1FDD : 344F8062;
1FDE : 346F80E3;
1FDF : 40000000;
1FE0 : 340F8073;
1FE1 : 344F8074;
1FE2 : 40000000;
1FE3 : 340F80A5;
1FE4 : 344F80A6;
1FE5 : 40000000;
1FE6 : 340F80B7;
1FE7 : 344F80B8;
1FE8 : 40000000;
1FE9 : 340F80CB;
1FEA : 344F80CC;
1FEB : 40000000;
1FEC : 340F80E5;
1FED : 344F80E6;
1FEE : 40000000;
1FEF : 340F8069;
1FF0 : 342F80E4;
1FF1 : 344F806C;
1FF2 : 346F80E5;
1FF3 : 40000000;
1FF4 : 340F8077;
1FF5 : 344F8078;
1FF6 : 40000000;
1FF7 : 340F808B;
1FF8 : 344F808C;
1FF9 : 40000000;
1FFA : 340F809D;
1FFB : 344F809E;
1FFC : 40000000;
1FFD : 340F80A9;
1FFE : 344F80AA;
1FFF : 40000000;
2000 : 340F80B9;
2001 : 344F80BA;
2002 : 40000000;
2003 : 340F806F;
2004 : 342F80E6;
2005 : 344F8074;
2006 : 346F80E7;
2007 : 40000000;
2008 : 340F8085;
2009 : 342F800E;
200A : 344F8094;
200B : 346F800F;
200C : 348F8015;
200D : 40000000;
200E : 340F8099;
200F : 344F809E;
2010 : 40000000;
2011 : 340F807D;
2012 : 342F8010;
2013 : 344F8082;
2014 : 346F8011;
2015 : 40000000;
2016 : 340F8085;
2017 : 344F8088;
2018 : 40000000;
2019 : 340F808B;
201A : 344F808C;
201B : 40000000;
201C : 340F8097;
201D : 344F8098;
201E : 40000000;
201F : 340F8077;
2020 : 342F8012;
2021 : 344F807C;
2022 : 346F8013;
2023 : 40000000;
2024 : 340F80A5;
2025 : 344F80A6;
2026 : 40000000;
2027 : 340F8075;
2028 : 342F8014;
2029 : 344F8076;
202A : 346F8015;
202B : 40000000;
202C : 340F8079;
202D : 344F807C;
202E : 40000000;
202F : 340F8073;
2030 : 342F801A;
2031 : 344F8074;
2032 : 346F801B;
2033 : 40000000;
2034 : 340F8071;
2035 : 342F801C;
2036 : 344F8072;
2037 : 346F801D;
2038 : 40000000;
2039 : 342F8024;
203A : 346F8025;
203B : 40000000;
203C : 340F8079;
203D : 342F8026;
203E : 344F807A;
203F : 346F8027;
2040 : 40000000;
2041 : 340F808B;
2042 : 344F808C;
2043 : 40000000;
2044 : 340F8075;
2045 : 344F8076;
2046 : 346F802D;
2047 : 40000000;
2048 : 340F807D;
2049 : 344F807E;
204A : 40000000;
204B : 340F806F;
204C : 342F802A;
204D : 344F8070;
204E : 346F802B;
204F : 40000000;
2050 : 340F808D;
2051 : 344F808E;
2052 : 40000000;
2053 : 340F8077;
2054 : 344F8078;
2055 : 346F802D;
2056 : 40000000;
2057 : 340F8083;
2058 : 344F8084;
2059 : 346F802F;
205A : 40000000;
205B : 340F808B;
205C : 342F802C;
205D : 344F808C;
205E : 346F802D;
205F : 40000000;
2060 : 340F8069;
2061 : 342F802E;
2062 : 344F806A;
2063 : 346F802F;
2064 : 40000000;
2065 : 340F8079;
2066 : 344F807A;
2067 : 40000000;
2068 : 340F8089;
2069 : 344F808A;
206A : 40000000;
206B : 340F808B;
206C : 342F8030;
206D : 344F808C;
206E : 346F8031;
206F : 40000000;
2070 : 340F8069;
2071 : 342F8032;
2072 : 344F806A;
2073 : 346F8035;
2074 : 40000000;
2075 : 340F806D;
2076 : 342F803E;
2077 : 344F806E;
2078 : 346F803F;
2079 : 40000000;
207A : 340F8095;
207B : 344F8096;
207C : 40000000;
207D : 340F8077;
207E : 342F8048;
207F : 344F8078;
2080 : 346F8049;
2081 : 40000000;
2082 : 340F8079;
2083 : 342F804E;
2084 : 344F807C;
2085 : 346F804F;
2086 : 40000000;
2087 : 340F8081;
2088 : 342F8052;
2089 : 344F8082;
208A : 346F8053;
208B : 40000000;
208C : 340F8051;
208D : 342F8082;
208E : 344F8052;
208F : 346F8083;
2090 : 40000000;
2091 : 340F80ED;
2092 : 342F80AA;
2093 : 344F80EF;
2094 : 346F80AB;
2095 : 40000000;
2096 : 340F80EB;
2097 : 342F80B2;
2098 : 344F80EC;
2099 : 346F80B3;
209A : 40000000;
209B : 340F8057;
209C : 342F80B8;
209D : 344F805A;
209E : 346F80B9;
209F : 40000000;
20A0 : 340F8067;
20A1 : 344F8068;
20A2 : 40000000;
20A3 : 340F80ED;
20A4 : 344F80EF;
20A5 : 40000000;
20A6 : 340F80DB;
20A7 : 344F80DC;
20A8 : 346F80BB;
20A9 : 40000000;
20AA : 340F80B9;
20AB : 342F80BA;
20AC : 344F80BA;
20AD : 40000000;
20AE : 340F80CF;
20AF : 344F80D0;
20B0 : 346F80BD;
20B1 : 40000000;
20B2 : 340F8087;
20B3 : 344F8088;
20B4 : 346F80BF;
20B5 : 40000000;
20B6 : 340F80A7;
20B7 : 344F80A8;
20B8 : 40000000;
20B9 : 340F805D;
20BA : 342F80BC;
20BB : 344F805E;
20BC : 346F80BD;
20BD : 40000000;
20BE : 340F8073;
20BF : 344F8074;
20C0 : 40000000;
20C1 : 340F80E3;
20C2 : 344F80E4;
20C3 : 40000000;
20C4 : 340F8053;
20C5 : 342F80BE;
20C6 : 344F8056;
20C7 : 346F80BF;
20C8 : 40000000;
20C9 : 340F806D;
20CA : 344F806E;
20CB : 40000000;
20CC : 340F808F;
20CD : 344F8090;
20CE : 40000000;
20CF : 340F8097;
20D0 : 344F8098;
20D1 : 40000000;
20D2 : 340F8053;
20D3 : 342F80C0;
20D4 : 344F8054;
20D5 : 346F80C1;
20D6 : 40000000;
20D7 : 340F8067;
20D8 : 344F8068;
20D9 : 40000000;
20DA : 340F805B;
20DB : 342F80C2;
20DC : 344F805C;
20DD : 346F80C3;
20DE : 40000000;
20DF : 340F809D;
20E0 : 342F80CA;
20E1 : 344F809E;
20E2 : 346F80CB;
20E3 : 40000000;
20E4 : 340F80B1;
20E5 : 344F80B2;
20E6 : 40000000;
20E7 : 340F80C5;
20E8 : 344F80C6;
20E9 : 346F80D1;
20EA : 40000000;
20EB : 340F80B5;
20EC : 342F80CE;
20ED : 344F80B6;
20EE : 346F80CF;
20EF : 40000000;
20F0 : 340F808B;
20F1 : 342F80D0;
20F2 : 344F808C;
20F3 : 346F80D1;
20F4 : 40000000;
20F5 : 340F8095;
20F6 : 344F8096;
20F7 : 40000000;
20F8 : 340F80AD;
20F9 : 344F80AE;
20FA : 40000000;
20FB : 340F80EB;
20FC : 342F80D4;
20FD : 344F80EC;
20FE : 346F80D5;
20FF : 40000000;
2100 : 340F8069;
2101 : 342F80DC;
2102 : 344F806A;
2103 : 346F80DD;
2104 : 40000000;
2105 : 340F8073;
2106 : 344F8074;
2107 : 40000000;
2108 : 340F808B;
2109 : 344F808C;
210A : 40000000;
210B : 340F80C7;
210C : 344F80C8;
210D : 40000000;
210E : 340F80D5;
210F : 344F80D6;
2110 : 346F80E3;
2111 : 40000000;
2112 : 340F808D;
2113 : 342F80DE;
2114 : 344F808E;
2115 : 346F80DF;
2116 : 40000000;
2117 : 340F80B1;
2118 : 344F80B2;
2119 : 40000000;
211A : 340F8057;
211B : 344F8058;
211C : 346F80E1;
211D : 40000000;
211E : 340F8061;
211F : 344F8062;
2120 : 40000000;
2121 : 340F8069;
2122 : 342F80E0;
2123 : 344F806A;
2124 : 40000000;
2125 : 340F8093;
2126 : 344F8094;
2127 : 40000000;
2128 : 340F80DD;
2129 : 344F80DE;
212A : 40000000;
212B : 340F808B;
212C : 342F80E2;
212D : 344F808C;
212E : 346F80E3;
212F : 40000000;
2130 : 340F80A9;
2131 : 344F80AA;
2132 : 40000000;
2133 : 340F80CD;
2134 : 344F80CE;
2135 : 40000000;
2136 : 340F8059;
2137 : 342F80E4;
2138 : 344F805A;
2139 : 346F80E5;
213A : 40000000;
213B : 340F805F;
213C : 344F8060;
213D : 40000000;
213E : 340F8073;
213F : 344F8074;
2140 : 40000000;
2141 : 340F807F;
2142 : 344F8080;
2143 : 40000000;
2144 : 340F8091;
2145 : 344F8092;
2146 : 40000000;
2147 : 340F80CF;
2148 : 344F80D0;
2149 : 40000000;
214A : 340F80E7;
214B : 342F80E8;
214C : 344F80E8;
214D : 346F80EF;
214E : 40000000;
214F : 340F8083;
2150 : 342F8010;
2151 : 344F8084;
2152 : 346F8011;
2153 : 348F8016;
2154 : 40000000;
2155 : 340F8091;
2156 : 344F8092;
2157 : 40000000;
2158 : 340F8099;
2159 : 344F80A0;
215A : 40000000;
215B : 340F807D;
215C : 342F8012;
215D : 344F8080;
215E : 346F8013;
215F : 40000000;
2160 : 340F8087;
2161 : 344F8088;
2162 : 40000000;
2163 : 340F808D;
2164 : 344F8090;
2165 : 40000000;
2166 : 340F80A1;
2167 : 342F8014;
2168 : 344F80A2;
2169 : 346F8015;
216A : 40000000;
216B : 340F8077;
216C : 342F8016;
216D : 344F807A;
216E : 346F8017;
216F : 40000000;
2170 : 340F8075;
2171 : 342F801A;
2172 : 344F8076;
2173 : 346F801B;
2174 : 40000000;
2175 : 340F806F;
2176 : 342F8020;
2177 : 344F8070;
2178 : 346F8021;
2179 : 40000000;
217A : 340F8097;
217B : 344F8098;
217C : 40000000;
217D : 340F8071;
217E : 342F8022;
217F : 344F8074;
2180 : 346F8023;
2181 : 40000000;
2182 : 340F8095;
2183 : 344F8096;
2184 : 40000000;
2185 : 340F808B;
2186 : 344F808C;
2187 : 346F8025;
2188 : 40000000;
2189 : 340F808F;
218A : 344F8090;
218B : 346F802D;
218C : 40000000;
218D : 340F806F;
218E : 342F8024;
218F : 344F8070;
2190 : 346F8025;
2191 : 40000000;
2192 : 340F8073;
2193 : 344F8076;
2194 : 40000000;
2195 : 340F8079;
2196 : 344F807A;
2197 : 40000000;
2198 : 340F808D;
2199 : 344F808E;
219A : 346F8029;
219B : 40000000;
219C : 340F8093;
219D : 344F8094;
219E : 346F802F;
219F : 40000000;
21A0 : 340F8071;
21A1 : 342F8026;
21A2 : 344F8074;
21A3 : 346F8027;
21A4 : 40000000;
21A5 : 340F8091;
21A6 : 344F8092;
21A7 : 40000000;
21A8 : 340F8077;
21A9 : 344F8078;
21AA : 346F8029;
21AB : 40000000;
21AC : 340F8087;
21AD : 344F808A;
21AE : 40000000;
21AF : 340F806D;
21B0 : 344F806E;
21B1 : 346F802B;
21B2 : 40000000;
21B3 : 340F8081;
21B4 : 342F8028;
21B5 : 344F8086;
21B6 : 346F8029;
21B7 : 40000000;
21B8 : 340F808B;
21B9 : 344F808C;
21BA : 346F802B;
21BB : 40000000;
21BC : 340F807B;
21BD : 344F807C;
21BE : 346F802D;
21BF : 40000000;
21C0 : 340F8095;
21C1 : 344F8096;
21C2 : 40000000;
21C3 : 340F8073;
21C4 : 344F8074;
21C5 : 346F8033;
21C6 : 40000000;
21C7 : 340F8085;
21C8 : 342F802A;
21C9 : 344F8086;
21CA : 346F802B;
21CB : 40000000;
21CC : 340F8097;
21CD : 344F8098;
21CE : 40000000;
21CF : 340F8089;
21D0 : 344F808A;
21D1 : 346F802D;
21D2 : 40000000;
21D3 : 340F8091;
21D4 : 344F8092;
21D5 : 346F802F;
21D6 : 40000000;
21D7 : 340F806F;
21D8 : 342F802C;
21D9 : 344F8070;
21DA : 346F802D;
21DB : 40000000;
21DC : 340F808D;
21DD : 344F808E;
21DE : 346F8031;
21DF : 40000000;
21E0 : 340F8087;
21E1 : 344F8088;
21E2 : 346F8035;
21E3 : 40000000;
21E4 : 340F806B;
21E5 : 342F802E;
21E6 : 344F806C;
21E7 : 346F802F;
21E8 : 40000000;
21E9 : 340F8075;
21EA : 344F8078;
21EB : 40000000;
21EC : 340F808B;
21ED : 344F808C;
21EE : 40000000;
21EF : 340F807D;
21F0 : 344F807E;
21F1 : 346F8031;
21F2 : 40000000;
21F3 : 340F8081;
21F4 : 344F8082;
21F5 : 346F8033;
21F6 : 40000000;
21F7 : 340F8069;
21F8 : 342F8030;
21F9 : 344F806A;
21FA : 346F8031;
21FB : 40000000;
21FC : 340F8077;
21FD : 344F807A;
21FE : 40000000;
21FF : 340F8083;
2200 : 344F8086;
2201 : 40000000;
2202 : 340F808F;
2203 : 344F8090;
2204 : 40000000;
2205 : 340F8099;
2206 : 344F809A;
2207 : 40000000;
2208 : 340F8089;
2209 : 344F808A;
220A : 346F8033;
220B : 40000000;
220C : 340F808B;
220D : 342F8032;
220E : 344F808C;
220F : 40000000;
2210 : 340F8095;
2211 : 344F8096;
2212 : 40000000;
2213 : 340F8091;
2214 : 342F8036;
2215 : 344F8092;
2216 : 346F8037;
2217 : 40000000;
2218 : 340F806B;
2219 : 342F8038;
221A : 344F806C;
221B : 346F8039;
221C : 40000000;
221D : 340F808F;
221E : 344F8090;
221F : 40000000;
2220 : 340F808D;
2221 : 342F803C;
2222 : 344F808E;
2223 : 346F803D;
2224 : 40000000;
2225 : 340F807D;
2226 : 342F804E;
2227 : 344F807E;
2228 : 346F804F;
2229 : 40000000;
222A : 340F8075;
222B : 342F8050;
222C : 344F8076;
222D : 346F8051;
222E : 40000000;
222F : 340F80B1;
2230 : 342F8058;
2231 : 344F80B2;
2232 : 346F8059;
2233 : 40000000;
2234 : 340F8067;
2235 : 342F805A;
2236 : 344F8068;
2237 : 346F805B;
2238 : 40000000;
2239 : 340F80AD;
223A : 344F80AE;
223B : 40000000;
223C : 340F80B3;
223D : 344F80B4;
223E : 40000000;
223F : 340F8065;
2240 : 342F805C;
2241 : 344F8066;
2242 : 346F805D;
2243 : 40000000;
2244 : 340F8075;
2245 : 342F8088;
2246 : 344F8076;
2247 : 346F8089;
2248 : 40000000;
2249 : 340F8079;
224A : 344F807A;
224B : 40000000;
224C : 340F8085;
224D : 342F808A;
224E : 344F8086;
224F : 346F808B;
2250 : 40000000;
2251 : 340F8073;
2252 : 342F808E;
2253 : 344F8074;
2254 : 346F808F;
2255 : 40000000;
2256 : 340F8089;
2257 : 344F808A;
2258 : 40000000;
2259 : 340F808B;
225A : 342F8090;
225B : 344F808C;
225C : 346F8091;
225D : 40000000;
225E : 340F806F;
225F : 342F8096;
2260 : 344F8070;
2261 : 346F8097;
2262 : 40000000;
2263 : 340F8093;
2264 : 342F809E;
2265 : 344F8094;
2266 : 346F809F;
2267 : 40000000;
2268 : 340F8095;
2269 : 342F80A4;
226A : 344F8096;
226B : 346F80A5;
226C : 40000000;
226D : 340F80ED;
226E : 344F80EF;
226F : 346F80A9;
2270 : 40000000;
2271 : 340F80EB;
2272 : 342F80B0;
2273 : 344F80EC;
2274 : 346F80B1;
2275 : 40000000;
2276 : 340F8065;
2277 : 342F80BA;
2278 : 344F8066;
2279 : 346F80BD;
227A : 40000000;
227B : 340F80BD;
227C : 342F80BC;
227D : 344F80BE;
227E : 40000000;
227F : 340F805D;
2280 : 342F80BE;
2281 : 344F805E;
2282 : 346F80BF;
2283 : 40000000;
2284 : 340F8073;
2285 : 342F80C0;
2286 : 344F8074;
2287 : 346F80C1;
2288 : 40000000;
2289 : 340F80B7;
228A : 344F80B8;
228B : 40000000;
228C : 340F805F;
228D : 344F8060;
228E : 346F80C3;
228F : 40000000;
2290 : 340F8065;
2291 : 344F8066;
2292 : 40000000;
2293 : 340F80EB;
2294 : 342F80C4;
2295 : 344F80EC;
2296 : 346F80C7;
2297 : 40000000;
2298 : 340F80A5;
2299 : 344F80A6;
229A : 346F80CD;
229B : 40000000;
229C : 340F807B;
229D : 342F80CA;
229E : 344F807C;
229F : 346F80D1;
22A0 : 40000000;
22A1 : 340F80EB;
22A2 : 342F80CE;
22A3 : 344F80EC;
22A4 : 346F80D3;
22A5 : 40000000;
22A6 : 340F8075;
22A7 : 342F80DE;
22A8 : 344F8076;
22A9 : 346F80DF;
22AA : 40000000;
22AB : 340F8061;
22AC : 342F80E4;
22AD : 344F8062;
22AE : 346F80E5;
22AF : 40000000;
22B0 : 340F8063;
22B1 : 342F80E6;
22B2 : 344F8064;
22B3 : 346F80E7;
22B4 : 40000000;
22B5 : 340F806B;
22B6 : 344F806C;
22B7 : 40000000;
22B8 : 340F809F;
22B9 : 342F800E;
22BA : 344F80A2;
22BB : 346F800F;
22BC : 348F8017;
22BD : 40000000;
22BE : 340F80A1;
22BF : 342F8010;
22C0 : 344F80A4;
22C1 : 346F8013;
22C2 : 40000000;
22C3 : 340F8089;
22C4 : 342F8012;
22C5 : 344F808A;
22C6 : 40000000;
22C7 : 340F8097;
22C8 : 344F8098;
22C9 : 40000000;
22CA : 340F809B;
22CB : 344F809C;
22CC : 40000000;
22CD : 340F809F;
22CE : 344F80A0;
22CF : 40000000;
22D0 : 340F808B;
22D1 : 342F8014;
22D2 : 344F808E;
22D3 : 346F8015;
22D4 : 40000000;
22D5 : 340F80A5;
22D6 : 344F80A6;
22D7 : 346F801F;
22D8 : 40000000;
22D9 : 340F8073;
22DA : 342F8016;
22DB : 344F8074;
22DC : 346F8017;
22DD : 40000000;
22DE : 340F8099;
22DF : 342F801C;
22E0 : 344F809A;
22E1 : 346F801D;
22E2 : 40000000;
22E3 : 340F8073;
22E4 : 344F8074;
22E5 : 346F8021;
22E6 : 40000000;
22E7 : 340F8093;
22E8 : 342F801E;
22E9 : 344F8094;
22EA : 346F801F;
22EB : 40000000;
22EC : 340F8097;
22ED : 344F8098;
22EE : 40000000;
22EF : 340F80A3;
22F0 : 344F80A4;
22F1 : 40000000;
22F2 : 340F8071;
22F3 : 344F8072;
22F4 : 346F8021;
22F5 : 40000000;
22F6 : 340F8091;
22F7 : 342F8020;
22F8 : 344F8092;
22F9 : 40000000;
22FA : 340F806F;
22FB : 342F8022;
22FC : 344F8070;
22FD : 346F8023;
22FE : 40000000;
22FF : 340F8075;
2300 : 344F8076;
2301 : 40000000;
2302 : 340F808D;
2303 : 344F808E;
2304 : 40000000;
2305 : 340F80A3;
2306 : 344F80A4;
2307 : 40000000;
2308 : 340F80A1;
2309 : 342F8024;
230A : 344F80A2;
230B : 346F8025;
230C : 40000000;
230D : 340F807B;
230E : 342F8026;
230F : 344F807C;
2310 : 346F8027;
2311 : 40000000;
2312 : 340F807F;
2313 : 344F8084;
2314 : 40000000;
2315 : 340F8071;
2316 : 342F8028;
2317 : 344F8072;
2318 : 346F8029;
2319 : 40000000;
231A : 340F8097;
231B : 344F809A;
231C : 40000000;
231D : 340F8087;
231E : 342F802A;
231F : 344F8088;
2320 : 346F802B;
2321 : 40000000;
2322 : 340F809B;
2323 : 344F809E;
2324 : 40000000;
2325 : 340F8081;
2326 : 342F802C;
2327 : 344F8082;
2328 : 346F802D;
2329 : 40000000;
232A : 340F809B;
232B : 344F809C;
232C : 40000000;
232D : 340F807B;
232E : 342F802E;
232F : 344F807C;
2330 : 346F802F;
2331 : 40000000;
2332 : 340F8099;
2333 : 344F809A;
2334 : 40000000;
2335 : 340F8097;
2336 : 342F8030;
2337 : 344F8098;
2338 : 346F8033;
2339 : 40000000;
233A : 340F8079;
233B : 342F8032;
233C : 344F807A;
233D : 40000000;
233E : 340F8097;
233F : 342F803A;
2340 : 344F8098;
2341 : 346F803B;
2342 : 40000000;
2343 : 340F8085;
2344 : 342F8048;
2345 : 344F8086;
2346 : 346F8051;
2347 : 40000000;
2348 : 340F809F;
2349 : 342F8060;
234A : 344F80A0;
234B : 346F8061;
234C : 40000000;
234D : 340F807D;
234E : 342F8096;
234F : 344F807E;
2350 : 346F8097;
2351 : 40000000;
2352 : 340F80B7;
2353 : 342F80B6;
2354 : 344F80B8;
2355 : 346F80B7;
2356 : 40000000;
2357 : 340F8085;
2358 : 342F80B8;
2359 : 344F8086;
235A : 346F80B9;
235B : 40000000;
235C : 340F808D;
235D : 342F80BA;
235E : 344F808E;
235F : 346F80BF;
2360 : 40000000;
2361 : 340F80C1;
2362 : 342F80BC;
2363 : 344F80C2;
2364 : 346F80BD;
2365 : 40000000;
2366 : 340F80E1;
2367 : 344F80E2;
2368 : 40000000;
2369 : 340F80BF;
236A : 342F80BE;
236B : 344F80C0;
236C : 346F80BF;
236D : 40000000;
236E : 340F8085;
236F : 344F8086;
2370 : 346F80C1;
2371 : 40000000;
2372 : 340F8083;
2373 : 342F80C0;
2374 : 344F8084;
2375 : 40000000;
2376 : 340F808F;
2377 : 344F8090;
2378 : 40000000;
2379 : 340F80A7;
237A : 344F80A8;
237B : 40000000;
237C : 340F80CF;
237D : 344F80D0;
237E : 40000000;
237F : 340F80DB;
2380 : 344F80DC;
2381 : 40000000;
2382 : 340F8097;
2383 : 342F80C4;
2384 : 344F8098;
2385 : 346F80C5;
2386 : 40000000;
2387 : 340F80AF;
2388 : 342F80CA;
2389 : 344F80B0;
238A : 346F80CB;
238B : 40000000;
238C : 340F8089;
238D : 344F808A;
238E : 346F80CF;
238F : 40000000;
2390 : 340F8095;
2391 : 344F8096;
2392 : 40000000;
2393 : 340F809D;
2394 : 342F80CC;
2395 : 344F809E;
2396 : 40000000;
2397 : 340F80AB;
2398 : 342F80D0;
2399 : 344F80AC;
239A : 346F80D3;
239B : 40000000;
239C : 340F809D;
239D : 342F80D2;
239E : 344F80A0;
239F : 40000000;
23A0 : 340F80C5;
23A1 : 344F80C6;
23A2 : 40000000;
23A3 : 340F80B5;
23A4 : 342F80E0;
23A5 : 344F80B6;
23A6 : 346F80E1;
23A7 : 40000000;
23A8 : 340F80C3;
23A9 : 344F80C4;
23AA : 40000000;
23AB : 340F80DB;
23AC : 344F80DC;
23AD : 40000000;
23AE : 340F809B;
23AF : 342F80E2;
23B0 : 344F809C;
23B1 : 346F80E3;
23B2 : 40000000;
23B3 : 340F80DD;
23B4 : 344F80DE;
23B5 : 40000000;
23B6 : 340F807D;
23B7 : 342F80E4;
23B8 : 344F807E;
23B9 : 346F80E5;
23BA : 40000000;
23BB : 340F8095;
23BC : 344F8098;
23BD : 40000000;
23BE : 340F80A5;
23BF : 344F80A8;
23C0 : 40000000;
23C1 : 340F80AF;
23C2 : 344F80B0;
23C3 : 40000000;
23C4 : 340F80C1;
23C5 : 344F80C4;
23C6 : 40000000;
23C7 : 340F80D5;
23C8 : 344F80D6;
23C9 : 40000000;
23CA : 340F80DF;
23CB : 344F80E0;
23CC : 40000000;
23CD : 340F8093;
23CE : 342F8010;
23CF : 344F8096;
23D0 : 346F8011;
23D1 : 348F8018;
23D2 : 40000000;
23D3 : 340F808B;
23D4 : 342F8012;
23D5 : 344F808C;
23D6 : 346F8013;
23D7 : 40000000;
23D8 : 340F8091;
23D9 : 344F8094;
23DA : 40000000;
23DB : 340F8081;
23DC : 344F8086;
23DD : 346F8015;
23DE : 40000000;
23DF : 340F8099;
23E0 : 344F809A;
23E1 : 346F801B;
23E2 : 40000000;
23E3 : 340F809D;
23E4 : 344F809E;
23E5 : 346F801F;
23E6 : 40000000;
23E7 : 340F808F;
23E8 : 342F8014;
23E9 : 344F8092;
23EA : 346F8015;
23EB : 40000000;
23EC : 340F807D;
23ED : 344F8080;
23EE : 346F8017;
23EF : 40000000;
23F0 : 340F8087;
23F1 : 344F8088;
23F2 : 40000000;
23F3 : 340F809F;
23F4 : 344F80A0;
23F5 : 346F8019;
23F6 : 40000000;
23F7 : 340F8097;
23F8 : 344F8098;
23F9 : 346F801D;
23FA : 40000000;
23FB : 340F80A3;
23FC : 344F80A4;
23FD : 40000000;
23FE : 340F809B;
23FF : 344F809C;
2400 : 346F8027;
2401 : 40000000;
2402 : 340F8081;
2403 : 342F8016;
2404 : 344F8084;
2405 : 346F8017;
2406 : 40000000;
2407 : 340F8075;
2408 : 344F8076;
2409 : 346F8019;
240A : 40000000;
240B : 340F8089;
240C : 344F8090;
240D : 40000000;
240E : 340F80A1;
240F : 344F80A2;
2410 : 40000000;
2411 : 340F807B;
2412 : 344F807C;
2413 : 346F801D;
2414 : 40000000;
2415 : 340F8077;
2416 : 342F8018;
2417 : 344F807A;
2418 : 346F8023;
2419 : 40000000;
241A : 340F808D;
241B : 342F801A;
241C : 344F808E;
241D : 346F801B;
241E : 40000000;
241F : 340F8087;
2420 : 344F8088;
2421 : 346F801D;
2422 : 40000000;
2423 : 340F8093;
2424 : 344F8096;
2425 : 40000000;
2426 : 340F8075;
2427 : 342F801C;
2428 : 344F8076;
2429 : 40000000;
242A : 340F808B;
242B : 344F808C;
242C : 40000000;
242D : 340F8091;
242E : 344F8092;
242F : 346F801F;
2430 : 40000000;
2431 : 340F8085;
2432 : 344F8086;
2433 : 346F8023;
2434 : 40000000;
2435 : 340F8089;
2436 : 342F801E;
2437 : 344F808A;
2438 : 346F801F;
2439 : 40000000;
243A : 340F808F;
243B : 344F8090;
243C : 346F8021;
243D : 40000000;
243E : 340F8095;
243F : 344F8096;
2440 : 40000000;
2441 : 340F80A1;
2442 : 344F80A2;
2443 : 346F8023;
2444 : 40000000;
2445 : 340F8099;
2446 : 344F809A;
2447 : 346F8027;
2448 : 40000000;
2449 : 340F8087;
244A : 342F8020;
244B : 344F8088;
244C : 346F8021;
244D : 40000000;
244E : 340F808D;
244F : 344F808E;
2450 : 40000000;
2451 : 340F8093;
2452 : 344F8094;
2453 : 346F8023;
2454 : 40000000;
2455 : 340F809F;
2456 : 344F80A0;
2457 : 40000000;
2458 : 340F8081;
2459 : 344F8084;
245A : 346F8025;
245B : 40000000;
245C : 340F807B;
245D : 342F8022;
245E : 344F807E;
245F : 40000000;
2460 : 340F8091;
2461 : 344F8092;
2462 : 40000000;
2463 : 340F8097;
2464 : 344F8098;
2465 : 346F8027;
2466 : 40000000;
2467 : 340F809D;
2468 : 344F809E;
2469 : 346F8029;
246A : 40000000;
246B : 340F8077;
246C : 342F8024;
246D : 344F8078;
246E : 346F8025;
246F : 40000000;
2470 : 340F807F;
2471 : 344F8080;
2472 : 40000000;
2473 : 340F8089;
2474 : 344F808A;
2475 : 40000000;
2476 : 340F8095;
2477 : 344F8096;
2478 : 346F8027;
2479 : 40000000;
247A : 340F8085;
247B : 342F8026;
247C : 344F8086;
247D : 40000000;
247E : 340F8091;
247F : 342F8028;
2480 : 344F8092;
2481 : 346F8029;
2482 : 40000000;
2483 : 340F807F;
2484 : 344F8080;
2485 : 346F802D;
2486 : 40000000;
2487 : 340F8081;
2488 : 342F802A;
2489 : 344F8082;
248A : 346F802B;
248B : 40000000;
248C : 340F8099;
248D : 344F809A;
248E : 346F802D;
248F : 40000000;
2490 : 340F8071;
2491 : 344F8072;
2492 : 346F8031;
2493 : 40000000;
2494 : 340F8085;
2495 : 342F802C;
2496 : 344F8086;
2497 : 346F802F;
2498 : 40000000;
2499 : 340F806D;
249A : 344F806E;
249B : 346F8031;
249C : 40000000;
249D : 340F808F;
249E : 342F802E;
249F : 344F8090;
24A0 : 346F802F;
24A1 : 40000000;
24A2 : 340F8095;
24A3 : 344F8098;
24A4 : 40000000;
24A5 : 340F806F;
24A6 : 344F8070;
24A7 : 346F8031;
24A8 : 40000000;
24A9 : 340F806B;
24AA : 342F8030;
24AB : 344F806C;
24AC : 40000000;
24AD : 340F807B;
24AE : 344F807C;
24AF : 40000000;
24B0 : 340F8093;
24B1 : 344F8096;
24B2 : 40000000;
24B3 : 340F8075;
24B4 : 344F8076;
24B5 : 346F8033;
24B6 : 40000000;
24B7 : 340F807D;
24B8 : 342F8032;
24B9 : 344F807E;
24BA : 40000000;
24BB : 340F8083;
24BC : 344F8086;
24BD : 40000000;
24BE : 340F808D;
24BF : 344F8090;
24C0 : 40000000;
24C1 : 340F8077;
24C2 : 344F8078;
24C3 : 346F8035;
24C4 : 40000000;
24C5 : 340F8093;
24C6 : 344F8094;
24C7 : 40000000;
24C8 : 340F8079;
24C9 : 342F8034;
24CA : 344F807A;
24CB : 40000000;
24CC : 340F807F;
24CD : 344F8082;
24CE : 40000000;
24CF : 340F8089;
24D0 : 344F808E;
24D1 : 40000000;
24D2 : 340F8091;
24D3 : 344F8092;
24D4 : 40000000;
24D5 : 340F8095;
24D6 : 344F8098;
24D7 : 40000000;
24D8 : 340F8073;
24D9 : 344F8074;
24DA : 346F8037;
24DB : 40000000;
24DC : 340F8085;
24DD : 344F8086;
24DE : 40000000;
24DF : 340F8087;
24E0 : 342F8036;
24E1 : 344F808A;
24E2 : 40000000;
24E3 : 340F8097;
24E4 : 344F8098;
24E5 : 346F8039;
24E6 : 40000000;
24E7 : 340F808B;
24E8 : 342F8038;
24E9 : 344F808C;
24EA : 346F803B;
24EB : 40000000;
24EC : 340F8089;
24ED : 342F803A;
24EE : 344F808A;
24EF : 40000000;
24F0 : 340F808D;
24F1 : 344F8090;
24F2 : 40000000;
24F3 : 340F8091;
24F4 : 342F803C;
24F5 : 344F8094;
24F6 : 346F803D;
24F7 : 40000000;
24F8 : 340F8081;
24F9 : 342F8044;
24FA : 344F8082;
24FB : 346F8045;
24FC : 40000000;
24FD : 340F8065;
24FE : 342F80B8;
24FF : 344F8066;
2500 : 346F80B9;
2501 : 40000000;
2502 : 340F8071;
2503 : 344F8072;
2504 : 346F80BB;
2505 : 40000000;
2506 : 340F80B7;
2507 : 344F80B8;
2508 : 346F80BF;
2509 : 40000000;
250A : 340F8067;
250B : 342F80BA;
250C : 344F8068;
250D : 346F80BB;
250E : 40000000;
250F : 340F806F;
2510 : 344F8070;
2511 : 40000000;
2512 : 340F8079;
2513 : 344F807A;
2514 : 346F80BD;
2515 : 40000000;
2516 : 340F80ED;
2517 : 344F80EF;
2518 : 346F80BF;
2519 : 40000000;
251A : 340F8055;
251B : 342F80BC;
251C : 344F8056;
251D : 346F80BD;
251E : 40000000;
251F : 340F8095;
2520 : 344F8096;
2521 : 40000000;
2522 : 340F80DB;
2523 : 344F80DC;
2524 : 346F80BF;
2525 : 40000000;
2526 : 340F8065;
2527 : 342F80BE;
2528 : 344F8066;
2529 : 40000000;
252A : 340F8073;
252B : 344F8074;
252C : 40000000;
252D : 340F807B;
252E : 344F807C;
252F : 40000000;
2530 : 340F80C1;
2531 : 344F80C2;
2532 : 40000000;
2533 : 340F80CF;
2534 : 344F80D0;
2535 : 40000000;
2536 : 340F806D;
2537 : 342F80C0;
2538 : 344F806E;
2539 : 346F80C1;
253A : 40000000;
253B : 340F80C3;
253C : 344F80C4;
253D : 40000000;
253E : 340F80EB;
253F : 342F80C8;
2540 : 344F80EC;
2541 : 346F80C9;
2542 : 40000000;
2543 : 340F80AD;
2544 : 342F80CE;
2545 : 344F80AE;
2546 : 346F80CF;
2547 : 40000000;
2548 : 340F809D;
2549 : 342F80D0;
254A : 344F809E;
254B : 346F80D1;
254C : 40000000;
254D : 340F807D;
254E : 342F80D2;
254F : 344F807E;
2550 : 346F80D3;
2551 : 40000000;
2552 : 340F8093;
2553 : 344F8094;
2554 : 40000000;
2555 : 340F8057;
2556 : 342F80DC;
2557 : 344F8058;
2558 : 346F80DD;
2559 : 40000000;
255A : 340F80AF;
255B : 344F80B0;
255C : 346F80E3;
255D : 40000000;
255E : 340F808B;
255F : 342F80DE;
2560 : 344F808C;
2561 : 346F80DF;
2562 : 40000000;
2563 : 340F809B;
2564 : 344F809C;
2565 : 346F80E1;
2566 : 40000000;
2567 : 340F80E5;
2568 : 344F80E6;
2569 : 40000000;
256A : 340F80CB;
256B : 342F80E0;
256C : 344F80CC;
256D : 40000000;
256E : 340F8057;
256F : 342F80E2;
2570 : 344F8058;
2571 : 346F80E3;
2572 : 40000000;
2573 : 340F8069;
2574 : 344F806A;
2575 : 40000000;
2576 : 340F8075;
2577 : 344F8076;
2578 : 40000000;
2579 : 340F807D;
257A : 344F807E;
257B : 40000000;
257C : 340F80A7;
257D : 344F80A8;
257E : 40000000;
257F : 340F80B9;
2580 : 344F80BA;
2581 : 40000000;
2582 : 340F80C3;
2583 : 344F80C4;
2584 : 40000000;
2585 : 340F80E7;
2586 : 344F80E8;
2587 : 40000000;
2588 : 340F8093;
2589 : 342F80E4;
258A : 344F8094;
258B : 346F80E5;
258C : 40000000;
258D : 340F80BB;
258E : 344F80BC;
258F : 40000000;
2590 : 340F8089;
2591 : 342F8062;
2592 : 344F808A;
2593 : 346F8063;
2594 : 348F8019;
2595 : 40000000;
2596 : 340F8077;
2597 : 342F8064;
2598 : 344F8080;
2599 : 346F806B;
259A : 40000000;
259B : 340F806D;
259C : 342F8066;
259D : 344F8076;
259E : 346F8069;
259F : 40000000;
25A0 : 340F806B;
25A1 : 342F8068;
25A2 : 344F806C;
25A3 : 40000000;
25A4 : 340F805B;
25A5 : 342F806A;
25A6 : 344F805C;
25A7 : 346F806B;
25A8 : 40000000;
25A9 : 340F8077;
25AA : 342F806C;
25AB : 344F8078;
25AC : 346F806F;
25AD : 40000000;
25AE : 340F807B;
25AF : 344F8080;
25B0 : 40000000;
25B1 : 340F8053;
25B2 : 342F807C;
25B3 : 344F8054;
25B4 : 346F807D;
25B5 : 40000000;
25B6 : 340F8055;
25B7 : 342F80A6;
25B8 : 344F8056;
25B9 : 346F80A7;
25BA : 40000000;
25BB : 340F8073;
25BC : 342F8058;
25BD : 344F807A;
25BE : 346F8063;
25BF : 348F801A;
25C0 : 40000000;
25C1 : 340F807B;
25C2 : 342F805A;
25C3 : 344F807C;
25C4 : 40000000;
25C5 : 340F806B;
25C6 : 344F8072;
25C7 : 346F8065;
25C8 : 40000000;
25C9 : 340F807D;
25CA : 342F805C;
25CB : 344F8082;
25CC : 346F8063;
25CD : 40000000;
25CE : 340F8067;
25CF : 344F806A;
25D0 : 346F807D;
25D1 : 40000000;
25D2 : 340F8083;
25D3 : 342F805E;
25D4 : 344F8086;
25D5 : 346F8077;
25D6 : 40000000;
25D7 : 340F8087;
25D8 : 342F8060;
25D9 : 344F808A;
25DA : 346F8061;
25DB : 40000000;
25DC : 340F8065;
25DD : 344F8066;
25DE : 346F807B;
25DF : 40000000;
25E0 : 340F8061;
25E1 : 342F8062;
25E2 : 344F8064;
25E3 : 346F8067;
25E4 : 40000000;
25E5 : 340F8087;
25E6 : 344F8088;
25E7 : 346F8077;
25E8 : 40000000;
25E9 : 340F808B;
25EA : 344F808E;
25EB : 40000000;
25EC : 340F805F;
25ED : 342F8064;
25EE : 344F8060;
25EF : 346F8065;
25F0 : 40000000;
25F1 : 340F8073;
25F2 : 344F8076;
25F3 : 40000000;
25F4 : 340F808F;
25F5 : 344F8090;
25F6 : 346F8075;
25F7 : 40000000;
25F8 : 340F8081;
25F9 : 344F8082;
25FA : 346F8077;
25FB : 40000000;
25FC : 340F8089;
25FD : 344F808A;
25FE : 346F8079;
25FF : 40000000;
2600 : 340F806B;
2601 : 342F8066;
2602 : 344F806C;
2603 : 346F8067;
2604 : 40000000;
2605 : 340F8091;
2606 : 344F8096;
2607 : 346F8071;
2608 : 40000000;
2609 : 340F8097;
260A : 342F8068;
260B : 344F809A;
260C : 346F8069;
260D : 40000000;
260E : 340F805D;
260F : 344F805E;
2610 : 346F806B;
2611 : 40000000;
2612 : 340F8063;
2613 : 344F8064;
2614 : 346F807F;
2615 : 40000000;
2616 : 340F809B;
2617 : 342F806A;
2618 : 344F809E;
2619 : 346F806B;
261A : 40000000;
261B : 340F8097;
261C : 344F8098;
261D : 346F8071;
261E : 40000000;
261F : 340F806B;
2620 : 344F8076;
2621 : 346F8079;
2622 : 40000000;
2623 : 340F805B;
2624 : 342F806C;
2625 : 344F805C;
2626 : 346F806D;
2627 : 40000000;
2628 : 340F8099;
2629 : 344F809A;
262A : 40000000;
262B : 340F8079;
262C : 344F807A;
262D : 346F8077;
262E : 40000000;
262F : 340F805F;
2630 : 344F8062;
2631 : 346F8083;
2632 : 40000000;
2633 : 340F8059;
2634 : 342F806E;
2635 : 344F805A;
2636 : 346F806F;
2637 : 40000000;
2638 : 340F805D;
2639 : 344F805E;
263A : 346F8085;
263B : 40000000;
263C : 340F805B;
263D : 342F8070;
263E : 344F805C;
263F : 346F8075;
2640 : 40000000;
2641 : 340F8077;
2642 : 344F8078;
2643 : 346F8077;
2644 : 40000000;
2645 : 340F807B;
2646 : 344F8080;
2647 : 40000000;
2648 : 340F8091;
2649 : 342F8072;
264A : 344F8092;
264B : 346F8075;
264C : 40000000;
264D : 340F8059;
264E : 342F8074;
264F : 344F805A;
2650 : 346F8077;
2651 : 40000000;
2652 : 340F8055;
2653 : 342F8078;
2654 : 344F8056;
2655 : 346F8079;
2656 : 40000000;
2657 : 340F807D;
2658 : 344F8080;
2659 : 346F807B;
265A : 40000000;
265B : 340F807B;
265C : 342F807A;
265D : 344F807C;
265E : 40000000;
265F : 340F806B;
2660 : 344F8074;
2661 : 346F807F;
2662 : 40000000;
2663 : 340F8075;
2664 : 342F807C;
2665 : 344F8078;
2666 : 346F807D;
2667 : 40000000;
2668 : 340F8065;
2669 : 342F807E;
266A : 344F8066;
266B : 346F807F;
266C : 40000000;
266D : 340F805B;
266E : 342F8080;
266F : 344F805C;
2670 : 346F8081;
2671 : 40000000;
2672 : 340F806B;
2673 : 344F8070;
2674 : 40000000;
2675 : 340F8067;
2676 : 342F8082;
2677 : 344F806C;
2678 : 346F8083;
2679 : 40000000;
267A : 340F805F;
267B : 342F8084;
267C : 344F8060;
267D : 346F8085;
267E : 40000000;
267F : 340F8067;
2680 : 344F806A;
2681 : 346F8087;
2682 : 40000000;
2683 : 340F806B;
2684 : 342F8086;
2685 : 344F806C;
2686 : 346F8089;
2687 : 40000000;
2688 : 340F8065;
2689 : 342F8088;
268A : 344F8066;
268B : 40000000;
268C : 340F805F;
268D : 344F8060;
268E : 346F808D;
268F : 40000000;
2690 : 340F8055;
2691 : 344F8056;
2692 : 346F8091;
2693 : 40000000;
2694 : 340F805D;
2695 : 342F808A;
2696 : 344F805E;
2697 : 346F808D;
2698 : 40000000;
2699 : 340F8053;
269A : 342F8098;
269B : 344F8054;
269C : 346F809B;
269D : 40000000;
269E : 340F8055;
269F : 342F80A4;
26A0 : 344F8056;
26A1 : 346F80A5;
26A2 : 40000000;
26A3 : 340F807B;
26A4 : 342F8050;
26A5 : 344F807C;
26A6 : 346F8051;
26A7 : 348F801B;
26A8 : 40000000;
26A9 : 340F806F;
26AA : 342F8058;
26AB : 344F8072;
26AC : 346F8059;
26AD : 40000000;
26AE : 340F807B;
26AF : 344F807C;
26B0 : 40000000;
26B1 : 340F807D;
26B2 : 342F805A;
26B3 : 344F8080;
26B4 : 346F805B;
26B5 : 40000000;
26B6 : 340F8083;
26B7 : 342F805C;
26B8 : 344F8084;
26B9 : 346F805D;
26BA : 40000000;
26BB : 340F8063;
26BC : 342F805E;
26BD : 344F8066;
26BE : 346F805F;
26BF : 40000000;
26C0 : 340F8087;
26C1 : 344F8088;
26C2 : 40000000;
26C3 : 340F8063;
26C4 : 342F8060;
26C5 : 344F8064;
26C6 : 346F8061;
26C7 : 40000000;
26C8 : 340F808B;
26C9 : 344F808C;
26CA : 40000000;
26CB : 340F808F;
26CC : 342F8062;
26CD : 344F8090;
26CE : 346F8063;
26CF : 40000000;
26D0 : 340F8093;
26D1 : 344F8094;
26D2 : 40000000;
26D3 : 340F8091;
26D4 : 342F8064;
26D5 : 344F8092;
26D6 : 346F8065;
26D7 : 40000000;
26D8 : 340F8097;
26D9 : 342F8066;
26DA : 344F8098;
26DB : 346F8067;
26DC : 40000000;
26DD : 340F805F;
26DE : 344F8060;
26DF : 346F806B;
26E0 : 40000000;
26E1 : 340F8061;
26E2 : 342F8068;
26E3 : 344F8062;
26E4 : 40000000;
26E5 : 340F8099;
26E6 : 342F806A;
26E7 : 344F809A;
26E8 : 40000000;
26E9 : 340F805D;
26EA : 342F806C;
26EB : 344F805E;
26EC : 346F806D;
26ED : 40000000;
26EE : 340F809B;
26EF : 344F809C;
26F0 : 40000000;
26F1 : 340F8099;
26F2 : 342F806E;
26F3 : 344F809A;
26F4 : 346F806F;
26F5 : 40000000;
26F6 : 340F8059;
26F7 : 342F8070;
26F8 : 344F805A;
26F9 : 346F8071;
26FA : 40000000;
26FB : 340F8093;
26FC : 342F8072;
26FD : 344F8096;
26FE : 346F8073;
26FF : 40000000;
2700 : 340F8057;
2701 : 342F8074;
2702 : 344F8058;
2703 : 346F8075;
2704 : 40000000;
2705 : 340F8093;
2706 : 344F8094;
2707 : 40000000;
2708 : 340F808F;
2709 : 342F8076;
270A : 344F8092;
270B : 346F8077;
270C : 40000000;
270D : 340F805B;
270E : 344F805C;
270F : 346F807F;
2710 : 40000000;
2711 : 340F807B;
2712 : 342F8078;
2713 : 344F807C;
2714 : 346F8079;
2715 : 40000000;
2716 : 340F8081;
2717 : 344F8088;
2718 : 40000000;
2719 : 340F808B;
271A : 344F808C;
271B : 40000000;
271C : 340F8077;
271D : 344F8078;
271E : 346F807B;
271F : 40000000;
2720 : 340F8059;
2721 : 344F805A;
2722 : 346F8089;
2723 : 40000000;
2724 : 340F8057;
2725 : 342F807A;
2726 : 344F8058;
2727 : 346F807B;
2728 : 40000000;
2729 : 340F8075;
272A : 344F8076;
272B : 40000000;
272C : 340F8079;
272D : 344F807A;
272E : 346F807F;
272F : 40000000;
2730 : 340F8081;
2731 : 344F8082;
2732 : 40000000;
2733 : 340F8065;
2734 : 342F807C;
2735 : 344F8066;
2736 : 346F807D;
2737 : 40000000;
2738 : 340F807B;
2739 : 344F8080;
273A : 40000000;
273B : 340F8053;
273C : 342F807E;
273D : 344F8054;
273E : 346F807F;
273F : 40000000;
2740 : 340F8075;
2741 : 344F8078;
2742 : 40000000;
2743 : 340F807F;
2744 : 344F8080;
2745 : 40000000;
2746 : 340F8067;
2747 : 344F806A;
2748 : 346F8081;
2749 : 40000000;
274A : 340F8071;
274B : 342F8080;
274C : 344F8072;
274D : 40000000;
274E : 340F8063;
274F : 344F8066;
2750 : 346F8087;
2751 : 40000000;
2752 : 340F805B;
2753 : 342F8082;
2754 : 344F805C;
2755 : 40000000;
2756 : 340F806D;
2757 : 344F806E;
2758 : 40000000;
2759 : 340F8057;
275A : 344F8058;
275B : 346F808B;
275C : 40000000;
275D : 340F8061;
275E : 342F8084;
275F : 344F8062;
2760 : 346F8085;
2761 : 40000000;
2762 : 340F806B;
2763 : 344F806C;
2764 : 40000000;
2765 : 340F80E1;
2766 : 344F80E2;
2767 : 40000000;
2768 : 340F8055;
2769 : 344F8056;
276A : 346F8087;
276B : 40000000;
276C : 340F805F;
276D : 342F8086;
276E : 344F8060;
276F : 40000000;
2770 : 340F80E5;
2771 : 344F80E6;
2772 : 40000000;
2773 : 340F805D;
2774 : 342F8088;
2775 : 344F805E;
2776 : 346F8089;
2777 : 40000000;
2778 : 340F8061;
2779 : 344F8064;
277A : 346F808B;
277B : 40000000;
277C : 340F8067;
277D : 344F806A;
277E : 40000000;
277F : 340F806B;
2780 : 342F808A;
2781 : 344F806C;
2782 : 40000000;
2783 : 340F8065;
2784 : 344F8066;
2785 : 346F808D;
2786 : 40000000;
2787 : 340F8057;
2788 : 342F808E;
2789 : 344F8058;
278A : 346F808F;
278B : 40000000;
278C : 340F805D;
278D : 344F8060;
278E : 40000000;
278F : 340F8063;
2790 : 342F8090;
2791 : 344F8064;
2792 : 346F8091;
2793 : 40000000;
2794 : 340F8055;
2795 : 342F8092;
2796 : 344F8056;
2797 : 346F8093;
2798 : 40000000;
2799 : 340F805D;
279A : 344F8060;
279B : 40000000;
279C : 340F805F;
279D : 342F8094;
279E : 346F8095;
279F : 40000000;
27A0 : 340F8055;
27A1 : 342F80A2;
27A2 : 344F8056;
27A3 : 346F80A3;
27A4 : 40000000;
27A5 : 340F8057;
27A6 : 342F80AC;
27A7 : 344F8058;
27A8 : 346F80AD;
27A9 : 40000000;
27AA : 340F80DF;
27AB : 342F8060;
27AC : 344F80E0;
27AD : 346F8063;
27AE : 348F801C;
27AF : 40000000;
27B0 : 340F80D7;
27B1 : 342F8062;
27B2 : 344F80DE;
27B3 : 346F8067;
27B4 : 40000000;
27B5 : 340F80D5;
27B6 : 342F8064;
27B7 : 344F80D6;
27B8 : 346F806D;
27B9 : 40000000;
27BA : 340F80D3;
27BB : 342F8066;
27BC : 344F80D4;
27BD : 346F806B;
27BE : 40000000;
27BF : 340F80DD;
27C0 : 342F8068;
27C1 : 344F80E0;
27C2 : 346F8069;
27C3 : 40000000;
27C4 : 340F80CF;
27C5 : 344F80D2;
27C6 : 346F806B;
27C7 : 40000000;
27C8 : 340F80D7;
27C9 : 344F80D8;
27CA : 346F806D;
27CB : 40000000;
27CC : 340F80C7;
27CD : 342F806A;
27CE : 344F80C8;
27CF : 346F8071;
27D0 : 40000000;
27D1 : 340F80D9;
27D2 : 344F80DE;
27D3 : 40000000;
27D4 : 340F80CD;
27D5 : 344F80CE;
27D6 : 346F807D;
27D7 : 40000000;
27D8 : 340F80C3;
27D9 : 342F806C;
27DA : 344F80C6;
27DB : 346F8073;
27DC : 40000000;
27DD : 340F80CF;
27DE : 344F80D0;
27DF : 346F8075;
27E0 : 40000000;
27E1 : 340F80C9;
27E2 : 344F80CC;
27E3 : 346F8077;
27E4 : 40000000;
27E5 : 340F80C1;
27E6 : 342F806E;
27E7 : 344F80C2;
27E8 : 346F806F;
27E9 : 40000000;
27EA : 340F80D7;
27EB : 342F8070;
27EC : 344F80D8;
27ED : 346F8071;
27EE : 40000000;
27EF : 340F80D1;
27F0 : 344F80D2;
27F1 : 346F8075;
27F2 : 40000000;
27F3 : 340F80BD;
27F4 : 342F8072;
27F5 : 344F80C2;
27F6 : 346F8073;
27F7 : 40000000;
27F8 : 340F80D3;
27F9 : 344F80D4;
27FA : 40000000;
27FB : 340F80DB;
27FC : 344F80DE;
27FD : 40000000;
27FE : 340F80BF;
27FF : 342F8074;
2800 : 344F80C4;
2801 : 346F8075;
2802 : 40000000;
2803 : 340F80DD;
2804 : 344F80DE;
2805 : 40000000;
2806 : 340F80C7;
2807 : 344F80C8;
2808 : 346F8079;
2809 : 40000000;
280A : 340F80BF;
280B : 342F8076;
280C : 344F80C0;
280D : 346F8077;
280E : 40000000;
280F : 340F80C5;
2810 : 342F8078;
2811 : 344F80C6;
2812 : 346F8079;
2813 : 40000000;
2814 : 340F80CB;
2815 : 344F80CC;
2816 : 40000000;
2817 : 340F80D7;
2818 : 344F80D8;
2819 : 40000000;
281A : 340F80DD;
281B : 344F80DE;
281C : 346F807F;
281D : 40000000;
281E : 340F80CF;
281F : 342F807A;
2820 : 344F80D0;
2821 : 346F807D;
2822 : 40000000;
2823 : 340F80DF;
2824 : 344F80E0;
2825 : 40000000;
2826 : 340F80D3;
2827 : 344F80D6;
2828 : 346F807F;
2829 : 40000000;
282A : 340F80DB;
282B : 344F80DC;
282C : 346F8081;
282D : 40000000;
282E : 340F80C9;
282F : 342F807C;
2830 : 344F80CC;
2831 : 346F807F;
2832 : 40000000;
2833 : 340F80D9;
2834 : 344F80DA;
2835 : 346F8081;
2836 : 40000000;
2837 : 340F80D1;
2838 : 344F80D2;
2839 : 346F8083;
283A : 40000000;
283B : 340F80D7;
283C : 342F807E;
283D : 344F80D8;
283E : 346F8081;
283F : 40000000;
2840 : 340F80D5;
2841 : 342F8080;
2842 : 344F80D6;
2843 : 40000000;
2844 : 340F80CF;
2845 : 342F8084;
2846 : 344F80D0;
2847 : 346F8085;
2848 : 40000000;
2849 : 340F80DF;
284A : 342F80BE;
284B : 344F80E0;
284C : 346F80BF;
284D : 40000000;
284E : 340F80A7;
284F : 342F80C2;
2850 : 344F80A8;
2851 : 346F80C3;
2852 : 40000000;
2853 : 340F80AB;
2854 : 344F80B2;
2855 : 40000000;
2856 : 340F80DB;
2857 : 344F80DC;
2858 : 40000000;
2859 : 340F80A9;
285A : 342F80C4;
285B : 344F80AA;
285C : 346F80C5;
285D : 40000000;
285E : 340F80B1;
285F : 344F80B2;
2860 : 40000000;
2861 : 340F80AF;
2862 : 342F80C6;
2863 : 344F80B0;
2864 : 346F80C7;
2865 : 40000000;
2866 : 340F80B3;
2867 : 344F80B6;
2868 : 40000000;
2869 : 340F80AD;
286A : 342F80C8;
286B : 344F80AE;
286C : 346F80C9;
286D : 40000000;
286E : 340F80AB;
286F : 342F80CA;
2870 : 344F80AC;
2871 : 346F80CB;
2872 : 40000000;
2873 : 340F80B9;
2874 : 342F80CC;
2875 : 344F80BA;
2876 : 346F80CD;
2877 : 40000000;
2878 : 340F80D1;
2879 : 344F80D2;
287A : 346F80CF;
287B : 40000000;
287C : 340F80A9;
287D : 342F80CE;
287E : 344F80AA;
287F : 40000000;
2880 : 340F80C1;
2881 : 344F80C2;
2882 : 346F80D1;
2883 : 40000000;
2884 : 340F80BB;
2885 : 342F80D0;
2886 : 344F80BC;
2887 : 40000000;
2888 : 340F80B1;
2889 : 342F80D2;
288A : 344F80B2;
288B : 346F80D3;
288C : 40000000;
288D : 340F80B7;
288E : 342F80D4;
288F : 344F80BA;
2890 : 346F80D5;
2891 : 40000000;
2892 : 340F80C3;
2893 : 344F80C4;
2894 : 40000000;
2895 : 340F80C7;
2896 : 344F80CA;
2897 : 40000000;
2898 : 340F809B;
2899 : 342F80DA;
289A : 344F809C;
289B : 346F80DB;
289C : 40000000;
289D : 340F80B5;
289E : 344F80B6;
289F : 40000000;
28A0 : 340F80BF;
28A1 : 344F80C0;
28A2 : 346F80DD;
28A3 : 40000000;
28A4 : 340F80B9;
28A5 : 344F80BA;
28A6 : 346F80DF;
28A7 : 40000000;
28A8 : 340F80B7;
28A9 : 342F80DC;
28AA : 344F80B8;
28AB : 346F80DD;
28AC : 40000000;
28AD : 340F80A5;
28AE : 342F80DE;
28AF : 344F80A6;
28B0 : 346F80DF;
28B1 : 40000000;
28B2 : 340F809F;
28B3 : 344F80A0;
28B4 : 346F80E1;
28B5 : 40000000;
28B6 : 340F80AD;
28B7 : 342F80E0;
28B8 : 344F80AE;
28B9 : 40000000;
28BA : 340F80D1;
28BB : 344F80D2;
28BC : 40000000;
28BD : 340F80E1;
28BE : 344F80E2;
28BF : 40000000;
28C0 : 340F80D9;
28C1 : 342F80E2;
28C2 : 344F80DA;
28C3 : 346F80E3;
28C4 : 40000000;
28C5 : 340F80BF;
28C6 : 344F80C0;
28C7 : 346F80E5;
28C8 : 40000000;
28C9 : 340F80D3;
28CA : 342F80E4;
28CB : 344F80D4;
28CC : 346F80E7;
28CD : 40000000;
28CE : 340F80CF;
28CF : 342F80E6;
28D0 : 344F80D0;
28D1 : 40000000;
28D2 : 340F80D5;
28D3 : 344F80D6;
28D4 : 40000000;
28D5 : 340F808B;
28D6 : 342F804E;
28D7 : 344F808E;
28D8 : 346F804F;
28D9 : 348F801D;
28DA : 40000000;
28DB : 340F80DD;
28DC : 342F8054;
28DD : 344F80DE;
28DE : 346F8057;
28DF : 40000000;
28E0 : 340F80D5;
28E1 : 342F8056;
28E2 : 344F80D6;
28E3 : 40000000;
28E4 : 340F80DF;
28E5 : 342F805E;
28E6 : 344F80E0;
28E7 : 346F805F;
28E8 : 40000000;
28E9 : 340F80DB;
28EA : 342F8060;
28EB : 344F80DE;
28EC : 346F8061;
28ED : 40000000;
28EE : 340F80D1;
28EF : 342F8062;
28F0 : 344F80D6;
28F1 : 346F8063;
28F2 : 40000000;
28F3 : 340F80CF;
28F4 : 342F8064;
28F5 : 344F80D4;
28F6 : 346F8065;
28F7 : 40000000;
28F8 : 340F80DF;
28F9 : 344F80E0;
28FA : 346F8067;
28FB : 40000000;
28FC : 340F80CB;
28FD : 342F8066;
28FE : 344F80D2;
28FF : 40000000;
2900 : 340F80C7;
2901 : 342F8068;
2902 : 344F80C8;
2903 : 346F8069;
2904 : 40000000;
2905 : 340F80CB;
2906 : 344F80CE;
2907 : 40000000;
2908 : 340F80C3;
2909 : 342F806A;
290A : 344F80C4;
290B : 346F806B;
290C : 40000000;
290D : 340F80C9;
290E : 344F80CC;
290F : 40000000;
2910 : 340F80DF;
2911 : 344F80E0;
2912 : 346F8079;
2913 : 40000000;
2914 : 340F80C1;
2915 : 342F806C;
2916 : 344F80C2;
2917 : 346F806D;
2918 : 40000000;
2919 : 340F80BF;
291A : 342F806E;
291B : 344F80C0;
291C : 346F8071;
291D : 40000000;
291E : 340F80BD;
291F : 342F8070;
2920 : 344F80BE;
2921 : 40000000;
2922 : 340F80C1;
2923 : 344F80C2;
2924 : 40000000;
2925 : 340F80C7;
2926 : 342F8072;
2927 : 344F80C8;
2928 : 346F8073;
2929 : 40000000;
292A : 340F80C5;
292B : 342F8074;
292C : 344F80C6;
292D : 346F8077;
292E : 40000000;
292F : 340F80BD;
2930 : 344F80BE;
2931 : 346F8079;
2932 : 40000000;
2933 : 340F80C1;
2934 : 342F8076;
2935 : 344F80C2;
2936 : 346F8077;
2937 : 40000000;
2938 : 340F80BF;
2939 : 342F8078;
293A : 344F80C0;
293B : 346F807B;
293C : 40000000;
293D : 340F80C9;
293E : 344F80CA;
293F : 40000000;
2940 : 340F80C5;
2941 : 342F807A;
2942 : 344F80C8;
2943 : 40000000;
2944 : 340F80CD;
2945 : 342F807E;
2946 : 344F80D0;
2947 : 346F8081;
2948 : 40000000;
2949 : 340F80C7;
294A : 344F80C8;
294B : 346F8083;
294C : 40000000;
294D : 340F80C9;
294E : 342F8080;
294F : 344F80CC;
2950 : 346F8081;
2951 : 40000000;
2952 : 340F80DD;
2953 : 344F80DE;
2954 : 40000000;
2955 : 340F80CF;
2956 : 342F8082;
2957 : 344F80D0;
2958 : 346F8083;
2959 : 40000000;
295A : 340F80D5;
295B : 344F80D8;
295C : 40000000;
295D : 340F80DB;
295E : 344F80DC;
295F : 40000000;
2960 : 340F80D1;
2961 : 342F8084;
2962 : 344F80D4;
2963 : 346F8085;
2964 : 40000000;
2965 : 340F80CD;
2966 : 344F80CE;
2967 : 346F8087;
2968 : 40000000;
2969 : 340F80CB;
296A : 342F8086;
296B : 344F80CC;
296C : 40000000;
296D : 340F80D7;
296E : 344F80D8;
296F : 40000000;
2970 : 340F8083;
2971 : 342F8090;
2972 : 344F8084;
2973 : 346F8091;
2974 : 40000000;
2975 : 340F80E3;
2976 : 342F80B4;
2977 : 344F80E6;
2978 : 346F80B5;
2979 : 40000000;
297A : 340F80E9;
297B : 342F80BC;
297C : 344F80EA;
297D : 346F80BD;
297E : 40000000;
297F : 340F808B;
2980 : 342F80BE;
2981 : 344F808C;
2982 : 346F80BF;
2983 : 40000000;
2984 : 340F80D9;
2985 : 344F80DA;
2986 : 40000000;
2987 : 340F80DD;
2988 : 342F80C2;
2989 : 344F80DE;
298A : 346F80C3;
298B : 40000000;
298C : 340F80AB;
298D : 342F80C4;
298E : 344F80B0;
298F : 346F80C5;
2990 : 40000000;
2991 : 340F80B3;
2992 : 344F80B4;
2993 : 40000000;
2994 : 340F80A9;
2995 : 342F80C6;
2996 : 344F80AE;
2997 : 346F80C7;
2998 : 40000000;
2999 : 342F80C8;
299A : 344F80AC;
299B : 346F80C9;
299C : 40000000;
299D : 342F80CA;
299E : 344F80AA;
299F : 346F80CD;
29A0 : 40000000;
29A1 : 340F80BB;
29A2 : 342F80CE;
29A3 : 344F80BC;
29A4 : 346F80CF;
29A5 : 40000000;
29A6 : 340F80C1;
29A7 : 342F80D2;
29A8 : 344F80C2;
29A9 : 346F80D3;
29AA : 40000000;
29AB : 340F80A3;
29AC : 342F80D4;
29AD : 344F80A4;
29AE : 346F80D5;
29AF : 40000000;
29B0 : 340F80AF;
29B1 : 344F80B2;
29B2 : 40000000;
29B3 : 340F80BB;
29B4 : 344F80BC;
29B5 : 40000000;
29B6 : 340F80CB;
29B7 : 344F80CE;
29B8 : 40000000;
29B9 : 340F809F;
29BA : 342F80D8;
29BB : 344F80A4;
29BC : 346F80D9;
29BD : 40000000;
29BE : 340F80B1;
29BF : 344F80B2;
29C0 : 40000000;
29C1 : 340F80BB;
29C2 : 344F80C2;
29C3 : 40000000;
29C4 : 340F80DB;
29C5 : 344F80DC;
29C6 : 40000000;
29C7 : 340F80AD;
29C8 : 342F80DA;
29C9 : 344F80AE;
29CA : 346F80DB;
29CB : 40000000;
29CC : 340F80C5;
29CD : 344F80C6;
29CE : 40000000;
29CF : 340F80C9;
29D0 : 342F80DE;
29D1 : 344F80CA;
29D2 : 346F80DF;
29D3 : 40000000;
29D4 : 340F80A7;
29D5 : 344F80A8;
29D6 : 346F80E1;
29D7 : 40000000;
29D8 : 340F8099;
29D9 : 342F80E2;
29DA : 344F809A;
29DB : 346F80E3;
29DC : 40000000;
29DD : 340F80D3;
29DE : 344F80D4;
29DF : 40000000;
29E0 : 340F80E5;
29E1 : 342F80E4;
29E2 : 344F80E6;
29E3 : 346F80E5;
29E4 : 40000000;
29E5 : 340F809F;
29E6 : 342F80E6;
29E7 : 344F80A0;
29E8 : 346F80E7;
29E9 : 40000000;
29EA : 340F80D1;
29EB : 344F80D2;
29EC : 40000000;
29ED : 340F80D7;
29EE : 344F80D8;
29EF : 40000000;
29F0 : 340F80DF;
29F1 : 344F80E2;
29F2 : 40000000;
29F3 : 340F80B7;
29F4 : 342F803E;
29F5 : 344F80B8;
29F6 : 346F803F;
29F7 : 348F801E;
29F8 : 40000000;
29F9 : 340F8087;
29FA : 342F804A;
29FB : 344F8088;
29FC : 346F804D;
29FD : 40000000;
29FE : 340F8089;
29FF : 342F804C;
2A00 : 344F808A;
2A01 : 40000000;
2A02 : 340F80D9;
2A03 : 342F8054;
2A04 : 344F80DC;
2A05 : 346F8055;
2A06 : 40000000;
2A07 : 340F80D7;
2A08 : 342F8056;
2A09 : 344F80D8;
2A0A : 346F8057;
2A0B : 40000000;
2A0C : 340F80E1;
2A0D : 342F805C;
2A0E : 344F80E2;
2A0F : 346F805D;
2A10 : 40000000;
2A11 : 340F80DD;
2A12 : 342F805E;
2A13 : 344F80DE;
2A14 : 346F805F;
2A15 : 40000000;
2A16 : 340F80D5;
2A17 : 342F8060;
2A18 : 344F80DA;
2A19 : 346F8061;
2A1A : 40000000;
2A1B : 340F80B5;
2A1C : 342F8062;
2A1D : 344F80B6;
2A1E : 346F8063;
2A1F : 40000000;
2A20 : 340F80CD;
2A21 : 344F80D0;
2A22 : 40000000;
2A23 : 340F80AF;
2A24 : 342F8064;
2A25 : 344F80B0;
2A26 : 346F8065;
2A27 : 40000000;
2A28 : 340F80CB;
2A29 : 344F80CE;
2A2A : 40000000;
2A2B : 340F80C9;
2A2C : 342F8066;
2A2D : 344F80CA;
2A2E : 346F8067;
2A2F : 40000000;
2A30 : 340F80C5;
2A31 : 342F8068;
2A32 : 344F80C6;
2A33 : 346F8069;
2A34 : 40000000;
2A35 : 340F80BD;
2A36 : 342F806C;
2A37 : 344F80C0;
2A38 : 346F806D;
2A39 : 40000000;
2A3A : 340F80B9;
2A3B : 342F806E;
2A3C : 344F80BE;
2A3D : 346F806F;
2A3E : 40000000;
2A3F : 340F80BB;
2A40 : 342F8070;
2A41 : 344F80BC;
2A42 : 346F8071;
2A43 : 40000000;
2A44 : 340F80C3;
2A45 : 342F8076;
2A46 : 344F80C4;
2A47 : 346F807F;
2A48 : 40000000;
2A49 : 340F80E1;
2A4A : 342F8078;
2A4B : 344F80E2;
2A4C : 346F807D;
2A4D : 40000000;
2A4E : 340F80C1;
2A4F : 344F80C2;
2A50 : 346F807F;
2A51 : 40000000;
2A52 : 340F80BD;
2A53 : 342F807A;
2A54 : 344F80BE;
2A55 : 346F807B;
2A56 : 40000000;
2A57 : 340F80C5;
2A58 : 342F807C;
2A59 : 344F80C8;
2A5A : 346F807D;
2A5B : 40000000;
2A5C : 340F80BF;
2A5D : 344F80C0;
2A5E : 346F807F;
2A5F : 40000000;
2A60 : 340F80DF;
2A61 : 342F807E;
2A62 : 344F80E0;
2A63 : 40000000;
2A64 : 340F80C5;
2A65 : 342F8080;
2A66 : 344F80C6;
2A67 : 346F8087;
2A68 : 40000000;
2A69 : 340F80C9;
2A6A : 342F8082;
2A6B : 344F80CE;
2A6C : 346F8083;
2A6D : 40000000;
2A6E : 340F80C7;
2A6F : 342F8084;
2A70 : 344F80C8;
2A71 : 346F8085;
2A72 : 40000000;
2A73 : 340F80CB;
2A74 : 344F80CC;
2A75 : 40000000;
2A76 : 340F80D5;
2A77 : 344F80DA;
2A78 : 40000000;
2A79 : 340F80CF;
2A7A : 342F8086;
2A7B : 344F80D0;
2A7C : 346F8087;
2A7D : 40000000;
2A7E : 340F80D3;
2A7F : 344F80D6;
2A80 : 40000000;
2A81 : 340F80CB;
2A82 : 342F8088;
2A83 : 344F80CC;
2A84 : 346F8089;
2A85 : 40000000;
2A86 : 340F8071;
2A87 : 342F8094;
2A88 : 344F8072;
2A89 : 346F8095;
2A8A : 40000000;
2A8B : 340F8073;
2A8C : 342F8096;
2A8D : 344F8074;
2A8E : 346F8097;
2A8F : 40000000;
2A90 : 340F8079;
2A91 : 342F80AC;
2A92 : 344F807A;
2A93 : 346F80AD;
2A94 : 40000000;
2A95 : 340F80E1;
2A96 : 342F80B4;
2A97 : 344F80E2;
2A98 : 346F80B5;
2A99 : 40000000;
2A9A : 340F80C7;
2A9B : 342F80B6;
2A9C : 344F80C8;
2A9D : 346F80B9;
2A9E : 40000000;
2A9F : 340F80D9;
2AA0 : 344F80DA;
2AA1 : 40000000;
2AA2 : 340F80A3;
2AA3 : 342F80B8;
2AA4 : 344F80A6;
2AA5 : 40000000;
2AA6 : 340F80B5;
2AA7 : 344F80B6;
2AA8 : 346F80C1;
2AA9 : 40000000;
2AAA : 340F80A5;
2AAB : 342F80BA;
2AAC : 344F80A6;
2AAD : 346F80BB;
2AAE : 40000000;
2AAF : 340F80C1;
2AB0 : 344F80C2;
2AB1 : 40000000;
2AB2 : 340F80D3;
2AB3 : 344F80D4;
2AB4 : 40000000;
2AB5 : 340F8085;
2AB6 : 344F8086;
2AB7 : 346F80BD;
2AB8 : 40000000;
2AB9 : 340F80D9;
2ABA : 342F80BC;
2ABB : 344F80DA;
2ABC : 40000000;
2ABD : 340F8079;
2ABE : 342F80BE;
2ABF : 344F807A;
2AC0 : 346F80BF;
2AC1 : 40000000;
2AC2 : 340F80E3;
2AC3 : 344F80E4;
2AC4 : 40000000;
2AC5 : 340F807B;
2AC6 : 342F80C0;
2AC7 : 344F807C;
2AC8 : 346F80C1;
2AC9 : 40000000;
2ACA : 340F8093;
2ACB : 344F8094;
2ACC : 40000000;
2ACD : 340F80DF;
2ACE : 344F80E0;
2ACF : 40000000;
2AD0 : 340F80D9;
2AD1 : 342F80C2;
2AD2 : 344F80DA;
2AD3 : 346F80C3;
2AD4 : 40000000;
2AD5 : 340F80E5;
2AD6 : 344F80E6;
2AD7 : 40000000;
2AD8 : 340F80A7;
2AD9 : 342F80C4;
2ADA : 344F80A8;
2ADB : 346F80C5;
2ADC : 40000000;
2ADD : 340F80D3;
2ADE : 342F80C6;
2ADF : 344F80D4;
2AE0 : 346F80CB;
2AE1 : 40000000;
2AE2 : 340F80B7;
2AE3 : 342F80C8;
2AE4 : 344F80B8;
2AE5 : 346F80C9;
2AE6 : 40000000;
2AE7 : 340F80BB;
2AE8 : 342F80CC;
2AE9 : 344F80BC;
2AEA : 346F80CD;
2AEB : 40000000;
2AEC : 340F80C1;
2AED : 344F80C4;
2AEE : 40000000;
2AEF : 340F8093;
2AF0 : 342F80CE;
2AF1 : 344F8094;
2AF2 : 346F80CF;
2AF3 : 40000000;
2AF4 : 340F80BD;
2AF5 : 344F80C0;
2AF6 : 40000000;
2AF7 : 340F80D3;
2AF8 : 344F80D4;
2AF9 : 346F80D1;
2AFA : 40000000;
2AFB : 340F8099;
2AFC : 342F80D0;
2AFD : 344F809A;
2AFE : 40000000;
2AFF : 340F80BD;
2B00 : 344F80BE;
2B01 : 346F80D7;
2B02 : 40000000;
2B03 : 340F809B;
2B04 : 342F80D2;
2B05 : 344F809C;
2B06 : 346F80D3;
2B07 : 40000000;
2B08 : 340F809D;
2B09 : 342F80D4;
2B0A : 344F809E;
2B0B : 346F80D5;
2B0C : 40000000;
2B0D : 340F80A9;
2B0E : 344F80AA;
2B0F : 40000000;
2B10 : 340F80B3;
2B11 : 344F80B6;
2B12 : 40000000;
2B13 : 340F80CF;
2B14 : 344F80D0;
2B15 : 40000000;
2B16 : 340F80BF;
2B17 : 344F80C2;
2B18 : 346F80D7;
2B19 : 40000000;
2B1A : 340F80AB;
2B1B : 342F80D6;
2B1C : 344F80AE;
2B1D : 40000000;
2B1E : 340F80C3;
2B1F : 344F80C6;
2B20 : 40000000;
2B21 : 340F809D;
2B22 : 342F80D8;
2B23 : 344F809E;
2B24 : 346F80D9;
2B25 : 40000000;
2B26 : 340F80A5;
2B27 : 344F80A6;
2B28 : 40000000;
2B29 : 340F80AF;
2B2A : 344F80B0;
2B2B : 40000000;
2B2C : 340F80B3;
2B2D : 344F80B4;
2B2E : 40000000;
2B2F : 340F80B9;
2B30 : 344F80BA;
2B31 : 40000000;
2B32 : 340F80C3;
2B33 : 344F80C4;
2B34 : 40000000;
2B35 : 340F80C7;
2B36 : 344F80CA;
2B37 : 40000000;
2B38 : 340F80D9;
2B39 : 344F80DA;
2B3A : 40000000;
2B3B : 340F80DD;
2B3C : 344F80E0;
2B3D : 40000000;
2B3E : 340F80AB;
2B3F : 342F80DA;
2B40 : 344F80AC;
2B41 : 346F80DB;
2B42 : 40000000;
2B43 : 340F80B7;
2B44 : 344F80B8;
2B45 : 40000000;
2B46 : 340F80C1;
2B47 : 344F80C2;
2B48 : 40000000;
2B49 : 340F80E3;
2B4A : 344F80E6;
2B4B : 40000000;
2B4C : 340F80D3;
2B4D : 344F80D4;
2B4E : 346F80DF;
2B4F : 40000000;
2B50 : 340F80DD;
2B51 : 342F80DC;
2B52 : 344F80DE;
2B53 : 346F80DD;
2B54 : 40000000;
2B55 : 340F80C3;
2B56 : 344F80C4;
2B57 : 346F80DF;
2B58 : 40000000;
2B59 : 340F8099;
2B5A : 344F809A;
2B5B : 346F80E1;
2B5C : 40000000;
2B5D : 340F807B;
2B5E : 342F80DE;
2B5F : 344F807C;
2B60 : 346F80DF;
2B61 : 40000000;
2B62 : 340F80A1;
2B63 : 344F80A2;
2B64 : 40000000;
2B65 : 340F80CF;
2B66 : 344F80D2;
2B67 : 40000000;
2B68 : 340F80BF;
2B69 : 344F80C0;
2B6A : 346F80E1;
2B6B : 40000000;
2B6C : 340F80A5;
2B6D : 342F80E0;
2B6E : 344F80A6;
2B6F : 40000000;
2B70 : 340F80B3;
2B71 : 342F80E4;
2B72 : 344F80B4;
2B73 : 346F80E5;
2B74 : 40000000;
2B75 : 340F80B7;
2B76 : 344F80B8;
2B77 : 40000000;
2B78 : 340F80C7;
2B79 : 344F80C8;
2B7A : 40000000;
2B7B : 340F80D9;
2B7C : 344F80DA;
2B7D : 40000000;
2B7E : 340F80BB;
2B7F : 342F80E6;
2B80 : 344F80BC;
2B81 : 346F80E7;
2B82 : 40000000;
2B83 : 340F80C1;
2B84 : 344F80C4;
2B85 : 40000000;
2B86 : 340F80CD;
2B87 : 344F80CE;
2B88 : 40000000;
2B89 : 340F80CF;
2B8A : 342F80E8;
2B8B : 344F80D0;
2B8C : 346F80EF;
2B8D : 40000000;
2B8E : 340F80CB;
2B8F : 342F80EA;
2B90 : 344F80CE;
2B91 : 40000000;
2B92 : 340F80D1;
2B93 : 344F80D4;
2B94 : 40000000;
2B95 : 340F8085;
2B96 : 342F8046;
2B97 : 344F8086;
2B98 : 346F8047;
2B99 : 348F801F;
2B9A : 40000000;
2B9B : 340F8069;
2B9C : 342F8058;
2B9D : 344F806A;
2B9E : 346F8059;
2B9F : 40000000;
2BA0 : 340F80DF;
2BA1 : 342F805C;
2BA2 : 344F80E0;
2BA3 : 346F805D;
2BA4 : 40000000;
2BA5 : 340F80A9;
2BA6 : 342F805E;
2BA7 : 344F80AA;
2BA8 : 346F805F;
2BA9 : 40000000;
2BAA : 340F80B5;
2BAB : 344F80B6;
2BAC : 346F8061;
2BAD : 40000000;
2BAE : 340F8097;
2BAF : 342F8060;
2BB0 : 344F8098;
2BB1 : 40000000;
2BB2 : 340F80C7;
2BB3 : 342F8064;
2BB4 : 344F80CA;
2BB5 : 346F8065;
2BB6 : 40000000;
2BB7 : 342F8066;
2BB8 : 344F80C8;
2BB9 : 346F8067;
2BBA : 40000000;
2BBB : 340F80C3;
2BBC : 344F80C4;
2BBD : 346F8069;
2BBE : 40000000;
2BBF : 340F80AD;
2BC0 : 342F8068;
2BC1 : 344F80AE;
2BC2 : 40000000;
2BC3 : 340F80C1;
2BC4 : 344F80C2;
2BC5 : 346F806B;
2BC6 : 40000000;
2BC7 : 340F80BD;
2BC8 : 342F806A;
2BC9 : 344F80C0;
2BCA : 40000000;
2BCB : 340F80B9;
2BCC : 342F806C;
2BCD : 344F80BC;
2BCE : 346F806D;
2BCF : 40000000;
2BD0 : 340F80B7;
2BD1 : 342F806E;
2BD2 : 344F80B8;
2BD3 : 346F8071;
2BD4 : 40000000;
2BD5 : 340F80B5;
2BD6 : 342F8070;
2BD7 : 344F80B6;
2BD8 : 40000000;
2BD9 : 340F80B9;
2BDA : 344F80BA;
2BDB : 40000000;
2BDC : 340F80BB;
2BDD : 342F8072;
2BDE : 344F80BC;
2BDF : 346F8079;
2BE0 : 40000000;
2BE1 : 340F80B9;
2BE2 : 342F8078;
2BE3 : 344F80BA;
2BE4 : 346F807B;
2BE5 : 40000000;
2BE6 : 340F80C5;
2BE7 : 342F807E;
2BE8 : 344F80C6;
2BE9 : 346F807F;
2BEA : 40000000;
2BEB : 340F80BD;
2BEC : 344F80BE;
2BED : 346F8081;
2BEE : 40000000;
2BEF : 340F80BF;
2BF0 : 342F8080;
2BF1 : 344F80C4;
2BF2 : 346F8083;
2BF3 : 40000000;
2BF4 : 340F80DD;
2BF5 : 342F8082;
2BF6 : 344F80DE;
2BF7 : 40000000;
2BF8 : 340F80DB;
2BF9 : 342F8084;
2BFA : 344F80DC;
2BFB : 346F8085;
2BFC : 40000000;
2BFD : 340F80C9;
2BFE : 344F80CA;
2BFF : 346F808B;
2C00 : 40000000;
2C01 : 340F80D1;
2C02 : 342F8086;
2C03 : 344F80D2;
2C04 : 346F8087;
2C05 : 40000000;
2C06 : 340F80D9;
2C07 : 344F80DA;
2C08 : 40000000;
2C09 : 340F80C7;
2C0A : 344F80C8;
2C0B : 346F8089;
2C0C : 40000000;
2C0D : 340F80C3;
2C0E : 344F80C4;
2C0F : 346F808B;
2C10 : 40000000;
2C11 : 340F80C5;
2C12 : 342F8088;
2C13 : 344F80C6;
2C14 : 346F8089;
2C15 : 40000000;
2C16 : 340F80CD;
2C17 : 344F80CE;
2C18 : 40000000;
2C19 : 340F80D3;
2C1A : 344F80D8;
2C1B : 40000000;
2C1C : 340F80CF;
2C1D : 342F808A;
2C1E : 344F80D6;
2C1F : 346F808B;
2C20 : 40000000;
2C21 : 340F8081;
2C22 : 342F808C;
2C23 : 344F8082;
2C24 : 346F808D;
2C25 : 40000000;
2C26 : 340F80CD;
2C27 : 344F80D4;
2C28 : 40000000;
2C29 : 340F8079;
2C2A : 342F809E;
2C2B : 344F807A;
2C2C : 346F809F;
2C2D : 40000000;
2C2E : 342F80AA;
2C2F : 346F80AB;
2C30 : 40000000;
2C31 : 342F80AE;
2C32 : 346F80AF;
2C33 : 40000000;
2C34 : 340F807F;
2C35 : 342F80B4;
2C36 : 344F8080;
2C37 : 346F80B5;
2C38 : 40000000;
2C39 : 340F80A7;
2C3A : 344F80AA;
2C3B : 40000000;
2C3C : 340F80AD;
2C3D : 344F80B0;
2C3E : 40000000;
2C3F : 340F80B9;
2C40 : 344F80BA;
2C41 : 40000000;
2C42 : 340F80E7;
2C43 : 344F80E8;
2C44 : 40000000;
2C45 : 340F8077;
2C46 : 342F80B6;
2C47 : 344F8078;
2C48 : 346F80B7;
2C49 : 40000000;
2C4A : 340F80B5;
2C4B : 344F80B6;
2C4C : 40000000;
2C4D : 340F80C1;
2C4E : 344F80C2;
2C4F : 346F80B9;
2C50 : 40000000;
2C51 : 340F8079;
2C52 : 342F80B8;
2C53 : 344F807A;
2C54 : 40000000;
2C55 : 340F80BF;
2C56 : 344F80C0;
2C57 : 40000000;
2C58 : 340F80D9;
2C59 : 342F80BA;
2C5A : 344F80DA;
2C5B : 346F80BB;
2C5C : 40000000;
2C5D : 340F80B3;
2C5E : 344F80B4;
2C5F : 346F80BD;
2C60 : 40000000;
2C61 : 340F80CD;
2C62 : 342F80BC;
2C63 : 344F80CE;
2C64 : 40000000;
2C65 : 340F80D3;
2C66 : 344F80D4;
2C67 : 346F80BF;
2C68 : 40000000;
2C69 : 340F8089;
2C6A : 342F80C0;
2C6B : 344F808A;
2C6C : 346F80C1;
2C6D : 40000000;
2C6E : 340F8075;
2C6F : 342F80C2;
2C70 : 344F8076;
2C71 : 346F80C3;
2C72 : 40000000;
2C73 : 340F807F;
2C74 : 344F8086;
2C75 : 40000000;
2C76 : 340F80B3;
2C77 : 344F80B4;
2C78 : 40000000;
2C79 : 340F80C3;
2C7A : 344F80C4;
2C7B : 40000000;
2C7C : 340F80CF;
2C7D : 344F80D0;
2C7E : 40000000;
2C7F : 340F80E3;
2C80 : 344F80E4;
2C81 : 40000000;
2C82 : 340F80E7;
2C83 : 344F80EA;
2C84 : 40000000;
2C85 : 340F80D5;
2C86 : 342F80C4;
2C87 : 344F80DC;
2C88 : 346F80C5;
2C89 : 40000000;
2C8A : 340F80A7;
2C8B : 342F80C6;
2C8C : 344F80A8;
2C8D : 346F80C7;
2C8E : 40000000;
2C8F : 340F80D1;
2C90 : 344F80D2;
2C91 : 40000000;
2C92 : 340F80D5;
2C93 : 344F80DA;
2C94 : 40000000;
2C95 : 340F80C3;
2C96 : 342F80C8;
2C97 : 344F80C4;
2C98 : 346F80CB;
2C99 : 40000000;
2C9A : 340F80D5;
2C9B : 344F80D8;
2C9C : 346F80CF;
2C9D : 40000000;
2C9E : 340F80B9;
2C9F : 342F80CA;
2CA0 : 344F80BA;
2CA1 : 346F80CB;
2CA2 : 40000000;
2CA3 : 340F8093;
2CA4 : 344F8094;
2CA5 : 346F80CD;
2CA6 : 40000000;
2CA7 : 340F8087;
2CA8 : 344F8088;
2CA9 : 346F80CF;
2CAA : 40000000;
2CAB : 340F80BD;
2CAC : 342F80CC;
2CAD : 344F80C0;
2CAE : 346F80CD;
2CAF : 40000000;
2CB0 : 340F80D3;
2CB1 : 344F80D4;
2CB2 : 40000000;
2CB3 : 340F80D9;
2CB4 : 344F80DA;
2CB5 : 40000000;
2CB6 : 340F80D5;
2CB7 : 342F80D0;
2CB8 : 344F80D6;
2CB9 : 346F80D1;
2CBA : 40000000;
2CBB : 340F80BF;
2CBC : 344F80C0;
2CBD : 346F80D3;
2CBE : 40000000;
2CBF : 340F80D3;
2CC0 : 342F80D2;
2CC1 : 344F80D4;
2CC2 : 40000000;
2CC3 : 340F8081;
2CC4 : 342F80D4;
2CC5 : 344F8086;
2CC6 : 346F80D5;
2CC7 : 40000000;
2CC8 : 340F808D;
2CC9 : 344F8094;
2CCA : 40000000;
2CCB : 340F80D1;
2CCC : 344F80D2;
2CCD : 40000000;
2CCE : 340F80B9;
2CCF : 342F80D6;
2CD0 : 344F80BC;
2CD1 : 346F80D7;
2CD2 : 40000000;
2CD3 : 340F80C7;
2CD4 : 344F80C8;
2CD5 : 40000000;
2CD6 : 340F809B;
2CD7 : 344F809C;
2CD8 : 346F80D9;
2CD9 : 40000000;
2CDA : 340F808F;
2CDB : 342F80D8;
2CDC : 344F8092;
2CDD : 40000000;
2CDE : 340F80A7;
2CDF : 344F80A8;
2CE0 : 40000000;
2CE1 : 340F80B5;
2CE2 : 344F80B8;
2CE3 : 40000000;
2CE4 : 340F80C5;
2CE5 : 344F80C6;
2CE6 : 40000000;
2CE7 : 340F80D5;
2CE8 : 344F80D8;
2CE9 : 40000000;
2CEA : 340F80E1;
2CEB : 344F80E2;
2CEC : 40000000;
2CED : 340F80E9;
2CEE : 344F80EA;
2CEF : 40000000;
2CF0 : 340F80C3;
2CF1 : 342F80DA;
2CF2 : 344F80C4;
2CF3 : 346F80DB;
2CF4 : 40000000;
2CF5 : 340F807B;
2CF6 : 342F80DC;
2CF7 : 344F807C;
2CF8 : 346F80DD;
2CF9 : 40000000;
2CFA : 340F8089;
2CFB : 344F808A;
2CFC : 40000000;
2CFD : 340F80D1;
2CFE : 344F80D2;
2CFF : 40000000;
2D00 : 340F80A3;
2D01 : 342F80DE;
2D02 : 344F80A4;
2D03 : 346F80DF;
2D04 : 40000000;
2D05 : 340F8081;
2D06 : 342F80E0;
2D07 : 344F8082;
2D08 : 346F80E1;
2D09 : 40000000;
2D0A : 340F80A1;
2D0B : 344F80A2;
2D0C : 40000000;
2D0D : 340F8093;
2D0E : 342F80E2;
2D0F : 344F8094;
2D10 : 346F80E3;
2D11 : 40000000;
2D12 : 340F809B;
2D13 : 342F80E4;
2D14 : 344F809C;
2D15 : 346F80E5;
2D16 : 40000000;
2D17 : 340F80AB;
2D18 : 344F80AE;
2D19 : 40000000;
2D1A : 340F80C9;
2D1B : 344F80CA;
2D1C : 40000000;
2D1D : 340F80DB;
2D1E : 344F80DC;
2D1F : 40000000;
2D20 : 340F8081;
2D21 : 342F80E6;
2D22 : 344F8088;
2D23 : 346F80E7;
2D24 : 40000000;
2D25 : 340F808D;
2D26 : 344F8094;
2D27 : 40000000;
2D28 : 340F809D;
2D29 : 344F809E;
2D2A : 40000000;
2D2B : 340F80A1;
2D2C : 344F80A8;
2D2D : 40000000;
2D2E : 340F80AF;
2D2F : 344F80B2;
2D30 : 40000000;
2D31 : 340F80B9;
2D32 : 344F80BA;
2D33 : 40000000;
2D34 : 340F80BD;
2D35 : 344F80BE;
2D36 : 40000000;
2D37 : 340F80D9;
2D38 : 344F80DA;
2D39 : 40000000;
2D3A : 340F80E3;
2D3B : 344F80E4;
2D3C : 40000000;
2D3D : 340F80CB;
2D3E : 342F80E8;
2D3F : 344F80CE;
2D40 : 346F80E9;
2D41 : 40000000;
2D42 : 340F80D1;
2D43 : 344F80D8;
2D44 : 40000000;
2D45 : 340F80C5;
2D46 : 342F80EA;
2D47 : 344F80C6;
2D48 : 346F80EF;
2D49 : 40000000;
2D4A : 340F80C9;
2D4B : 344F80CA;
2D4C : 40000000;
2D4D : 340F80D5;
2D4E : 344F80D6;
2D4F : 40000000;
2D50 : 340F80C3;
2D51 : 342F80EC;
2D52 : 344F80C4;
2D53 : 40000000;
2D54 : 340F80C1;
2D55 : 342F80EE;
2D56 : 344F80C2;
2D57 : 40000000;
2D58 : 340F80C7;
2D59 : 344F80C8;
2D5A : 40000000;
2D5B : 340F80D7;
2D5C : 344F80D8;
2D5D : 40000000;
2D5E : 340F8081;
2D5F : 342F808A;
2D60 : 344F8082;
2D61 : 346F808B;
2D62 : 348F8020;
2D63 : 40000000;
2D64 : 342F808E;
2D65 : 346F808F;
2D66 : 40000000;
2D67 : 340F806D;
2D68 : 342F809A;
2D69 : 344F806E;
2D6A : 346F809B;
2D6B : 40000000;
2D6C : 340F806F;
2D6D : 342F809E;
2D6E : 344F8070;
2D6F : 346F809F;
2D70 : 40000000;
2D71 : 340F805B;
2D72 : 342F80B4;
2D73 : 344F805C;
2D74 : 346F80B5;
2D75 : 40000000;
2D76 : 340F8065;
2D77 : 344F806A;
2D78 : 40000000;
2D79 : 340F8071;
2D7A : 344F8074;
2D7B : 40000000;
2D7C : 340F80AB;
2D7D : 344F80AC;
2D7E : 40000000;
2D7F : 340F80B1;
2D80 : 344F80B2;
2D81 : 40000000;
2D82 : 340F80B7;
2D83 : 344F80B8;
2D84 : 40000000;
2D85 : 340F80C9;
2D86 : 344F80D4;
2D87 : 40000000;
2D88 : 340F80DB;
2D89 : 344F80E0;
2D8A : 40000000;
2D8B : 340F8063;
2D8C : 342F80B6;
2D8D : 344F8064;
2D8E : 346F80B7;
2D8F : 40000000;
2D90 : 340F806F;
2D91 : 344F8070;
2D92 : 40000000;
2D93 : 340F80BD;
2D94 : 344F80BE;
2D95 : 40000000;
2D96 : 340F8061;
2D97 : 342F80BA;
2D98 : 344F8062;
2D99 : 346F80BB;
2D9A : 40000000;
2D9B : 340F80CB;
2D9C : 344F80CC;
2D9D : 40000000;
2D9E : 340F80D7;
2D9F : 344F80D8;
2DA0 : 40000000;
2DA1 : 340F8079;
2DA2 : 342F80C0;
2DA3 : 344F807A;
2DA4 : 346F80C1;
2DA5 : 40000000;
2DA6 : 340F80BB;
2DA7 : 344F80BC;
2DA8 : 40000000;
2DA9 : 340F8061;
2DAA : 342F80C2;
2DAB : 344F8064;
2DAC : 346F80C3;
2DAD : 40000000;
2DAE : 340F8067;
2DAF : 344F8068;
2DB0 : 40000000;
2DB1 : 340F806B;
2DB2 : 344F806C;
2DB3 : 40000000;
2DB4 : 340F806F;
2DB5 : 344F8070;
2DB6 : 40000000;
2DB7 : 340F8073;
2DB8 : 344F8074;
2DB9 : 40000000;
2DBA : 340F807D;
2DBB : 344F807E;
2DBC : 40000000;
2DBD : 340F80B7;
2DBE : 344F80BA;
2DBF : 40000000;
2DC0 : 340F80C1;
2DC1 : 344F80C2;
2DC2 : 40000000;
2DC3 : 340F80D1;
2DC4 : 344F80D2;
2DC5 : 40000000;
2DC6 : 340F807B;
2DC7 : 342F80C6;
2DC8 : 344F807E;
2DC9 : 346F80C7;
2DCA : 40000000;
2DCB : 340F80C5;
2DCC : 344F80C6;
2DCD : 40000000;
2DCE : 340F8079;
2DCF : 342F80C8;
2DD0 : 344F807A;
2DD1 : 346F80D3;
2DD2 : 40000000;
2DD3 : 340F8081;
2DD4 : 342F80CE;
2DD5 : 344F8082;
2DD6 : 346F80CF;
2DD7 : 40000000;
2DD8 : 340F807B;
2DD9 : 342F80D4;
2DDA : 344F8080;
2DDB : 346F80D5;
2DDC : 40000000;
2DDD : 340F8087;
2DDE : 344F8088;
2DDF : 40000000;
2DE0 : 340F805D;
2DE1 : 342F80D8;
2DE2 : 344F805E;
2DE3 : 346F80D9;
2DE4 : 40000000;
2DE5 : 340F8061;
2DE6 : 344F8062;
2DE7 : 40000000;
2DE8 : 340F806B;
2DE9 : 344F806E;
2DEA : 40000000;
2DEB : 340F8073;
2DEC : 344F8074;
2DED : 40000000;
2DEE : 340F807D;
2DEF : 344F8080;
2DF0 : 40000000;
2DF1 : 340F808D;
2DF2 : 344F808E;
2DF3 : 40000000;
2DF4 : 340F8065;
2DF5 : 342F80DA;
2DF6 : 344F8066;
2DF7 : 346F80DB;
2DF8 : 40000000;
2DF9 : 340F807B;
2DFA : 344F807C;
2DFB : 40000000;
2DFC : 340F8089;
2DFD : 344F808A;
2DFE : 40000000;
2DFF : 340F8081;
2E00 : 344F8082;
2E01 : 346F80DF;
2E02 : 40000000;
2E03 : 340F8067;
2E04 : 342F80E0;
2E05 : 344F8068;
2E06 : 346F80E1;
2E07 : 40000000;
2E08 : 340F806D;
2E09 : 344F806E;
2E0A : 40000000;
2E0B : 340F8067;
2E0C : 342F80E4;
2E0D : 344F8068;
2E0E : 346F80E5;
2E0F : 40000000;
2E10 : 340F8079;
2E11 : 344F807A;
2E12 : 40000000;
2E13 : 340F805D;
2E14 : 342F80E6;
2E15 : 344F805E;
2E16 : 346F80E7;
2E17 : 40000000;
2E18 : 340F806D;
2E19 : 344F806E;
2E1A : 40000000;
2E1B : 340F8075;
2E1C : 344F8076;
2E1D : 40000000;
2E1E : 340F807D;
2E1F : 344F8080;
2E20 : 40000000;
2E21 : 340F8089;
2E22 : 344F808C;
2E23 : 40000000;
2E24 : 340F80A3;
2E25 : 342F8020;
2E26 : 344F80A4;
2E27 : 346F8021;
2E28 : 348F8021;
2E29 : 40000000;
2E2A : 340F809F;
2E2B : 342F8026;
2E2C : 344F80A0;
2E2D : 346F8027;
2E2E : 40000000;
2E2F : 340F808D;
2E30 : 342F803E;
2E31 : 344F808E;
2E32 : 346F803F;
2E33 : 40000000;
2E34 : 340F808B;
2E35 : 342F8042;
2E36 : 344F808C;
2E37 : 346F8043;
2E38 : 40000000;
2E39 : 340F8085;
2E3A : 344F8086;
2E3B : 346F8045;
2E3C : 40000000;
2E3D : 340F80B1;
2E3E : 342F804C;
2E3F : 344F80B2;
2E40 : 346F804D;
2E41 : 40000000;
2E42 : 340F8083;
2E43 : 342F804E;
2E44 : 344F8084;
2E45 : 346F804F;
2E46 : 40000000;
2E47 : 340F80AF;
2E48 : 342F805A;
2E49 : 344F80B0;
2E4A : 346F805F;
2E4B : 40000000;
2E4C : 340F80A9;
2E4D : 342F805C;
2E4E : 344F80AE;
2E4F : 346F805D;
2E50 : 40000000;
2E51 : 340F80B3;
2E52 : 342F805E;
2E53 : 344F80B4;
2E54 : 346F805F;
2E55 : 40000000;
2E56 : 340F80A7;
2E57 : 344F80A8;
2E58 : 346F8061;
2E59 : 40000000;
2E5A : 340F80AB;
2E5B : 344F80AE;
2E5C : 40000000;
2E5D : 340F8099;
2E5E : 342F8060;
2E5F : 344F809E;
2E60 : 40000000;
2E61 : 340F80B1;
2E62 : 344F80B2;
2E63 : 40000000;
2E64 : 340F80A9;
2E65 : 344F80AA;
2E66 : 346F8067;
2E67 : 40000000;
2E68 : 340F8097;
2E69 : 342F8062;
2E6A : 344F809C;
2E6B : 346F8063;
2E6C : 40000000;
2E6D : 340F80AB;
2E6E : 344F80AC;
2E6F : 40000000;
2E70 : 340F80AF;
2E71 : 344F80B0;
2E72 : 40000000;
2E73 : 340F809B;
2E74 : 342F8064;
2E75 : 344F809E;
2E76 : 346F8065;
2E77 : 40000000;
2E78 : 340F809D;
2E79 : 342F8066;
2E7A : 346F8067;
2E7B : 40000000;
2E7C : 340F80AD;
2E7D : 344F80AE;
2E7E : 40000000;
2E7F : 340F80C5;
2E80 : 344F80C6;
2E81 : 40000000;
2E82 : 340F80AB;
2E83 : 342F806C;
2E84 : 344F80AC;
2E85 : 346F806D;
2E86 : 40000000;
2E87 : 340F80B1;
2E88 : 342F8072;
2E89 : 344F80BA;
2E8A : 346F8073;
2E8B : 40000000;
2E8C : 340F80B5;
2E8D : 342F8074;
2E8E : 346F8077;
2E8F : 40000000;
2E90 : 340F80B7;
2E91 : 342F8078;
2E92 : 344F80B8;
2E93 : 346F8079;
2E94 : 40000000;
2E95 : 340F80BB;
2E96 : 342F807A;
2E97 : 344F80BC;
2E98 : 346F8085;
2E99 : 40000000;
2E9A : 340F80BD;
2E9B : 342F807C;
2E9C : 344F80BE;
2E9D : 346F807D;
2E9E : 40000000;
2E9F : 340F80B9;
2EA0 : 344F80BA;
2EA1 : 346F807F;
2EA2 : 40000000;
2EA3 : 340F80BD;
2EA4 : 342F8082;
2EA5 : 344F80BE;
2EA6 : 346F8085;
2EA7 : 40000000;
2EA8 : 340F80BF;
2EA9 : 342F8084;
2EAA : 344F80C4;
2EAB : 40000000;
2EAC : 342F8086;
2EAD : 344F80C2;
2EAE : 346F8089;
2EAF : 40000000;
2EB0 : 340F80CF;
2EB1 : 342F8088;
2EB2 : 344F80D2;
2EB3 : 40000000;
2EB4 : 340F80BD;
2EB5 : 344F80BE;
2EB6 : 346F808B;
2EB7 : 40000000;
2EB8 : 340F80CB;
2EB9 : 342F808A;
2EBA : 344F80CE;
2EBB : 40000000;
2EBC : 340F80D7;
2EBD : 344F80D8;
2EBE : 40000000;
2EBF : 340F80C1;
2EC0 : 344F80C2;
2EC1 : 346F808D;
2EC2 : 40000000;
2EC3 : 340F80C5;
2EC4 : 344F80C8;
2EC5 : 40000000;
2EC6 : 340F80C3;
2EC7 : 342F808C;
2EC8 : 344F80C4;
2EC9 : 40000000;
2ECA : 340F80D5;
2ECB : 344F80D6;
2ECC : 40000000;
2ECD : 340F80C9;
2ECE : 344F80CC;
2ECF : 346F808F;
2ED0 : 40000000;
2ED1 : 340F80CD;
2ED2 : 342F808E;
2ED3 : 344F80D2;
2ED4 : 40000000;
2ED5 : 340F80CB;
2ED6 : 342F8090;
2ED7 : 344F80CC;
2ED8 : 346F8093;
2ED9 : 40000000;
2EDA : 340F80C9;
2EDB : 342F8092;
2EDC : 344F80CA;
2EDD : 40000000;
2EDE : 340F807B;
2EDF : 342F8094;
2EE0 : 344F807C;
2EE1 : 346F8095;
2EE2 : 40000000;
2EE3 : 340F8071;
2EE4 : 342F80A0;
2EE5 : 344F8072;
2EE6 : 346F80A1;
2EE7 : 40000000;
2EE8 : 340F8073;
2EE9 : 342F80A2;
2EEA : 344F8074;
2EEB : 346F80A3;
2EEC : 40000000;
2EED : 340F8075;
2EEE : 342F80A4;
2EEF : 344F8076;
2EF0 : 346F80A5;
2EF1 : 40000000;
2EF2 : 340F8079;
2EF3 : 342F80A8;
2EF4 : 344F807A;
2EF5 : 346F80A9;
2EF6 : 40000000;
2EF7 : 340F80E7;
2EF8 : 342F80B0;
2EF9 : 344F80E8;
2EFA : 346F80B3;
2EFB : 40000000;
2EFC : 340F80E5;
2EFD : 342F80B2;
2EFE : 344F80E6;
2EFF : 40000000;
2F00 : 340F807D;
2F01 : 344F807E;
2F02 : 346F80B5;
2F03 : 40000000;
2F04 : 340F8075;
2F05 : 342F80B4;
2F06 : 344F8076;
2F07 : 40000000;
2F08 : 340F80C3;
2F09 : 344F80C6;
2F0A : 40000000;
2F0B : 340F80D5;
2F0C : 344F80D6;
2F0D : 40000000;
2F0E : 340F8079;
2F0F : 342F80B6;
2F10 : 344F807A;
2F11 : 346F80B7;
2F12 : 40000000;
2F13 : 340F807F;
2F14 : 342F80BA;
2F15 : 344F8080;
2F16 : 346F80BD;
2F17 : 40000000;
2F18 : 340F8083;
2F19 : 344F8084;
2F1A : 40000000;
2F1B : 340F80C7;
2F1C : 344F80C8;
2F1D : 346F80C1;
2F1E : 40000000;
2F1F : 340F808B;
2F20 : 342F80C0;
2F21 : 344F808C;
2F22 : 40000000;
2F23 : 340F80D3;
2F24 : 344F80D4;
2F25 : 40000000;
2F26 : 340F80D7;
2F27 : 344F80D8;
2F28 : 346F80C3;
2F29 : 40000000;
2F2A : 340F80E1;
2F2B : 344F80E2;
2F2C : 346F80C7;
2F2D : 40000000;
2F2E : 340F808D;
2F2F : 342F80C2;
2F30 : 344F808E;
2F31 : 346F80C3;
2F32 : 40000000;
2F33 : 340F80C5;
2F34 : 344F80C6;
2F35 : 40000000;
2F36 : 340F8093;
2F37 : 344F8094;
2F38 : 346F80C5;
2F39 : 40000000;
2F3A : 340F80DF;
2F3B : 344F80E0;
2F3C : 346F80C9;
2F3D : 40000000;
2F3E : 340F8095;
2F3F : 342F80C4;
2F40 : 344F8096;
2F41 : 346F80C5;
2F42 : 40000000;
2F43 : 340F80B5;
2F44 : 344F80B6;
2F45 : 40000000;
2F46 : 340F80D3;
2F47 : 344F80D4;
2F48 : 40000000;
2F49 : 340F80E3;
2F4A : 344F80E4;
2F4B : 346F80C7;
2F4C : 40000000;
2F4D : 340F80DD;
2F4E : 344F80DE;
2F4F : 346F80CB;
2F50 : 40000000;
2F51 : 340F8089;
2F52 : 342F80C6;
2F53 : 344F808C;
2F54 : 346F80C7;
2F55 : 40000000;
2F56 : 340F80C7;
2F57 : 344F80D0;
2F58 : 40000000;
2F59 : 340F80E9;
2F5A : 344F80EA;
2F5B : 40000000;
2F5C : 340F80DB;
2F5D : 344F80DC;
2F5E : 346F80CD;
2F5F : 40000000;
2F60 : 340F8087;
2F61 : 342F80C8;
2F62 : 344F8088;
2F63 : 346F80C9;
2F64 : 40000000;
2F65 : 340F8093;
2F66 : 344F8094;
2F67 : 40000000;
2F68 : 340F80D9;
2F69 : 344F80DA;
2F6A : 346F80CB;
2F6B : 40000000;
2F6C : 340F80A7;
2F6D : 344F80A8;
2F6E : 346F80CF;
2F6F : 40000000;
2F70 : 340F80E7;
2F71 : 344F80E8;
2F72 : 40000000;
2F73 : 340F80BB;
2F74 : 342F80CA;
2F75 : 344F80BC;
2F76 : 346F80CB;
2F77 : 40000000;
2F78 : 340F80C1;
2F79 : 344F80C2;
2F7A : 40000000;
2F7B : 340F80E5;
2F7C : 342F80CC;
2F7D : 344F80E6;
2F7E : 346F80CD;
2F7F : 40000000;
2F80 : 340F80D9;
2F81 : 342F80CE;
2F82 : 344F80DA;
2F83 : 346F80CF;
2F84 : 40000000;
2F85 : 340F80D7;
2F86 : 342F80D0;
2F87 : 344F80D8;
2F88 : 346F80D1;
2F89 : 40000000;
2F8A : 340F8099;
2F8B : 342F80D2;
2F8C : 344F809A;
2F8D : 346F80D3;
2F8E : 40000000;
2F8F : 340F80E1;
2F90 : 344F80E2;
2F91 : 346F80D7;
2F92 : 40000000;
2F93 : 340F808B;
2F94 : 342F80D4;
2F95 : 344F808C;
2F96 : 346F80D5;
2F97 : 40000000;
2F98 : 340F8095;
2F99 : 344F8096;
2F9A : 40000000;
2F9B : 340F809B;
2F9C : 344F809C;
2F9D : 40000000;
2F9E : 340F80DF;
2F9F : 344F80E0;
2FA0 : 346F80D7;
2FA1 : 40000000;
2FA2 : 340F80E3;
2FA3 : 344F80E4;
2FA4 : 346F80D9;
2FA5 : 40000000;
2FA6 : 340F809D;
2FA7 : 342F80D6;
2FA8 : 344F809E;
2FA9 : 346F80D7;
2FAA : 40000000;
2FAB : 340F80A3;
2FAC : 344F80A6;
2FAD : 40000000;
2FAE : 340F80AF;
2FAF : 344F80B2;
2FB0 : 40000000;
2FB1 : 340F80B5;
2FB2 : 344F80B8;
2FB3 : 40000000;
2FB4 : 340F80C9;
2FB5 : 344F80CA;
2FB6 : 40000000;
2FB7 : 340F80E5;
2FB8 : 344F80E6;
2FB9 : 346F80D9;
2FBA : 40000000;
2FBB : 340F8093;
2FBC : 342F80D8;
2FBD : 344F8094;
2FBE : 40000000;
2FBF : 340F80A9;
2FC0 : 344F80AE;
2FC1 : 40000000;
2FC2 : 340F80CB;
2FC3 : 344F80CC;
2FC4 : 40000000;
2FC5 : 340F80E7;
2FC6 : 344F80E8;
2FC7 : 40000000;
2FC8 : 340F8097;
2FC9 : 342F80DA;
2FCA : 344F809A;
2FCB : 346F80DB;
2FCC : 40000000;
2FCD : 340F80CD;
2FCE : 344F80CE;
2FCF : 40000000;
2FD0 : 340F80C1;
2FD1 : 342F80DC;
2FD2 : 344F80C2;
2FD3 : 346F80DF;
2FD4 : 40000000;
2FD5 : 340F8095;
2FD6 : 342F80E6;
2FD7 : 344F8096;
2FD8 : 346F80E7;
2FD9 : 40000000;
2FDA : 340F80A9;
2FDB : 344F80AA;
2FDC : 40000000;
2FDD : 340F80BF;
2FDE : 344F80C0;
2FDF : 40000000;
2FE0 : 340F80C5;
2FE1 : 344F80C6;
2FE2 : 40000000;
2FE3 : 340F80CB;
2FE4 : 344F80CC;
2FE5 : 40000000;
2FE6 : 340F80DB;
2FE7 : 344F80DE;
2FE8 : 40000000;
2FE9 : 340F80E5;
2FEA : 344F80E6;
2FEB : 346F80EB;
2FEC : 40000000;
2FED : 340F80C9;
2FEE : 342F80E8;
2FEF : 344F80CA;
2FF0 : 346F80E9;
2FF1 : 40000000;
2FF2 : 340F80D9;
2FF3 : 344F80DC;
2FF4 : 346F80EF;
2FF5 : 40000000;
2FF6 : 340F80DF;
2FF7 : 344F80E4;
2FF8 : 40000000;
2FF9 : 340F80BF;
2FFA : 342F80EA;
2FFB : 344F80C4;
2FFC : 346F80EB;
2FFD : 40000000;
2FFE : 340F80DD;
2FFF : 344F80DE;
3000 : 40000000;
3001 : 340F80C7;
3002 : 344F80C8;
3003 : 346F80ED;
3004 : 40000000;
3005 : 340F80D7;
3006 : 344F80D8;
3007 : 40000000;
3008 : 340F80BF;
3009 : 342F80EC;
300A : 344F80C2;
300B : 40000000;
300C : 340F80BD;
300D : 342F80EE;
300E : 344F80C0;
300F : 346F80EF;
3010 : 40000000;
3011 : 340F8089;
3012 : 342F803C;
3013 : 344F808C;
3014 : 346F803D;
3015 : 348F8022;
3016 : 40000000;
3017 : 340F806F;
3018 : 342F8056;
3019 : 344F8070;
301A : 346F8057;
301B : 40000000;
301C : 340F8097;
301D : 342F8064;
301E : 344F8098;
301F : 346F8065;
3020 : 40000000;
3021 : 340F809B;
3022 : 342F8066;
3023 : 344F809C;
3024 : 346F8067;
3025 : 40000000;
3026 : 340F80AD;
3027 : 342F8070;
3028 : 344F80AE;
3029 : 346F8071;
302A : 40000000;
302B : 340F80AF;
302C : 342F8072;
302D : 344F80B0;
302E : 346F8073;
302F : 40000000;
3030 : 340F80B5;
3031 : 342F8078;
3032 : 344F80B6;
3033 : 346F8079;
3034 : 40000000;
3035 : 340F806D;
3036 : 342F8090;
3037 : 344F806E;
3038 : 346F8091;
3039 : 40000000;
303A : 342F8096;
303B : 346F8097;
303C : 40000000;
303D : 342F809C;
303E : 346F809D;
303F : 40000000;
3040 : 340F8097;
3041 : 342F80A8;
3042 : 344F8098;
3043 : 346F80A9;
3044 : 40000000;
3045 : 340F805D;
3046 : 342F80B4;
3047 : 344F805E;
3048 : 346F80B5;
3049 : 40000000;
304A : 340F806B;
304B : 344F806C;
304C : 40000000;
304D : 340F806F;
304E : 344F8070;
304F : 40000000;
3050 : 340F80BB;
3051 : 344F80BC;
3052 : 40000000;
3053 : 340F805F;
3054 : 342F80B6;
3055 : 344F8060;
3056 : 346F80B7;
3057 : 40000000;
3058 : 340F806D;
3059 : 344F806E;
305A : 40000000;
305B : 340F80CB;
305C : 342F80BC;
305D : 344F80CC;
305E : 346F80BF;
305F : 40000000;
3060 : 340F8069;
3061 : 342F80C2;
3062 : 344F806A;
3063 : 346F80C3;
3064 : 40000000;
3065 : 340F8071;
3066 : 344F8072;
3067 : 40000000;
3068 : 340F8077;
3069 : 344F8078;
306A : 40000000;
306B : 340F807B;
306C : 344F807C;
306D : 40000000;
306E : 340F80BB;
306F : 344F80BC;
3070 : 40000000;
3071 : 340F8063;
3072 : 342F80D8;
3073 : 344F8064;
3074 : 346F80D9;
3075 : 40000000;
3076 : 340F8075;
3077 : 344F8076;
3078 : 40000000;
3079 : 340F807B;
307A : 344F807C;
307B : 40000000;
307C : 340F808B;
307D : 344F808C;
307E : 40000000;
307F : 340F8067;
3080 : 342F80DA;
3081 : 344F8068;
3082 : 346F80DB;
3083 : 40000000;
3084 : 340F8079;
3085 : 344F807A;
3086 : 40000000;
3087 : 340F8087;
3088 : 342F80DC;
3089 : 344F8088;
308A : 346F80DD;
308B : 40000000;
308C : 340F806F;
308D : 342F80DE;
308E : 344F8072;
308F : 346F80DF;
3090 : 40000000;
3091 : 340F8083;
3092 : 342F80E0;
3093 : 344F8084;
3094 : 346F80E1;
3095 : 40000000;
3096 : 340F8087;
3097 : 344F8088;
3098 : 40000000;
3099 : 340F8065;
309A : 342F80E6;
309B : 344F8066;
309C : 346F80E7;
309D : 40000000;
309E : 340F8069;
309F : 344F806A;
30A0 : 40000000;
30A1 : 340F8077;
30A2 : 344F8078;
30A3 : 40000000;
30A4 : 340F807B;
30A5 : 344F807C;
30A6 : 40000000;
30A7 : 340F8095;
30A8 : 342F8012;
30A9 : 344F8096;
30AA : 346F8019;
30AB : 348F8023;
30AC : 40000000;
30AD : 340F8089;
30AE : 342F8014;
30AF : 344F808A;
30B0 : 346F8015;
30B1 : 40000000;
30B2 : 340F8093;
30B3 : 344F8094;
30B4 : 346F8019;
30B5 : 40000000;
30B6 : 340F8085;
30B7 : 342F8016;
30B8 : 344F8086;
30B9 : 346F801B;
30BA : 40000000;
30BB : 340F8091;
30BC : 344F8092;
30BD : 40000000;
30BE : 340F807D;
30BF : 342F8018;
30C0 : 344F8084;
30C1 : 346F8019;
30C2 : 40000000;
30C3 : 340F8087;
30C4 : 344F8088;
30C5 : 40000000;
30C6 : 340F8089;
30C7 : 342F801A;
30C8 : 344F808C;
30C9 : 346F801B;
30CA : 40000000;
30CB : 340F807D;
30CC : 344F807E;
30CD : 346F801D;
30CE : 40000000;
30CF : 340F808F;
30D0 : 344F8090;
30D1 : 40000000;
30D2 : 340F809F;
30D3 : 344F80A2;
30D4 : 40000000;
30D5 : 340F8081;
30D6 : 344F8084;
30D7 : 346F801F;
30D8 : 40000000;
30D9 : 340F8089;
30DA : 342F801C;
30DB : 344F808A;
30DC : 346F801D;
30DD : 40000000;
30DE : 340F808D;
30DF : 344F808E;
30E0 : 346F801F;
30E1 : 40000000;
30E2 : 340F8087;
30E3 : 342F801E;
30E4 : 344F8088;
30E5 : 40000000;
30E6 : 340F809F;
30E7 : 344F80A0;
30E8 : 40000000;
30E9 : 340F8075;
30EA : 344F8076;
30EB : 346F8021;
30EC : 40000000;
30ED : 340F807B;
30EE : 344F807C;
30EF : 40000000;
30F0 : 340F808B;
30F1 : 344F808C;
30F2 : 40000000;
30F3 : 340F807D;
30F4 : 342F8020;
30F5 : 344F8080;
30F6 : 40000000;
30F7 : 340F809D;
30F8 : 344F809E;
30F9 : 40000000;
30FA : 340F8089;
30FB : 344F808A;
30FC : 346F8023;
30FD : 40000000;
30FE : 340F807F;
30FF : 342F8022;
3100 : 344F8080;
3101 : 40000000;
3102 : 340F8087;
3103 : 344F8088;
3104 : 346F8025;
3105 : 40000000;
3106 : 340F8085;
3107 : 342F8024;
3108 : 344F8086;
3109 : 40000000;
310A : 340F809F;
310B : 344F80A0;
310C : 40000000;
310D : 340F809B;
310E : 342F8028;
310F : 344F809C;
3110 : 346F8029;
3111 : 40000000;
3112 : 340F8097;
3113 : 342F802C;
3114 : 344F8098;
3115 : 346F802D;
3116 : 40000000;
3117 : 340F807F;
3118 : 342F802E;
3119 : 344F8080;
311A : 346F8033;
311B : 40000000;
311C : 340F8091;
311D : 342F8030;
311E : 344F8092;
311F : 40000000;
3120 : 340F806B;
3121 : 342F8032;
3122 : 344F8072;
3123 : 40000000;
3124 : 340F807B;
3125 : 344F807C;
3126 : 346F8035;
3127 : 40000000;
3128 : 340F806D;
3129 : 342F8034;
312A : 344F8072;
312B : 40000000;
312C : 340F8075;
312D : 344F8076;
312E : 40000000;
312F : 340F808F;
3130 : 344F8090;
3131 : 346F8037;
3132 : 40000000;
3133 : 340F807D;
3134 : 344F807E;
3135 : 346F803B;
3136 : 40000000;
3137 : 340F8083;
3138 : 344F8084;
3139 : 346F8043;
313A : 40000000;
313B : 340F8077;
313C : 342F8036;
313D : 344F807A;
313E : 346F8037;
313F : 40000000;
3140 : 340F807F;
3141 : 344F8082;
3142 : 40000000;
3143 : 340F808B;
3144 : 344F808E;
3145 : 40000000;
3146 : 340F8093;
3147 : 344F8096;
3148 : 40000000;
3149 : 340F806F;
314A : 342F8038;
314B : 344F8070;
314C : 346F8039;
314D : 40000000;
314E : 340F8073;
314F : 344F8074;
3150 : 40000000;
3151 : 340F807F;
3152 : 344F8080;
3153 : 40000000;
3154 : 340F8085;
3155 : 344F808A;
3156 : 40000000;
3157 : 340F808D;
3158 : 344F808E;
3159 : 40000000;
315A : 340F8091;
315B : 344F8094;
315C : 346F803B;
315D : 40000000;
315E : 340F8095;
315F : 342F803A;
3160 : 344F8096;
3161 : 346F803D;
3162 : 40000000;
3163 : 340F8085;
3164 : 344F8088;
3165 : 346F8041;
3166 : 40000000;
3167 : 340F808F;
3168 : 342F803C;
3169 : 344F8090;
316A : 346F803D;
316B : 40000000;
316C : 340F8081;
316D : 344F8082;
316E : 346F8041;
316F : 40000000;
3170 : 340F8089;
3171 : 342F803E;
3172 : 344F808C;
3173 : 40000000;
3174 : 340F807F;
3175 : 342F8040;
3176 : 344F8080;
3177 : 40000000;
3178 : 340F8089;
3179 : 342F8042;
317A : 344F808A;
317B : 346F8043;
317C : 40000000;
317D : 340F806F;
317E : 342F8046;
317F : 344F8072;
3180 : 346F8047;
3181 : 40000000;
3182 : 340F807B;
3183 : 344F8080;
3184 : 40000000;
3185 : 340F8083;
3186 : 344F8084;
3187 : 346F804D;
3188 : 40000000;
3189 : 340F8081;
318A : 342F804C;
318B : 344F8082;
318C : 40000000;
318D : 340F8077;
318E : 344F8078;
318F : 346F804F;
3190 : 40000000;
3191 : 340F8071;
3192 : 342F8052;
3193 : 344F8072;
3194 : 346F8055;
3195 : 40000000;
3196 : 340F80B1;
3197 : 342F805A;
3198 : 344F80B2;
3199 : 346F805F;
319A : 40000000;
319B : 340F80A5;
319C : 342F805E;
319D : 344F80A6;
319E : 40000000;
319F : 340F80AF;
31A0 : 342F8060;
31A1 : 344F80B0;
31A2 : 346F8061;
31A3 : 40000000;
31A4 : 340F80A1;
31A5 : 344F80A2;
31A6 : 346F8069;
31A7 : 40000000;
31A8 : 340F809D;
31A9 : 342F8062;
31AA : 344F80A0;
31AB : 346F8063;
31AC : 40000000;
31AD : 340F80A7;
31AE : 344F80A8;
31AF : 346F8065;
31B0 : 40000000;
31B1 : 340F80AD;
31B2 : 344F80AE;
31B3 : 40000000;
31B4 : 340F8099;
31B5 : 342F8064;
31B6 : 344F809A;
31B7 : 40000000;
31B8 : 340F809F;
31B9 : 344F80A0;
31BA : 346F8067;
31BB : 40000000;
31BC : 340F80AB;
31BD : 344F80AC;
31BE : 346F806B;
31BF : 40000000;
31C0 : 340F80A3;
31C1 : 342F8066;
31C2 : 344F80A4;
31C3 : 346F8069;
31C4 : 40000000;
31C5 : 340F80A9;
31C6 : 342F8068;
31C7 : 344F80AA;
31C8 : 346F806B;
31C9 : 40000000;
31CA : 340F80A7;
31CB : 342F806A;
31CC : 344F80A8;
31CD : 346F806D;
31CE : 40000000;
31CF : 340F80AB;
31D0 : 342F806E;
31D1 : 344F80AC;
31D2 : 346F806F;
31D3 : 40000000;
31D4 : 340F80B3;
31D5 : 342F8074;
31D6 : 344F80B4;
31D7 : 346F8075;
31D8 : 40000000;
31D9 : 340F80B7;
31DA : 342F807A;
31DB : 344F80B8;
31DC : 346F807B;
31DD : 40000000;
31DE : 340F80B9;
31DF : 342F8080;
31E0 : 344F80BA;
31E1 : 346F8083;
31E2 : 40000000;
31E3 : 340F80BB;
31E4 : 342F8086;
31E5 : 344F80BE;
31E6 : 346F8087;
31E7 : 40000000;
31E8 : 340F80DB;
31E9 : 344F80DC;
31EA : 40000000;
31EB : 340F80BB;
31EC : 342F8088;
31ED : 344F80BC;
31EE : 346F8089;
31EF : 40000000;
31F0 : 340F80D9;
31F1 : 344F80DA;
31F2 : 40000000;
31F3 : 340F80BF;
31F4 : 342F808A;
31F5 : 344F80C0;
31F6 : 346F808F;
31F7 : 40000000;
31F8 : 340F80BD;
31F9 : 342F808C;
31FA : 344F80BE;
31FB : 346F808D;
31FC : 40000000;
31FD : 340F80D3;
31FE : 342F808E;
31FF : 344F80D4;
3200 : 346F808F;
3201 : 40000000;
3202 : 340F80C1;
3203 : 344F80C8;
3204 : 346F8091;
3205 : 40000000;
3206 : 340F8077;
3207 : 342F8090;
3208 : 344F8078;
3209 : 40000000;
320A : 340F80C9;
320B : 344F80CA;
320C : 40000000;
320D : 340F80CD;
320E : 344F80D2;
320F : 40000000;
3210 : 340F8079;
3211 : 342F8092;
3212 : 344F807A;
3213 : 346F8093;
3214 : 40000000;
3215 : 340F80C3;
3216 : 344F80C8;
3217 : 346F8095;
3218 : 40000000;
3219 : 340F80CD;
321A : 344F80CE;
321B : 40000000;
321C : 340F80C9;
321D : 342F8094;
321E : 344F80CC;
321F : 346F8099;
3220 : 40000000;
3221 : 340F8071;
3222 : 342F8096;
3223 : 344F8072;
3224 : 346F8097;
3225 : 40000000;
3226 : 340F80C5;
3227 : 344F80C8;
3228 : 40000000;
3229 : 340F8073;
322A : 342F8098;
322B : 344F8074;
322C : 346F8099;
322D : 40000000;
322E : 340F80C7;
322F : 344F80C8;
3230 : 346F809B;
3231 : 40000000;
3232 : 340F8075;
3233 : 342F809A;
3234 : 344F8076;
3235 : 40000000;
3236 : 340F80C9;
3237 : 344F80CA;
3238 : 40000000;
3239 : 340F8077;
323A : 342F809C;
323B : 344F8078;
323C : 346F809D;
323D : 40000000;
323E : 340F8095;
323F : 342F80A2;
3240 : 344F8096;
3241 : 346F80A3;
3242 : 40000000;
3243 : 340F80EB;
3244 : 342F80A6;
3245 : 344F80EC;
3246 : 346F80AF;
3247 : 40000000;
3248 : 340F8077;
3249 : 342F80AC;
324A : 344F8078;
324B : 346F80AD;
324C : 40000000;
324D : 340F80E9;
324E : 344F80EA;
324F : 346F80B5;
3250 : 40000000;
3251 : 340F80E7;
3252 : 342F80AE;
3253 : 344F80E8;
3254 : 346F80AF;
3255 : 40000000;
3256 : 340F809B;
3257 : 342F80B0;
3258 : 344F809C;
3259 : 346F80B1;
325A : 40000000;
325B : 340F80E5;
325C : 344F80E6;
325D : 40000000;
325E : 340F80E3;
325F : 342F80B2;
3260 : 344F80E4;
3261 : 346F80B3;
3262 : 40000000;
3263 : 340F807B;
3264 : 342F80B4;
3265 : 344F807C;
3266 : 346F80B5;
3267 : 40000000;
3268 : 340F80A5;
3269 : 344F80A6;
326A : 40000000;
326B : 340F80B3;
326C : 344F80B6;
326D : 40000000;
326E : 340F80C1;
326F : 344F80C2;
3270 : 40000000;
3271 : 340F80C7;
3272 : 344F80C8;
3273 : 40000000;
3274 : 340F80D7;
3275 : 344F80DA;
3276 : 40000000;
3277 : 340F80A3;
3278 : 342F80B6;
3279 : 344F80A4;
327A : 346F80B7;
327B : 40000000;
327C : 340F8081;
327D : 342F80BA;
327E : 344F8082;
327F : 346F80BB;
3280 : 40000000;
3281 : 340F80C9;
3282 : 344F80CA;
3283 : 40000000;
3284 : 340F80D5;
3285 : 344F80D6;
3286 : 40000000;
3287 : 340F80D7;
3288 : 342F80BC;
3289 : 344F80D8;
328A : 346F80BF;
328B : 40000000;
328C : 340F806B;
328D : 342F80BE;
328E : 344F806C;
328F : 40000000;
3290 : 340F8087;
3291 : 342F80C2;
3292 : 344F8088;
3293 : 346F80C3;
3294 : 40000000;
3295 : 340F80B5;
3296 : 344F80B6;
3297 : 40000000;
3298 : 340F80CD;
3299 : 344F80CE;
329A : 40000000;
329B : 340F80D5;
329C : 344F80D6;
329D : 40000000;
329E : 340F8091;
329F : 342F80C4;
32A0 : 344F8092;
32A1 : 346F80C5;
32A2 : 40000000;
32A3 : 340F80E5;
32A4 : 344F80EA;
32A5 : 40000000;
32A6 : 340F807F;
32A7 : 342F80C6;
32A8 : 344F8080;
32A9 : 346F80C7;
32AA : 40000000;
32AB : 340F808D;
32AC : 344F808E;
32AD : 40000000;
32AE : 340F8093;
32AF : 344F8094;
32B0 : 40000000;
32B1 : 340F80B7;
32B2 : 344F80B8;
32B3 : 40000000;
32B4 : 340F80C3;
32B5 : 344F80C4;
32B6 : 40000000;
32B7 : 340F80E7;
32B8 : 344F80E8;
32B9 : 40000000;
32BA : 340F80E1;
32BB : 342F80C8;
32BC : 344F80E2;
32BD : 346F80C9;
32BE : 40000000;
32BF : 340F80E5;
32C0 : 344F80E6;
32C1 : 346F80CB;
32C2 : 40000000;
32C3 : 340F80E9;
32C4 : 344F80EA;
32C5 : 346F80D5;
32C6 : 40000000;
32C7 : 340F80BD;
32C8 : 342F80CA;
32C9 : 344F80BE;
32CA : 346F80CB;
32CB : 40000000;
32CC : 340F80DF;
32CD : 344F80E0;
32CE : 40000000;
32CF : 340F8081;
32D0 : 344F8082;
32D1 : 346F80CD;
32D2 : 40000000;
32D3 : 340F80EB;
32D4 : 344F80EC;
32D5 : 40000000;
32D6 : 340F80DD;
32D7 : 342F80CC;
32D8 : 344F80DE;
32D9 : 40000000;
32DA : 340F808F;
32DB : 344F8090;
32DC : 346F80CF;
32DD : 40000000;
32DE : 340F8091;
32DF : 342F80CE;
32E0 : 344F8092;
32E1 : 40000000;
32E2 : 340F80DB;
32E3 : 344F80DC;
32E4 : 40000000;
32E5 : 340F80E3;
32E6 : 344F80E6;
32E7 : 346F80D3;
32E8 : 40000000;
32E9 : 340F80D9;
32EA : 342F80D0;
32EB : 344F80DA;
32EC : 346F80D1;
32ED : 40000000;
32EE : 340F80DF;
32EF : 344F80E2;
32F0 : 40000000;
32F1 : 340F80E7;
32F2 : 344F80E8;
32F3 : 346F80D7;
32F4 : 40000000;
32F5 : 340F80D5;
32F6 : 342F80D2;
32F7 : 344F80D8;
32F8 : 346F80D3;
32F9 : 40000000;
32FA : 340F80DF;
32FB : 344F80E0;
32FC : 40000000;
32FD : 340F8089;
32FE : 342F80D4;
32FF : 344F808A;
3300 : 346F80D5;
3301 : 40000000;
3302 : 340F8097;
3303 : 344F809A;
3304 : 40000000;
3305 : 340F80D3;
3306 : 344F80D4;
3307 : 40000000;
3308 : 340F80E5;
3309 : 344F80E6;
330A : 40000000;
330B : 340F80DB;
330C : 344F80DE;
330D : 346F80D7;
330E : 40000000;
330F : 340F809F;
3310 : 342F80D6;
3311 : 344F80A2;
3312 : 40000000;
3313 : 340F80A7;
3314 : 344F80AA;
3315 : 40000000;
3316 : 340F80B3;
3317 : 344F80B4;
3318 : 40000000;
3319 : 340F80CB;
331A : 344F80D0;
331B : 40000000;
331C : 340F80D9;
331D : 344F80DA;
331E : 40000000;
331F : 340F8099;
3320 : 344F809A;
3321 : 346F80D9;
3322 : 40000000;
3323 : 340F8095;
3324 : 342F80D8;
3325 : 344F8096;
3326 : 40000000;
3327 : 340F80CD;
3328 : 344F80CE;
3329 : 40000000;
332A : 340F80D3;
332B : 344F80D4;
332C : 40000000;
332D : 340F80D1;
332E : 342F80DA;
332F : 344F80D2;
3330 : 346F80DB;
3331 : 40000000;
3332 : 340F80CF;
3333 : 342F80DC;
3334 : 344F80D0;
3335 : 346F80DD;
3336 : 40000000;
3337 : 340F80A3;
3338 : 342F80E0;
3339 : 344F80A4;
333A : 346F80E1;
333B : 40000000;
333C : 340F8099;
333D : 342F80E4;
333E : 344F809A;
333F : 346F80E5;
3340 : 40000000;
3341 : 340F80B5;
3342 : 344F80B6;
3343 : 40000000;
3344 : 340F80AB;
3345 : 342F80E6;
3346 : 344F80AE;
3347 : 346F80E7;
3348 : 40000000;
3349 : 340F80B3;
334A : 344F80B4;
334B : 40000000;
334C : 340F80C7;
334D : 344F80CA;
334E : 40000000;
334F : 340F80B7;
3350 : 344F80B8;
3351 : 346F80EF;
3352 : 40000000;
3353 : 340F80B9;
3354 : 342F80E8;
3355 : 344F80C8;
3356 : 346F80E9;
3357 : 40000000;
3358 : 340F80DD;
3359 : 344F80DE;
335A : 40000000;
335B : 340F80AD;
335C : 342F80EA;
335D : 344F80B6;
335E : 346F80EB;
335F : 40000000;
3360 : 340F80B9;
3361 : 344F80BE;
3362 : 346F80ED;
3363 : 40000000;
3364 : 340F80AF;
3365 : 342F80EC;
3366 : 344F80B6;
3367 : 346F80EF;
3368 : 40000000;
3369 : 340F80DD;
336A : 344F80DE;
336B : 40000000;
336C : 340F80E5;
336D : 344F80E6;
336E : 40000000;
336F : 340F80B9;
3370 : 342F80EE;
3371 : 344F80BC;
3372 : 40000000;
3373 : 340F8073;
3374 : 342F8056;
3375 : 344F8074;
3376 : 346F8057;
3377 : 348F8024;
3378 : 40000000;
3379 : 340F808F;
337A : 342F8078;
337B : 344F8090;
337C : 346F8079;
337D : 40000000;
337E : 340F8079;
337F : 342F8050;
3380 : 344F807A;
3381 : 346F8057;
3382 : 348F8025;
3383 : 40000000;
3384 : 340F8075;
3385 : 342F8054;
3386 : 344F8078;
3387 : 40000000;
3388 : 340F807B;
3389 : 344F807C;
338A : 40000000;
338B : 340F807D;
338C : 342F8058;
338D : 344F807E;
338E : 346F8059;
338F : 40000000;
3390 : 340F8069;
3391 : 342F805A;
3392 : 344F806A;
3393 : 346F805B;
3394 : 40000000;
3395 : 340F8081;
3396 : 344F8082;
3397 : 40000000;
3398 : 340F8085;
3399 : 342F805C;
339A : 344F8086;
339B : 346F805D;
339C : 40000000;
339D : 340F8089;
339E : 342F805E;
339F : 344F808A;
33A0 : 346F805F;
33A1 : 40000000;
33A2 : 340F808D;
33A3 : 342F8060;
33A4 : 344F808E;
33A5 : 346F8061;
33A6 : 40000000;
33A7 : 340F8093;
33A8 : 342F8064;
33A9 : 344F8094;
33AA : 346F8065;
33AB : 40000000;
33AC : 340F8099;
33AD : 342F8066;
33AE : 344F809A;
33AF : 346F8067;
33B0 : 40000000;
33B1 : 340F809B;
33B2 : 342F8068;
33B3 : 344F809E;
33B4 : 346F8069;
33B5 : 40000000;
33B6 : 340F809F;
33B7 : 342F806A;
33B8 : 344F80A0;
33B9 : 346F806D;
33BA : 40000000;
33BB : 340F809D;
33BC : 342F806C;
33BD : 344F809E;
33BE : 40000000;
33BF : 340F80A1;
33C0 : 344F80A4;
33C1 : 40000000;
33C2 : 340F805B;
33C3 : 342F806E;
33C4 : 344F805C;
33C5 : 346F806F;
33C6 : 40000000;
33C7 : 340F809B;
33C8 : 344F809C;
33C9 : 40000000;
33CA : 340F8099;
33CB : 342F8070;
33CC : 344F809A;
33CD : 346F8071;
33CE : 40000000;
33CF : 340F8059;
33D0 : 342F8072;
33D1 : 344F805A;
33D2 : 346F8073;
33D3 : 40000000;
33D4 : 340F8097;
33D5 : 344F8098;
33D6 : 40000000;
33D7 : 340F809D;
33D8 : 344F80A2;
33D9 : 40000000;
33DA : 340F8099;
33DB : 342F8074;
33DC : 344F809C;
33DD : 346F8079;
33DE : 40000000;
33DF : 340F8057;
33E0 : 342F8076;
33E1 : 344F8058;
33E2 : 40000000;
33E3 : 340F8079;
33E4 : 342F8078;
33E5 : 344F807A;
33E6 : 40000000;
33E7 : 340F808D;
33E8 : 344F808E;
33E9 : 346F807D;
33EA : 40000000;
33EB : 340F8097;
33EC : 344F8098;
33ED : 40000000;
33EE : 340F8055;
33EF : 342F807A;
33F0 : 344F8056;
33F1 : 346F807B;
33F2 : 40000000;
33F3 : 340F808F;
33F4 : 344F8090;
33F5 : 40000000;
33F6 : 340F8099;
33F7 : 344F809A;
33F8 : 40000000;
33F9 : 340F8083;
33FA : 344F808C;
33FB : 346F8081;
33FC : 40000000;
33FD : 340F8057;
33FE : 342F807C;
33FF : 344F8058;
3400 : 40000000;
3401 : 340F8095;
3402 : 344F8096;
3403 : 346F8085;
3404 : 40000000;
3405 : 340F8055;
3406 : 342F807E;
3407 : 344F8056;
3408 : 346F8083;
3409 : 40000000;
340A : 340F807B;
340B : 344F807E;
340C : 346F8087;
340D : 40000000;
340E : 340F8053;
340F : 342F8080;
3410 : 344F8054;
3411 : 346F8081;
3412 : 40000000;
3413 : 340F807F;
3414 : 344F8082;
3415 : 40000000;
3416 : 340F8073;
3417 : 344F807A;
3418 : 346F8085;
3419 : 40000000;
341A : 340F8089;
341B : 342F8082;
341C : 344F808C;
341D : 346F8083;
341E : 40000000;
341F : 340F807F;
3420 : 344F8080;
3421 : 346F8087;
3422 : 40000000;
3423 : 340F806F;
3424 : 344F8072;
3425 : 346F808B;
3426 : 40000000;
3427 : 340F8089;
3428 : 342F8084;
3429 : 344F808A;
342A : 346F8085;
342B : 40000000;
342C : 340F805D;
342D : 342F8086;
342E : 344F805E;
342F : 346F8087;
3430 : 40000000;
3431 : 340F8061;
3432 : 344F8062;
3433 : 40000000;
3434 : 340F8073;
3435 : 344F8074;
3436 : 40000000;
3437 : 340F806D;
3438 : 342F8088;
3439 : 344F806E;
343A : 346F808D;
343B : 40000000;
343C : 340F8053;
343D : 344F8054;
343E : 346F8097;
343F : 40000000;
3440 : 340F805B;
3441 : 344F805C;
3442 : 346F80B3;
3443 : 40000000;
3444 : 340F8059;
3445 : 342F808A;
3446 : 344F805A;
3447 : 346F80A7;
3448 : 40000000;
3449 : 340F8057;
344A : 342F808C;
344B : 344F8058;
344C : 346F808D;
344D : 40000000;
344E : 340F806F;
344F : 344F8070;
3450 : 40000000;
3451 : 340F8061;
3452 : 344F8064;
3453 : 346F808F;
3454 : 40000000;
3455 : 340F8067;
3456 : 344F806C;
3457 : 346F8093;
3458 : 40000000;
3459 : 340F8065;
345A : 342F808E;
345B : 344F8066;
345C : 346F80B3;
345D : 40000000;
345E : 340F805D;
345F : 342F8090;
3460 : 344F8062;
3461 : 346F8091;
3462 : 40000000;
3463 : 340F8057;
3464 : 344F8058;
3465 : 346F809F;
3466 : 40000000;
3467 : 340F80D5;
3468 : 342F8092;
3469 : 344F80D6;
346A : 346F8093;
346B : 40000000;
346C : 340F8061;
346D : 344F8064;
346E : 346F80B5;
346F : 40000000;
3470 : 340F8067;
3471 : 342F8094;
3472 : 344F806A;
3473 : 346F8095;
3474 : 40000000;
3475 : 340F8055;
3476 : 344F8056;
3477 : 346F8097;
3478 : 40000000;
3479 : 340F805D;
347A : 344F805E;
347B : 346F80B3;
347C : 40000000;
347D : 340F8067;
347E : 342F8096;
347F : 344F8068;
3480 : 40000000;
3481 : 340F805F;
3482 : 344F8060;
3483 : 346F80B5;
3484 : 40000000;
3485 : 340F8069;
3486 : 342F8098;
3487 : 344F806A;
3488 : 346F80A7;
3489 : 40000000;
348A : 340F8055;
348B : 342F80A0;
348C : 344F8056;
348D : 346F80A1;
348E : 40000000;
348F : 340F806D;
3490 : 344F806E;
3491 : 40000000;
3492 : 340F8057;
3493 : 342F80A8;
3494 : 344F8058;
3495 : 346F80AB;
3496 : 40000000;
3497 : 340F8061;
3498 : 342F80B8;
3499 : 344F8062;
349A : 346F80B9;
349B : 40000000;
349C : 340F805D;
349D : 342F80CC;
349E : 344F805E;
349F : 346F80D7;
34A0 : 40000000;
34A1 : 340F8063;
34A2 : 342F80D0;
34A3 : 344F8064;
34A4 : 40000000;
34A5 : 340F8065;
34A6 : 342F80D4;
34A7 : 344F8066;
34A8 : 346F80D9;
34A9 : 40000000;
34AA : 340F8061;
34AB : 342F80D6;
34AC : 344F8062;
34AD : 346F80D7;
34AE : 40000000;
34AF : 340F8067;
34B0 : 344F8068;
34B1 : 346F80D9;
34B2 : 40000000;
34B3 : 340F8069;
34B4 : 342F80D8;
34B5 : 344F806A;
34B6 : 40000000;
34B7 : 340F806F;
34B8 : 342F80E0;
34B9 : 344F8070;
34BA : 346F80E1;
34BB : 40000000;
34BC : 340F8067;
34BD : 342F80E6;
34BE : 344F8068;
34BF : 346F80EF;
34C0 : 40000000;
34C1 : 340F806D;
34C2 : 342F80E8;
34C3 : 344F8072;
34C4 : 346F80E9;
34C5 : 40000000;
34C6 : 340F805F;
34C7 : 344F8066;
34C8 : 346F80EF;
34C9 : 40000000;
34CA : 340F806F;
34CB : 342F80EA;
34CC : 344F8072;
34CD : 346F80EB;
34CE : 40000000;
34CF : 340F805D;
34D0 : 344F805E;
34D1 : 346F80EF;
34D2 : 40000000;
34D3 : 340F806B;
34D4 : 342F80EE;
34D5 : 344F806C;
34D6 : 40000000;
34D7 : 340F806F;
34D8 : 344F8072;
34D9 : 40000000;
34DA : 340F8077;
34DB : 342F8050;
34DC : 344F8078;
34DD : 346F8053;
34DE : 348F8026;
34DF : 40000000;
34E0 : 340F8075;
34E1 : 342F8052;
34E2 : 344F8076;
34E3 : 40000000;
34E4 : 340F807B;
34E5 : 344F807C;
34E6 : 40000000;
34E7 : 340F807F;
34E8 : 344F8080;
34E9 : 346F8059;
34EA : 40000000;
34EB : 340F8073;
34EC : 342F8054;
34ED : 344F8074;
34EE : 346F8055;
34EF : 40000000;
34F0 : 340F807D;
34F1 : 344F807E;
34F2 : 346F8057;
34F3 : 40000000;
34F4 : 340F8083;
34F5 : 344F8084;
34F6 : 346F805B;
34F7 : 40000000;
34F8 : 340F8071;
34F9 : 342F8056;
34FA : 344F8072;
34FB : 346F8057;
34FC : 40000000;
34FD : 340F8081;
34FE : 344F8082;
34FF : 346F8059;
3500 : 40000000;
3501 : 340F806D;
3502 : 342F8058;
3503 : 344F806E;
3504 : 40000000;
3505 : 340F8085;
3506 : 342F805A;
3507 : 344F8086;
3508 : 346F805B;
3509 : 40000000;
350A : 340F8087;
350B : 342F805C;
350C : 344F808A;
350D : 346F805D;
350E : 40000000;
350F : 340F808B;
3510 : 342F805E;
3511 : 344F808C;
3512 : 346F805F;
3513 : 40000000;
3514 : 340F8091;
3515 : 342F8062;
3516 : 344F8092;
3517 : 346F8063;
3518 : 40000000;
3519 : 340F8095;
351A : 342F8064;
351B : 344F8096;
351C : 346F8065;
351D : 40000000;
351E : 340F809F;
351F : 342F8068;
3520 : 344F80A0;
3521 : 346F8069;
3522 : 40000000;
3523 : 340F80A1;
3524 : 342F806A;
3525 : 344F80A2;
3526 : 346F806B;
3527 : 40000000;
3528 : 340F80A5;
3529 : 342F806C;
352A : 344F80A6;
352B : 346F8079;
352C : 40000000;
352D : 340F809D;
352E : 342F806E;
352F : 344F80A4;
3530 : 346F8071;
3531 : 40000000;
3532 : 340F80A7;
3533 : 344F80A8;
3534 : 346F8077;
3535 : 40000000;
3536 : 340F809B;
3537 : 342F8070;
3538 : 344F809C;
3539 : 346F8073;
353A : 40000000;
353B : 340F80A9;
353C : 344F80AC;
353D : 346F8075;
353E : 40000000;
353F : 340F8099;
3540 : 342F8072;
3541 : 344F809A;
3542 : 346F8073;
3543 : 40000000;
3544 : 340F80AD;
3545 : 344F80AE;
3546 : 346F8077;
3547 : 40000000;
3548 : 340F80A3;
3549 : 344F80A4;
354A : 346F8079;
354B : 40000000;
354C : 340F8095;
354D : 342F8074;
354E : 344F8098;
354F : 346F8077;
3550 : 40000000;
3551 : 340F809D;
3552 : 344F80A2;
3553 : 40000000;
3554 : 340F80AF;
3555 : 344F80B0;
3556 : 40000000;
3557 : 340F8093;
3558 : 342F8076;
3559 : 344F8094;
355A : 40000000;
355B : 340F80AB;
355C : 344F80AC;
355D : 40000000;
355E : 340F80B1;
355F : 344F80B2;
3560 : 40000000;
3561 : 340F8091;
3562 : 342F8078;
3563 : 344F8092;
3564 : 346F8079;
3565 : 40000000;
3566 : 340F8095;
3567 : 344F8096;
3568 : 346F807B;
3569 : 40000000;
356A : 340F809D;
356B : 344F80A0;
356C : 346F807D;
356D : 40000000;
356E : 340F80B3;
356F : 344F80B4;
3570 : 346F8089;
3571 : 40000000;
3572 : 340F809B;
3573 : 342F807A;
3574 : 344F809C;
3575 : 346F8083;
3576 : 40000000;
3577 : 340F8055;
3578 : 342F807C;
3579 : 344F8056;
357A : 346F807D;
357B : 40000000;
357C : 340F808F;
357D : 344F8090;
357E : 40000000;
357F : 340F8099;
3580 : 344F809A;
3581 : 346F8089;
3582 : 40000000;
3583 : 340F8093;
3584 : 344F8094;
3585 : 346F8099;
3586 : 40000000;
3587 : 340F809D;
3588 : 342F807E;
3589 : 344F809E;
358A : 346F807F;
358B : 40000000;
358C : 340F808D;
358D : 344F808E;
358E : 346F8085;
358F : 40000000;
3590 : 340F80AD;
3591 : 344F80B2;
3592 : 40000000;
3593 : 340F8097;
3594 : 344F8098;
3595 : 346F809F;
3596 : 40000000;
3597 : 340F80B5;
3598 : 342F8080;
3599 : 344F80B6;
359A : 346F8081;
359B : 40000000;
359C : 340F80AB;
359D : 344F80AC;
359E : 346F808B;
359F : 40000000;
35A0 : 340F8081;
35A1 : 342F8082;
35A2 : 344F8088;
35A3 : 346F8083;
35A4 : 40000000;
35A5 : 340F8053;
35A6 : 344F8054;
35A7 : 346F8087;
35A8 : 40000000;
35A9 : 340F8081;
35AA : 342F8084;
35AB : 344F8082;
35AC : 346F8089;
35AD : 40000000;
35AE : 340F8085;
35AF : 344F8088;
35B0 : 40000000;
35B1 : 340F80B5;
35B2 : 344F80B6;
35B3 : 346F808B;
35B4 : 40000000;
35B5 : 340F808B;
35B6 : 344F808C;
35B7 : 346F808D;
35B8 : 40000000;
35B9 : 340F80A9;
35BA : 344F80AA;
35BB : 346F8091;
35BC : 40000000;
35BD : 340F8075;
35BE : 342F8086;
35BF : 344F807A;
35C0 : 346F8087;
35C1 : 40000000;
35C2 : 340F8089;
35C3 : 344F808A;
35C4 : 346F808B;
35C5 : 40000000;
35C6 : 340F80DD;
35C7 : 344F80E2;
35C8 : 346F8099;
35C9 : 40000000;
35CA : 340F8095;
35CB : 344F8096;
35CC : 346F809D;
35CD : 40000000;
35CE : 340F807B;
35CF : 342F8088;
35D0 : 344F8080;
35D1 : 346F8089;
35D2 : 40000000;
35D3 : 340F8083;
35D4 : 344F8084;
35D5 : 40000000;
35D6 : 340F8073;
35D7 : 344F8074;
35D8 : 346F808D;
35D9 : 40000000;
35DA : 340F80A7;
35DB : 344F80A8;
35DC : 346F8093;
35DD : 40000000;
35DE : 340F80E3;
35DF : 344F80E4;
35E0 : 346F8097;
35E1 : 40000000;
35E2 : 340F807F;
35E3 : 342F808A;
35E4 : 344F8080;
35E5 : 346F808B;
35E6 : 40000000;
35E7 : 340F8087;
35E8 : 344F8088;
35E9 : 40000000;
35EA : 340F80A3;
35EB : 344F80A6;
35EC : 40000000;
35ED : 340F80E5;
35EE : 344F80E6;
35EF : 346F8095;
35F0 : 40000000;
35F1 : 340F80DB;
35F2 : 344F80DC;
35F3 : 346F80A7;
35F4 : 40000000;
35F5 : 340F8071;
35F6 : 342F808C;
35F7 : 344F8072;
35F8 : 346F808D;
35F9 : 40000000;
35FA : 340F80D9;
35FB : 344F80DA;
35FC : 346F80AD;
35FD : 40000000;
35FE : 340F806D;
35FF : 342F808E;
3600 : 344F806E;
3601 : 346F808F;
3602 : 40000000;
3603 : 340F8075;
3604 : 344F8076;
3605 : 40000000;
3606 : 340F80ED;
3607 : 344F80EF;
3608 : 40000000;
3609 : 340F80D5;
360A : 342F8090;
360B : 344F80D8;
360C : 346F8091;
360D : 40000000;
360E : 340F80A5;
360F : 344F80A6;
3610 : 346F8093;
3611 : 40000000;
3612 : 340F8091;
3613 : 342F8092;
3614 : 344F8092;
3615 : 40000000;
3616 : 340F806D;
3617 : 344F806E;
3618 : 346F8095;
3619 : 40000000;
361A : 340F80A3;
361B : 344F80A4;
361C : 40000000;
361D : 340F80D3;
361E : 344F80D4;
361F : 40000000;
3620 : 340F80E7;
3621 : 344F80E8;
3622 : 40000000;
3623 : 340F80D7;
3624 : 344F80D8;
3625 : 346F8097;
3626 : 40000000;
3627 : 340F80ED;
3628 : 344F80EF;
3629 : 346F8099;
362A : 40000000;
362B : 340F80B9;
362C : 344F80BC;
362D : 346F80AF;
362E : 40000000;
362F : 340F806F;
3630 : 342F8094;
3631 : 344F8070;
3632 : 346F8095;
3633 : 40000000;
3634 : 340F80D1;
3635 : 344F80D2;
3636 : 40000000;
3637 : 340F809F;
3638 : 344F80A2;
3639 : 346F8097;
363A : 40000000;
363B : 340F80D5;
363C : 344F80D6;
363D : 40000000;
363E : 340F806B;
363F : 344F806C;
3640 : 346F80B3;
3641 : 40000000;
3642 : 340F8069;
3643 : 342F8096;
3644 : 344F806A;
3645 : 346F8097;
3646 : 40000000;
3647 : 340F8055;
3648 : 342F8098;
3649 : 344F8056;
364A : 346F809F;
364B : 40000000;
364C : 340F8099;
364D : 344F809C;
364E : 346F80A7;
364F : 40000000;
3650 : 340F80DD;
3651 : 342F809A;
3652 : 344F80E0;
3653 : 346F809F;
3654 : 40000000;
3655 : 340F80BD;
3656 : 344F80BE;
3657 : 346F80A5;
3658 : 40000000;
3659 : 340F809D;
365A : 344F809E;
365B : 346F80AB;
365C : 40000000;
365D : 340F806D;
365E : 342F809E;
365F : 344F806E;
3660 : 346F809F;
3661 : 40000000;
3662 : 340F809F;
3663 : 344F80A0;
3664 : 346F80AB;
3665 : 40000000;
3666 : 340F80DD;
3667 : 342F80A0;
3668 : 344F80DE;
3669 : 346F80A1;
366A : 40000000;
366B : 340F80EB;
366C : 344F80EC;
366D : 40000000;
366E : 340F80C7;
366F : 344F80D8;
3670 : 346F80A3;
3671 : 40000000;
3672 : 340F8057;
3673 : 344F8058;
3674 : 346F80A7;
3675 : 40000000;
3676 : 340F80B7;
3677 : 344F80B8;
3678 : 40000000;
3679 : 340F80A1;
367A : 344F80A2;
367B : 346F80A9;
367C : 40000000;
367D : 340F806F;
367E : 344F8070;
367F : 346F80B3;
3680 : 40000000;
3681 : 340F80AF;
3682 : 342F80A2;
3683 : 344F80B6;
3684 : 346F80AB;
3685 : 40000000;
3686 : 340F806D;
3687 : 344F806E;
3688 : 346F80B5;
3689 : 40000000;
368A : 340F80C9;
368B : 342F80A4;
368C : 344F80D8;
368D : 346F80A5;
368E : 40000000;
368F : 340F8071;
3690 : 344F8072;
3691 : 346F80B3;
3692 : 40000000;
3693 : 340F80D5;
3694 : 342F80A6;
3695 : 344F80D8;
3696 : 346F80A7;
3697 : 40000000;
3698 : 340F80C9;
3699 : 344F80D0;
369A : 346F80AD;
369B : 40000000;
369C : 340F809B;
369D : 342F80A8;
369E : 344F809C;
369F : 346F80A9;
36A0 : 40000000;
36A1 : 340F80D7;
36A2 : 344F80D8;
36A3 : 346F80AD;
36A4 : 40000000;
36A5 : 340F8059;
36A6 : 344F805A;
36A7 : 346F80B3;
36A8 : 40000000;
36A9 : 340F8069;
36AA : 344F806A;
36AB : 40000000;
36AC : 340F80AD;
36AD : 344F80AE;
36AE : 40000000;
36AF : 340F80B7;
36B0 : 342F80AA;
36B1 : 344F80B8;
36B2 : 346F80AB;
36B3 : 40000000;
36B4 : 340F80AF;
36B5 : 342F80AC;
36B6 : 344F80B4;
36B7 : 346F80AD;
36B8 : 40000000;
36B9 : 340F80CB;
36BA : 342F80AE;
36BB : 344F80D2;
36BC : 346F80AF;
36BD : 40000000;
36BE : 340F80B7;
36BF : 344F80B8;
36C0 : 346F80B1;
36C1 : 40000000;
36C2 : 340F80AF;
36C3 : 344F80B2;
36C4 : 346F80B3;
36C5 : 40000000;
36C6 : 340F80BD;
36C7 : 344F80BE;
36C8 : 346F80B5;
36C9 : 40000000;
36CA : 340F80B9;
36CB : 342F80B0;
36CC : 344F80BA;
36CD : 346F80B1;
36CE : 40000000;
36CF : 340F80CB;
36D0 : 344F80D0;
36D1 : 346F80B3;
36D2 : 40000000;
36D3 : 340F8061;
36D4 : 342F80B6;
36D5 : 344F8062;
36D6 : 346F80B7;
36D7 : 40000000;
36D8 : 340F805D;
36D9 : 342F80C2;
36DA : 344F805E;
36DB : 346F80CB;
36DC : 40000000;
36DD : 340F805F;
36DE : 342F80C4;
36DF : 344F8076;
36E0 : 346F80CF;
36E1 : 40000000;
36E2 : 340F8077;
36E3 : 342F80C6;
36E4 : 344F807A;
36E5 : 346F80C7;
36E6 : 40000000;
36E7 : 342F80C8;
36E8 : 344F8078;
36E9 : 346F80D9;
36EA : 40000000;
36EB : 340F8065;
36EC : 342F80D0;
36ED : 344F8076;
36EE : 346F80D3;
36EF : 40000000;
36F0 : 340F805F;
36F1 : 344F8062;
36F2 : 346F80D5;
36F3 : 40000000;
36F4 : 340F8067;
36F5 : 342F80D4;
36F6 : 344F8076;
36F7 : 40000000;
36F8 : 340F8079;
36F9 : 344F807A;
36FA : 346F80D9;
36FB : 40000000;
36FC : 340F805F;
36FD : 342F80D6;
36FE : 344F8060;
36FF : 346F80D7;
3700 : 40000000;
3701 : 340F8069;
3702 : 344F8076;
3703 : 40000000;
3704 : 340F807B;
3705 : 344F8082;
3706 : 40000000;
3707 : 340F8085;
3708 : 344F8088;
3709 : 40000000;
370A : 340F8081;
370B : 342F80D8;
370C : 344F8082;
370D : 346F80D9;
370E : 40000000;
370F : 340F8083;
3710 : 342F80DC;
3711 : 344F8084;
3712 : 346F80DF;
3713 : 40000000;
3714 : 340F8087;
3715 : 342F80DE;
3716 : 344F8088;
3717 : 40000000;
3718 : 340F8071;
3719 : 342F80E0;
371A : 344F8072;
371B : 346F80E1;
371C : 40000000;
371D : 340F8085;
371E : 344F8086;
371F : 40000000;
3720 : 340F8079;
3721 : 342F80E6;
3722 : 344F807A;
3723 : 346F80EF;
3724 : 40000000;
3725 : 340F805D;
3726 : 342F80E8;
3727 : 344F805E;
3728 : 346F80E9;
3729 : 40000000;
372A : 340F8085;
372B : 344F8086;
372C : 40000000;
372D : 340F8069;
372E : 344F806C;
372F : 346F80ED;
3730 : 40000000;
3731 : 340F8073;
3732 : 344F8078;
3733 : 346F80EF;
3734 : 40000000;
3735 : 340F807B;
3736 : 344F8082;
3737 : 40000000;
3738 : 340F806D;
3739 : 342F80EA;
373A : 344F806E;
373B : 40000000;
373C : 340F806F;
373D : 342F80EC;
373E : 344F8072;
373F : 346F80ED;
3740 : 40000000;
3741 : 340F8069;
3742 : 342F80EE;
3743 : 344F806A;
3744 : 346F80EF;
3745 : 40000000;
3746 : 340F8083;
3747 : 344F8088;
3748 : 40000000;
3749 : 340F807F;
374A : 342F801A;
374B : 344F8080;
374C : 346F801F;
374D : 348F8027;
374E : 40000000;
374F : 340F807D;
3750 : 342F801E;
3751 : 344F807E;
3752 : 40000000;
3753 : 340F806B;
3754 : 342F8034;
3755 : 344F806C;
3756 : 346F8037;
3757 : 40000000;
3758 : 340F806D;
3759 : 342F8036;
375A : 344F8072;
375B : 40000000;
375C : 340F807B;
375D : 344F807C;
375E : 346F8045;
375F : 40000000;
3760 : 340F8075;
3761 : 344F8076;
3762 : 346F8047;
3763 : 40000000;
3764 : 340F8095;
3765 : 342F8038;
3766 : 344F8096;
3767 : 346F8039;
3768 : 40000000;
3769 : 340F8081;
376A : 344F8082;
376B : 346F803B;
376C : 40000000;
376D : 340F806D;
376E : 344F806E;
376F : 346F803D;
3770 : 40000000;
3771 : 340F8071;
3772 : 344F8072;
3773 : 346F8045;
3774 : 40000000;
3775 : 340F8077;
3776 : 344F807A;
3777 : 346F8047;
3778 : 40000000;
3779 : 340F807F;
377A : 342F803A;
377B : 344F8080;
377C : 346F803F;
377D : 40000000;
377E : 340F806F;
377F : 344F8070;
3780 : 346F8041;
3781 : 40000000;
3782 : 340F8073;
3783 : 344F8074;
3784 : 346F8047;
3785 : 40000000;
3786 : 340F807D;
3787 : 342F803C;
3788 : 344F807E;
3789 : 346F8045;
378A : 40000000;
378B : 340F807F;
378C : 342F8042;
378D : 344F8082;
378E : 346F8043;
378F : 40000000;
3790 : 342F8044;
3791 : 344F8080;
3792 : 346F8045;
3793 : 40000000;
3794 : 340F8083;
3795 : 344F8084;
3796 : 40000000;
3797 : 340F8081;
3798 : 342F8046;
3799 : 344F8082;
379A : 346F804B;
379B : 40000000;
379C : 340F8079;
379D : 342F8048;
379E : 344F8080;
379F : 346F804D;
37A0 : 40000000;
37A1 : 340F807F;
37A2 : 342F804E;
37A3 : 344F8082;
37A4 : 346F804F;
37A5 : 40000000;
37A6 : 340F8073;
37A7 : 342F8052;
37A8 : 344F8074;
37A9 : 346F8053;
37AA : 40000000;
37AB : 340F807D;
37AC : 344F807E;
37AD : 40000000;
37AE : 340F8081;
37AF : 342F8054;
37B0 : 344F8082;
37B1 : 346F8055;
37B2 : 40000000;
37B3 : 340F8085;
37B4 : 342F8056;
37B5 : 344F8086;
37B6 : 346F8059;
37B7 : 40000000;
37B8 : 340F806B;
37B9 : 342F8058;
37BA : 344F806C;
37BB : 40000000;
37BC : 340F8087;
37BD : 344F8088;
37BE : 346F805B;
37BF : 40000000;
37C0 : 340F8089;
37C1 : 342F805A;
37C2 : 344F808A;
37C3 : 40000000;
37C4 : 340F808B;
37C5 : 342F805C;
37C6 : 344F808C;
37C7 : 346F805D;
37C8 : 40000000;
37C9 : 340F80B3;
37CA : 344F80B4;
37CB : 40000000;
37CC : 340F808D;
37CD : 342F805E;
37CE : 344F808E;
37CF : 346F805F;
37D0 : 40000000;
37D1 : 340F808F;
37D2 : 342F8060;
37D3 : 344F8090;
37D4 : 346F8061;
37D5 : 40000000;
37D6 : 340F80A3;
37D7 : 344F80A6;
37D8 : 346F8065;
37D9 : 40000000;
37DA : 340F80A5;
37DB : 342F8066;
37DC : 344F80A8;
37DD : 346F8069;
37DE : 40000000;
37DF : 340F80A3;
37E0 : 342F806A;
37E1 : 344F80A6;
37E2 : 346F806B;
37E3 : 40000000;
37E4 : 340F80A9;
37E5 : 342F806C;
37E6 : 344F80AA;
37E7 : 346F806F;
37E8 : 40000000;
37E9 : 340F80B1;
37EA : 342F8074;
37EB : 344F80B2;
37EC : 346F8075;
37ED : 40000000;
37EE : 340F80B3;
37EF : 342F8076;
37F0 : 344F80B4;
37F1 : 346F8077;
37F2 : 40000000;
37F3 : 340F80A9;
37F4 : 344F80AA;
37F5 : 346F8083;
37F6 : 40000000;
37F7 : 340F8093;
37F8 : 342F8078;
37F9 : 344F8094;
37FA : 346F807B;
37FB : 40000000;
37FC : 340F80AB;
37FD : 344F80B2;
37FE : 346F807D;
37FF : 40000000;
3800 : 340F80A7;
3801 : 344F80A8;
3802 : 346F8087;
3803 : 40000000;
3804 : 340F80A1;
3805 : 344F80A2;
3806 : 346F8093;
3807 : 40000000;
3808 : 340F80B5;
3809 : 342F807A;
380A : 344F80B6;
380B : 346F807F;
380C : 40000000;
380D : 340F80A3;
380E : 344F80A6;
380F : 346F8089;
3810 : 40000000;
3811 : 340F8091;
3812 : 344F8092;
3813 : 346F8091;
3814 : 40000000;
3815 : 340F80B7;
3816 : 342F807C;
3817 : 344F80B8;
3818 : 346F809F;
3819 : 40000000;
381A : 340F80AB;
381B : 342F807E;
381C : 344F80AC;
381D : 346F807F;
381E : 40000000;
381F : 340F809F;
3820 : 344F80A0;
3821 : 346F8093;
3822 : 40000000;
3823 : 340F808F;
3824 : 344F8090;
3825 : 346F8095;
3826 : 40000000;
3827 : 340F809D;
3828 : 342F8080;
3829 : 344F809E;
382A : 346F8099;
382B : 40000000;
382C : 340F80B5;
382D : 342F8082;
382E : 344F80B6;
382F : 346F8083;
3830 : 40000000;
3831 : 340F80DD;
3832 : 342F8084;
3833 : 344F80E0;
3834 : 346F8085;
3835 : 40000000;
3836 : 340F8083;
3837 : 344F8084;
3838 : 346F8087;
3839 : 40000000;
383A : 340F80B9;
383B : 344F80BA;
383C : 346F8091;
383D : 40000000;
383E : 340F809B;
383F : 344F809C;
3840 : 346F8097;
3841 : 40000000;
3842 : 340F80E3;
3843 : 342F8086;
3844 : 344F80E4;
3845 : 346F8087;
3846 : 40000000;
3847 : 340F808D;
3848 : 344F808E;
3849 : 346F8093;
384A : 40000000;
384B : 340F80AD;
384C : 344F80B2;
384D : 346F80A1;
384E : 40000000;
384F : 340F80DB;
3850 : 342F8088;
3851 : 344F80DC;
3852 : 346F8089;
3853 : 40000000;
3854 : 340F80E5;
3855 : 344F80E8;
3856 : 40000000;
3857 : 340F807D;
3858 : 342F808A;
3859 : 344F807E;
385A : 346F808B;
385B : 40000000;
385C : 340F80D9;
385D : 344F80DA;
385E : 40000000;
385F : 340F80BB;
3860 : 344F80BC;
3861 : 346F8091;
3862 : 40000000;
3863 : 340F80E7;
3864 : 344F80EA;
3865 : 40000000;
3866 : 340F8099;
3867 : 344F809A;
3868 : 346F8097;
3869 : 40000000;
386A : 340F80B3;
386B : 344F80B4;
386C : 346F80A1;
386D : 40000000;
386E : 340F807F;
386F : 342F808C;
3870 : 344F8080;
3871 : 346F808D;
3872 : 40000000;
3873 : 340F8087;
3874 : 344F808A;
3875 : 40000000;
3876 : 340F80A3;
3877 : 344F80A6;
3878 : 346F808F;
3879 : 40000000;
387A : 340F80D7;
387B : 344F80D8;
387C : 40000000;
387D : 340F80EB;
387E : 344F80EC;
387F : 346F809F;
3880 : 40000000;
3881 : 340F80B5;
3882 : 344F80B6;
3883 : 346F80A1;
3884 : 40000000;
3885 : 340F80AB;
3886 : 344F80AC;
3887 : 346F80B3;
3888 : 40000000;
3889 : 340F808B;
388A : 342F808E;
388B : 344F808C;
388C : 346F808F;
388D : 40000000;
388E : 340F80D5;
388F : 344F80D6;
3890 : 40000000;
3891 : 340F80BD;
3892 : 344F80BE;
3893 : 346F8099;
3894 : 40000000;
3895 : 340F80A3;
3896 : 342F8090;
3897 : 344F80A4;
3898 : 346F8091;
3899 : 40000000;
389A : 340F80D3;
389B : 344F80D4;
389C : 40000000;
389D : 340F80ED;
389E : 344F80EF;
389F : 40000000;
38A0 : 340F80BF;
38A1 : 344F80C0;
38A2 : 346F80B7;
38A3 : 40000000;
38A4 : 340F80CF;
38A5 : 342F8092;
38A6 : 344F80D2;
38A7 : 346F8093;
38A8 : 40000000;
38A9 : 340F80E9;
38AA : 344F80EA;
38AB : 346F80AB;
38AC : 40000000;
38AD : 340F80A9;
38AE : 344F80AA;
38AF : 346F80B3;
38B0 : 40000000;
38B1 : 340F80C1;
38B2 : 344F80C2;
38B3 : 40000000;
38B4 : 340F8091;
38B5 : 342F8094;
38B6 : 344F8092;
38B7 : 346F8099;
38B8 : 40000000;
38B9 : 340F80CF;
38BA : 344F80D0;
38BB : 346F809F;
38BC : 40000000;
38BD : 340F80A5;
38BE : 344F80A8;
38BF : 346F80B3;
38C0 : 40000000;
38C1 : 340F80CD;
38C2 : 342F8096;
38C3 : 344F80CE;
38C4 : 346F809F;
38C5 : 40000000;
38C6 : 340F80D1;
38C7 : 344F80D4;
38C8 : 40000000;
38C9 : 340F80E5;
38CA : 344F80E8;
38CB : 346F80AD;
38CC : 40000000;
38CD : 340F80C3;
38CE : 344F80C4;
38CF : 346F80B3;
38D0 : 40000000;
38D1 : 340F80A3;
38D2 : 344F80A4;
38D3 : 346F80B5;
38D4 : 40000000;
38D5 : 340F809F;
38D6 : 342F8098;
38D7 : 344F80A2;
38D8 : 346F809D;
38D9 : 40000000;
38DA : 340F80D5;
38DB : 344F80D8;
38DC : 346F809F;
38DD : 40000000;
38DE : 340F80E3;
38DF : 344F80E4;
38E0 : 346F80B1;
38E1 : 40000000;
38E2 : 340F80C5;
38E3 : 344F80C6;
38E4 : 346F80B3;
38E5 : 40000000;
38E6 : 340F8093;
38E7 : 342F809A;
38E8 : 344F8094;
38E9 : 346F809D;
38EA : 40000000;
38EB : 340F80CB;
38EC : 344F80CC;
38ED : 346F809F;
38EE : 40000000;
38EF : 340F80ED;
38F0 : 344F80EF;
38F1 : 346F80A3;
38F2 : 40000000;
38F3 : 340F80E1;
38F4 : 344F80E2;
38F5 : 346F80B3;
38F6 : 40000000;
38F7 : 340F80C7;
38F8 : 342F809C;
38F9 : 344F80CA;
38FA : 346F809F;
38FB : 40000000;
38FC : 340F80A1;
38FD : 342F809E;
38FE : 344F80A2;
38FF : 40000000;
3900 : 340F8095;
3901 : 344F8096;
3902 : 346F80A1;
3903 : 40000000;
3904 : 340F8097;
3905 : 342F80A0;
3906 : 344F8098;
3907 : 346F80A7;
3908 : 40000000;
3909 : 340F80DF;
390A : 344F80E0;
390B : 346F80B3;
390C : 40000000;
390D : 340F8071;
390E : 342F80A2;
390F : 344F8072;
3910 : 346F80A3;
3911 : 40000000;
3912 : 340F80EB;
3913 : 344F80EC;
3914 : 346F80A5;
3915 : 40000000;
3916 : 340F80AD;
3917 : 344F80AE;
3918 : 346F80A7;
3919 : 40000000;
391A : 340F80DD;
391B : 344F80DE;
391C : 346F80B3;
391D : 40000000;
391E : 340F8073;
391F : 342F80A4;
3920 : 344F8074;
3921 : 40000000;
3922 : 340F80C7;
3923 : 344F80C8;
3924 : 40000000;
3925 : 340F80BD;
3926 : 342F80A6;
3927 : 344F80BE;
3928 : 346F80AD;
3929 : 40000000;
392A : 340F80D1;
392B : 344F80D4;
392C : 40000000;
392D : 340F8075;
392E : 344F8076;
392F : 346F80B3;
3930 : 40000000;
3931 : 340F80B7;
3932 : 342F80A8;
3933 : 344F80B8;
3934 : 346F80A9;
3935 : 40000000;
3936 : 340F8077;
3937 : 344F8078;
3938 : 346F80AB;
3939 : 40000000;
393A : 340F8099;
393B : 344F809A;
393C : 346F80AD;
393D : 40000000;
393E : 340F80D5;
393F : 344F80D6;
3940 : 346F80B3;
3941 : 40000000;
3942 : 340F80DB;
3943 : 344F80DC;
3944 : 40000000;
3945 : 340F809B;
3946 : 342F80AA;
3947 : 344F809C;
3948 : 346F80AF;
3949 : 40000000;
394A : 340F80A1;
394B : 344F80A2;
394C : 346F80B7;
394D : 40000000;
394E : 340F80B5;
394F : 342F80AC;
3950 : 344F80B8;
3951 : 346F80AD;
3952 : 40000000;
3953 : 340F809D;
3954 : 344F80A0;
3955 : 346F80B3;
3956 : 40000000;
3957 : 340F80E5;
3958 : 342F80AE;
3959 : 344F80E6;
395A : 346F80AF;
395B : 40000000;
395C : 340F80B3;
395D : 344F80B6;
395E : 346F80B3;
395F : 40000000;
3960 : 340F80C9;
3961 : 344F80CA;
3962 : 40000000;
3963 : 340F80D3;
3964 : 344F80D4;
3965 : 40000000;
3966 : 340F80D7;
3967 : 344F80DA;
3968 : 40000000;
3969 : 340F8077;
396A : 344F8078;
396B : 346F80B5;
396C : 40000000;
396D : 340F80BB;
396E : 342F80B0;
396F : 344F80BC;
3970 : 346F80B3;
3971 : 40000000;
3972 : 340F80D1;
3973 : 344F80D2;
3974 : 40000000;
3975 : 340F8079;
3976 : 344F807A;
3977 : 346F80B5;
3978 : 40000000;
3979 : 340F807B;
397A : 342F80B2;
397B : 344F807C;
397C : 346F80B3;
397D : 40000000;
397E : 340F80B7;
397F : 344F80BA;
3980 : 40000000;
3981 : 340F809F;
3982 : 342F80B4;
3983 : 344F80A0;
3984 : 346F80B5;
3985 : 40000000;
3986 : 340F8081;
3987 : 342F80BC;
3988 : 344F8082;
3989 : 346F80BD;
398A : 40000000;
398B : 340F80D5;
398C : 344F80D6;
398D : 346F80C1;
398E : 40000000;
398F : 340F80C9;
3990 : 344F80CA;
3991 : 346F80C5;
3992 : 40000000;
3993 : 340F80CB;
3994 : 342F80C0;
3995 : 344F80CC;
3996 : 40000000;
3997 : 340F80BD;
3998 : 344F80BE;
3999 : 346F80C9;
399A : 40000000;
399B : 340F80D3;
399C : 342F80C2;
399D : 344F80D4;
399E : 346F80C3;
399F : 40000000;
39A0 : 340F8079;
39A1 : 344F807A;
39A2 : 346F80C5;
39A3 : 40000000;
39A4 : 340F8089;
39A5 : 344F808C;
39A6 : 40000000;
39A7 : 340F80C7;
39A8 : 344F80C8;
39A9 : 40000000;
39AA : 340F80BF;
39AB : 344F80C0;
39AC : 346F80CB;
39AD : 40000000;
39AE : 340F8077;
39AF : 342F80C4;
39B0 : 344F8078;
39B1 : 346F80C5;
39B2 : 40000000;
39B3 : 340F807B;
39B4 : 344F8088;
39B5 : 40000000;
39B6 : 340F808D;
39B7 : 344F8090;
39B8 : 40000000;
39B9 : 340F80B7;
39BA : 344F80BC;
39BB : 40000000;
39BC : 340F80C1;
39BD : 344F80C6;
39BE : 40000000;
39BF : 340F80CD;
39C0 : 344F80D2;
39C1 : 40000000;
39C2 : 340F8081;
39C3 : 342F80C6;
39C4 : 344F8088;
39C5 : 346F80C7;
39C6 : 40000000;
39C7 : 340F80E5;
39C8 : 344F80E6;
39C9 : 40000000;
39CA : 340F80B9;
39CB : 344F80BC;
39CC : 346F80C9;
39CD : 40000000;
39CE : 340F80C1;
39CF : 344F80C2;
39D0 : 40000000;
39D1 : 340F808F;
39D2 : 344F8092;
39D3 : 346F80CB;
39D4 : 40000000;
39D5 : 340F8081;
39D6 : 342F80C8;
39D7 : 344F8086;
39D8 : 346F80C9;
39D9 : 40000000;
39DA : 340F80E3;
39DB : 344F80E4;
39DC : 346F80CD;
39DD : 40000000;
39DE : 340F8083;
39DF : 342F80CA;
39E0 : 344F8086;
39E1 : 346F80CF;
39E2 : 40000000;
39E3 : 340F80E1;
39E4 : 344F80E2;
39E5 : 40000000;
39E6 : 340F8091;
39E7 : 342F80CC;
39E8 : 344F8092;
39E9 : 346F80CD;
39EA : 40000000;
39EB : 340F80DF;
39EC : 344F80E0;
39ED : 346F80CF;
39EE : 40000000;
39EF : 340F80DD;
39F0 : 342F80CE;
39F1 : 344F80DE;
39F2 : 346F80D3;
39F3 : 40000000;
39F4 : 340F80DB;
39F5 : 342F80D0;
39F6 : 344F80DC;
39F7 : 40000000;
39F8 : 340F80D9;
39F9 : 342F80D2;
39FA : 344F80DA;
39FB : 346F80D5;
39FC : 40000000;
39FD : 340F80D5;
39FE : 342F80D4;
39FF : 344F80D8;
3A00 : 346F80D7;
3A01 : 40000000;
3A02 : 340F8089;
3A03 : 342F80D6;
3A04 : 344F8098;
3A05 : 40000000;
3A06 : 340F80D1;
3A07 : 344F80D4;
3A08 : 40000000;
3A09 : 340F80E9;
3A0A : 344F80EA;
3A0B : 40000000;
3A0C : 340F8083;
3A0D : 344F8084;
3A0E : 346F80DB;
3A0F : 40000000;
3A10 : 340F8085;
3A11 : 342F80D8;
3A12 : 344F808A;
3A13 : 346F80D9;
3A14 : 40000000;
3A15 : 340F8097;
3A16 : 344F8098;
3A17 : 40000000;
3A18 : 340F80CF;
3A19 : 344F80D2;
3A1A : 40000000;
3A1B : 340F8085;
3A1C : 342F80DA;
3A1D : 344F8088;
3A1E : 346F80DB;
3A1F : 40000000;
3A20 : 340F80CF;
3A21 : 344F80D0;
3A22 : 40000000;
3A23 : 340F8085;
3A24 : 342F80DC;
3A25 : 344F8086;
3A26 : 346F80DF;
3A27 : 40000000;
3A28 : 340F80B5;
3A29 : 342F80E6;
3A2A : 344F80B6;
3A2B : 346F80E9;
3A2C : 40000000;
3A2D : 340F8097;
3A2E : 344F809C;
3A2F : 346F80EF;
3A30 : 40000000;
3A31 : 340F809D;
3A32 : 342F80E8;
3A33 : 344F80B4;
3A34 : 346F80E9;
3A35 : 40000000;
3A36 : 340F8083;
3A37 : 344F8084;
3A38 : 346F80ED;
3A39 : 40000000;
3A3A : 340F8087;
3A3B : 344F8096;
3A3C : 40000000;
3A3D : 340F8085;
3A3E : 342F80EA;
3A3F : 344F8086;
3A40 : 40000000;
3A41 : 340F809D;
3A42 : 344F80AC;
3A43 : 346F80EF;
3A44 : 40000000;
3A45 : 340F80AD;
3A46 : 342F80EC;
3A47 : 344F80AE;
3A48 : 40000000;
3A49 : 340F8089;
3A4A : 342F80EE;
3A4B : 344F8096;
3A4C : 40000000;
3A4D : 98000000;
[3A4E..3FFF] : 00000000;
END;
