-- 320x240; address = y*320+x; RGB333 colors from supplied palette
WIDTH=9;
DEPTH=76800;
ADDRESS_RADIX=UNS;
DATA_RADIX=HEX;
CONTENT BEGIN
0 : 03F;
1 : 03F;
2 : 03F;
3 : 03F;
4 : 03F;
5 : 03F;
6 : 03F;
7 : 03F;
8 : 03F;
9 : 03F;
10 : 03F;
11 : 03F;
12 : 03F;
13 : 03F;
14 : 03F;
15 : 03F;
16 : 03F;
17 : 03F;
18 : 03F;
19 : 03F;
20 : 03F;
21 : 03F;
22 : 03F;
23 : 03F;
24 : 03F;
25 : 03F;
26 : 03F;
27 : 03F;
28 : 03F;
29 : 03F;
30 : 03F;
31 : 03F;
32 : 03F;
33 : 03F;
34 : 03F;
35 : 03F;
36 : 03F;
37 : 03F;
38 : 03F;
39 : 03F;
40 : 03F;
41 : 03F;
42 : 03F;
43 : 03F;
44 : 03F;
45 : 03F;
46 : 03F;
47 : 03F;
48 : 03F;
49 : 03F;
50 : 03F;
51 : 03F;
52 : 03F;
53 : 03F;
54 : 03F;
55 : 03F;
56 : 03F;
57 : 03F;
58 : 03F;
59 : 03F;
60 : 03F;
61 : 03F;
62 : 03F;
63 : 03F;
64 : 03F;
65 : 03F;
66 : 03F;
67 : 03F;
68 : 03F;
69 : 03F;
70 : 03F;
71 : 03F;
72 : 03F;
73 : 03F;
74 : 03F;
75 : 03F;
76 : 03F;
77 : 03F;
78 : 03F;
79 : 03F;
80 : 03F;
81 : 03F;
82 : 03F;
83 : 03F;
84 : 03F;
85 : 03F;
86 : 03F;
87 : 03F;
88 : 03F;
89 : 03F;
90 : 03F;
91 : 03F;
92 : 03F;
93 : 03F;
94 : 03F;
95 : 03F;
96 : 03F;
97 : 03F;
98 : 03F;
99 : 03F;
100 : 03F;
101 : 03F;
102 : 03F;
103 : 03F;
104 : 03F;
105 : 03F;
106 : 03F;
107 : 03F;
108 : 03F;
109 : 03F;
110 : 03F;
111 : 03F;
112 : 03F;
113 : 03F;
114 : 03F;
115 : 03F;
116 : 03F;
117 : 03F;
118 : 03F;
119 : 03F;
120 : 03F;
121 : 03F;
122 : 03F;
123 : 03F;
124 : 03F;
125 : 03F;
126 : 03F;
127 : 03F;
128 : 03F;
129 : 03F;
130 : 03F;
131 : 03F;
132 : 03F;
133 : 03F;
134 : 03F;
135 : 03F;
136 : 03F;
137 : 03F;
138 : 03F;
139 : 03F;
140 : 03F;
141 : 03F;
142 : 03F;
143 : 03F;
144 : 03F;
145 : 03F;
146 : 03F;
147 : 03F;
148 : 03F;
149 : 03F;
150 : 03F;
151 : 03F;
152 : 03F;
153 : 03F;
154 : 03F;
155 : 03F;
156 : 03F;
157 : 03F;
158 : 03F;
159 : 03F;
160 : 03F;
161 : 03F;
162 : 03F;
163 : 03F;
164 : 03F;
165 : 03F;
166 : 03F;
167 : 03F;
168 : 03F;
169 : 03F;
170 : 03F;
171 : 03F;
172 : 03F;
173 : 03F;
174 : 03F;
175 : 03F;
176 : 03F;
177 : 03F;
178 : 03F;
179 : 03F;
180 : 03F;
181 : 03F;
182 : 03F;
183 : 03F;
184 : 03F;
185 : 03F;
186 : 03F;
187 : 03F;
188 : 03F;
189 : 03F;
190 : 03F;
191 : 03F;
192 : 03F;
193 : 03F;
194 : 03F;
195 : 03F;
196 : 03F;
197 : 03F;
198 : 03F;
199 : 03F;
200 : 03F;
201 : 03F;
202 : 03F;
203 : 03F;
204 : 03F;
205 : 03F;
206 : 03F;
207 : 03F;
208 : 03F;
209 : 03F;
210 : 03F;
211 : 03F;
212 : 03F;
213 : 03F;
214 : 03F;
215 : 03F;
216 : 03F;
217 : 03F;
218 : 03F;
219 : 03F;
220 : 03F;
221 : 03F;
222 : 03F;
223 : 03F;
224 : 03F;
225 : 03F;
226 : 03F;
227 : 03F;
228 : 03F;
229 : 03F;
230 : 03F;
231 : 03F;
232 : 03F;
233 : 03F;
234 : 03F;
235 : 03F;
236 : 03F;
237 : 03F;
238 : 03F;
239 : 03F;
240 : 03F;
241 : 03F;
242 : 03F;
243 : 03F;
244 : 03F;
245 : 03F;
246 : 03F;
247 : 03F;
248 : 03F;
249 : 03F;
250 : 03F;
251 : 03F;
252 : 03F;
253 : 03F;
254 : 03F;
255 : 03F;
256 : 03F;
257 : 03F;
258 : 03F;
259 : 03F;
260 : 03F;
261 : 03F;
262 : 03F;
263 : 03F;
264 : 03F;
265 : 03F;
266 : 03F;
267 : 03F;
268 : 03F;
269 : 03F;
270 : 03F;
271 : 03F;
272 : 03F;
273 : 03F;
274 : 03F;
275 : 03F;
276 : 03F;
277 : 03F;
278 : 03F;
279 : 03F;
280 : 03F;
281 : 03F;
282 : 03F;
283 : 03F;
284 : 03F;
285 : 03F;
286 : 03F;
287 : 03F;
288 : 03F;
289 : 03F;
290 : 03F;
291 : 03F;
292 : 03F;
293 : 03F;
294 : 03F;
295 : 03F;
296 : 03F;
297 : 03F;
298 : 03F;
299 : 03F;
300 : 03F;
301 : 03F;
302 : 03F;
303 : 03F;
304 : 03F;
305 : 03F;
306 : 03F;
307 : 03F;
308 : 03F;
309 : 03F;
310 : 03F;
311 : 03F;
312 : 03F;
313 : 03F;
314 : 03F;
315 : 03F;
316 : 03F;
317 : 03F;
318 : 03F;
319 : 03F;
320 : 03F;
321 : 03F;
322 : 03F;
323 : 03F;
324 : 03F;
325 : 03F;
326 : 03F;
327 : 03F;
328 : 03F;
329 : 03F;
330 : 03F;
331 : 03F;
332 : 03F;
333 : 03F;
334 : 03F;
335 : 03F;
336 : 03F;
337 : 03F;
338 : 03F;
339 : 03F;
340 : 03F;
341 : 03F;
342 : 03F;
343 : 03F;
344 : 03F;
345 : 03F;
346 : 03F;
347 : 03F;
348 : 03F;
349 : 03F;
350 : 03F;
351 : 03F;
352 : 03F;
353 : 03F;
354 : 03F;
355 : 03F;
356 : 03F;
357 : 03F;
358 : 03F;
359 : 03F;
360 : 03F;
361 : 03F;
362 : 03F;
363 : 03F;
364 : 03F;
365 : 03F;
366 : 03F;
367 : 03F;
368 : 03F;
369 : 03F;
370 : 03F;
371 : 03F;
372 : 03F;
373 : 03F;
374 : 03F;
375 : 03F;
376 : 03F;
377 : 03F;
378 : 03F;
379 : 03F;
380 : 03F;
381 : 03F;
382 : 03F;
383 : 03F;
384 : 03F;
385 : 03F;
386 : 03F;
387 : 03F;
388 : 03F;
389 : 03F;
390 : 03F;
391 : 03F;
392 : 03F;
393 : 03F;
394 : 03F;
395 : 03F;
396 : 03F;
397 : 03F;
398 : 03F;
399 : 03F;
400 : 03F;
401 : 03F;
402 : 03F;
403 : 03F;
404 : 03F;
405 : 03F;
406 : 03F;
407 : 03F;
408 : 03F;
409 : 03F;
410 : 03F;
411 : 03F;
412 : 03F;
413 : 03F;
414 : 03F;
415 : 03F;
416 : 03F;
417 : 03F;
418 : 03F;
419 : 03F;
420 : 03F;
421 : 03F;
422 : 03F;
423 : 03F;
424 : 03F;
425 : 03F;
426 : 03F;
427 : 03F;
428 : 03F;
429 : 03F;
430 : 03F;
431 : 03F;
432 : 03F;
433 : 03F;
434 : 03F;
435 : 03F;
436 : 03F;
437 : 03F;
438 : 03F;
439 : 03F;
440 : 03F;
441 : 03F;
442 : 03F;
443 : 03F;
444 : 03F;
445 : 03F;
446 : 03F;
447 : 03F;
448 : 03F;
449 : 03F;
450 : 03F;
451 : 03F;
452 : 03F;
453 : 03F;
454 : 03F;
455 : 03F;
456 : 03F;
457 : 03F;
458 : 03F;
459 : 03F;
460 : 03F;
461 : 03F;
462 : 03F;
463 : 03F;
464 : 03F;
465 : 03F;
466 : 03F;
467 : 03F;
468 : 03F;
469 : 03F;
470 : 03F;
471 : 03F;
472 : 03F;
473 : 03F;
474 : 03F;
475 : 03F;
476 : 03F;
477 : 03F;
478 : 03F;
479 : 03F;
480 : 03F;
481 : 03F;
482 : 03F;
483 : 03F;
484 : 03F;
485 : 03F;
486 : 03F;
487 : 03F;
488 : 03F;
489 : 03F;
490 : 03F;
491 : 03F;
492 : 03F;
493 : 03F;
494 : 03F;
495 : 03F;
496 : 03F;
497 : 03F;
498 : 03F;
499 : 03F;
500 : 03F;
501 : 03F;
502 : 03F;
503 : 03F;
504 : 03F;
505 : 03F;
506 : 03F;
507 : 03F;
508 : 03F;
509 : 03F;
510 : 03F;
511 : 03F;
512 : 03F;
513 : 03F;
514 : 03F;
515 : 03F;
516 : 03F;
517 : 03F;
518 : 03F;
519 : 03F;
520 : 03F;
521 : 03F;
522 : 03F;
523 : 03F;
524 : 03F;
525 : 03F;
526 : 03F;
527 : 03F;
528 : 03F;
529 : 03F;
530 : 03F;
531 : 03F;
532 : 03F;
533 : 03F;
534 : 03F;
535 : 03F;
536 : 03F;
537 : 03F;
538 : 03F;
539 : 03F;
540 : 03F;
541 : 03F;
542 : 03F;
543 : 03F;
544 : 03F;
545 : 03F;
546 : 03F;
547 : 03F;
548 : 03F;
549 : 03F;
550 : 03F;
551 : 03F;
552 : 03F;
553 : 03F;
554 : 03F;
555 : 03F;
556 : 03F;
557 : 03F;
558 : 03F;
559 : 03F;
560 : 03F;
561 : 03F;
562 : 03F;
563 : 03F;
564 : 03F;
565 : 03F;
566 : 03F;
567 : 03F;
568 : 03F;
569 : 03F;
570 : 03F;
571 : 03F;
572 : 03F;
573 : 03F;
574 : 03F;
575 : 03F;
576 : 03F;
577 : 03F;
578 : 03F;
579 : 03F;
580 : 03F;
581 : 03F;
582 : 03F;
583 : 03F;
584 : 03F;
585 : 03F;
586 : 03F;
587 : 03F;
588 : 03F;
589 : 03F;
590 : 03F;
591 : 03F;
592 : 03F;
593 : 03F;
594 : 03F;
595 : 03F;
596 : 03F;
597 : 03F;
598 : 03F;
599 : 03F;
600 : 03F;
601 : 03F;
602 : 03F;
603 : 03F;
604 : 03F;
605 : 03F;
606 : 03F;
607 : 03F;
608 : 03F;
609 : 03F;
610 : 03F;
611 : 03F;
612 : 03F;
613 : 03F;
614 : 03F;
615 : 03F;
616 : 03F;
617 : 03F;
618 : 03F;
619 : 03F;
620 : 03F;
621 : 03F;
622 : 03F;
623 : 03F;
624 : 03F;
625 : 03F;
626 : 03F;
627 : 03F;
628 : 03F;
629 : 03F;
630 : 03F;
631 : 03F;
632 : 03F;
633 : 03F;
634 : 03F;
635 : 03F;
636 : 03F;
637 : 03F;
638 : 03F;
639 : 03F;
640 : 03F;
641 : 03F;
642 : 03F;
643 : 03F;
644 : 03F;
645 : 03F;
646 : 03F;
647 : 03F;
648 : 03F;
649 : 03F;
650 : 03F;
651 : 03F;
652 : 03F;
653 : 03F;
654 : 03F;
655 : 03F;
656 : 03F;
657 : 03F;
658 : 03F;
659 : 03F;
660 : 03F;
661 : 03F;
662 : 03F;
663 : 03F;
664 : 03F;
665 : 03F;
666 : 03F;
667 : 03F;
668 : 03F;
669 : 03F;
670 : 03F;
671 : 03F;
672 : 03F;
673 : 03F;
674 : 03F;
675 : 03F;
676 : 03F;
677 : 03F;
678 : 03F;
679 : 03F;
680 : 03F;
681 : 03F;
682 : 03F;
683 : 03F;
684 : 03F;
685 : 03F;
686 : 03F;
687 : 03F;
688 : 03F;
689 : 03F;
690 : 03F;
691 : 03F;
692 : 03F;
693 : 03F;
694 : 03F;
695 : 03F;
696 : 03F;
697 : 03F;
698 : 03F;
699 : 03F;
700 : 03F;
701 : 03F;
702 : 03F;
703 : 03F;
704 : 03F;
705 : 03F;
706 : 03F;
707 : 03F;
708 : 03F;
709 : 03F;
710 : 03F;
711 : 03F;
712 : 03F;
713 : 03F;
714 : 03F;
715 : 03F;
716 : 03F;
717 : 03F;
718 : 03F;
719 : 03F;
720 : 03F;
721 : 03F;
722 : 03F;
723 : 03F;
724 : 03F;
725 : 03F;
726 : 03F;
727 : 03F;
728 : 03F;
729 : 03F;
730 : 03F;
731 : 03F;
732 : 03F;
733 : 03F;
734 : 03F;
735 : 03F;
736 : 03F;
737 : 03F;
738 : 03F;
739 : 03F;
740 : 03F;
741 : 03F;
742 : 03F;
743 : 03F;
744 : 03F;
745 : 03F;
746 : 03F;
747 : 03F;
748 : 03F;
749 : 03F;
750 : 03F;
751 : 03F;
752 : 03F;
753 : 03F;
754 : 03F;
755 : 03F;
756 : 03F;
757 : 03F;
758 : 03F;
759 : 03F;
760 : 03F;
761 : 03F;
762 : 03F;
763 : 03F;
764 : 03F;
765 : 03F;
766 : 03F;
767 : 03F;
768 : 03F;
769 : 03F;
770 : 03F;
771 : 03F;
772 : 03F;
773 : 03F;
774 : 03F;
775 : 03F;
776 : 03F;
777 : 03F;
778 : 03F;
779 : 03F;
780 : 03F;
781 : 03F;
782 : 03F;
783 : 03F;
784 : 03F;
785 : 03F;
786 : 03F;
787 : 03F;
788 : 03F;
789 : 03F;
790 : 03F;
791 : 03F;
792 : 03F;
793 : 03F;
794 : 03F;
795 : 03F;
796 : 03F;
797 : 03F;
798 : 03F;
799 : 03F;
800 : 03F;
801 : 03F;
802 : 03F;
803 : 03F;
804 : 03F;
805 : 03F;
806 : 03F;
807 : 03F;
808 : 03F;
809 : 03F;
810 : 03F;
811 : 03F;
812 : 03F;
813 : 03F;
814 : 03F;
815 : 03F;
816 : 03F;
817 : 03F;
818 : 03F;
819 : 03F;
820 : 03F;
821 : 03F;
822 : 03F;
823 : 03F;
824 : 03F;
825 : 03F;
826 : 03F;
827 : 03F;
828 : 03F;
829 : 03F;
830 : 03F;
831 : 03F;
832 : 03F;
833 : 03F;
834 : 03F;
835 : 03F;
836 : 03F;
837 : 03F;
838 : 03F;
839 : 03F;
840 : 03F;
841 : 03F;
842 : 03F;
843 : 03F;
844 : 03F;
845 : 03F;
846 : 03F;
847 : 03F;
848 : 03F;
849 : 03F;
850 : 03F;
851 : 03F;
852 : 03F;
853 : 03F;
854 : 03F;
855 : 03F;
856 : 03F;
857 : 03F;
858 : 03F;
859 : 03F;
860 : 03F;
861 : 03F;
862 : 03F;
863 : 03F;
864 : 03F;
865 : 03F;
866 : 03F;
867 : 03F;
868 : 03F;
869 : 03F;
870 : 03F;
871 : 03F;
872 : 03F;
873 : 03F;
874 : 03F;
875 : 03F;
876 : 03F;
877 : 03F;
878 : 03F;
879 : 03F;
880 : 03F;
881 : 03F;
882 : 03F;
883 : 03F;
884 : 03F;
885 : 03F;
886 : 03F;
887 : 03F;
888 : 03F;
889 : 03F;
890 : 03F;
891 : 03F;
892 : 03F;
893 : 03F;
894 : 03F;
895 : 03F;
896 : 03F;
897 : 03F;
898 : 03F;
899 : 03F;
900 : 03F;
901 : 03F;
902 : 03F;
903 : 03F;
904 : 03F;
905 : 03F;
906 : 03F;
907 : 03F;
908 : 03F;
909 : 03F;
910 : 03F;
911 : 03F;
912 : 03F;
913 : 03F;
914 : 03F;
915 : 03F;
916 : 03F;
917 : 03F;
918 : 03F;
919 : 03F;
920 : 03F;
921 : 03F;
922 : 03F;
923 : 03F;
924 : 03F;
925 : 03F;
926 : 03F;
927 : 03F;
928 : 03F;
929 : 03F;
930 : 03F;
931 : 03F;
932 : 03F;
933 : 03F;
934 : 03F;
935 : 03F;
936 : 03F;
937 : 03F;
938 : 03F;
939 : 03F;
940 : 03F;
941 : 03F;
942 : 03F;
943 : 03F;
944 : 03F;
945 : 03F;
946 : 03F;
947 : 03F;
948 : 03F;
949 : 03F;
950 : 03F;
951 : 03F;
952 : 03F;
953 : 03F;
954 : 03F;
955 : 03F;
956 : 03F;
957 : 03F;
958 : 03F;
959 : 03F;
960 : 03F;
961 : 03F;
962 : 03F;
963 : 03F;
964 : 03F;
965 : 03F;
966 : 03F;
967 : 03F;
968 : 03F;
969 : 03F;
970 : 03F;
971 : 03F;
972 : 03F;
973 : 03F;
974 : 03F;
975 : 03F;
976 : 03F;
977 : 03F;
978 : 03F;
979 : 03F;
980 : 03F;
981 : 03F;
982 : 03F;
983 : 03F;
984 : 03F;
985 : 03F;
986 : 03F;
987 : 03F;
988 : 03F;
989 : 03F;
990 : 03F;
991 : 03F;
992 : 03F;
993 : 03F;
994 : 03F;
995 : 03F;
996 : 03F;
997 : 03F;
998 : 03F;
999 : 03F;
1000 : 03F;
1001 : 03F;
1002 : 03F;
1003 : 03F;
1004 : 03F;
1005 : 03F;
1006 : 03F;
1007 : 03F;
1008 : 03F;
1009 : 03F;
1010 : 03F;
1011 : 03F;
1012 : 03F;
1013 : 03F;
1014 : 03F;
1015 : 03F;
1016 : 03F;
1017 : 03F;
1018 : 03F;
1019 : 03F;
1020 : 03F;
1021 : 03F;
1022 : 03F;
1023 : 03F;
1024 : 03F;
1025 : 03F;
1026 : 03F;
1027 : 03F;
1028 : 03F;
1029 : 03F;
1030 : 03F;
1031 : 03F;
1032 : 03F;
1033 : 03F;
1034 : 03F;
1035 : 03F;
1036 : 03F;
1037 : 03F;
1038 : 03F;
1039 : 03F;
1040 : 03F;
1041 : 03F;
1042 : 03F;
1043 : 03F;
1044 : 03F;
1045 : 03F;
1046 : 03F;
1047 : 03F;
1048 : 03F;
1049 : 03F;
1050 : 03F;
1051 : 03F;
1052 : 03F;
1053 : 03F;
1054 : 03F;
1055 : 03F;
1056 : 03F;
1057 : 03F;
1058 : 03F;
1059 : 03F;
1060 : 03F;
1061 : 03F;
1062 : 03F;
1063 : 03F;
1064 : 03F;
1065 : 03F;
1066 : 03F;
1067 : 03F;
1068 : 03F;
1069 : 03F;
1070 : 03F;
1071 : 03F;
1072 : 03F;
1073 : 03F;
1074 : 03F;
1075 : 03F;
1076 : 03F;
1077 : 03F;
1078 : 03F;
1079 : 03F;
1080 : 03F;
1081 : 03F;
1082 : 03F;
1083 : 03F;
1084 : 03F;
1085 : 03F;
1086 : 03F;
1087 : 03F;
1088 : 03F;
1089 : 03F;
1090 : 03F;
1091 : 03F;
1092 : 03F;
1093 : 03F;
1094 : 03F;
1095 : 03F;
1096 : 03F;
1097 : 03F;
1098 : 03F;
1099 : 03F;
1100 : 03F;
1101 : 03F;
1102 : 03F;
1103 : 03F;
1104 : 03F;
1105 : 03F;
1106 : 03F;
1107 : 03F;
1108 : 03F;
1109 : 03F;
1110 : 03F;
1111 : 03F;
1112 : 03F;
1113 : 03F;
1114 : 03F;
1115 : 03F;
1116 : 03F;
1117 : 03F;
1118 : 03F;
1119 : 03F;
1120 : 03F;
1121 : 03F;
1122 : 03F;
1123 : 03F;
1124 : 03F;
1125 : 03F;
1126 : 03F;
1127 : 03F;
1128 : 03F;
1129 : 03F;
1130 : 03F;
1131 : 03F;
1132 : 03F;
1133 : 03F;
1134 : 03F;
1135 : 03F;
1136 : 03F;
1137 : 03F;
1138 : 03F;
1139 : 03F;
1140 : 03F;
1141 : 03F;
1142 : 03F;
1143 : 03F;
1144 : 03F;
1145 : 03F;
1146 : 03F;
1147 : 03F;
1148 : 03F;
1149 : 03F;
1150 : 03F;
1151 : 03F;
1152 : 03F;
1153 : 03F;
1154 : 03F;
1155 : 03F;
1156 : 03F;
1157 : 03F;
1158 : 03F;
1159 : 03F;
1160 : 03F;
1161 : 03F;
1162 : 03F;
1163 : 03F;
1164 : 03F;
1165 : 03F;
1166 : 03F;
1167 : 03F;
1168 : 03F;
1169 : 03F;
1170 : 03F;
1171 : 03F;
1172 : 03F;
1173 : 03F;
1174 : 03F;
1175 : 03F;
1176 : 03F;
1177 : 03F;
1178 : 03F;
1179 : 03F;
1180 : 03F;
1181 : 03F;
1182 : 03F;
1183 : 03F;
1184 : 03F;
1185 : 03F;
1186 : 03F;
1187 : 03F;
1188 : 03F;
1189 : 03F;
1190 : 03F;
1191 : 03F;
1192 : 03F;
1193 : 03F;
1194 : 03F;
1195 : 03F;
1196 : 03F;
1197 : 03F;
1198 : 03F;
1199 : 03F;
1200 : 03F;
1201 : 03F;
1202 : 03F;
1203 : 03F;
1204 : 03F;
1205 : 03F;
1206 : 03F;
1207 : 03F;
1208 : 03F;
1209 : 03F;
1210 : 03F;
1211 : 03F;
1212 : 03F;
1213 : 03F;
1214 : 03F;
1215 : 03F;
1216 : 03F;
1217 : 03F;
1218 : 03F;
1219 : 03F;
1220 : 03F;
1221 : 03F;
1222 : 03F;
1223 : 03F;
1224 : 03F;
1225 : 03F;
1226 : 03F;
1227 : 03F;
1228 : 03F;
1229 : 03F;
1230 : 03F;
1231 : 03F;
1232 : 03F;
1233 : 03F;
1234 : 03F;
1235 : 03F;
1236 : 03F;
1237 : 03F;
1238 : 03F;
1239 : 03F;
1240 : 03F;
1241 : 03F;
1242 : 03F;
1243 : 03F;
1244 : 03F;
1245 : 03F;
1246 : 03F;
1247 : 03F;
1248 : 03F;
1249 : 03F;
1250 : 03F;
1251 : 03F;
1252 : 03F;
1253 : 03F;
1254 : 03F;
1255 : 03F;
1256 : 03F;
1257 : 03F;
1258 : 03F;
1259 : 03F;
1260 : 03F;
1261 : 03F;
1262 : 03F;
1263 : 03F;
1264 : 03F;
1265 : 03F;
1266 : 03F;
1267 : 03F;
1268 : 03F;
1269 : 03F;
1270 : 03F;
1271 : 03F;
1272 : 03F;
1273 : 03F;
1274 : 03F;
1275 : 03F;
1276 : 03F;
1277 : 03F;
1278 : 03F;
1279 : 03F;
1280 : 03F;
1281 : 03F;
1282 : 03F;
1283 : 03F;
1284 : 03F;
1285 : 03F;
1286 : 03F;
1287 : 03F;
1288 : 03F;
1289 : 03F;
1290 : 03F;
1291 : 03F;
1292 : 03F;
1293 : 03F;
1294 : 03F;
1295 : 03F;
1296 : 03F;
1297 : 03F;
1298 : 03F;
1299 : 03F;
1300 : 03F;
1301 : 03F;
1302 : 03F;
1303 : 03F;
1304 : 03F;
1305 : 03F;
1306 : 03F;
1307 : 03F;
1308 : 03F;
1309 : 03F;
1310 : 03F;
1311 : 03F;
1312 : 03F;
1313 : 03F;
1314 : 03F;
1315 : 03F;
1316 : 03F;
1317 : 03F;
1318 : 03F;
1319 : 03F;
1320 : 03F;
1321 : 03F;
1322 : 03F;
1323 : 03F;
1324 : 03F;
1325 : 03F;
1326 : 03F;
1327 : 03F;
1328 : 03F;
1329 : 03F;
1330 : 03F;
1331 : 03F;
1332 : 03F;
1333 : 03F;
1334 : 03F;
1335 : 03F;
1336 : 03F;
1337 : 03F;
1338 : 03F;
1339 : 03F;
1340 : 03F;
1341 : 03F;
1342 : 03F;
1343 : 03F;
1344 : 03F;
1345 : 03F;
1346 : 03F;
1347 : 03F;
1348 : 03F;
1349 : 03F;
1350 : 03F;
1351 : 03F;
1352 : 03F;
1353 : 03F;
1354 : 03F;
1355 : 03F;
1356 : 03F;
1357 : 03F;
1358 : 03F;
1359 : 03F;
1360 : 03F;
1361 : 03F;
1362 : 03F;
1363 : 03F;
1364 : 03F;
1365 : 03F;
1366 : 03F;
1367 : 03F;
1368 : 03F;
1369 : 03F;
1370 : 03F;
1371 : 03F;
1372 : 03F;
1373 : 03F;
1374 : 03F;
1375 : 03F;
1376 : 03F;
1377 : 03F;
1378 : 03F;
1379 : 03F;
1380 : 03F;
1381 : 03F;
1382 : 03F;
1383 : 03F;
1384 : 03F;
1385 : 03F;
1386 : 03F;
1387 : 03F;
1388 : 03F;
1389 : 03F;
1390 : 03F;
1391 : 03F;
1392 : 03F;
1393 : 03F;
1394 : 03F;
1395 : 03F;
1396 : 03F;
1397 : 03F;
1398 : 03F;
1399 : 03F;
1400 : 03F;
1401 : 03F;
1402 : 03F;
1403 : 03F;
1404 : 03F;
1405 : 03F;
1406 : 03F;
1407 : 03F;
1408 : 03F;
1409 : 03F;
1410 : 03F;
1411 : 03F;
1412 : 03F;
1413 : 03F;
1414 : 03F;
1415 : 03F;
1416 : 03F;
1417 : 03F;
1418 : 03F;
1419 : 03F;
1420 : 03F;
1421 : 03F;
1422 : 03F;
1423 : 03F;
1424 : 03F;
1425 : 03F;
1426 : 03F;
1427 : 03F;
1428 : 03F;
1429 : 03F;
1430 : 03F;
1431 : 03F;
1432 : 03F;
1433 : 03F;
1434 : 03F;
1435 : 03F;
1436 : 03F;
1437 : 03F;
1438 : 03F;
1439 : 03F;
1440 : 03F;
1441 : 03F;
1442 : 03F;
1443 : 03F;
1444 : 03F;
1445 : 03F;
1446 : 03F;
1447 : 03F;
1448 : 03F;
1449 : 03F;
1450 : 03F;
1451 : 03F;
1452 : 03F;
1453 : 03F;
1454 : 03F;
1455 : 03F;
1456 : 03F;
1457 : 03F;
1458 : 03F;
1459 : 03F;
1460 : 03F;
1461 : 03F;
1462 : 03F;
1463 : 03F;
1464 : 03F;
1465 : 03F;
1466 : 03F;
1467 : 03F;
1468 : 03F;
1469 : 03F;
1470 : 03F;
1471 : 03F;
1472 : 03F;
1473 : 03F;
1474 : 03F;
1475 : 03F;
1476 : 03F;
1477 : 03F;
1478 : 03F;
1479 : 03F;
1480 : 03F;
1481 : 03F;
1482 : 03F;
1483 : 03F;
1484 : 03F;
1485 : 03F;
1486 : 03F;
1487 : 03F;
1488 : 03F;
1489 : 03F;
1490 : 03F;
1491 : 03F;
1492 : 03F;
1493 : 03F;
1494 : 03F;
1495 : 03F;
1496 : 03F;
1497 : 03F;
1498 : 03F;
1499 : 03F;
1500 : 03F;
1501 : 03F;
1502 : 03F;
1503 : 03F;
1504 : 03F;
1505 : 03F;
1506 : 03F;
1507 : 03F;
1508 : 03F;
1509 : 03F;
1510 : 03F;
1511 : 03F;
1512 : 03F;
1513 : 03F;
1514 : 03F;
1515 : 03F;
1516 : 03F;
1517 : 03F;
1518 : 03F;
1519 : 03F;
1520 : 03F;
1521 : 03F;
1522 : 03F;
1523 : 03F;
1524 : 03F;
1525 : 03F;
1526 : 03F;
1527 : 03F;
1528 : 03F;
1529 : 03F;
1530 : 03F;
1531 : 03F;
1532 : 03F;
1533 : 03F;
1534 : 03F;
1535 : 03F;
1536 : 03F;
1537 : 03F;
1538 : 03F;
1539 : 03F;
1540 : 03F;
1541 : 03F;
1542 : 03F;
1543 : 03F;
1544 : 03F;
1545 : 03F;
1546 : 03F;
1547 : 03F;
1548 : 03F;
1549 : 03F;
1550 : 03F;
1551 : 03F;
1552 : 03F;
1553 : 03F;
1554 : 03F;
1555 : 03F;
1556 : 03F;
1557 : 03F;
1558 : 03F;
1559 : 03F;
1560 : 03F;
1561 : 03F;
1562 : 03F;
1563 : 03F;
1564 : 03F;
1565 : 03F;
1566 : 03F;
1567 : 03F;
1568 : 03F;
1569 : 03F;
1570 : 03F;
1571 : 03F;
1572 : 03F;
1573 : 03F;
1574 : 03F;
1575 : 03F;
1576 : 03F;
1577 : 03F;
1578 : 03F;
1579 : 03F;
1580 : 03F;
1581 : 03F;
1582 : 03F;
1583 : 03F;
1584 : 03F;
1585 : 03F;
1586 : 03F;
1587 : 03F;
1588 : 03F;
1589 : 03F;
1590 : 03F;
1591 : 03F;
1592 : 03F;
1593 : 03F;
1594 : 03F;
1595 : 03F;
1596 : 03F;
1597 : 03F;
1598 : 03F;
1599 : 03F;
1600 : 03F;
1601 : 03F;
1602 : 03F;
1603 : 03F;
1604 : 03F;
1605 : 03F;
1606 : 03F;
1607 : 03F;
1608 : 03F;
1609 : 03F;
1610 : 03F;
1611 : 03F;
1612 : 03F;
1613 : 03F;
1614 : 03F;
1615 : 03F;
1616 : 03F;
1617 : 03F;
1618 : 03F;
1619 : 03F;
1620 : 03F;
1621 : 03F;
1622 : 03F;
1623 : 03F;
1624 : 03F;
1625 : 03F;
1626 : 03F;
1627 : 03F;
1628 : 03F;
1629 : 03F;
1630 : 03F;
1631 : 03F;
1632 : 03F;
1633 : 03F;
1634 : 03F;
1635 : 03F;
1636 : 03F;
1637 : 03F;
1638 : 03F;
1639 : 03F;
1640 : 03F;
1641 : 03F;
1642 : 03F;
1643 : 03F;
1644 : 03F;
1645 : 03F;
1646 : 03F;
1647 : 03F;
1648 : 03F;
1649 : 03F;
1650 : 03F;
1651 : 03F;
1652 : 03F;
1653 : 03F;
1654 : 03F;
1655 : 03F;
1656 : 03F;
1657 : 03F;
1658 : 03F;
1659 : 03F;
1660 : 03F;
1661 : 03F;
1662 : 03F;
1663 : 03F;
1664 : 03F;
1665 : 03F;
1666 : 03F;
1667 : 03F;
1668 : 03F;
1669 : 03F;
1670 : 03F;
1671 : 03F;
1672 : 03F;
1673 : 03F;
1674 : 03F;
1675 : 03F;
1676 : 03F;
1677 : 03F;
1678 : 03F;
1679 : 03F;
1680 : 03F;
1681 : 03F;
1682 : 03F;
1683 : 03F;
1684 : 03F;
1685 : 03F;
1686 : 03F;
1687 : 03F;
1688 : 03F;
1689 : 03F;
1690 : 03F;
1691 : 03F;
1692 : 03F;
1693 : 03F;
1694 : 03F;
1695 : 03F;
1696 : 03F;
1697 : 03F;
1698 : 03F;
1699 : 03F;
1700 : 03F;
1701 : 03F;
1702 : 03F;
1703 : 03F;
1704 : 03F;
1705 : 03F;
1706 : 03F;
1707 : 03F;
1708 : 03F;
1709 : 03F;
1710 : 03F;
1711 : 03F;
1712 : 03F;
1713 : 03F;
1714 : 03F;
1715 : 03F;
1716 : 03F;
1717 : 03F;
1718 : 03F;
1719 : 03F;
1720 : 03F;
1721 : 03F;
1722 : 03F;
1723 : 03F;
1724 : 03F;
1725 : 03F;
1726 : 03F;
1727 : 03F;
1728 : 03F;
1729 : 03F;
1730 : 03F;
1731 : 03F;
1732 : 03F;
1733 : 03F;
1734 : 03F;
1735 : 03F;
1736 : 03F;
1737 : 03F;
1738 : 03F;
1739 : 03F;
1740 : 03F;
1741 : 03F;
1742 : 03F;
1743 : 03F;
1744 : 03F;
1745 : 03F;
1746 : 03F;
1747 : 03F;
1748 : 03F;
1749 : 03F;
1750 : 03F;
1751 : 03F;
1752 : 03F;
1753 : 03F;
1754 : 03F;
1755 : 03F;
1756 : 03F;
1757 : 03F;
1758 : 03F;
1759 : 03F;
1760 : 03F;
1761 : 03F;
1762 : 03F;
1763 : 03F;
1764 : 03F;
1765 : 03F;
1766 : 03F;
1767 : 03F;
1768 : 03F;
1769 : 03F;
1770 : 03F;
1771 : 03F;
1772 : 03F;
1773 : 03F;
1774 : 03F;
1775 : 03F;
1776 : 03F;
1777 : 03F;
1778 : 03F;
1779 : 03F;
1780 : 03F;
1781 : 03F;
1782 : 03F;
1783 : 03F;
1784 : 03F;
1785 : 03F;
1786 : 03F;
1787 : 03F;
1788 : 03F;
1789 : 03F;
1790 : 03F;
1791 : 03F;
1792 : 03F;
1793 : 03F;
1794 : 03F;
1795 : 03F;
1796 : 03F;
1797 : 03F;
1798 : 03F;
1799 : 03F;
1800 : 03F;
1801 : 03F;
1802 : 03F;
1803 : 03F;
1804 : 03F;
1805 : 03F;
1806 : 03F;
1807 : 03F;
1808 : 03F;
1809 : 03F;
1810 : 03F;
1811 : 03F;
1812 : 03F;
1813 : 03F;
1814 : 03F;
1815 : 03F;
1816 : 03F;
1817 : 03F;
1818 : 03F;
1819 : 03F;
1820 : 03F;
1821 : 03F;
1822 : 03F;
1823 : 03F;
1824 : 03F;
1825 : 03F;
1826 : 03F;
1827 : 03F;
1828 : 03F;
1829 : 03F;
1830 : 03F;
1831 : 03F;
1832 : 03F;
1833 : 03F;
1834 : 03F;
1835 : 03F;
1836 : 03F;
1837 : 03F;
1838 : 03F;
1839 : 03F;
1840 : 03F;
1841 : 03F;
1842 : 03F;
1843 : 03F;
1844 : 03F;
1845 : 03F;
1846 : 03F;
1847 : 03F;
1848 : 03F;
1849 : 03F;
1850 : 03F;
1851 : 03F;
1852 : 03F;
1853 : 03F;
1854 : 03F;
1855 : 03F;
1856 : 03F;
1857 : 03F;
1858 : 03F;
1859 : 03F;
1860 : 03F;
1861 : 03F;
1862 : 03F;
1863 : 03F;
1864 : 03F;
1865 : 03F;
1866 : 03F;
1867 : 03F;
1868 : 03F;
1869 : 03F;
1870 : 03F;
1871 : 03F;
1872 : 03F;
1873 : 03F;
1874 : 03F;
1875 : 03F;
1876 : 03F;
1877 : 03F;
1878 : 03F;
1879 : 03F;
1880 : 03F;
1881 : 03F;
1882 : 03F;
1883 : 03F;
1884 : 03F;
1885 : 03F;
1886 : 03F;
1887 : 03F;
1888 : 03F;
1889 : 03F;
1890 : 03F;
1891 : 03F;
1892 : 03F;
1893 : 03F;
1894 : 03F;
1895 : 03F;
1896 : 03F;
1897 : 03F;
1898 : 03F;
1899 : 03F;
1900 : 03F;
1901 : 03F;
1902 : 03F;
1903 : 03F;
1904 : 03F;
1905 : 03F;
1906 : 03F;
1907 : 03F;
1908 : 03F;
1909 : 03F;
1910 : 03F;
1911 : 03F;
1912 : 03F;
1913 : 03F;
1914 : 03F;
1915 : 03F;
1916 : 03F;
1917 : 03F;
1918 : 03F;
1919 : 03F;
1920 : 03F;
1921 : 03F;
1922 : 03F;
1923 : 03F;
1924 : 03F;
1925 : 03F;
1926 : 03F;
1927 : 03F;
1928 : 03F;
1929 : 03F;
1930 : 03F;
1931 : 03F;
1932 : 03F;
1933 : 03F;
1934 : 03F;
1935 : 03F;
1936 : 03F;
1937 : 03F;
1938 : 03F;
1939 : 03F;
1940 : 03F;
1941 : 03F;
1942 : 03F;
1943 : 03F;
1944 : 03F;
1945 : 03F;
1946 : 03F;
1947 : 03F;
1948 : 03F;
1949 : 03F;
1950 : 03F;
1951 : 03F;
1952 : 03F;
1953 : 03F;
1954 : 03F;
1955 : 03F;
1956 : 03F;
1957 : 03F;
1958 : 03F;
1959 : 03F;
1960 : 03F;
1961 : 03F;
1962 : 03F;
1963 : 03F;
1964 : 03F;
1965 : 03F;
1966 : 03F;
1967 : 03F;
1968 : 03F;
1969 : 03F;
1970 : 03F;
1971 : 03F;
1972 : 03F;
1973 : 03F;
1974 : 03F;
1975 : 03F;
1976 : 03F;
1977 : 03F;
1978 : 03F;
1979 : 03F;
1980 : 03F;
1981 : 03F;
1982 : 03F;
1983 : 03F;
1984 : 03F;
1985 : 03F;
1986 : 03F;
1987 : 03F;
1988 : 03F;
1989 : 03F;
1990 : 03F;
1991 : 03F;
1992 : 03F;
1993 : 03F;
1994 : 03F;
1995 : 03F;
1996 : 03F;
1997 : 03F;
1998 : 03F;
1999 : 03F;
2000 : 03F;
2001 : 03F;
2002 : 03F;
2003 : 03F;
2004 : 03F;
2005 : 03F;
2006 : 03F;
2007 : 03F;
2008 : 03F;
2009 : 03F;
2010 : 03F;
2011 : 03F;
2012 : 03F;
2013 : 03F;
2014 : 03F;
2015 : 03F;
2016 : 03F;
2017 : 03F;
2018 : 03F;
2019 : 03F;
2020 : 03F;
2021 : 03F;
2022 : 03F;
2023 : 03F;
2024 : 03F;
2025 : 03F;
2026 : 03F;
2027 : 03F;
2028 : 03F;
2029 : 03F;
2030 : 03F;
2031 : 03F;
2032 : 03F;
2033 : 03F;
2034 : 03F;
2035 : 03F;
2036 : 03F;
2037 : 03F;
2038 : 03F;
2039 : 03F;
2040 : 03F;
2041 : 03F;
2042 : 03F;
2043 : 03F;
2044 : 03F;
2045 : 03F;
2046 : 03F;
2047 : 03F;
2048 : 03F;
2049 : 03F;
2050 : 03F;
2051 : 03F;
2052 : 03F;
2053 : 03F;
2054 : 03F;
2055 : 03F;
2056 : 03F;
2057 : 03F;
2058 : 03F;
2059 : 03F;
2060 : 03F;
2061 : 03F;
2062 : 03F;
2063 : 03F;
2064 : 03F;
2065 : 03F;
2066 : 03F;
2067 : 03F;
2068 : 03F;
2069 : 03F;
2070 : 03F;
2071 : 03F;
2072 : 03F;
2073 : 03F;
2074 : 03F;
2075 : 03F;
2076 : 03F;
2077 : 03F;
2078 : 03F;
2079 : 03F;
2080 : 03F;
2081 : 03F;
2082 : 03F;
2083 : 03F;
2084 : 03F;
2085 : 03F;
2086 : 03F;
2087 : 03F;
2088 : 03F;
2089 : 03F;
2090 : 03F;
2091 : 03F;
2092 : 03F;
2093 : 03F;
2094 : 03F;
2095 : 03F;
2096 : 03F;
2097 : 03F;
2098 : 03F;
2099 : 03F;
2100 : 03F;
2101 : 03F;
2102 : 03F;
2103 : 03F;
2104 : 03F;
2105 : 03F;
2106 : 03F;
2107 : 03F;
2108 : 03F;
2109 : 03F;
2110 : 03F;
2111 : 03F;
2112 : 03F;
2113 : 03F;
2114 : 03F;
2115 : 03F;
2116 : 03F;
2117 : 03F;
2118 : 03F;
2119 : 03F;
2120 : 03F;
2121 : 03F;
2122 : 03F;
2123 : 03F;
2124 : 03F;
2125 : 03F;
2126 : 03F;
2127 : 03F;
2128 : 03F;
2129 : 03F;
2130 : 03F;
2131 : 03F;
2132 : 03F;
2133 : 03F;
2134 : 03F;
2135 : 03F;
2136 : 03F;
2137 : 03F;
2138 : 03F;
2139 : 03F;
2140 : 03F;
2141 : 03F;
2142 : 03F;
2143 : 03F;
2144 : 03F;
2145 : 03F;
2146 : 03F;
2147 : 03F;
2148 : 03F;
2149 : 03F;
2150 : 03F;
2151 : 03F;
2152 : 03F;
2153 : 03F;
2154 : 03F;
2155 : 03F;
2156 : 03F;
2157 : 03F;
2158 : 03F;
2159 : 03F;
2160 : 03F;
2161 : 03F;
2162 : 03F;
2163 : 03F;
2164 : 03F;
2165 : 03F;
2166 : 03F;
2167 : 03F;
2168 : 03F;
2169 : 03F;
2170 : 03F;
2171 : 03F;
2172 : 03F;
2173 : 03F;
2174 : 03F;
2175 : 03F;
2176 : 03F;
2177 : 03F;
2178 : 03F;
2179 : 03F;
2180 : 03F;
2181 : 03F;
2182 : 03F;
2183 : 03F;
2184 : 03F;
2185 : 03F;
2186 : 03F;
2187 : 03F;
2188 : 03F;
2189 : 03F;
2190 : 03F;
2191 : 03F;
2192 : 03F;
2193 : 03F;
2194 : 03F;
2195 : 03F;
2196 : 03F;
2197 : 03F;
2198 : 03F;
2199 : 03F;
2200 : 03F;
2201 : 03F;
2202 : 03F;
2203 : 03F;
2204 : 03F;
2205 : 03F;
2206 : 03F;
2207 : 03F;
2208 : 03F;
2209 : 03F;
2210 : 03F;
2211 : 03F;
2212 : 03F;
2213 : 03F;
2214 : 03F;
2215 : 03F;
2216 : 03F;
2217 : 03F;
2218 : 03F;
2219 : 03F;
2220 : 03F;
2221 : 03F;
2222 : 03F;
2223 : 03F;
2224 : 03F;
2225 : 03F;
2226 : 03F;
2227 : 03F;
2228 : 03F;
2229 : 03F;
2230 : 03F;
2231 : 03F;
2232 : 03F;
2233 : 03F;
2234 : 03F;
2235 : 03F;
2236 : 03F;
2237 : 03F;
2238 : 03F;
2239 : 03F;
2240 : 03F;
2241 : 03F;
2242 : 03F;
2243 : 03F;
2244 : 03F;
2245 : 03F;
2246 : 03F;
2247 : 03F;
2248 : 03F;
2249 : 03F;
2250 : 03F;
2251 : 03F;
2252 : 03F;
2253 : 03F;
2254 : 03F;
2255 : 03F;
2256 : 03F;
2257 : 03F;
2258 : 03F;
2259 : 03F;
2260 : 03F;
2261 : 03F;
2262 : 03F;
2263 : 03F;
2264 : 03F;
2265 : 03F;
2266 : 03F;
2267 : 03F;
2268 : 03F;
2269 : 03F;
2270 : 03F;
2271 : 03F;
2272 : 03F;
2273 : 03F;
2274 : 03F;
2275 : 03F;
2276 : 03F;
2277 : 03F;
2278 : 03F;
2279 : 03F;
2280 : 03F;
2281 : 03F;
2282 : 03F;
2283 : 03F;
2284 : 03F;
2285 : 03F;
2286 : 03F;
2287 : 03F;
2288 : 03F;
2289 : 03F;
2290 : 03F;
2291 : 03F;
2292 : 03F;
2293 : 03F;
2294 : 03F;
2295 : 03F;
2296 : 03F;
2297 : 03F;
2298 : 03F;
2299 : 03F;
2300 : 03F;
2301 : 03F;
2302 : 03F;
2303 : 03F;
2304 : 03F;
2305 : 03F;
2306 : 03F;
2307 : 03F;
2308 : 03F;
2309 : 03F;
2310 : 03F;
2311 : 03F;
2312 : 03F;
2313 : 03F;
2314 : 03F;
2315 : 03F;
2316 : 03F;
2317 : 03F;
2318 : 03F;
2319 : 03F;
2320 : 03F;
2321 : 03F;
2322 : 03F;
2323 : 03F;
2324 : 03F;
2325 : 03F;
2326 : 03F;
2327 : 03F;
2328 : 03F;
2329 : 03F;
2330 : 03F;
2331 : 03F;
2332 : 03F;
2333 : 03F;
2334 : 03F;
2335 : 03F;
2336 : 03F;
2337 : 03F;
2338 : 03F;
2339 : 03F;
2340 : 03F;
2341 : 03F;
2342 : 03F;
2343 : 03F;
2344 : 03F;
2345 : 03F;
2346 : 03F;
2347 : 03F;
2348 : 03F;
2349 : 03F;
2350 : 03F;
2351 : 03F;
2352 : 03F;
2353 : 03F;
2354 : 03F;
2355 : 03F;
2356 : 03F;
2357 : 03F;
2358 : 03F;
2359 : 03F;
2360 : 03F;
2361 : 03F;
2362 : 03F;
2363 : 03F;
2364 : 03F;
2365 : 03F;
2366 : 03F;
2367 : 03F;
2368 : 03F;
2369 : 03F;
2370 : 03F;
2371 : 03F;
2372 : 03F;
2373 : 03F;
2374 : 03F;
2375 : 03F;
2376 : 03F;
2377 : 03F;
2378 : 03F;
2379 : 03F;
2380 : 03F;
2381 : 03F;
2382 : 03F;
2383 : 03F;
2384 : 03F;
2385 : 03F;
2386 : 03F;
2387 : 03F;
2388 : 03F;
2389 : 03F;
2390 : 03F;
2391 : 03F;
2392 : 03F;
2393 : 03F;
2394 : 03F;
2395 : 03F;
2396 : 03F;
2397 : 03F;
2398 : 03F;
2399 : 03F;
2400 : 03F;
2401 : 03F;
2402 : 03F;
2403 : 03F;
2404 : 03F;
2405 : 03F;
2406 : 03F;
2407 : 03F;
2408 : 03F;
2409 : 03F;
2410 : 03F;
2411 : 03F;
2412 : 03F;
2413 : 03F;
2414 : 03F;
2415 : 03F;
2416 : 03F;
2417 : 03F;
2418 : 03F;
2419 : 03F;
2420 : 03F;
2421 : 03F;
2422 : 03F;
2423 : 03F;
2424 : 03F;
2425 : 03F;
2426 : 03F;
2427 : 03F;
2428 : 03F;
2429 : 03F;
2430 : 03F;
2431 : 03F;
2432 : 03F;
2433 : 03F;
2434 : 03F;
2435 : 03F;
2436 : 03F;
2437 : 03F;
2438 : 03F;
2439 : 03F;
2440 : 03F;
2441 : 03F;
2442 : 03F;
2443 : 03F;
2444 : 03F;
2445 : 03F;
2446 : 03F;
2447 : 03F;
2448 : 03F;
2449 : 03F;
2450 : 03F;
2451 : 03F;
2452 : 03F;
2453 : 03F;
2454 : 03F;
2455 : 03F;
2456 : 03F;
2457 : 03F;
2458 : 03F;
2459 : 03F;
2460 : 03F;
2461 : 03F;
2462 : 03F;
2463 : 03F;
2464 : 03F;
2465 : 03F;
2466 : 03F;
2467 : 03F;
2468 : 03F;
2469 : 03F;
2470 : 03F;
2471 : 03F;
2472 : 03F;
2473 : 03F;
2474 : 03F;
2475 : 03F;
2476 : 03F;
2477 : 03F;
2478 : 03F;
2479 : 03F;
2480 : 03F;
2481 : 03F;
2482 : 03F;
2483 : 03F;
2484 : 03F;
2485 : 03F;
2486 : 03F;
2487 : 03F;
2488 : 03F;
2489 : 03F;
2490 : 03F;
2491 : 03F;
2492 : 03F;
2493 : 03F;
2494 : 03F;
2495 : 03F;
2496 : 03F;
2497 : 03F;
2498 : 03F;
2499 : 03F;
2500 : 03F;
2501 : 03F;
2502 : 03F;
2503 : 03F;
2504 : 03F;
2505 : 03F;
2506 : 03F;
2507 : 03F;
2508 : 03F;
2509 : 03F;
2510 : 03F;
2511 : 03F;
2512 : 03F;
2513 : 03F;
2514 : 03F;
2515 : 03F;
2516 : 03F;
2517 : 03F;
2518 : 03F;
2519 : 03F;
2520 : 03F;
2521 : 03F;
2522 : 03F;
2523 : 03F;
2524 : 03F;
2525 : 03F;
2526 : 03F;
2527 : 03F;
2528 : 03F;
2529 : 03F;
2530 : 03F;
2531 : 03F;
2532 : 03F;
2533 : 03F;
2534 : 03F;
2535 : 03F;
2536 : 03F;
2537 : 03F;
2538 : 03F;
2539 : 03F;
2540 : 03F;
2541 : 03F;
2542 : 03F;
2543 : 03F;
2544 : 03F;
2545 : 03F;
2546 : 03F;
2547 : 03F;
2548 : 03F;
2549 : 03F;
2550 : 03F;
2551 : 03F;
2552 : 03F;
2553 : 03F;
2554 : 03F;
2555 : 03F;
2556 : 03F;
2557 : 03F;
2558 : 03F;
2559 : 03F;
2560 : 03F;
2561 : 03F;
2562 : 03F;
2563 : 03F;
2564 : 03F;
2565 : 03F;
2566 : 03F;
2567 : 03F;
2568 : 03F;
2569 : 03F;
2570 : 03F;
2571 : 03F;
2572 : 03F;
2573 : 03F;
2574 : 03F;
2575 : 03F;
2576 : 03F;
2577 : 03F;
2578 : 03F;
2579 : 03F;
2580 : 03F;
2581 : 03F;
2582 : 03F;
2583 : 03F;
2584 : 03F;
2585 : 03F;
2586 : 03F;
2587 : 03F;
2588 : 03F;
2589 : 03F;
2590 : 03F;
2591 : 03F;
2592 : 03F;
2593 : 03F;
2594 : 03F;
2595 : 03F;
2596 : 03F;
2597 : 03F;
2598 : 03F;
2599 : 03F;
2600 : 03F;
2601 : 03F;
2602 : 03F;
2603 : 03F;
2604 : 03F;
2605 : 03F;
2606 : 03F;
2607 : 03F;
2608 : 03F;
2609 : 03F;
2610 : 03F;
2611 : 03F;
2612 : 03F;
2613 : 03F;
2614 : 03F;
2615 : 03F;
2616 : 03F;
2617 : 03F;
2618 : 03F;
2619 : 03F;
2620 : 03F;
2621 : 03F;
2622 : 03F;
2623 : 03F;
2624 : 03F;
2625 : 03F;
2626 : 03F;
2627 : 03F;
2628 : 03F;
2629 : 03F;
2630 : 03F;
2631 : 03F;
2632 : 03F;
2633 : 03F;
2634 : 03F;
2635 : 03F;
2636 : 03F;
2637 : 03F;
2638 : 03F;
2639 : 03F;
2640 : 03F;
2641 : 03F;
2642 : 03F;
2643 : 03F;
2644 : 03F;
2645 : 03F;
2646 : 03F;
2647 : 03F;
2648 : 03F;
2649 : 03F;
2650 : 03F;
2651 : 03F;
2652 : 03F;
2653 : 03F;
2654 : 03F;
2655 : 03F;
2656 : 03F;
2657 : 03F;
2658 : 03F;
2659 : 03F;
2660 : 03F;
2661 : 03F;
2662 : 03F;
2663 : 03F;
2664 : 03F;
2665 : 03F;
2666 : 03F;
2667 : 03F;
2668 : 03F;
2669 : 03F;
2670 : 03F;
2671 : 03F;
2672 : 03F;
2673 : 03F;
2674 : 03F;
2675 : 03F;
2676 : 03F;
2677 : 03F;
2678 : 03F;
2679 : 03F;
2680 : 03F;
2681 : 03F;
2682 : 03F;
2683 : 03F;
2684 : 03F;
2685 : 03F;
2686 : 03F;
2687 : 03F;
2688 : 03F;
2689 : 03F;
2690 : 03F;
2691 : 03F;
2692 : 03F;
2693 : 03F;
2694 : 03F;
2695 : 03F;
2696 : 03F;
2697 : 03F;
2698 : 03F;
2699 : 03F;
2700 : 03F;
2701 : 03F;
2702 : 03F;
2703 : 03F;
2704 : 03F;
2705 : 03F;
2706 : 03F;
2707 : 03F;
2708 : 03F;
2709 : 03F;
2710 : 03F;
2711 : 03F;
2712 : 03F;
2713 : 03F;
2714 : 03F;
2715 : 03F;
2716 : 03F;
2717 : 03F;
2718 : 03F;
2719 : 03F;
2720 : 03F;
2721 : 03F;
2722 : 03F;
2723 : 03F;
2724 : 03F;
2725 : 03F;
2726 : 03F;
2727 : 03F;
2728 : 03F;
2729 : 03F;
2730 : 03F;
2731 : 03F;
2732 : 03F;
2733 : 03F;
2734 : 03F;
2735 : 03F;
2736 : 03F;
2737 : 03F;
2738 : 03F;
2739 : 03F;
2740 : 03F;
2741 : 03F;
2742 : 03F;
2743 : 03F;
2744 : 03F;
2745 : 03F;
2746 : 03F;
2747 : 03F;
2748 : 03F;
2749 : 03F;
2750 : 03F;
2751 : 03F;
2752 : 03F;
2753 : 03F;
2754 : 03F;
2755 : 03F;
2756 : 03F;
2757 : 03F;
2758 : 03F;
2759 : 03F;
2760 : 03F;
2761 : 03F;
2762 : 03F;
2763 : 03F;
2764 : 03F;
2765 : 03F;
2766 : 03F;
2767 : 03F;
2768 : 03F;
2769 : 03F;
2770 : 03F;
2771 : 03F;
2772 : 03F;
2773 : 03F;
2774 : 03F;
2775 : 03F;
2776 : 03F;
2777 : 03F;
2778 : 03F;
2779 : 03F;
2780 : 03F;
2781 : 03F;
2782 : 03F;
2783 : 03F;
2784 : 03F;
2785 : 03F;
2786 : 03F;
2787 : 03F;
2788 : 03F;
2789 : 03F;
2790 : 03F;
2791 : 03F;
2792 : 03F;
2793 : 03F;
2794 : 03F;
2795 : 03F;
2796 : 03F;
2797 : 03F;
2798 : 03F;
2799 : 03F;
2800 : 03F;
2801 : 03F;
2802 : 03F;
2803 : 03F;
2804 : 03F;
2805 : 03F;
2806 : 03F;
2807 : 03F;
2808 : 03F;
2809 : 03F;
2810 : 03F;
2811 : 03F;
2812 : 03F;
2813 : 03F;
2814 : 03F;
2815 : 03F;
2816 : 03F;
2817 : 03F;
2818 : 03F;
2819 : 03F;
2820 : 03F;
2821 : 03F;
2822 : 03F;
2823 : 03F;
2824 : 03F;
2825 : 03F;
2826 : 03F;
2827 : 03F;
2828 : 03F;
2829 : 03F;
2830 : 03F;
2831 : 03F;
2832 : 03F;
2833 : 03F;
2834 : 03F;
2835 : 03F;
2836 : 03F;
2837 : 03F;
2838 : 03F;
2839 : 03F;
2840 : 03F;
2841 : 03F;
2842 : 03F;
2843 : 03F;
2844 : 03F;
2845 : 03F;
2846 : 03F;
2847 : 03F;
2848 : 03F;
2849 : 03F;
2850 : 03F;
2851 : 03F;
2852 : 03F;
2853 : 03F;
2854 : 03F;
2855 : 03F;
2856 : 03F;
2857 : 03F;
2858 : 03F;
2859 : 03F;
2860 : 03F;
2861 : 03F;
2862 : 03F;
2863 : 03F;
2864 : 03F;
2865 : 03F;
2866 : 03F;
2867 : 03F;
2868 : 03F;
2869 : 03F;
2870 : 03F;
2871 : 03F;
2872 : 03F;
2873 : 03F;
2874 : 03F;
2875 : 03F;
2876 : 03F;
2877 : 03F;
2878 : 03F;
2879 : 03F;
2880 : 03F;
2881 : 03F;
2882 : 03F;
2883 : 03F;
2884 : 03F;
2885 : 03F;
2886 : 03F;
2887 : 03F;
2888 : 03F;
2889 : 03F;
2890 : 03F;
2891 : 03F;
2892 : 03F;
2893 : 03F;
2894 : 03F;
2895 : 03F;
2896 : 03F;
2897 : 03F;
2898 : 03F;
2899 : 03F;
2900 : 03F;
2901 : 03F;
2902 : 03F;
2903 : 03F;
2904 : 03F;
2905 : 03F;
2906 : 03F;
2907 : 03F;
2908 : 03F;
2909 : 03F;
2910 : 03F;
2911 : 03F;
2912 : 03F;
2913 : 03F;
2914 : 03F;
2915 : 03F;
2916 : 03F;
2917 : 03F;
2918 : 03F;
2919 : 03F;
2920 : 03F;
2921 : 03F;
2922 : 03F;
2923 : 03F;
2924 : 03F;
2925 : 03F;
2926 : 03F;
2927 : 03F;
2928 : 03F;
2929 : 03F;
2930 : 03F;
2931 : 03F;
2932 : 03F;
2933 : 03F;
2934 : 03F;
2935 : 03F;
2936 : 03F;
2937 : 03F;
2938 : 03F;
2939 : 03F;
2940 : 03F;
2941 : 03F;
2942 : 03F;
2943 : 03F;
2944 : 03F;
2945 : 03F;
2946 : 03F;
2947 : 03F;
2948 : 03F;
2949 : 03F;
2950 : 03F;
2951 : 03F;
2952 : 03F;
2953 : 03F;
2954 : 03F;
2955 : 03F;
2956 : 03F;
2957 : 03F;
2958 : 03F;
2959 : 03F;
2960 : 03F;
2961 : 03F;
2962 : 03F;
2963 : 03F;
2964 : 03F;
2965 : 03F;
2966 : 03F;
2967 : 03F;
2968 : 03F;
2969 : 03F;
2970 : 03F;
2971 : 03F;
2972 : 03F;
2973 : 03F;
2974 : 03F;
2975 : 03F;
2976 : 03F;
2977 : 03F;
2978 : 03F;
2979 : 03F;
2980 : 03F;
2981 : 03F;
2982 : 03F;
2983 : 03F;
2984 : 03F;
2985 : 03F;
2986 : 03F;
2987 : 03F;
2988 : 03F;
2989 : 03F;
2990 : 03F;
2991 : 03F;
2992 : 03F;
2993 : 03F;
2994 : 03F;
2995 : 03F;
2996 : 03F;
2997 : 03F;
2998 : 03F;
2999 : 03F;
3000 : 03F;
3001 : 03F;
3002 : 03F;
3003 : 03F;
3004 : 03F;
3005 : 03F;
3006 : 03F;
3007 : 03F;
3008 : 03F;
3009 : 03F;
3010 : 03F;
3011 : 03F;
3012 : 03F;
3013 : 03F;
3014 : 03F;
3015 : 03F;
3016 : 03F;
3017 : 03F;
3018 : 03F;
3019 : 03F;
3020 : 03F;
3021 : 03F;
3022 : 03F;
3023 : 03F;
3024 : 03F;
3025 : 03F;
3026 : 03F;
3027 : 03F;
3028 : 03F;
3029 : 03F;
3030 : 03F;
3031 : 03F;
3032 : 03F;
3033 : 03F;
3034 : 03F;
3035 : 03F;
3036 : 03F;
3037 : 03F;
3038 : 03F;
3039 : 03F;
3040 : 03F;
3041 : 03F;
3042 : 03F;
3043 : 03F;
3044 : 03F;
3045 : 03F;
3046 : 03F;
3047 : 03F;
3048 : 03F;
3049 : 03F;
3050 : 03F;
3051 : 03F;
3052 : 03F;
3053 : 03F;
3054 : 03F;
3055 : 03F;
3056 : 03F;
3057 : 03F;
3058 : 03F;
3059 : 03F;
3060 : 03F;
3061 : 03F;
3062 : 03F;
3063 : 03F;
3064 : 03F;
3065 : 03F;
3066 : 03F;
3067 : 03F;
3068 : 03F;
3069 : 03F;
3070 : 03F;
3071 : 03F;
3072 : 03F;
3073 : 03F;
3074 : 03F;
3075 : 03F;
3076 : 03F;
3077 : 03F;
3078 : 03F;
3079 : 03F;
3080 : 03F;
3081 : 03F;
3082 : 03F;
3083 : 03F;
3084 : 03F;
3085 : 03F;
3086 : 03F;
3087 : 03F;
3088 : 03F;
3089 : 03F;
3090 : 03F;
3091 : 03F;
3092 : 03F;
3093 : 03F;
3094 : 03F;
3095 : 03F;
3096 : 03F;
3097 : 03F;
3098 : 03F;
3099 : 03F;
3100 : 03F;
3101 : 03F;
3102 : 03F;
3103 : 03F;
3104 : 03F;
3105 : 03F;
3106 : 03F;
3107 : 03F;
3108 : 03F;
3109 : 03F;
3110 : 03F;
3111 : 03F;
3112 : 03F;
3113 : 03F;
3114 : 03F;
3115 : 03F;
3116 : 03F;
3117 : 03F;
3118 : 03F;
3119 : 03F;
3120 : 03F;
3121 : 03F;
3122 : 03F;
3123 : 03F;
3124 : 03F;
3125 : 03F;
3126 : 03F;
3127 : 03F;
3128 : 03F;
3129 : 03F;
3130 : 03F;
3131 : 03F;
3132 : 03F;
3133 : 03F;
3134 : 03F;
3135 : 03F;
3136 : 03F;
3137 : 03F;
3138 : 03F;
3139 : 03F;
3140 : 03F;
3141 : 03F;
3142 : 03F;
3143 : 03F;
3144 : 03F;
3145 : 03F;
3146 : 03F;
3147 : 03F;
3148 : 03F;
3149 : 03F;
3150 : 03F;
3151 : 03F;
3152 : 03F;
3153 : 03F;
3154 : 03F;
3155 : 03F;
3156 : 03F;
3157 : 03F;
3158 : 03F;
3159 : 03F;
3160 : 03F;
3161 : 03F;
3162 : 03F;
3163 : 03F;
3164 : 03F;
3165 : 03F;
3166 : 03F;
3167 : 03F;
3168 : 03F;
3169 : 03F;
3170 : 03F;
3171 : 03F;
3172 : 03F;
3173 : 03F;
3174 : 03F;
3175 : 03F;
3176 : 03F;
3177 : 03F;
3178 : 03F;
3179 : 03F;
3180 : 03F;
3181 : 03F;
3182 : 03F;
3183 : 03F;
3184 : 03F;
3185 : 03F;
3186 : 03F;
3187 : 03F;
3188 : 03F;
3189 : 03F;
3190 : 03F;
3191 : 03F;
3192 : 03F;
3193 : 03F;
3194 : 03F;
3195 : 03F;
3196 : 03F;
3197 : 03F;
3198 : 03F;
3199 : 03F;
3200 : 03F;
3201 : 03F;
3202 : 03F;
3203 : 03F;
3204 : 03F;
3205 : 03F;
3206 : 03F;
3207 : 03F;
3208 : 03F;
3209 : 03F;
3210 : 03F;
3211 : 03F;
3212 : 03F;
3213 : 03F;
3214 : 03F;
3215 : 03F;
3216 : 03F;
3217 : 03F;
3218 : 03F;
3219 : 03F;
3220 : 03F;
3221 : 03F;
3222 : 03F;
3223 : 03F;
3224 : 03F;
3225 : 03F;
3226 : 03F;
3227 : 03F;
3228 : 03F;
3229 : 03F;
3230 : 03F;
3231 : 03F;
3232 : 03F;
3233 : 03F;
3234 : 03F;
3235 : 03F;
3236 : 03F;
3237 : 03F;
3238 : 03F;
3239 : 03F;
3240 : 03F;
3241 : 03F;
3242 : 03F;
3243 : 03F;
3244 : 03F;
3245 : 03F;
3246 : 03F;
3247 : 03F;
3248 : 03F;
3249 : 03F;
3250 : 03F;
3251 : 03F;
3252 : 03F;
3253 : 03F;
3254 : 03F;
3255 : 03F;
3256 : 03F;
3257 : 03F;
3258 : 03F;
3259 : 03F;
3260 : 03F;
3261 : 03F;
3262 : 03F;
3263 : 03F;
3264 : 03F;
3265 : 03F;
3266 : 03F;
3267 : 03F;
3268 : 03F;
3269 : 03F;
3270 : 03F;
3271 : 03F;
3272 : 03F;
3273 : 03F;
3274 : 03F;
3275 : 03F;
3276 : 03F;
3277 : 03F;
3278 : 03F;
3279 : 03F;
3280 : 03F;
3281 : 03F;
3282 : 03F;
3283 : 03F;
3284 : 03F;
3285 : 03F;
3286 : 03F;
3287 : 03F;
3288 : 03F;
3289 : 03F;
3290 : 03F;
3291 : 03F;
3292 : 03F;
3293 : 03F;
3294 : 03F;
3295 : 03F;
3296 : 03F;
3297 : 03F;
3298 : 03F;
3299 : 03F;
3300 : 03F;
3301 : 03F;
3302 : 03F;
3303 : 03F;
3304 : 03F;
3305 : 03F;
3306 : 03F;
3307 : 03F;
3308 : 03F;
3309 : 03F;
3310 : 03F;
3311 : 03F;
3312 : 03F;
3313 : 03F;
3314 : 03F;
3315 : 03F;
3316 : 03F;
3317 : 03F;
3318 : 03F;
3319 : 03F;
3320 : 03F;
3321 : 03F;
3322 : 03F;
3323 : 03F;
3324 : 03F;
3325 : 03F;
3326 : 03F;
3327 : 03F;
3328 : 03F;
3329 : 03F;
3330 : 03F;
3331 : 03F;
3332 : 03F;
3333 : 03F;
3334 : 03F;
3335 : 03F;
3336 : 03F;
3337 : 03F;
3338 : 03F;
3339 : 03F;
3340 : 03F;
3341 : 03F;
3342 : 03F;
3343 : 03F;
3344 : 03F;
3345 : 03F;
3346 : 03F;
3347 : 03F;
3348 : 03F;
3349 : 03F;
3350 : 03F;
3351 : 03F;
3352 : 03F;
3353 : 03F;
3354 : 03F;
3355 : 03F;
3356 : 03F;
3357 : 03F;
3358 : 03F;
3359 : 03F;
3360 : 03F;
3361 : 03F;
3362 : 03F;
3363 : 03F;
3364 : 03F;
3365 : 03F;
3366 : 03F;
3367 : 03F;
3368 : 03F;
3369 : 03F;
3370 : 03F;
3371 : 03F;
3372 : 03F;
3373 : 03F;
3374 : 03F;
3375 : 03F;
3376 : 03F;
3377 : 03F;
3378 : 03F;
3379 : 03F;
3380 : 03F;
3381 : 03F;
3382 : 03F;
3383 : 03F;
3384 : 03F;
3385 : 03F;
3386 : 03F;
3387 : 03F;
3388 : 03F;
3389 : 03F;
3390 : 03F;
3391 : 03F;
3392 : 03F;
3393 : 03F;
3394 : 03F;
3395 : 03F;
3396 : 03F;
3397 : 03F;
3398 : 03F;
3399 : 03F;
3400 : 03F;
3401 : 03F;
3402 : 03F;
3403 : 03F;
3404 : 03F;
3405 : 03F;
3406 : 03F;
3407 : 03F;
3408 : 03F;
3409 : 03F;
3410 : 03F;
3411 : 03F;
3412 : 03F;
3413 : 03F;
3414 : 03F;
3415 : 03F;
3416 : 03F;
3417 : 03F;
3418 : 03F;
3419 : 03F;
3420 : 03F;
3421 : 03F;
3422 : 03F;
3423 : 03F;
3424 : 03F;
3425 : 03F;
3426 : 03F;
3427 : 03F;
3428 : 03F;
3429 : 03F;
3430 : 03F;
3431 : 03F;
3432 : 03F;
3433 : 03F;
3434 : 03F;
3435 : 03F;
3436 : 03F;
3437 : 03F;
3438 : 03F;
3439 : 03F;
3440 : 03F;
3441 : 03F;
3442 : 03F;
3443 : 03F;
3444 : 03F;
3445 : 03F;
3446 : 03F;
3447 : 03F;
3448 : 03F;
3449 : 03F;
3450 : 03F;
3451 : 03F;
3452 : 03F;
3453 : 03F;
3454 : 03F;
3455 : 03F;
3456 : 03F;
3457 : 03F;
3458 : 03F;
3459 : 03F;
3460 : 03F;
3461 : 03F;
3462 : 03F;
3463 : 03F;
3464 : 03F;
3465 : 03F;
3466 : 03F;
3467 : 03F;
3468 : 03F;
3469 : 03F;
3470 : 03F;
3471 : 03F;
3472 : 03F;
3473 : 03F;
3474 : 03F;
3475 : 03F;
3476 : 03F;
3477 : 03F;
3478 : 03F;
3479 : 03F;
3480 : 03F;
3481 : 03F;
3482 : 03F;
3483 : 03F;
3484 : 03F;
3485 : 03F;
3486 : 03F;
3487 : 03F;
3488 : 03F;
3489 : 03F;
3490 : 03F;
3491 : 03F;
3492 : 03F;
3493 : 03F;
3494 : 03F;
3495 : 03F;
3496 : 03F;
3497 : 03F;
3498 : 03F;
3499 : 03F;
3500 : 03F;
3501 : 03F;
3502 : 03F;
3503 : 03F;
3504 : 03F;
3505 : 03F;
3506 : 03F;
3507 : 03F;
3508 : 03F;
3509 : 03F;
3510 : 03F;
3511 : 03F;
3512 : 03F;
3513 : 03F;
3514 : 03F;
3515 : 03F;
3516 : 03F;
3517 : 03F;
3518 : 03F;
3519 : 03F;
3520 : 03F;
3521 : 03F;
3522 : 03F;
3523 : 03F;
3524 : 03F;
3525 : 03F;
3526 : 03F;
3527 : 03F;
3528 : 03F;
3529 : 03F;
3530 : 03F;
3531 : 03F;
3532 : 03F;
3533 : 03F;
3534 : 03F;
3535 : 03F;
3536 : 03F;
3537 : 03F;
3538 : 03F;
3539 : 03F;
3540 : 03F;
3541 : 03F;
3542 : 03F;
3543 : 03F;
3544 : 03F;
3545 : 03F;
3546 : 03F;
3547 : 03F;
3548 : 03F;
3549 : 03F;
3550 : 03F;
3551 : 03F;
3552 : 03F;
3553 : 03F;
3554 : 03F;
3555 : 03F;
3556 : 03F;
3557 : 03F;
3558 : 03F;
3559 : 03F;
3560 : 03F;
3561 : 03F;
3562 : 03F;
3563 : 03F;
3564 : 03F;
3565 : 03F;
3566 : 03F;
3567 : 03F;
3568 : 03F;
3569 : 03F;
3570 : 03F;
3571 : 03F;
3572 : 03F;
3573 : 03F;
3574 : 03F;
3575 : 03F;
3576 : 03F;
3577 : 03F;
3578 : 03F;
3579 : 03F;
3580 : 03F;
3581 : 03F;
3582 : 03F;
3583 : 03F;
3584 : 03F;
3585 : 03F;
3586 : 03F;
3587 : 03F;
3588 : 03F;
3589 : 03F;
3590 : 03F;
3591 : 03F;
3592 : 03F;
3593 : 03F;
3594 : 03F;
3595 : 03F;
3596 : 03F;
3597 : 03F;
3598 : 03F;
3599 : 03F;
3600 : 03F;
3601 : 03F;
3602 : 03F;
3603 : 03F;
3604 : 03F;
3605 : 03F;
3606 : 03F;
3607 : 03F;
3608 : 03F;
3609 : 03F;
3610 : 03F;
3611 : 03F;
3612 : 03F;
3613 : 03F;
3614 : 03F;
3615 : 03F;
3616 : 03F;
3617 : 03F;
3618 : 03F;
3619 : 03F;
3620 : 03F;
3621 : 03F;
3622 : 03F;
3623 : 03F;
3624 : 03F;
3625 : 03F;
3626 : 03F;
3627 : 03F;
3628 : 03F;
3629 : 03F;
3630 : 03F;
3631 : 03F;
3632 : 03F;
3633 : 03F;
3634 : 03F;
3635 : 03F;
3636 : 03F;
3637 : 03F;
3638 : 03F;
3639 : 03F;
3640 : 03F;
3641 : 03F;
3642 : 03F;
3643 : 03F;
3644 : 03F;
3645 : 03F;
3646 : 03F;
3647 : 03F;
3648 : 03F;
3649 : 03F;
3650 : 03F;
3651 : 03F;
3652 : 03F;
3653 : 03F;
3654 : 03F;
3655 : 03F;
3656 : 03F;
3657 : 03F;
3658 : 03F;
3659 : 03F;
3660 : 03F;
3661 : 03F;
3662 : 03F;
3663 : 03F;
3664 : 03F;
3665 : 03F;
3666 : 03F;
3667 : 03F;
3668 : 03F;
3669 : 03F;
3670 : 03F;
3671 : 03F;
3672 : 03F;
3673 : 03F;
3674 : 03F;
3675 : 03F;
3676 : 03F;
3677 : 03F;
3678 : 03F;
3679 : 03F;
3680 : 03F;
3681 : 03F;
3682 : 03F;
3683 : 03F;
3684 : 03F;
3685 : 03F;
3686 : 03F;
3687 : 03F;
3688 : 03F;
3689 : 03F;
3690 : 03F;
3691 : 03F;
3692 : 03F;
3693 : 03F;
3694 : 03F;
3695 : 03F;
3696 : 03F;
3697 : 03F;
3698 : 03F;
3699 : 03F;
3700 : 03F;
3701 : 03F;
3702 : 03F;
3703 : 03F;
3704 : 03F;
3705 : 03F;
3706 : 03F;
3707 : 03F;
3708 : 03F;
3709 : 03F;
3710 : 03F;
3711 : 03F;
3712 : 03F;
3713 : 03F;
3714 : 03F;
3715 : 03F;
3716 : 03F;
3717 : 03F;
3718 : 03F;
3719 : 03F;
3720 : 03F;
3721 : 03F;
3722 : 03F;
3723 : 03F;
3724 : 03F;
3725 : 03F;
3726 : 03F;
3727 : 03F;
3728 : 03F;
3729 : 03F;
3730 : 03F;
3731 : 03F;
3732 : 03F;
3733 : 03F;
3734 : 03F;
3735 : 03F;
3736 : 03F;
3737 : 03F;
3738 : 03F;
3739 : 03F;
3740 : 03F;
3741 : 03F;
3742 : 03F;
3743 : 03F;
3744 : 03F;
3745 : 03F;
3746 : 03F;
3747 : 03F;
3748 : 03F;
3749 : 03F;
3750 : 03F;
3751 : 03F;
3752 : 03F;
3753 : 03F;
3754 : 03F;
3755 : 03F;
3756 : 03F;
3757 : 03F;
3758 : 03F;
3759 : 03F;
3760 : 03F;
3761 : 03F;
3762 : 03F;
3763 : 03F;
3764 : 03F;
3765 : 03F;
3766 : 03F;
3767 : 03F;
3768 : 03F;
3769 : 03F;
3770 : 03F;
3771 : 03F;
3772 : 03F;
3773 : 03F;
3774 : 03F;
3775 : 03F;
3776 : 03F;
3777 : 03F;
3778 : 03F;
3779 : 03F;
3780 : 03F;
3781 : 03F;
3782 : 03F;
3783 : 03F;
3784 : 03F;
3785 : 03F;
3786 : 03F;
3787 : 03F;
3788 : 03F;
3789 : 03F;
3790 : 03F;
3791 : 03F;
3792 : 03F;
3793 : 03F;
3794 : 03F;
3795 : 03F;
3796 : 03F;
3797 : 03F;
3798 : 03F;
3799 : 03F;
3800 : 03F;
3801 : 03F;
3802 : 03F;
3803 : 03F;
3804 : 03F;
3805 : 03F;
3806 : 03F;
3807 : 03F;
3808 : 03F;
3809 : 03F;
3810 : 03F;
3811 : 03F;
3812 : 03F;
3813 : 03F;
3814 : 03F;
3815 : 03F;
3816 : 03F;
3817 : 03F;
3818 : 03F;
3819 : 03F;
3820 : 03F;
3821 : 03F;
3822 : 03F;
3823 : 03F;
3824 : 03F;
3825 : 03F;
3826 : 03F;
3827 : 03F;
3828 : 03F;
3829 : 03F;
3830 : 03F;
3831 : 03F;
3832 : 03F;
3833 : 03F;
3834 : 03F;
3835 : 03F;
3836 : 03F;
3837 : 03F;
3838 : 03F;
3839 : 03F;
3840 : 03F;
3841 : 03F;
3842 : 03F;
3843 : 03F;
3844 : 03F;
3845 : 03F;
3846 : 03F;
3847 : 03F;
3848 : 03F;
3849 : 03F;
3850 : 03F;
3851 : 03F;
3852 : 03F;
3853 : 03F;
3854 : 03F;
3855 : 03F;
3856 : 03F;
3857 : 03F;
3858 : 03F;
3859 : 03F;
3860 : 03F;
3861 : 03F;
3862 : 03F;
3863 : 03F;
3864 : 03F;
3865 : 03F;
3866 : 03F;
3867 : 03F;
3868 : 03F;
3869 : 03F;
3870 : 03F;
3871 : 03F;
3872 : 03F;
3873 : 03F;
3874 : 03F;
3875 : 03F;
3876 : 03F;
3877 : 03F;
3878 : 03F;
3879 : 03F;
3880 : 03F;
3881 : 03F;
3882 : 03F;
3883 : 03F;
3884 : 03F;
3885 : 03F;
3886 : 03F;
3887 : 03F;
3888 : 03F;
3889 : 03F;
3890 : 03F;
3891 : 03F;
3892 : 03F;
3893 : 03F;
3894 : 03F;
3895 : 03F;
3896 : 03F;
3897 : 03F;
3898 : 03F;
3899 : 03F;
3900 : 03F;
3901 : 03F;
3902 : 03F;
3903 : 03F;
3904 : 03F;
3905 : 03F;
3906 : 03F;
3907 : 03F;
3908 : 03F;
3909 : 03F;
3910 : 03F;
3911 : 03F;
3912 : 03F;
3913 : 03F;
3914 : 03F;
3915 : 03F;
3916 : 03F;
3917 : 03F;
3918 : 03F;
3919 : 03F;
3920 : 03F;
3921 : 03F;
3922 : 03F;
3923 : 03F;
3924 : 03F;
3925 : 03F;
3926 : 03F;
3927 : 03F;
3928 : 03F;
3929 : 03F;
3930 : 03F;
3931 : 03F;
3932 : 03F;
3933 : 03F;
3934 : 03F;
3935 : 03F;
3936 : 03F;
3937 : 03F;
3938 : 03F;
3939 : 03F;
3940 : 03F;
3941 : 03F;
3942 : 03F;
3943 : 03F;
3944 : 03F;
3945 : 03F;
3946 : 03F;
3947 : 03F;
3948 : 03F;
3949 : 03F;
3950 : 03F;
3951 : 03F;
3952 : 03F;
3953 : 03F;
3954 : 03F;
3955 : 03F;
3956 : 03F;
3957 : 03F;
3958 : 03F;
3959 : 03F;
3960 : 03F;
3961 : 03F;
3962 : 03F;
3963 : 03F;
3964 : 03F;
3965 : 03F;
3966 : 03F;
3967 : 03F;
3968 : 03F;
3969 : 03F;
3970 : 03F;
3971 : 03F;
3972 : 03F;
3973 : 03F;
3974 : 03F;
3975 : 03F;
3976 : 03F;
3977 : 03F;
3978 : 03F;
3979 : 03F;
3980 : 03F;
3981 : 03F;
3982 : 03F;
3983 : 03F;
3984 : 03F;
3985 : 03F;
3986 : 03F;
3987 : 03F;
3988 : 03F;
3989 : 03F;
3990 : 03F;
3991 : 03F;
3992 : 03F;
3993 : 03F;
3994 : 03F;
3995 : 03F;
3996 : 03F;
3997 : 03F;
3998 : 03F;
3999 : 03F;
4000 : 03F;
4001 : 03F;
4002 : 03F;
4003 : 03F;
4004 : 03F;
4005 : 03F;
4006 : 03F;
4007 : 03F;
4008 : 03F;
4009 : 03F;
4010 : 03F;
4011 : 03F;
4012 : 03F;
4013 : 03F;
4014 : 03F;
4015 : 03F;
4016 : 03F;
4017 : 03F;
4018 : 03F;
4019 : 03F;
4020 : 03F;
4021 : 03F;
4022 : 03F;
4023 : 03F;
4024 : 03F;
4025 : 03F;
4026 : 03F;
4027 : 03F;
4028 : 03F;
4029 : 03F;
4030 : 03F;
4031 : 03F;
4032 : 03F;
4033 : 03F;
4034 : 03F;
4035 : 03F;
4036 : 03F;
4037 : 03F;
4038 : 03F;
4039 : 03F;
4040 : 03F;
4041 : 03F;
4042 : 03F;
4043 : 03F;
4044 : 03F;
4045 : 03F;
4046 : 03F;
4047 : 03F;
4048 : 03F;
4049 : 03F;
4050 : 03F;
4051 : 03F;
4052 : 03F;
4053 : 03F;
4054 : 03F;
4055 : 03F;
4056 : 03F;
4057 : 03F;
4058 : 03F;
4059 : 03F;
4060 : 03F;
4061 : 03F;
4062 : 03F;
4063 : 03F;
4064 : 03F;
4065 : 03F;
4066 : 03F;
4067 : 03F;
4068 : 03F;
4069 : 03F;
4070 : 03F;
4071 : 03F;
4072 : 03F;
4073 : 03F;
4074 : 03F;
4075 : 03F;
4076 : 03F;
4077 : 03F;
4078 : 03F;
4079 : 03F;
4080 : 03F;
4081 : 03F;
4082 : 03F;
4083 : 03F;
4084 : 03F;
4085 : 03F;
4086 : 03F;
4087 : 03F;
4088 : 03F;
4089 : 03F;
4090 : 03F;
4091 : 03F;
4092 : 03F;
4093 : 03F;
4094 : 03F;
4095 : 03F;
4096 : 03F;
4097 : 03F;
4098 : 03F;
4099 : 03F;
4100 : 03F;
4101 : 03F;
4102 : 03F;
4103 : 03F;
4104 : 03F;
4105 : 03F;
4106 : 03F;
4107 : 03F;
4108 : 03F;
4109 : 03F;
4110 : 03F;
4111 : 03F;
4112 : 03F;
4113 : 03F;
4114 : 03F;
4115 : 03F;
4116 : 03F;
4117 : 03F;
4118 : 03F;
4119 : 03F;
4120 : 03F;
4121 : 03F;
4122 : 03F;
4123 : 03F;
4124 : 03F;
4125 : 03F;
4126 : 03F;
4127 : 03F;
4128 : 03F;
4129 : 03F;
4130 : 03F;
4131 : 03F;
4132 : 03F;
4133 : 03F;
4134 : 03F;
4135 : 03F;
4136 : 03F;
4137 : 03F;
4138 : 03F;
4139 : 03F;
4140 : 03F;
4141 : 03F;
4142 : 03F;
4143 : 03F;
4144 : 03F;
4145 : 03F;
4146 : 03F;
4147 : 03F;
4148 : 03F;
4149 : 03F;
4150 : 03F;
4151 : 03F;
4152 : 03F;
4153 : 03F;
4154 : 03F;
4155 : 03F;
4156 : 03F;
4157 : 03F;
4158 : 03F;
4159 : 03F;
4160 : 03F;
4161 : 03F;
4162 : 03F;
4163 : 03F;
4164 : 03F;
4165 : 03F;
4166 : 03F;
4167 : 03F;
4168 : 03F;
4169 : 03F;
4170 : 03F;
4171 : 03F;
4172 : 03F;
4173 : 03F;
4174 : 03F;
4175 : 03F;
4176 : 03F;
4177 : 03F;
4178 : 03F;
4179 : 03F;
4180 : 03F;
4181 : 03F;
4182 : 03F;
4183 : 03F;
4184 : 03F;
4185 : 03F;
4186 : 03F;
4187 : 03F;
4188 : 03F;
4189 : 03F;
4190 : 03F;
4191 : 03F;
4192 : 03F;
4193 : 03F;
4194 : 03F;
4195 : 03F;
4196 : 03F;
4197 : 03F;
4198 : 03F;
4199 : 03F;
4200 : 03F;
4201 : 03F;
4202 : 03F;
4203 : 03F;
4204 : 03F;
4205 : 03F;
4206 : 03F;
4207 : 03F;
4208 : 03F;
4209 : 03F;
4210 : 03F;
4211 : 03F;
4212 : 03F;
4213 : 03F;
4214 : 03F;
4215 : 03F;
4216 : 03F;
4217 : 03F;
4218 : 03F;
4219 : 03F;
4220 : 03F;
4221 : 03F;
4222 : 03F;
4223 : 03F;
4224 : 03F;
4225 : 03F;
4226 : 03F;
4227 : 03F;
4228 : 03F;
4229 : 03F;
4230 : 03F;
4231 : 03F;
4232 : 03F;
4233 : 03F;
4234 : 03F;
4235 : 03F;
4236 : 03F;
4237 : 03F;
4238 : 03F;
4239 : 03F;
4240 : 03F;
4241 : 03F;
4242 : 03F;
4243 : 03F;
4244 : 03F;
4245 : 03F;
4246 : 03F;
4247 : 03F;
4248 : 03F;
4249 : 03F;
4250 : 03F;
4251 : 03F;
4252 : 03F;
4253 : 03F;
4254 : 03F;
4255 : 03F;
4256 : 03F;
4257 : 03F;
4258 : 03F;
4259 : 03F;
4260 : 03F;
4261 : 03F;
4262 : 03F;
4263 : 03F;
4264 : 03F;
4265 : 03F;
4266 : 03F;
4267 : 03F;
4268 : 03F;
4269 : 03F;
4270 : 03F;
4271 : 03F;
4272 : 03F;
4273 : 03F;
4274 : 03F;
4275 : 03F;
4276 : 03F;
4277 : 03F;
4278 : 03F;
4279 : 03F;
4280 : 03F;
4281 : 03F;
4282 : 03F;
4283 : 03F;
4284 : 03F;
4285 : 03F;
4286 : 03F;
4287 : 03F;
4288 : 03F;
4289 : 03F;
4290 : 03F;
4291 : 03F;
4292 : 03F;
4293 : 03F;
4294 : 03F;
4295 : 03F;
4296 : 03F;
4297 : 03F;
4298 : 03F;
4299 : 03F;
4300 : 03F;
4301 : 03F;
4302 : 03F;
4303 : 03F;
4304 : 03F;
4305 : 03F;
4306 : 03F;
4307 : 03F;
4308 : 03F;
4309 : 03F;
4310 : 03F;
4311 : 03F;
4312 : 03F;
4313 : 03F;
4314 : 03F;
4315 : 03F;
4316 : 03F;
4317 : 03F;
4318 : 03F;
4319 : 03F;
4320 : 03F;
4321 : 03F;
4322 : 03F;
4323 : 03F;
4324 : 03F;
4325 : 03F;
4326 : 03F;
4327 : 03F;
4328 : 03F;
4329 : 03F;
4330 : 03F;
4331 : 03F;
4332 : 03F;
4333 : 03F;
4334 : 03F;
4335 : 03F;
4336 : 03F;
4337 : 03F;
4338 : 03F;
4339 : 03F;
4340 : 03F;
4341 : 03F;
4342 : 03F;
4343 : 03F;
4344 : 03F;
4345 : 03F;
4346 : 03F;
4347 : 03F;
4348 : 03F;
4349 : 03F;
4350 : 03F;
4351 : 03F;
4352 : 03F;
4353 : 03F;
4354 : 03F;
4355 : 03F;
4356 : 03F;
4357 : 03F;
4358 : 03F;
4359 : 03F;
4360 : 03F;
4361 : 03F;
4362 : 03F;
4363 : 03F;
4364 : 03F;
4365 : 03F;
4366 : 03F;
4367 : 03F;
4368 : 03F;
4369 : 03F;
4370 : 03F;
4371 : 03F;
4372 : 03F;
4373 : 03F;
4374 : 03F;
4375 : 03F;
4376 : 03F;
4377 : 03F;
4378 : 03F;
4379 : 03F;
4380 : 03F;
4381 : 03F;
4382 : 03F;
4383 : 03F;
4384 : 03F;
4385 : 03F;
4386 : 03F;
4387 : 03F;
4388 : 03F;
4389 : 03F;
4390 : 03F;
4391 : 03F;
4392 : 03F;
4393 : 03F;
4394 : 03F;
4395 : 03F;
4396 : 03F;
4397 : 03F;
4398 : 03F;
4399 : 03F;
4400 : 03F;
4401 : 03F;
4402 : 03F;
4403 : 03F;
4404 : 03F;
4405 : 03F;
4406 : 03F;
4407 : 03F;
4408 : 03F;
4409 : 03F;
4410 : 03F;
4411 : 03F;
4412 : 03F;
4413 : 03F;
4414 : 03F;
4415 : 03F;
4416 : 03F;
4417 : 03F;
4418 : 03F;
4419 : 03F;
4420 : 03F;
4421 : 03F;
4422 : 03F;
4423 : 03F;
4424 : 03F;
4425 : 03F;
4426 : 03F;
4427 : 03F;
4428 : 03F;
4429 : 03F;
4430 : 03F;
4431 : 03F;
4432 : 03F;
4433 : 03F;
4434 : 03F;
4435 : 03F;
4436 : 03F;
4437 : 03F;
4438 : 03F;
4439 : 03F;
4440 : 03F;
4441 : 03F;
4442 : 03F;
4443 : 03F;
4444 : 03F;
4445 : 03F;
4446 : 03F;
4447 : 03F;
4448 : 03F;
4449 : 03F;
4450 : 03F;
4451 : 03F;
4452 : 03F;
4453 : 03F;
4454 : 03F;
4455 : 03F;
4456 : 03F;
4457 : 03F;
4458 : 03F;
4459 : 03F;
4460 : 03F;
4461 : 03F;
4462 : 03F;
4463 : 03F;
4464 : 03F;
4465 : 03F;
4466 : 03F;
4467 : 03F;
4468 : 03F;
4469 : 03F;
4470 : 03F;
4471 : 03F;
4472 : 03F;
4473 : 03F;
4474 : 03F;
4475 : 03F;
4476 : 03F;
4477 : 03F;
4478 : 03F;
4479 : 03F;
4480 : 03F;
4481 : 03F;
4482 : 03F;
4483 : 03F;
4484 : 03F;
4485 : 03F;
4486 : 03F;
4487 : 03F;
4488 : 03F;
4489 : 03F;
4490 : 03F;
4491 : 03F;
4492 : 03F;
4493 : 03F;
4494 : 03F;
4495 : 03F;
4496 : 03F;
4497 : 03F;
4498 : 03F;
4499 : 03F;
4500 : 03F;
4501 : 03F;
4502 : 03F;
4503 : 03F;
4504 : 03F;
4505 : 03F;
4506 : 03F;
4507 : 03F;
4508 : 03F;
4509 : 03F;
4510 : 03F;
4511 : 03F;
4512 : 03F;
4513 : 03F;
4514 : 03F;
4515 : 03F;
4516 : 03F;
4517 : 03F;
4518 : 03F;
4519 : 03F;
4520 : 03F;
4521 : 03F;
4522 : 03F;
4523 : 03F;
4524 : 03F;
4525 : 03F;
4526 : 03F;
4527 : 03F;
4528 : 03F;
4529 : 03F;
4530 : 03F;
4531 : 03F;
4532 : 03F;
4533 : 03F;
4534 : 03F;
4535 : 03F;
4536 : 03F;
4537 : 03F;
4538 : 03F;
4539 : 03F;
4540 : 03F;
4541 : 03F;
4542 : 03F;
4543 : 03F;
4544 : 03F;
4545 : 03F;
4546 : 03F;
4547 : 03F;
4548 : 03F;
4549 : 03F;
4550 : 03F;
4551 : 03F;
4552 : 03F;
4553 : 03F;
4554 : 03F;
4555 : 03F;
4556 : 03F;
4557 : 03F;
4558 : 03F;
4559 : 03F;
4560 : 03F;
4561 : 03F;
4562 : 03F;
4563 : 03F;
4564 : 03F;
4565 : 03F;
4566 : 03F;
4567 : 03F;
4568 : 03F;
4569 : 03F;
4570 : 03F;
4571 : 03F;
4572 : 03F;
4573 : 03F;
4574 : 03F;
4575 : 03F;
4576 : 03F;
4577 : 03F;
4578 : 03F;
4579 : 03F;
4580 : 03F;
4581 : 03F;
4582 : 03F;
4583 : 03F;
4584 : 03F;
4585 : 03F;
4586 : 03F;
4587 : 03F;
4588 : 03F;
4589 : 03F;
4590 : 03F;
4591 : 03F;
4592 : 03F;
4593 : 03F;
4594 : 03F;
4595 : 03F;
4596 : 03F;
4597 : 03F;
4598 : 03F;
4599 : 03F;
4600 : 03F;
4601 : 03F;
4602 : 03F;
4603 : 03F;
4604 : 03F;
4605 : 03F;
4606 : 03F;
4607 : 03F;
4608 : 03F;
4609 : 03F;
4610 : 03F;
4611 : 03F;
4612 : 03F;
4613 : 03F;
4614 : 03F;
4615 : 03F;
4616 : 03F;
4617 : 03F;
4618 : 03F;
4619 : 03F;
4620 : 03F;
4621 : 03F;
4622 : 03F;
4623 : 03F;
4624 : 03F;
4625 : 03F;
4626 : 03F;
4627 : 03F;
4628 : 03F;
4629 : 03F;
4630 : 03F;
4631 : 03F;
4632 : 03F;
4633 : 03F;
4634 : 03F;
4635 : 03F;
4636 : 03F;
4637 : 03F;
4638 : 03F;
4639 : 03F;
4640 : 03F;
4641 : 03F;
4642 : 03F;
4643 : 03F;
4644 : 03F;
4645 : 03F;
4646 : 03F;
4647 : 03F;
4648 : 03F;
4649 : 03F;
4650 : 03F;
4651 : 03F;
4652 : 03F;
4653 : 03F;
4654 : 03F;
4655 : 03F;
4656 : 03F;
4657 : 03F;
4658 : 03F;
4659 : 03F;
4660 : 03F;
4661 : 03F;
4662 : 03F;
4663 : 03F;
4664 : 03F;
4665 : 03F;
4666 : 03F;
4667 : 03F;
4668 : 03F;
4669 : 03F;
4670 : 03F;
4671 : 03F;
4672 : 03F;
4673 : 03F;
4674 : 03F;
4675 : 03F;
4676 : 03F;
4677 : 03F;
4678 : 03F;
4679 : 03F;
4680 : 03F;
4681 : 03F;
4682 : 03F;
4683 : 03F;
4684 : 03F;
4685 : 03F;
4686 : 03F;
4687 : 03F;
4688 : 03F;
4689 : 03F;
4690 : 03F;
4691 : 03F;
4692 : 03F;
4693 : 03F;
4694 : 03F;
4695 : 03F;
4696 : 03F;
4697 : 03F;
4698 : 03F;
4699 : 03F;
4700 : 03F;
4701 : 03F;
4702 : 03F;
4703 : 03F;
4704 : 03F;
4705 : 03F;
4706 : 03F;
4707 : 03F;
4708 : 03F;
4709 : 03F;
4710 : 03F;
4711 : 03F;
4712 : 03F;
4713 : 03F;
4714 : 03F;
4715 : 03F;
4716 : 03F;
4717 : 03F;
4718 : 03F;
4719 : 03F;
4720 : 03F;
4721 : 03F;
4722 : 03F;
4723 : 03F;
4724 : 03F;
4725 : 03F;
4726 : 03F;
4727 : 03F;
4728 : 03F;
4729 : 03F;
4730 : 03F;
4731 : 03F;
4732 : 03F;
4733 : 03F;
4734 : 03F;
4735 : 03F;
4736 : 03F;
4737 : 03F;
4738 : 03F;
4739 : 03F;
4740 : 03F;
4741 : 03F;
4742 : 03F;
4743 : 03F;
4744 : 03F;
4745 : 03F;
4746 : 03F;
4747 : 03F;
4748 : 03F;
4749 : 03F;
4750 : 03F;
4751 : 03F;
4752 : 03F;
4753 : 03F;
4754 : 03F;
4755 : 03F;
4756 : 03F;
4757 : 03F;
4758 : 03F;
4759 : 03F;
4760 : 03F;
4761 : 03F;
4762 : 03F;
4763 : 03F;
4764 : 03F;
4765 : 03F;
4766 : 03F;
4767 : 03F;
4768 : 03F;
4769 : 03F;
4770 : 03F;
4771 : 03F;
4772 : 03F;
4773 : 03F;
4774 : 03F;
4775 : 03F;
4776 : 03F;
4777 : 03F;
4778 : 03F;
4779 : 03F;
4780 : 03F;
4781 : 03F;
4782 : 03F;
4783 : 03F;
4784 : 03F;
4785 : 03F;
4786 : 03F;
4787 : 03F;
4788 : 03F;
4789 : 03F;
4790 : 03F;
4791 : 03F;
4792 : 03F;
4793 : 03F;
4794 : 03F;
4795 : 03F;
4796 : 03F;
4797 : 03F;
4798 : 03F;
4799 : 03F;
4800 : 03F;
4801 : 03F;
4802 : 03F;
4803 : 03F;
4804 : 03F;
4805 : 03F;
4806 : 03F;
4807 : 03F;
4808 : 03F;
4809 : 03F;
4810 : 03F;
4811 : 03F;
4812 : 03F;
4813 : 03F;
4814 : 03F;
4815 : 03F;
4816 : 03F;
4817 : 03F;
4818 : 03F;
4819 : 03F;
4820 : 03F;
4821 : 03F;
4822 : 03F;
4823 : 03F;
4824 : 03F;
4825 : 03F;
4826 : 03F;
4827 : 03F;
4828 : 03F;
4829 : 03F;
4830 : 03F;
4831 : 03F;
4832 : 03F;
4833 : 03F;
4834 : 03F;
4835 : 03F;
4836 : 03F;
4837 : 03F;
4838 : 03F;
4839 : 03F;
4840 : 03F;
4841 : 03F;
4842 : 03F;
4843 : 03F;
4844 : 03F;
4845 : 03F;
4846 : 03F;
4847 : 03F;
4848 : 03F;
4849 : 03F;
4850 : 03F;
4851 : 03F;
4852 : 03F;
4853 : 03F;
4854 : 03F;
4855 : 03F;
4856 : 03F;
4857 : 03F;
4858 : 03F;
4859 : 03F;
4860 : 03F;
4861 : 03F;
4862 : 03F;
4863 : 03F;
4864 : 03F;
4865 : 03F;
4866 : 03F;
4867 : 03F;
4868 : 03F;
4869 : 03F;
4870 : 03F;
4871 : 03F;
4872 : 03F;
4873 : 03F;
4874 : 03F;
4875 : 03F;
4876 : 03F;
4877 : 03F;
4878 : 03F;
4879 : 03F;
4880 : 03F;
4881 : 03F;
4882 : 03F;
4883 : 03F;
4884 : 03F;
4885 : 03F;
4886 : 03F;
4887 : 03F;
4888 : 03F;
4889 : 03F;
4890 : 03F;
4891 : 03F;
4892 : 03F;
4893 : 03F;
4894 : 03F;
4895 : 03F;
4896 : 03F;
4897 : 03F;
4898 : 03F;
4899 : 03F;
4900 : 03F;
4901 : 03F;
4902 : 03F;
4903 : 03F;
4904 : 03F;
4905 : 03F;
4906 : 03F;
4907 : 03F;
4908 : 03F;
4909 : 03F;
4910 : 03F;
4911 : 03F;
4912 : 03F;
4913 : 03F;
4914 : 03F;
4915 : 03F;
4916 : 03F;
4917 : 03F;
4918 : 03F;
4919 : 03F;
4920 : 03F;
4921 : 03F;
4922 : 03F;
4923 : 03F;
4924 : 03F;
4925 : 03F;
4926 : 03F;
4927 : 03F;
4928 : 03F;
4929 : 03F;
4930 : 03F;
4931 : 03F;
4932 : 03F;
4933 : 03F;
4934 : 03F;
4935 : 03F;
4936 : 03F;
4937 : 03F;
4938 : 03F;
4939 : 03F;
4940 : 03F;
4941 : 03F;
4942 : 03F;
4943 : 03F;
4944 : 03F;
4945 : 03F;
4946 : 03F;
4947 : 03F;
4948 : 03F;
4949 : 03F;
4950 : 03F;
4951 : 03F;
4952 : 03F;
4953 : 03F;
4954 : 03F;
4955 : 03F;
4956 : 03F;
4957 : 03F;
4958 : 03F;
4959 : 03F;
4960 : 03F;
4961 : 03F;
4962 : 03F;
4963 : 03F;
4964 : 03F;
4965 : 03F;
4966 : 03F;
4967 : 03F;
4968 : 03F;
4969 : 03F;
4970 : 03F;
4971 : 03F;
4972 : 03F;
4973 : 03F;
4974 : 03F;
4975 : 03F;
4976 : 03F;
4977 : 03F;
4978 : 03F;
4979 : 03F;
4980 : 03F;
4981 : 03F;
4982 : 03F;
4983 : 03F;
4984 : 03F;
4985 : 03F;
4986 : 03F;
4987 : 03F;
4988 : 03F;
4989 : 03F;
4990 : 03F;
4991 : 03F;
4992 : 03F;
4993 : 03F;
4994 : 03F;
4995 : 03F;
4996 : 03F;
4997 : 03F;
4998 : 03F;
4999 : 03F;
5000 : 03F;
5001 : 03F;
5002 : 03F;
5003 : 03F;
5004 : 03F;
5005 : 03F;
5006 : 03F;
5007 : 03F;
5008 : 03F;
5009 : 03F;
5010 : 03F;
5011 : 03F;
5012 : 03F;
5013 : 03F;
5014 : 03F;
5015 : 03F;
5016 : 03F;
5017 : 03F;
5018 : 03F;
5019 : 03F;
5020 : 03F;
5021 : 03F;
5022 : 03F;
5023 : 03F;
5024 : 03F;
5025 : 03F;
5026 : 03F;
5027 : 03F;
5028 : 03F;
5029 : 03F;
5030 : 03F;
5031 : 03F;
5032 : 03F;
5033 : 03F;
5034 : 03F;
5035 : 03F;
5036 : 03F;
5037 : 03F;
5038 : 03F;
5039 : 03F;
5040 : 03F;
5041 : 03F;
5042 : 03F;
5043 : 03F;
5044 : 03F;
5045 : 03F;
5046 : 03F;
5047 : 03F;
5048 : 03F;
5049 : 03F;
5050 : 03F;
5051 : 03F;
5052 : 03F;
5053 : 03F;
5054 : 03F;
5055 : 03F;
5056 : 03F;
5057 : 03F;
5058 : 03F;
5059 : 03F;
5060 : 03F;
5061 : 03F;
5062 : 03F;
5063 : 03F;
5064 : 03F;
5065 : 03F;
5066 : 03F;
5067 : 03F;
5068 : 03F;
5069 : 03F;
5070 : 03F;
5071 : 03F;
5072 : 03F;
5073 : 03F;
5074 : 03F;
5075 : 03F;
5076 : 03F;
5077 : 03F;
5078 : 03F;
5079 : 03F;
5080 : 03F;
5081 : 03F;
5082 : 03F;
5083 : 03F;
5084 : 03F;
5085 : 03F;
5086 : 03F;
5087 : 03F;
5088 : 03F;
5089 : 03F;
5090 : 03F;
5091 : 03F;
5092 : 03F;
5093 : 03F;
5094 : 03F;
5095 : 03F;
5096 : 03F;
5097 : 03F;
5098 : 03F;
5099 : 03F;
5100 : 03F;
5101 : 03F;
5102 : 03F;
5103 : 03F;
5104 : 03F;
5105 : 03F;
5106 : 03F;
5107 : 03F;
5108 : 03F;
5109 : 03F;
5110 : 03F;
5111 : 03F;
5112 : 03F;
5113 : 03F;
5114 : 03F;
5115 : 03F;
5116 : 03F;
5117 : 03F;
5118 : 03F;
5119 : 03F;
5120 : 03F;
5121 : 03F;
5122 : 03F;
5123 : 03F;
5124 : 03F;
5125 : 03F;
5126 : 03F;
5127 : 03F;
5128 : 03F;
5129 : 03F;
5130 : 03F;
5131 : 03F;
5132 : 03F;
5133 : 03F;
5134 : 03F;
5135 : 03F;
5136 : 03F;
5137 : 03F;
5138 : 03F;
5139 : 03F;
5140 : 03F;
5141 : 03F;
5142 : 03F;
5143 : 03F;
5144 : 03F;
5145 : 03F;
5146 : 03F;
5147 : 03F;
5148 : 03F;
5149 : 03F;
5150 : 03F;
5151 : 03F;
5152 : 03F;
5153 : 03F;
5154 : 03F;
5155 : 03F;
5156 : 03F;
5157 : 03F;
5158 : 03F;
5159 : 03F;
5160 : 03F;
5161 : 03F;
5162 : 03F;
5163 : 03F;
5164 : 03F;
5165 : 03F;
5166 : 03F;
5167 : 03F;
5168 : 03F;
5169 : 03F;
5170 : 03F;
5171 : 03F;
5172 : 03F;
5173 : 03F;
5174 : 03F;
5175 : 03F;
5176 : 03F;
5177 : 03F;
5178 : 03F;
5179 : 03F;
5180 : 03F;
5181 : 03F;
5182 : 03F;
5183 : 03F;
5184 : 03F;
5185 : 03F;
5186 : 03F;
5187 : 03F;
5188 : 03F;
5189 : 03F;
5190 : 03F;
5191 : 03F;
5192 : 03F;
5193 : 03F;
5194 : 03F;
5195 : 03F;
5196 : 03F;
5197 : 03F;
5198 : 03F;
5199 : 03F;
5200 : 03F;
5201 : 03F;
5202 : 03F;
5203 : 03F;
5204 : 03F;
5205 : 03F;
5206 : 03F;
5207 : 03F;
5208 : 03F;
5209 : 03F;
5210 : 03F;
5211 : 03F;
5212 : 03F;
5213 : 03F;
5214 : 03F;
5215 : 03F;
5216 : 03F;
5217 : 03F;
5218 : 03F;
5219 : 03F;
5220 : 03F;
5221 : 03F;
5222 : 03F;
5223 : 03F;
5224 : 03F;
5225 : 03F;
5226 : 03F;
5227 : 03F;
5228 : 03F;
5229 : 03F;
5230 : 03F;
5231 : 03F;
5232 : 03F;
5233 : 03F;
5234 : 03F;
5235 : 03F;
5236 : 03F;
5237 : 03F;
5238 : 03F;
5239 : 03F;
5240 : 03F;
5241 : 03F;
5242 : 03F;
5243 : 03F;
5244 : 03F;
5245 : 03F;
5246 : 03F;
5247 : 03F;
5248 : 03F;
5249 : 03F;
5250 : 03F;
5251 : 03F;
5252 : 03F;
5253 : 03F;
5254 : 03F;
5255 : 03F;
5256 : 03F;
5257 : 03F;
5258 : 03F;
5259 : 03F;
5260 : 03F;
5261 : 03F;
5262 : 03F;
5263 : 03F;
5264 : 03F;
5265 : 03F;
5266 : 03F;
5267 : 03F;
5268 : 03F;
5269 : 03F;
5270 : 03F;
5271 : 03F;
5272 : 03F;
5273 : 03F;
5274 : 03F;
5275 : 03F;
5276 : 03F;
5277 : 03F;
5278 : 03F;
5279 : 03F;
5280 : 03F;
5281 : 03F;
5282 : 03F;
5283 : 03F;
5284 : 03F;
5285 : 03F;
5286 : 03F;
5287 : 03F;
5288 : 03F;
5289 : 03F;
5290 : 03F;
5291 : 03F;
5292 : 03F;
5293 : 03F;
5294 : 03F;
5295 : 03F;
5296 : 03F;
5297 : 03F;
5298 : 03F;
5299 : 03F;
5300 : 03F;
5301 : 03F;
5302 : 03F;
5303 : 03F;
5304 : 03F;
5305 : 03F;
5306 : 03F;
5307 : 03F;
5308 : 03F;
5309 : 03F;
5310 : 03F;
5311 : 03F;
5312 : 03F;
5313 : 03F;
5314 : 03F;
5315 : 03F;
5316 : 03F;
5317 : 03F;
5318 : 03F;
5319 : 03F;
5320 : 03F;
5321 : 03F;
5322 : 03F;
5323 : 03F;
5324 : 03F;
5325 : 03F;
5326 : 03F;
5327 : 03F;
5328 : 03F;
5329 : 03F;
5330 : 03F;
5331 : 03F;
5332 : 03F;
5333 : 03F;
5334 : 03F;
5335 : 03F;
5336 : 03F;
5337 : 03F;
5338 : 03F;
5339 : 03F;
5340 : 03F;
5341 : 03F;
5342 : 03F;
5343 : 03F;
5344 : 03F;
5345 : 03F;
5346 : 03F;
5347 : 03F;
5348 : 03F;
5349 : 03F;
5350 : 03F;
5351 : 03F;
5352 : 03F;
5353 : 03F;
5354 : 03F;
5355 : 03F;
5356 : 03F;
5357 : 03F;
5358 : 03F;
5359 : 03F;
5360 : 03F;
5361 : 03F;
5362 : 03F;
5363 : 03F;
5364 : 03F;
5365 : 03F;
5366 : 03F;
5367 : 03F;
5368 : 03F;
5369 : 03F;
5370 : 03F;
5371 : 03F;
5372 : 03F;
5373 : 03F;
5374 : 03F;
5375 : 03F;
5376 : 03F;
5377 : 03F;
5378 : 03F;
5379 : 03F;
5380 : 03F;
5381 : 03F;
5382 : 03F;
5383 : 03F;
5384 : 03F;
5385 : 03F;
5386 : 03F;
5387 : 03F;
5388 : 03F;
5389 : 03F;
5390 : 03F;
5391 : 03F;
5392 : 03F;
5393 : 03F;
5394 : 03F;
5395 : 03F;
5396 : 03F;
5397 : 03F;
5398 : 03F;
5399 : 03F;
5400 : 03F;
5401 : 03F;
5402 : 03F;
5403 : 03F;
5404 : 03F;
5405 : 03F;
5406 : 03F;
5407 : 03F;
5408 : 03F;
5409 : 03F;
5410 : 03F;
5411 : 03F;
5412 : 03F;
5413 : 03F;
5414 : 03F;
5415 : 03F;
5416 : 03F;
5417 : 03F;
5418 : 03F;
5419 : 03F;
5420 : 03F;
5421 : 03F;
5422 : 03F;
5423 : 03F;
5424 : 03F;
5425 : 03F;
5426 : 03F;
5427 : 03F;
5428 : 03F;
5429 : 03F;
5430 : 03F;
5431 : 03F;
5432 : 03F;
5433 : 03F;
5434 : 03F;
5435 : 03F;
5436 : 03F;
5437 : 03F;
5438 : 03F;
5439 : 03F;
5440 : 03F;
5441 : 03F;
5442 : 03F;
5443 : 03F;
5444 : 03F;
5445 : 03F;
5446 : 03F;
5447 : 03F;
5448 : 03F;
5449 : 03F;
5450 : 03F;
5451 : 03F;
5452 : 03F;
5453 : 03F;
5454 : 03F;
5455 : 03F;
5456 : 03F;
5457 : 03F;
5458 : 03F;
5459 : 03F;
5460 : 03F;
5461 : 03F;
5462 : 03F;
5463 : 03F;
5464 : 03F;
5465 : 03F;
5466 : 03F;
5467 : 03F;
5468 : 03F;
5469 : 03F;
5470 : 03F;
5471 : 03F;
5472 : 03F;
5473 : 03F;
5474 : 03F;
5475 : 03F;
5476 : 03F;
5477 : 03F;
5478 : 03F;
5479 : 03F;
5480 : 03F;
5481 : 03F;
5482 : 03F;
5483 : 03F;
5484 : 03F;
5485 : 03F;
5486 : 03F;
5487 : 03F;
5488 : 03F;
5489 : 03F;
5490 : 03F;
5491 : 03F;
5492 : 03F;
5493 : 03F;
5494 : 03F;
5495 : 03F;
5496 : 03F;
5497 : 03F;
5498 : 03F;
5499 : 03F;
5500 : 03F;
5501 : 03F;
5502 : 03F;
5503 : 03F;
5504 : 03F;
5505 : 03F;
5506 : 03F;
5507 : 03F;
5508 : 03F;
5509 : 03F;
5510 : 03F;
5511 : 03F;
5512 : 03F;
5513 : 03F;
5514 : 03F;
5515 : 03F;
5516 : 03F;
5517 : 03F;
5518 : 03F;
5519 : 03F;
5520 : 03F;
5521 : 03F;
5522 : 03F;
5523 : 03F;
5524 : 03F;
5525 : 03F;
5526 : 03F;
5527 : 03F;
5528 : 03F;
5529 : 03F;
5530 : 03F;
5531 : 03F;
5532 : 03F;
5533 : 03F;
5534 : 03F;
5535 : 03F;
5536 : 03F;
5537 : 03F;
5538 : 03F;
5539 : 03F;
5540 : 03F;
5541 : 03F;
5542 : 03F;
5543 : 03F;
5544 : 03F;
5545 : 03F;
5546 : 03F;
5547 : 03F;
5548 : 03F;
5549 : 03F;
5550 : 03F;
5551 : 03F;
5552 : 03F;
5553 : 03F;
5554 : 03F;
5555 : 03F;
5556 : 03F;
5557 : 03F;
5558 : 03F;
5559 : 03F;
5560 : 03F;
5561 : 03F;
5562 : 03F;
5563 : 03F;
5564 : 03F;
5565 : 03F;
5566 : 03F;
5567 : 03F;
5568 : 03F;
5569 : 03F;
5570 : 03F;
5571 : 03F;
5572 : 03F;
5573 : 03F;
5574 : 03F;
5575 : 03F;
5576 : 03F;
5577 : 03F;
5578 : 03F;
5579 : 03F;
5580 : 03F;
5581 : 03F;
5582 : 1FF;
5583 : 1FF;
5584 : 1FF;
5585 : 1FF;
5586 : 1FF;
5587 : 1FF;
5588 : 1FF;
5589 : 03F;
5590 : 03F;
5591 : 03F;
5592 : 03F;
5593 : 03F;
5594 : 03F;
5595 : 03F;
5596 : 03F;
5597 : 03F;
5598 : 03F;
5599 : 03F;
5600 : 03F;
5601 : 03F;
5602 : 03F;
5603 : 03F;
5604 : 03F;
5605 : 03F;
5606 : 03F;
5607 : 03F;
5608 : 03F;
5609 : 03F;
5610 : 03F;
5611 : 03F;
5612 : 03F;
5613 : 03F;
5614 : 03F;
5615 : 03F;
5616 : 03F;
5617 : 03F;
5618 : 03F;
5619 : 03F;
5620 : 03F;
5621 : 03F;
5622 : 03F;
5623 : 03F;
5624 : 03F;
5625 : 03F;
5626 : 03F;
5627 : 03F;
5628 : 03F;
5629 : 03F;
5630 : 03F;
5631 : 03F;
5632 : 03F;
5633 : 03F;
5634 : 03F;
5635 : 03F;
5636 : 03F;
5637 : 03F;
5638 : 03F;
5639 : 03F;
5640 : 03F;
5641 : 03F;
5642 : 03F;
5643 : 03F;
5644 : 03F;
5645 : 03F;
5646 : 03F;
5647 : 03F;
5648 : 03F;
5649 : 03F;
5650 : 03F;
5651 : 03F;
5652 : 03F;
5653 : 03F;
5654 : 03F;
5655 : 03F;
5656 : 03F;
5657 : 03F;
5658 : 03F;
5659 : 03F;
5660 : 03F;
5661 : 03F;
5662 : 03F;
5663 : 03F;
5664 : 03F;
5665 : 03F;
5666 : 03F;
5667 : 03F;
5668 : 03F;
5669 : 03F;
5670 : 03F;
5671 : 03F;
5672 : 03F;
5673 : 03F;
5674 : 03F;
5675 : 03F;
5676 : 03F;
5677 : 03F;
5678 : 03F;
5679 : 03F;
5680 : 03F;
5681 : 03F;
5682 : 03F;
5683 : 03F;
5684 : 03F;
5685 : 03F;
5686 : 03F;
5687 : 03F;
5688 : 03F;
5689 : 03F;
5690 : 03F;
5691 : 03F;
5692 : 03F;
5693 : 03F;
5694 : 03F;
5695 : 03F;
5696 : 03F;
5697 : 03F;
5698 : 03F;
5699 : 03F;
5700 : 03F;
5701 : 03F;
5702 : 03F;
5703 : 03F;
5704 : 03F;
5705 : 03F;
5706 : 03F;
5707 : 03F;
5708 : 03F;
5709 : 03F;
5710 : 03F;
5711 : 03F;
5712 : 03F;
5713 : 03F;
5714 : 03F;
5715 : 03F;
5716 : 03F;
5717 : 03F;
5718 : 03F;
5719 : 03F;
5720 : 03F;
5721 : 03F;
5722 : 03F;
5723 : 03F;
5724 : 03F;
5725 : 03F;
5726 : 03F;
5727 : 03F;
5728 : 03F;
5729 : 03F;
5730 : 03F;
5731 : 03F;
5732 : 03F;
5733 : 03F;
5734 : 03F;
5735 : 03F;
5736 : 03F;
5737 : 03F;
5738 : 03F;
5739 : 03F;
5740 : 03F;
5741 : 03F;
5742 : 03F;
5743 : 03F;
5744 : 03F;
5745 : 03F;
5746 : 03F;
5747 : 03F;
5748 : 03F;
5749 : 03F;
5750 : 03F;
5751 : 03F;
5752 : 03F;
5753 : 03F;
5754 : 03F;
5755 : 03F;
5756 : 03F;
5757 : 03F;
5758 : 03F;
5759 : 03F;
5760 : 03F;
5761 : 03F;
5762 : 03F;
5763 : 03F;
5764 : 03F;
5765 : 03F;
5766 : 03F;
5767 : 03F;
5768 : 03F;
5769 : 03F;
5770 : 03F;
5771 : 03F;
5772 : 03F;
5773 : 03F;
5774 : 03F;
5775 : 03F;
5776 : 03F;
5777 : 03F;
5778 : 03F;
5779 : 03F;
5780 : 03F;
5781 : 03F;
5782 : 03F;
5783 : 03F;
5784 : 03F;
5785 : 03F;
5786 : 03F;
5787 : 03F;
5788 : 03F;
5789 : 03F;
5790 : 03F;
5791 : 03F;
5792 : 03F;
5793 : 03F;
5794 : 03F;
5795 : 03F;
5796 : 03F;
5797 : 03F;
5798 : 03F;
5799 : 03F;
5800 : 03F;
5801 : 03F;
5802 : 03F;
5803 : 03F;
5804 : 03F;
5805 : 03F;
5806 : 03F;
5807 : 03F;
5808 : 03F;
5809 : 03F;
5810 : 03F;
5811 : 03F;
5812 : 03F;
5813 : 03F;
5814 : 03F;
5815 : 03F;
5816 : 03F;
5817 : 03F;
5818 : 03F;
5819 : 03F;
5820 : 03F;
5821 : 03F;
5822 : 03F;
5823 : 03F;
5824 : 03F;
5825 : 03F;
5826 : 03F;
5827 : 03F;
5828 : 03F;
5829 : 03F;
5830 : 03F;
5831 : 03F;
5832 : 03F;
5833 : 03F;
5834 : 03F;
5835 : 03F;
5836 : 03F;
5837 : 03F;
5838 : 03F;
5839 : 03F;
5840 : 03F;
5841 : 03F;
5842 : 03F;
5843 : 03F;
5844 : 03F;
5845 : 03F;
5846 : 03F;
5847 : 03F;
5848 : 03F;
5849 : 03F;
5850 : 03F;
5851 : 03F;
5852 : 03F;
5853 : 03F;
5854 : 03F;
5855 : 03F;
5856 : 03F;
5857 : 03F;
5858 : 03F;
5859 : 03F;
5860 : 03F;
5861 : 03F;
5862 : 03F;
5863 : 03F;
5864 : 03F;
5865 : 03F;
5866 : 03F;
5867 : 03F;
5868 : 03F;
5869 : 03F;
5870 : 03F;
5871 : 03F;
5872 : 03F;
5873 : 03F;
5874 : 03F;
5875 : 03F;
5876 : 03F;
5877 : 03F;
5878 : 03F;
5879 : 03F;
5880 : 03F;
5881 : 03F;
5882 : 03F;
5883 : 03F;
5884 : 03F;
5885 : 03F;
5886 : 03F;
5887 : 03F;
5888 : 03F;
5889 : 03F;
5890 : 03F;
5891 : 03F;
5892 : 03F;
5893 : 03F;
5894 : 03F;
5895 : 03F;
5896 : 03F;
5897 : 03F;
5898 : 03F;
5899 : 1FF;
5900 : 1FF;
5901 : 1FF;
5902 : 1FF;
5903 : 1FF;
5904 : 1FF;
5905 : 1FF;
5906 : 1FF;
5907 : 1FF;
5908 : 1FF;
5909 : 1FF;
5910 : 1FF;
5911 : 1FF;
5912 : 03F;
5913 : 03F;
5914 : 03F;
5915 : 03F;
5916 : 03F;
5917 : 03F;
5918 : 03F;
5919 : 03F;
5920 : 03F;
5921 : 03F;
5922 : 03F;
5923 : 03F;
5924 : 03F;
5925 : 03F;
5926 : 03F;
5927 : 03F;
5928 : 03F;
5929 : 03F;
5930 : 03F;
5931 : 03F;
5932 : 03F;
5933 : 03F;
5934 : 03F;
5935 : 03F;
5936 : 03F;
5937 : 03F;
5938 : 03F;
5939 : 03F;
5940 : 03F;
5941 : 03F;
5942 : 03F;
5943 : 03F;
5944 : 03F;
5945 : 03F;
5946 : 03F;
5947 : 03F;
5948 : 03F;
5949 : 03F;
5950 : 03F;
5951 : 03F;
5952 : 03F;
5953 : 03F;
5954 : 03F;
5955 : 03F;
5956 : 03F;
5957 : 03F;
5958 : 03F;
5959 : 03F;
5960 : 03F;
5961 : 03F;
5962 : 03F;
5963 : 03F;
5964 : 03F;
5965 : 03F;
5966 : 03F;
5967 : 03F;
5968 : 03F;
5969 : 03F;
5970 : 03F;
5971 : 03F;
5972 : 03F;
5973 : 03F;
5974 : 03F;
5975 : 03F;
5976 : 03F;
5977 : 03F;
5978 : 03F;
5979 : 03F;
5980 : 03F;
5981 : 03F;
5982 : 03F;
5983 : 03F;
5984 : 03F;
5985 : 03F;
5986 : 03F;
5987 : 03F;
5988 : 03F;
5989 : 03F;
5990 : 03F;
5991 : 03F;
5992 : 03F;
5993 : 03F;
5994 : 03F;
5995 : 03F;
5996 : 03F;
5997 : 03F;
5998 : 03F;
5999 : 03F;
6000 : 03F;
6001 : 03F;
6002 : 03F;
6003 : 03F;
6004 : 03F;
6005 : 03F;
6006 : 03F;
6007 : 03F;
6008 : 03F;
6009 : 03F;
6010 : 03F;
6011 : 03F;
6012 : 03F;
6013 : 03F;
6014 : 03F;
6015 : 03F;
6016 : 03F;
6017 : 03F;
6018 : 03F;
6019 : 03F;
6020 : 03F;
6021 : 03F;
6022 : 03F;
6023 : 03F;
6024 : 03F;
6025 : 03F;
6026 : 03F;
6027 : 03F;
6028 : 03F;
6029 : 03F;
6030 : 03F;
6031 : 03F;
6032 : 03F;
6033 : 03F;
6034 : 03F;
6035 : 03F;
6036 : 03F;
6037 : 03F;
6038 : 03F;
6039 : 03F;
6040 : 03F;
6041 : 03F;
6042 : 03F;
6043 : 03F;
6044 : 03F;
6045 : 03F;
6046 : 03F;
6047 : 03F;
6048 : 03F;
6049 : 03F;
6050 : 03F;
6051 : 03F;
6052 : 03F;
6053 : 03F;
6054 : 03F;
6055 : 03F;
6056 : 03F;
6057 : 03F;
6058 : 03F;
6059 : 03F;
6060 : 03F;
6061 : 03F;
6062 : 03F;
6063 : 03F;
6064 : 03F;
6065 : 03F;
6066 : 03F;
6067 : 03F;
6068 : 03F;
6069 : 03F;
6070 : 03F;
6071 : 03F;
6072 : 03F;
6073 : 03F;
6074 : 03F;
6075 : 03F;
6076 : 03F;
6077 : 03F;
6078 : 03F;
6079 : 03F;
6080 : 03F;
6081 : 03F;
6082 : 03F;
6083 : 03F;
6084 : 03F;
6085 : 03F;
6086 : 03F;
6087 : 03F;
6088 : 03F;
6089 : 03F;
6090 : 03F;
6091 : 03F;
6092 : 03F;
6093 : 03F;
6094 : 03F;
6095 : 03F;
6096 : 03F;
6097 : 03F;
6098 : 03F;
6099 : 03F;
6100 : 03F;
6101 : 03F;
6102 : 03F;
6103 : 03F;
6104 : 03F;
6105 : 03F;
6106 : 03F;
6107 : 03F;
6108 : 03F;
6109 : 03F;
6110 : 03F;
6111 : 03F;
6112 : 03F;
6113 : 03F;
6114 : 03F;
6115 : 03F;
6116 : 03F;
6117 : 03F;
6118 : 03F;
6119 : 03F;
6120 : 03F;
6121 : 03F;
6122 : 03F;
6123 : 03F;
6124 : 03F;
6125 : 03F;
6126 : 03F;
6127 : 03F;
6128 : 03F;
6129 : 03F;
6130 : 03F;
6131 : 03F;
6132 : 03F;
6133 : 03F;
6134 : 03F;
6135 : 03F;
6136 : 03F;
6137 : 03F;
6138 : 03F;
6139 : 03F;
6140 : 03F;
6141 : 03F;
6142 : 03F;
6143 : 03F;
6144 : 03F;
6145 : 03F;
6146 : 03F;
6147 : 03F;
6148 : 03F;
6149 : 03F;
6150 : 03F;
6151 : 03F;
6152 : 03F;
6153 : 03F;
6154 : 03F;
6155 : 03F;
6156 : 03F;
6157 : 03F;
6158 : 03F;
6159 : 03F;
6160 : 03F;
6161 : 03F;
6162 : 03F;
6163 : 03F;
6164 : 03F;
6165 : 03F;
6166 : 03F;
6167 : 03F;
6168 : 03F;
6169 : 03F;
6170 : 03F;
6171 : 03F;
6172 : 03F;
6173 : 03F;
6174 : 03F;
6175 : 03F;
6176 : 03F;
6177 : 03F;
6178 : 03F;
6179 : 03F;
6180 : 03F;
6181 : 03F;
6182 : 03F;
6183 : 03F;
6184 : 03F;
6185 : 03F;
6186 : 03F;
6187 : 03F;
6188 : 03F;
6189 : 03F;
6190 : 03F;
6191 : 03F;
6192 : 03F;
6193 : 03F;
6194 : 03F;
6195 : 03F;
6196 : 03F;
6197 : 03F;
6198 : 03F;
6199 : 03F;
6200 : 03F;
6201 : 03F;
6202 : 03F;
6203 : 03F;
6204 : 03F;
6205 : 03F;
6206 : 03F;
6207 : 03F;
6208 : 03F;
6209 : 03F;
6210 : 03F;
6211 : 03F;
6212 : 03F;
6213 : 03F;
6214 : 03F;
6215 : 03F;
6216 : 03F;
6217 : 03F;
6218 : 1FF;
6219 : 1FF;
6220 : 1FF;
6221 : 1FF;
6222 : 1FF;
6223 : 1FF;
6224 : 1FF;
6225 : 1FF;
6226 : 1FF;
6227 : 1FF;
6228 : 1FF;
6229 : 1FF;
6230 : 1FF;
6231 : 1FF;
6232 : 1FF;
6233 : 03F;
6234 : 03F;
6235 : 03F;
6236 : 03F;
6237 : 03F;
6238 : 03F;
6239 : 03F;
6240 : 03F;
6241 : 03F;
6242 : 03F;
6243 : 03F;
6244 : 03F;
6245 : 03F;
6246 : 03F;
6247 : 03F;
6248 : 03F;
6249 : 03F;
6250 : 03F;
6251 : 03F;
6252 : 03F;
6253 : 03F;
6254 : 03F;
6255 : 03F;
6256 : 03F;
6257 : 03F;
6258 : 03F;
6259 : 03F;
6260 : 03F;
6261 : 03F;
6262 : 03F;
6263 : 03F;
6264 : 03F;
6265 : 03F;
6266 : 03F;
6267 : 03F;
6268 : 03F;
6269 : 03F;
6270 : 03F;
6271 : 03F;
6272 : 03F;
6273 : 03F;
6274 : 03F;
6275 : 03F;
6276 : 03F;
6277 : 03F;
6278 : 03F;
6279 : 03F;
6280 : 03F;
6281 : 03F;
6282 : 03F;
6283 : 03F;
6284 : 03F;
6285 : 03F;
6286 : 03F;
6287 : 03F;
6288 : 03F;
6289 : 03F;
6290 : 03F;
6291 : 03F;
6292 : 03F;
6293 : 03F;
6294 : 03F;
6295 : 03F;
6296 : 03F;
6297 : 03F;
6298 : 03F;
6299 : 03F;
6300 : 03F;
6301 : 03F;
6302 : 03F;
6303 : 03F;
6304 : 03F;
6305 : 03F;
6306 : 03F;
6307 : 03F;
6308 : 03F;
6309 : 03F;
6310 : 03F;
6311 : 03F;
6312 : 03F;
6313 : 03F;
6314 : 03F;
6315 : 03F;
6316 : 03F;
6317 : 03F;
6318 : 03F;
6319 : 03F;
6320 : 03F;
6321 : 03F;
6322 : 03F;
6323 : 03F;
6324 : 03F;
6325 : 03F;
6326 : 03F;
6327 : 03F;
6328 : 03F;
6329 : 03F;
6330 : 03F;
6331 : 03F;
6332 : 03F;
6333 : 03F;
6334 : 1F8;
6335 : 1F8;
6336 : 1F8;
6337 : 1F8;
6338 : 1F8;
6339 : 1F8;
6340 : 1F8;
6341 : 1F8;
6342 : 1F8;
6343 : 03F;
6344 : 03F;
6345 : 03F;
6346 : 03F;
6347 : 03F;
6348 : 03F;
6349 : 03F;
6350 : 03F;
6351 : 03F;
6352 : 03F;
6353 : 03F;
6354 : 03F;
6355 : 03F;
6356 : 03F;
6357 : 03F;
6358 : 03F;
6359 : 03F;
6360 : 03F;
6361 : 03F;
6362 : 03F;
6363 : 03F;
6364 : 03F;
6365 : 03F;
6366 : 03F;
6367 : 03F;
6368 : 03F;
6369 : 03F;
6370 : 03F;
6371 : 03F;
6372 : 03F;
6373 : 03F;
6374 : 03F;
6375 : 03F;
6376 : 03F;
6377 : 03F;
6378 : 03F;
6379 : 03F;
6380 : 03F;
6381 : 03F;
6382 : 03F;
6383 : 03F;
6384 : 03F;
6385 : 03F;
6386 : 03F;
6387 : 03F;
6388 : 03F;
6389 : 03F;
6390 : 03F;
6391 : 03F;
6392 : 03F;
6393 : 03F;
6394 : 03F;
6395 : 03F;
6396 : 03F;
6397 : 03F;
6398 : 03F;
6399 : 03F;
6400 : 03F;
6401 : 03F;
6402 : 03F;
6403 : 03F;
6404 : 03F;
6405 : 03F;
6406 : 03F;
6407 : 03F;
6408 : 03F;
6409 : 03F;
6410 : 03F;
6411 : 03F;
6412 : 03F;
6413 : 03F;
6414 : 03F;
6415 : 03F;
6416 : 03F;
6417 : 03F;
6418 : 03F;
6419 : 03F;
6420 : 03F;
6421 : 03F;
6422 : 03F;
6423 : 03F;
6424 : 03F;
6425 : 03F;
6426 : 03F;
6427 : 03F;
6428 : 03F;
6429 : 03F;
6430 : 03F;
6431 : 03F;
6432 : 03F;
6433 : 03F;
6434 : 03F;
6435 : 03F;
6436 : 03F;
6437 : 03F;
6438 : 03F;
6439 : 03F;
6440 : 03F;
6441 : 03F;
6442 : 03F;
6443 : 03F;
6444 : 03F;
6445 : 03F;
6446 : 03F;
6447 : 03F;
6448 : 03F;
6449 : 03F;
6450 : 03F;
6451 : 03F;
6452 : 03F;
6453 : 03F;
6454 : 03F;
6455 : 03F;
6456 : 03F;
6457 : 03F;
6458 : 03F;
6459 : 03F;
6460 : 03F;
6461 : 03F;
6462 : 03F;
6463 : 03F;
6464 : 03F;
6465 : 03F;
6466 : 03F;
6467 : 03F;
6468 : 03F;
6469 : 03F;
6470 : 03F;
6471 : 03F;
6472 : 03F;
6473 : 03F;
6474 : 03F;
6475 : 03F;
6476 : 03F;
6477 : 03F;
6478 : 03F;
6479 : 03F;
6480 : 03F;
6481 : 03F;
6482 : 03F;
6483 : 03F;
6484 : 03F;
6485 : 03F;
6486 : 03F;
6487 : 03F;
6488 : 03F;
6489 : 03F;
6490 : 03F;
6491 : 03F;
6492 : 03F;
6493 : 03F;
6494 : 03F;
6495 : 03F;
6496 : 03F;
6497 : 03F;
6498 : 03F;
6499 : 03F;
6500 : 03F;
6501 : 03F;
6502 : 03F;
6503 : 03F;
6504 : 03F;
6505 : 03F;
6506 : 03F;
6507 : 03F;
6508 : 03F;
6509 : 03F;
6510 : 03F;
6511 : 03F;
6512 : 03F;
6513 : 03F;
6514 : 03F;
6515 : 03F;
6516 : 03F;
6517 : 03F;
6518 : 03F;
6519 : 03F;
6520 : 03F;
6521 : 03F;
6522 : 03F;
6523 : 03F;
6524 : 03F;
6525 : 03F;
6526 : 03F;
6527 : 03F;
6528 : 03F;
6529 : 03F;
6530 : 03F;
6531 : 03F;
6532 : 03F;
6533 : 03F;
6534 : 03F;
6535 : 03F;
6536 : 03F;
6537 : 1FF;
6538 : 1FF;
6539 : 1FF;
6540 : 1FF;
6541 : 1FF;
6542 : 1FF;
6543 : 1FF;
6544 : 1FF;
6545 : 1FF;
6546 : 1FF;
6547 : 1FF;
6548 : 1FF;
6549 : 1FF;
6550 : 1FF;
6551 : 1FF;
6552 : 1FF;
6553 : 1FF;
6554 : 03F;
6555 : 03F;
6556 : 03F;
6557 : 03F;
6558 : 03F;
6559 : 03F;
6560 : 03F;
6561 : 03F;
6562 : 03F;
6563 : 03F;
6564 : 03F;
6565 : 03F;
6566 : 03F;
6567 : 03F;
6568 : 03F;
6569 : 03F;
6570 : 03F;
6571 : 03F;
6572 : 03F;
6573 : 03F;
6574 : 03F;
6575 : 03F;
6576 : 03F;
6577 : 03F;
6578 : 03F;
6579 : 03F;
6580 : 03F;
6581 : 03F;
6582 : 03F;
6583 : 03F;
6584 : 03F;
6585 : 03F;
6586 : 03F;
6587 : 03F;
6588 : 03F;
6589 : 03F;
6590 : 03F;
6591 : 03F;
6592 : 03F;
6593 : 03F;
6594 : 03F;
6595 : 03F;
6596 : 03F;
6597 : 03F;
6598 : 03F;
6599 : 03F;
6600 : 03F;
6601 : 03F;
6602 : 03F;
6603 : 03F;
6604 : 03F;
6605 : 03F;
6606 : 03F;
6607 : 03F;
6608 : 03F;
6609 : 03F;
6610 : 03F;
6611 : 03F;
6612 : 03F;
6613 : 03F;
6614 : 03F;
6615 : 03F;
6616 : 03F;
6617 : 03F;
6618 : 03F;
6619 : 03F;
6620 : 03F;
6621 : 03F;
6622 : 03F;
6623 : 03F;
6624 : 03F;
6625 : 03F;
6626 : 03F;
6627 : 03F;
6628 : 03F;
6629 : 03F;
6630 : 03F;
6631 : 03F;
6632 : 03F;
6633 : 03F;
6634 : 03F;
6635 : 03F;
6636 : 03F;
6637 : 03F;
6638 : 03F;
6639 : 03F;
6640 : 03F;
6641 : 03F;
6642 : 03F;
6643 : 03F;
6644 : 03F;
6645 : 03F;
6646 : 03F;
6647 : 03F;
6648 : 03F;
6649 : 03F;
6650 : 03F;
6651 : 1F8;
6652 : 1F8;
6653 : 1F8;
6654 : 1F8;
6655 : 1F8;
6656 : 1F8;
6657 : 1F8;
6658 : 1F8;
6659 : 1F8;
6660 : 1F8;
6661 : 1F8;
6662 : 1F8;
6663 : 1F8;
6664 : 1F8;
6665 : 1F8;
6666 : 03F;
6667 : 03F;
6668 : 03F;
6669 : 03F;
6670 : 03F;
6671 : 03F;
6672 : 03F;
6673 : 03F;
6674 : 03F;
6675 : 03F;
6676 : 03F;
6677 : 03F;
6678 : 03F;
6679 : 03F;
6680 : 03F;
6681 : 03F;
6682 : 03F;
6683 : 03F;
6684 : 03F;
6685 : 03F;
6686 : 03F;
6687 : 03F;
6688 : 03F;
6689 : 03F;
6690 : 03F;
6691 : 03F;
6692 : 03F;
6693 : 03F;
6694 : 03F;
6695 : 03F;
6696 : 03F;
6697 : 03F;
6698 : 03F;
6699 : 03F;
6700 : 03F;
6701 : 03F;
6702 : 03F;
6703 : 03F;
6704 : 03F;
6705 : 03F;
6706 : 03F;
6707 : 03F;
6708 : 03F;
6709 : 03F;
6710 : 03F;
6711 : 03F;
6712 : 03F;
6713 : 03F;
6714 : 03F;
6715 : 03F;
6716 : 03F;
6717 : 03F;
6718 : 03F;
6719 : 03F;
6720 : 03F;
6721 : 03F;
6722 : 03F;
6723 : 03F;
6724 : 03F;
6725 : 03F;
6726 : 03F;
6727 : 03F;
6728 : 03F;
6729 : 03F;
6730 : 03F;
6731 : 03F;
6732 : 03F;
6733 : 03F;
6734 : 03F;
6735 : 03F;
6736 : 03F;
6737 : 03F;
6738 : 03F;
6739 : 03F;
6740 : 03F;
6741 : 03F;
6742 : 03F;
6743 : 03F;
6744 : 03F;
6745 : 03F;
6746 : 03F;
6747 : 03F;
6748 : 03F;
6749 : 03F;
6750 : 03F;
6751 : 03F;
6752 : 03F;
6753 : 03F;
6754 : 03F;
6755 : 03F;
6756 : 03F;
6757 : 03F;
6758 : 03F;
6759 : 03F;
6760 : 03F;
6761 : 03F;
6762 : 03F;
6763 : 03F;
6764 : 03F;
6765 : 03F;
6766 : 03F;
6767 : 03F;
6768 : 03F;
6769 : 03F;
6770 : 03F;
6771 : 03F;
6772 : 03F;
6773 : 03F;
6774 : 03F;
6775 : 03F;
6776 : 03F;
6777 : 03F;
6778 : 03F;
6779 : 03F;
6780 : 03F;
6781 : 03F;
6782 : 03F;
6783 : 03F;
6784 : 03F;
6785 : 03F;
6786 : 03F;
6787 : 03F;
6788 : 03F;
6789 : 03F;
6790 : 03F;
6791 : 03F;
6792 : 03F;
6793 : 03F;
6794 : 03F;
6795 : 03F;
6796 : 03F;
6797 : 03F;
6798 : 03F;
6799 : 03F;
6800 : 03F;
6801 : 03F;
6802 : 03F;
6803 : 03F;
6804 : 03F;
6805 : 03F;
6806 : 03F;
6807 : 03F;
6808 : 03F;
6809 : 03F;
6810 : 03F;
6811 : 03F;
6812 : 03F;
6813 : 03F;
6814 : 03F;
6815 : 03F;
6816 : 03F;
6817 : 03F;
6818 : 03F;
6819 : 03F;
6820 : 03F;
6821 : 03F;
6822 : 03F;
6823 : 03F;
6824 : 03F;
6825 : 03F;
6826 : 03F;
6827 : 03F;
6828 : 03F;
6829 : 03F;
6830 : 03F;
6831 : 03F;
6832 : 03F;
6833 : 03F;
6834 : 03F;
6835 : 03F;
6836 : 03F;
6837 : 03F;
6838 : 03F;
6839 : 03F;
6840 : 03F;
6841 : 03F;
6842 : 03F;
6843 : 03F;
6844 : 03F;
6845 : 03F;
6846 : 03F;
6847 : 03F;
6848 : 03F;
6849 : 03F;
6850 : 03F;
6851 : 03F;
6852 : 03F;
6853 : 03F;
6854 : 03F;
6855 : 03F;
6856 : 1FF;
6857 : 1FF;
6858 : 1FF;
6859 : 1FF;
6860 : 1FF;
6861 : 1FF;
6862 : 1FF;
6863 : 1FF;
6864 : 1FF;
6865 : 1FF;
6866 : 1FF;
6867 : 1FF;
6868 : 1FF;
6869 : 1FF;
6870 : 1FF;
6871 : 1FF;
6872 : 1FF;
6873 : 1FF;
6874 : 1FF;
6875 : 03F;
6876 : 03F;
6877 : 03F;
6878 : 03F;
6879 : 03F;
6880 : 03F;
6881 : 03F;
6882 : 03F;
6883 : 03F;
6884 : 03F;
6885 : 03F;
6886 : 03F;
6887 : 03F;
6888 : 03F;
6889 : 03F;
6890 : 03F;
6891 : 03F;
6892 : 03F;
6893 : 03F;
6894 : 03F;
6895 : 03F;
6896 : 03F;
6897 : 03F;
6898 : 03F;
6899 : 03F;
6900 : 03F;
6901 : 03F;
6902 : 03F;
6903 : 03F;
6904 : 03F;
6905 : 03F;
6906 : 03F;
6907 : 03F;
6908 : 03F;
6909 : 03F;
6910 : 03F;
6911 : 03F;
6912 : 03F;
6913 : 03F;
6914 : 03F;
6915 : 03F;
6916 : 03F;
6917 : 03F;
6918 : 03F;
6919 : 03F;
6920 : 03F;
6921 : 03F;
6922 : 03F;
6923 : 03F;
6924 : 03F;
6925 : 03F;
6926 : 03F;
6927 : 03F;
6928 : 03F;
6929 : 03F;
6930 : 03F;
6931 : 03F;
6932 : 03F;
6933 : 03F;
6934 : 03F;
6935 : 03F;
6936 : 03F;
6937 : 03F;
6938 : 03F;
6939 : 03F;
6940 : 03F;
6941 : 03F;
6942 : 03F;
6943 : 03F;
6944 : 03F;
6945 : 03F;
6946 : 03F;
6947 : 03F;
6948 : 03F;
6949 : 03F;
6950 : 03F;
6951 : 03F;
6952 : 03F;
6953 : 03F;
6954 : 03F;
6955 : 03F;
6956 : 03F;
6957 : 03F;
6958 : 03F;
6959 : 03F;
6960 : 03F;
6961 : 03F;
6962 : 03F;
6963 : 03F;
6964 : 03F;
6965 : 03F;
6966 : 03F;
6967 : 03F;
6968 : 03F;
6969 : 1F8;
6970 : 1F8;
6971 : 1F8;
6972 : 1F8;
6973 : 1F8;
6974 : 1F8;
6975 : 1F8;
6976 : 1F8;
6977 : 1F8;
6978 : 1F8;
6979 : 1F8;
6980 : 1F8;
6981 : 1F8;
6982 : 1F8;
6983 : 1F8;
6984 : 1F8;
6985 : 1F8;
6986 : 1F8;
6987 : 1F8;
6988 : 03F;
6989 : 03F;
6990 : 03F;
6991 : 03F;
6992 : 03F;
6993 : 03F;
6994 : 03F;
6995 : 03F;
6996 : 03F;
6997 : 03F;
6998 : 03F;
6999 : 03F;
7000 : 03F;
7001 : 03F;
7002 : 03F;
7003 : 03F;
7004 : 03F;
7005 : 03F;
7006 : 03F;
7007 : 03F;
7008 : 03F;
7009 : 03F;
7010 : 03F;
7011 : 03F;
7012 : 03F;
7013 : 03F;
7014 : 03F;
7015 : 03F;
7016 : 03F;
7017 : 03F;
7018 : 03F;
7019 : 03F;
7020 : 03F;
7021 : 03F;
7022 : 03F;
7023 : 03F;
7024 : 03F;
7025 : 03F;
7026 : 03F;
7027 : 03F;
7028 : 03F;
7029 : 03F;
7030 : 03F;
7031 : 03F;
7032 : 03F;
7033 : 03F;
7034 : 03F;
7035 : 03F;
7036 : 03F;
7037 : 03F;
7038 : 03F;
7039 : 03F;
7040 : 03F;
7041 : 03F;
7042 : 03F;
7043 : 03F;
7044 : 03F;
7045 : 03F;
7046 : 03F;
7047 : 03F;
7048 : 03F;
7049 : 03F;
7050 : 03F;
7051 : 03F;
7052 : 03F;
7053 : 03F;
7054 : 03F;
7055 : 03F;
7056 : 03F;
7057 : 03F;
7058 : 03F;
7059 : 03F;
7060 : 03F;
7061 : 03F;
7062 : 03F;
7063 : 03F;
7064 : 03F;
7065 : 03F;
7066 : 03F;
7067 : 03F;
7068 : 03F;
7069 : 03F;
7070 : 03F;
7071 : 03F;
7072 : 03F;
7073 : 03F;
7074 : 03F;
7075 : 03F;
7076 : 03F;
7077 : 03F;
7078 : 03F;
7079 : 03F;
7080 : 03F;
7081 : 03F;
7082 : 03F;
7083 : 03F;
7084 : 03F;
7085 : 03F;
7086 : 03F;
7087 : 03F;
7088 : 03F;
7089 : 03F;
7090 : 03F;
7091 : 03F;
7092 : 03F;
7093 : 03F;
7094 : 03F;
7095 : 03F;
7096 : 03F;
7097 : 03F;
7098 : 03F;
7099 : 03F;
7100 : 03F;
7101 : 03F;
7102 : 03F;
7103 : 03F;
7104 : 03F;
7105 : 03F;
7106 : 03F;
7107 : 03F;
7108 : 03F;
7109 : 03F;
7110 : 03F;
7111 : 03F;
7112 : 03F;
7113 : 03F;
7114 : 03F;
7115 : 03F;
7116 : 03F;
7117 : 03F;
7118 : 03F;
7119 : 03F;
7120 : 03F;
7121 : 03F;
7122 : 03F;
7123 : 03F;
7124 : 03F;
7125 : 03F;
7126 : 03F;
7127 : 03F;
7128 : 03F;
7129 : 03F;
7130 : 03F;
7131 : 03F;
7132 : 03F;
7133 : 03F;
7134 : 03F;
7135 : 03F;
7136 : 03F;
7137 : 03F;
7138 : 03F;
7139 : 03F;
7140 : 03F;
7141 : 03F;
7142 : 03F;
7143 : 03F;
7144 : 03F;
7145 : 03F;
7146 : 03F;
7147 : 03F;
7148 : 03F;
7149 : 03F;
7150 : 03F;
7151 : 03F;
7152 : 03F;
7153 : 03F;
7154 : 03F;
7155 : 03F;
7156 : 03F;
7157 : 03F;
7158 : 03F;
7159 : 03F;
7160 : 03F;
7161 : 03F;
7162 : 03F;
7163 : 03F;
7164 : 03F;
7165 : 03F;
7166 : 03F;
7167 : 03F;
7168 : 03F;
7169 : 03F;
7170 : 03F;
7171 : 03F;
7172 : 03F;
7173 : 03F;
7174 : 03F;
7175 : 1FF;
7176 : 1FF;
7177 : 1FF;
7178 : 1FF;
7179 : 1FF;
7180 : 1FF;
7181 : 1FF;
7182 : 1FF;
7183 : 1FF;
7184 : 1FF;
7185 : 1FF;
7186 : 1FF;
7187 : 1FF;
7188 : 1FF;
7189 : 1FF;
7190 : 1FF;
7191 : 1FF;
7192 : 1FF;
7193 : 1FF;
7194 : 1FF;
7195 : 1FF;
7196 : 03F;
7197 : 1FF;
7198 : 1FF;
7199 : 1FF;
7200 : 1FF;
7201 : 1FF;
7202 : 1FF;
7203 : 1FF;
7204 : 03F;
7205 : 03F;
7206 : 03F;
7207 : 03F;
7208 : 03F;
7209 : 03F;
7210 : 03F;
7211 : 03F;
7212 : 03F;
7213 : 03F;
7214 : 03F;
7215 : 03F;
7216 : 03F;
7217 : 03F;
7218 : 03F;
7219 : 03F;
7220 : 03F;
7221 : 03F;
7222 : 03F;
7223 : 03F;
7224 : 03F;
7225 : 03F;
7226 : 03F;
7227 : 03F;
7228 : 03F;
7229 : 03F;
7230 : 03F;
7231 : 03F;
7232 : 03F;
7233 : 03F;
7234 : 03F;
7235 : 03F;
7236 : 03F;
7237 : 03F;
7238 : 03F;
7239 : 03F;
7240 : 03F;
7241 : 03F;
7242 : 03F;
7243 : 03F;
7244 : 03F;
7245 : 03F;
7246 : 03F;
7247 : 03F;
7248 : 03F;
7249 : 03F;
7250 : 03F;
7251 : 03F;
7252 : 03F;
7253 : 03F;
7254 : 03F;
7255 : 03F;
7256 : 03F;
7257 : 03F;
7258 : 03F;
7259 : 03F;
7260 : 03F;
7261 : 03F;
7262 : 03F;
7263 : 03F;
7264 : 03F;
7265 : 03F;
7266 : 03F;
7267 : 03F;
7268 : 03F;
7269 : 03F;
7270 : 03F;
7271 : 03F;
7272 : 03F;
7273 : 03F;
7274 : 03F;
7275 : 03F;
7276 : 03F;
7277 : 03F;
7278 : 03F;
7279 : 03F;
7280 : 03F;
7281 : 03F;
7282 : 03F;
7283 : 03F;
7284 : 03F;
7285 : 03F;
7286 : 03F;
7287 : 1F8;
7288 : 1F8;
7289 : 1F8;
7290 : 1F8;
7291 : 1F8;
7292 : 1F8;
7293 : 1F8;
7294 : 1F8;
7295 : 1F8;
7296 : 1F8;
7297 : 1F8;
7298 : 1F8;
7299 : 1F8;
7300 : 1F8;
7301 : 1F8;
7302 : 1F8;
7303 : 1F8;
7304 : 1F8;
7305 : 1F8;
7306 : 1F8;
7307 : 1F8;
7308 : 1F8;
7309 : 1F8;
7310 : 03F;
7311 : 03F;
7312 : 03F;
7313 : 03F;
7314 : 03F;
7315 : 03F;
7316 : 03F;
7317 : 03F;
7318 : 03F;
7319 : 03F;
7320 : 03F;
7321 : 03F;
7322 : 03F;
7323 : 03F;
7324 : 03F;
7325 : 03F;
7326 : 03F;
7327 : 03F;
7328 : 03F;
7329 : 03F;
7330 : 03F;
7331 : 03F;
7332 : 03F;
7333 : 03F;
7334 : 03F;
7335 : 03F;
7336 : 03F;
7337 : 03F;
7338 : 03F;
7339 : 03F;
7340 : 03F;
7341 : 03F;
7342 : 03F;
7343 : 03F;
7344 : 03F;
7345 : 03F;
7346 : 03F;
7347 : 03F;
7348 : 03F;
7349 : 03F;
7350 : 03F;
7351 : 03F;
7352 : 03F;
7353 : 03F;
7354 : 03F;
7355 : 03F;
7356 : 03F;
7357 : 03F;
7358 : 03F;
7359 : 03F;
7360 : 03F;
7361 : 03F;
7362 : 03F;
7363 : 03F;
7364 : 03F;
7365 : 03F;
7366 : 03F;
7367 : 03F;
7368 : 03F;
7369 : 03F;
7370 : 03F;
7371 : 03F;
7372 : 03F;
7373 : 03F;
7374 : 03F;
7375 : 03F;
7376 : 03F;
7377 : 03F;
7378 : 03F;
7379 : 03F;
7380 : 03F;
7381 : 03F;
7382 : 03F;
7383 : 03F;
7384 : 03F;
7385 : 03F;
7386 : 03F;
7387 : 03F;
7388 : 03F;
7389 : 03F;
7390 : 03F;
7391 : 03F;
7392 : 03F;
7393 : 03F;
7394 : 03F;
7395 : 03F;
7396 : 03F;
7397 : 03F;
7398 : 03F;
7399 : 03F;
7400 : 03F;
7401 : 03F;
7402 : 03F;
7403 : 03F;
7404 : 03F;
7405 : 03F;
7406 : 03F;
7407 : 03F;
7408 : 03F;
7409 : 03F;
7410 : 03F;
7411 : 03F;
7412 : 03F;
7413 : 03F;
7414 : 03F;
7415 : 03F;
7416 : 03F;
7417 : 03F;
7418 : 03F;
7419 : 03F;
7420 : 03F;
7421 : 03F;
7422 : 03F;
7423 : 03F;
7424 : 03F;
7425 : 03F;
7426 : 03F;
7427 : 03F;
7428 : 03F;
7429 : 03F;
7430 : 03F;
7431 : 03F;
7432 : 03F;
7433 : 03F;
7434 : 03F;
7435 : 03F;
7436 : 03F;
7437 : 03F;
7438 : 03F;
7439 : 03F;
7440 : 03F;
7441 : 03F;
7442 : 03F;
7443 : 03F;
7444 : 03F;
7445 : 03F;
7446 : 03F;
7447 : 03F;
7448 : 03F;
7449 : 03F;
7450 : 03F;
7451 : 03F;
7452 : 03F;
7453 : 03F;
7454 : 03F;
7455 : 03F;
7456 : 03F;
7457 : 03F;
7458 : 03F;
7459 : 03F;
7460 : 03F;
7461 : 03F;
7462 : 03F;
7463 : 03F;
7464 : 03F;
7465 : 03F;
7466 : 03F;
7467 : 03F;
7468 : 03F;
7469 : 03F;
7470 : 03F;
7471 : 03F;
7472 : 03F;
7473 : 03F;
7474 : 03F;
7475 : 03F;
7476 : 03F;
7477 : 03F;
7478 : 03F;
7479 : 03F;
7480 : 03F;
7481 : 03F;
7482 : 03F;
7483 : 03F;
7484 : 03F;
7485 : 03F;
7486 : 03F;
7487 : 03F;
7488 : 03F;
7489 : 03F;
7490 : 03F;
7491 : 03F;
7492 : 03F;
7493 : 03F;
7494 : 03F;
7495 : 1FF;
7496 : 1FF;
7497 : 1FF;
7498 : 1FF;
7499 : 1FF;
7500 : 1FF;
7501 : 1FF;
7502 : 1FF;
7503 : 1FF;
7504 : 1FF;
7505 : 1FF;
7506 : 1FF;
7507 : 1FF;
7508 : 1FF;
7509 : 1FF;
7510 : 1FF;
7511 : 1FF;
7512 : 1FF;
7513 : 1FF;
7514 : 1FF;
7515 : 1FF;
7516 : 1FF;
7517 : 1FF;
7518 : 1FF;
7519 : 1FF;
7520 : 1FF;
7521 : 1FF;
7522 : 1FF;
7523 : 1FF;
7524 : 1FF;
7525 : 1FF;
7526 : 03F;
7527 : 03F;
7528 : 03F;
7529 : 03F;
7530 : 03F;
7531 : 03F;
7532 : 03F;
7533 : 03F;
7534 : 03F;
7535 : 03F;
7536 : 03F;
7537 : 03F;
7538 : 03F;
7539 : 03F;
7540 : 03F;
7541 : 03F;
7542 : 03F;
7543 : 03F;
7544 : 03F;
7545 : 03F;
7546 : 03F;
7547 : 03F;
7548 : 03F;
7549 : 03F;
7550 : 03F;
7551 : 03F;
7552 : 03F;
7553 : 03F;
7554 : 03F;
7555 : 03F;
7556 : 03F;
7557 : 03F;
7558 : 03F;
7559 : 03F;
7560 : 03F;
7561 : 03F;
7562 : 03F;
7563 : 03F;
7564 : 03F;
7565 : 03F;
7566 : 03F;
7567 : 03F;
7568 : 03F;
7569 : 03F;
7570 : 03F;
7571 : 03F;
7572 : 03F;
7573 : 03F;
7574 : 03F;
7575 : 03F;
7576 : 03F;
7577 : 03F;
7578 : 03F;
7579 : 03F;
7580 : 03F;
7581 : 03F;
7582 : 03F;
7583 : 03F;
7584 : 03F;
7585 : 03F;
7586 : 03F;
7587 : 03F;
7588 : 03F;
7589 : 03F;
7590 : 03F;
7591 : 03F;
7592 : 03F;
7593 : 03F;
7594 : 03F;
7595 : 03F;
7596 : 03F;
7597 : 03F;
7598 : 03F;
7599 : 03F;
7600 : 03F;
7601 : 03F;
7602 : 03F;
7603 : 03F;
7604 : 03F;
7605 : 03F;
7606 : 1F8;
7607 : 1F8;
7608 : 1F8;
7609 : 1F8;
7610 : 1F8;
7611 : 1F8;
7612 : 1F8;
7613 : 1F8;
7614 : 1F8;
7615 : 1F8;
7616 : 1F8;
7617 : 1F8;
7618 : 1F8;
7619 : 1F8;
7620 : 1F8;
7621 : 1F8;
7622 : 1F8;
7623 : 1F8;
7624 : 1F8;
7625 : 1F8;
7626 : 1F8;
7627 : 1F8;
7628 : 1F8;
7629 : 1F8;
7630 : 1F8;
7631 : 03F;
7632 : 03F;
7633 : 03F;
7634 : 03F;
7635 : 03F;
7636 : 03F;
7637 : 03F;
7638 : 03F;
7639 : 03F;
7640 : 03F;
7641 : 03F;
7642 : 03F;
7643 : 03F;
7644 : 03F;
7645 : 03F;
7646 : 03F;
7647 : 03F;
7648 : 03F;
7649 : 03F;
7650 : 03F;
7651 : 03F;
7652 : 03F;
7653 : 03F;
7654 : 03F;
7655 : 03F;
7656 : 03F;
7657 : 03F;
7658 : 03F;
7659 : 03F;
7660 : 03F;
7661 : 03F;
7662 : 03F;
7663 : 03F;
7664 : 03F;
7665 : 03F;
7666 : 03F;
7667 : 03F;
7668 : 03F;
7669 : 03F;
7670 : 03F;
7671 : 03F;
7672 : 03F;
7673 : 03F;
7674 : 03F;
7675 : 03F;
7676 : 03F;
7677 : 03F;
7678 : 03F;
7679 : 03F;
7680 : 03F;
7681 : 03F;
7682 : 03F;
7683 : 03F;
7684 : 03F;
7685 : 03F;
7686 : 03F;
7687 : 03F;
7688 : 03F;
7689 : 03F;
7690 : 03F;
7691 : 03F;
7692 : 03F;
7693 : 03F;
7694 : 03F;
7695 : 03F;
7696 : 03F;
7697 : 03F;
7698 : 03F;
7699 : 03F;
7700 : 03F;
7701 : 03F;
7702 : 03F;
7703 : 03F;
7704 : 03F;
7705 : 03F;
7706 : 03F;
7707 : 03F;
7708 : 03F;
7709 : 03F;
7710 : 03F;
7711 : 03F;
7712 : 03F;
7713 : 03F;
7714 : 03F;
7715 : 03F;
7716 : 03F;
7717 : 03F;
7718 : 03F;
7719 : 03F;
7720 : 03F;
7721 : 03F;
7722 : 03F;
7723 : 03F;
7724 : 03F;
7725 : 03F;
7726 : 03F;
7727 : 03F;
7728 : 03F;
7729 : 03F;
7730 : 03F;
7731 : 03F;
7732 : 03F;
7733 : 03F;
7734 : 03F;
7735 : 03F;
7736 : 03F;
7737 : 03F;
7738 : 03F;
7739 : 03F;
7740 : 03F;
7741 : 03F;
7742 : 03F;
7743 : 03F;
7744 : 03F;
7745 : 03F;
7746 : 03F;
7747 : 03F;
7748 : 03F;
7749 : 03F;
7750 : 03F;
7751 : 03F;
7752 : 03F;
7753 : 03F;
7754 : 03F;
7755 : 03F;
7756 : 03F;
7757 : 03F;
7758 : 03F;
7759 : 03F;
7760 : 03F;
7761 : 03F;
7762 : 03F;
7763 : 03F;
7764 : 03F;
7765 : 03F;
7766 : 03F;
7767 : 03F;
7768 : 03F;
7769 : 03F;
7770 : 03F;
7771 : 03F;
7772 : 03F;
7773 : 03F;
7774 : 03F;
7775 : 03F;
7776 : 03F;
7777 : 03F;
7778 : 03F;
7779 : 03F;
7780 : 03F;
7781 : 03F;
7782 : 03F;
7783 : 03F;
7784 : 03F;
7785 : 03F;
7786 : 03F;
7787 : 03F;
7788 : 03F;
7789 : 03F;
7790 : 03F;
7791 : 03F;
7792 : 03F;
7793 : 03F;
7794 : 03F;
7795 : 03F;
7796 : 03F;
7797 : 03F;
7798 : 03F;
7799 : 03F;
7800 : 03F;
7801 : 03F;
7802 : 03F;
7803 : 03F;
7804 : 03F;
7805 : 03F;
7806 : 03F;
7807 : 03F;
7808 : 03F;
7809 : 03F;
7810 : 03F;
7811 : 03F;
7812 : 03F;
7813 : 03F;
7814 : 1FF;
7815 : 1FF;
7816 : 1FF;
7817 : 1FF;
7818 : 1FF;
7819 : 1FF;
7820 : 1FF;
7821 : 1FF;
7822 : 1FF;
7823 : 1FF;
7824 : 1FF;
7825 : 1FF;
7826 : 1FF;
7827 : 1FF;
7828 : 1FF;
7829 : 1FF;
7830 : 1FF;
7831 : 1FF;
7832 : 1FF;
7833 : 1FF;
7834 : 1FF;
7835 : 1FF;
7836 : 1FF;
7837 : 1FF;
7838 : 1FF;
7839 : 1FF;
7840 : 1FF;
7841 : 1FF;
7842 : 1FF;
7843 : 1FF;
7844 : 1FF;
7845 : 1FF;
7846 : 1FF;
7847 : 03F;
7848 : 03F;
7849 : 03F;
7850 : 03F;
7851 : 03F;
7852 : 03F;
7853 : 03F;
7854 : 03F;
7855 : 03F;
7856 : 03F;
7857 : 03F;
7858 : 03F;
7859 : 03F;
7860 : 03F;
7861 : 03F;
7862 : 03F;
7863 : 03F;
7864 : 03F;
7865 : 03F;
7866 : 03F;
7867 : 03F;
7868 : 03F;
7869 : 03F;
7870 : 03F;
7871 : 03F;
7872 : 03F;
7873 : 03F;
7874 : 03F;
7875 : 03F;
7876 : 03F;
7877 : 03F;
7878 : 03F;
7879 : 03F;
7880 : 03F;
7881 : 03F;
7882 : 03F;
7883 : 03F;
7884 : 03F;
7885 : 03F;
7886 : 03F;
7887 : 03F;
7888 : 03F;
7889 : 03F;
7890 : 03F;
7891 : 03F;
7892 : 03F;
7893 : 03F;
7894 : 03F;
7895 : 03F;
7896 : 03F;
7897 : 03F;
7898 : 03F;
7899 : 03F;
7900 : 03F;
7901 : 03F;
7902 : 03F;
7903 : 03F;
7904 : 03F;
7905 : 03F;
7906 : 03F;
7907 : 03F;
7908 : 03F;
7909 : 03F;
7910 : 03F;
7911 : 03F;
7912 : 03F;
7913 : 03F;
7914 : 03F;
7915 : 03F;
7916 : 03F;
7917 : 03F;
7918 : 03F;
7919 : 03F;
7920 : 03F;
7921 : 03F;
7922 : 03F;
7923 : 03F;
7924 : 03F;
7925 : 1F8;
7926 : 1F8;
7927 : 1F8;
7928 : 1F8;
7929 : 1F8;
7930 : 1F8;
7931 : 1F8;
7932 : 1F8;
7933 : 1F8;
7934 : 1F8;
7935 : 1F8;
7936 : 1F8;
7937 : 1F8;
7938 : 1F8;
7939 : 1F8;
7940 : 1F8;
7941 : 1F8;
7942 : 1F8;
7943 : 1F8;
7944 : 1F8;
7945 : 1F8;
7946 : 1F8;
7947 : 1F8;
7948 : 1F8;
7949 : 1F8;
7950 : 1F8;
7951 : 1F8;
7952 : 03F;
7953 : 03F;
7954 : 03F;
7955 : 03F;
7956 : 03F;
7957 : 03F;
7958 : 03F;
7959 : 03F;
7960 : 03F;
7961 : 03F;
7962 : 03F;
7963 : 03F;
7964 : 03F;
7965 : 03F;
7966 : 03F;
7967 : 03F;
7968 : 03F;
7969 : 03F;
7970 : 03F;
7971 : 03F;
7972 : 03F;
7973 : 03F;
7974 : 03F;
7975 : 03F;
7976 : 03F;
7977 : 03F;
7978 : 03F;
7979 : 03F;
7980 : 03F;
7981 : 03F;
7982 : 03F;
7983 : 03F;
7984 : 03F;
7985 : 03F;
7986 : 03F;
7987 : 03F;
7988 : 03F;
7989 : 03F;
7990 : 03F;
7991 : 03F;
7992 : 03F;
7993 : 03F;
7994 : 03F;
7995 : 03F;
7996 : 03F;
7997 : 03F;
7998 : 03F;
7999 : 03F;
8000 : 03F;
8001 : 03F;
8002 : 03F;
8003 : 03F;
8004 : 03F;
8005 : 03F;
8006 : 03F;
8007 : 03F;
8008 : 03F;
8009 : 03F;
8010 : 03F;
8011 : 03F;
8012 : 03F;
8013 : 03F;
8014 : 03F;
8015 : 03F;
8016 : 03F;
8017 : 03F;
8018 : 03F;
8019 : 03F;
8020 : 03F;
8021 : 03F;
8022 : 03F;
8023 : 03F;
8024 : 03F;
8025 : 03F;
8026 : 03F;
8027 : 03F;
8028 : 03F;
8029 : 03F;
8030 : 03F;
8031 : 03F;
8032 : 03F;
8033 : 03F;
8034 : 03F;
8035 : 03F;
8036 : 03F;
8037 : 03F;
8038 : 03F;
8039 : 03F;
8040 : 03F;
8041 : 03F;
8042 : 03F;
8043 : 03F;
8044 : 03F;
8045 : 03F;
8046 : 03F;
8047 : 03F;
8048 : 03F;
8049 : 03F;
8050 : 03F;
8051 : 03F;
8052 : 03F;
8053 : 03F;
8054 : 03F;
8055 : 03F;
8056 : 03F;
8057 : 03F;
8058 : 03F;
8059 : 03F;
8060 : 03F;
8061 : 03F;
8062 : 03F;
8063 : 03F;
8064 : 03F;
8065 : 03F;
8066 : 03F;
8067 : 03F;
8068 : 03F;
8069 : 03F;
8070 : 03F;
8071 : 03F;
8072 : 03F;
8073 : 03F;
8074 : 03F;
8075 : 03F;
8076 : 03F;
8077 : 03F;
8078 : 03F;
8079 : 03F;
8080 : 03F;
8081 : 03F;
8082 : 03F;
8083 : 03F;
8084 : 03F;
8085 : 03F;
8086 : 03F;
8087 : 03F;
8088 : 03F;
8089 : 03F;
8090 : 03F;
8091 : 03F;
8092 : 03F;
8093 : 03F;
8094 : 03F;
8095 : 03F;
8096 : 03F;
8097 : 03F;
8098 : 03F;
8099 : 03F;
8100 : 03F;
8101 : 03F;
8102 : 03F;
8103 : 03F;
8104 : 03F;
8105 : 03F;
8106 : 03F;
8107 : 03F;
8108 : 03F;
8109 : 03F;
8110 : 03F;
8111 : 03F;
8112 : 03F;
8113 : 03F;
8114 : 03F;
8115 : 03F;
8116 : 03F;
8117 : 03F;
8118 : 03F;
8119 : 03F;
8120 : 03F;
8121 : 03F;
8122 : 03F;
8123 : 03F;
8124 : 03F;
8125 : 03F;
8126 : 03F;
8127 : 03F;
8128 : 03F;
8129 : 03F;
8130 : 03F;
8131 : 03F;
8132 : 03F;
8133 : 03F;
8134 : 1FF;
8135 : 1FF;
8136 : 1FF;
8137 : 1FF;
8138 : 1FF;
8139 : 1FF;
8140 : 1FF;
8141 : 1FF;
8142 : 1FF;
8143 : 1FF;
8144 : 1FF;
8145 : 1FF;
8146 : 1FF;
8147 : 1FF;
8148 : 1FF;
8149 : 1FF;
8150 : 1FF;
8151 : 1FF;
8152 : 1FF;
8153 : 1FF;
8154 : 1FF;
8155 : 1FF;
8156 : 1FF;
8157 : 1FF;
8158 : 1FF;
8159 : 1FF;
8160 : 1FF;
8161 : 1FF;
8162 : 1FF;
8163 : 1FF;
8164 : 1FF;
8165 : 1FF;
8166 : 1FF;
8167 : 1FF;
8168 : 03F;
8169 : 03F;
8170 : 03F;
8171 : 03F;
8172 : 03F;
8173 : 03F;
8174 : 03F;
8175 : 03F;
8176 : 03F;
8177 : 03F;
8178 : 03F;
8179 : 03F;
8180 : 03F;
8181 : 03F;
8182 : 03F;
8183 : 03F;
8184 : 03F;
8185 : 03F;
8186 : 03F;
8187 : 03F;
8188 : 03F;
8189 : 03F;
8190 : 03F;
8191 : 03F;
8192 : 03F;
8193 : 03F;
8194 : 03F;
8195 : 03F;
8196 : 03F;
8197 : 03F;
8198 : 03F;
8199 : 03F;
8200 : 03F;
8201 : 03F;
8202 : 03F;
8203 : 03F;
8204 : 03F;
8205 : 03F;
8206 : 03F;
8207 : 03F;
8208 : 03F;
8209 : 03F;
8210 : 03F;
8211 : 03F;
8212 : 03F;
8213 : 03F;
8214 : 03F;
8215 : 03F;
8216 : 03F;
8217 : 03F;
8218 : 03F;
8219 : 03F;
8220 : 03F;
8221 : 03F;
8222 : 03F;
8223 : 03F;
8224 : 03F;
8225 : 03F;
8226 : 03F;
8227 : 03F;
8228 : 03F;
8229 : 03F;
8230 : 03F;
8231 : 03F;
8232 : 03F;
8233 : 03F;
8234 : 03F;
8235 : 03F;
8236 : 03F;
8237 : 03F;
8238 : 03F;
8239 : 03F;
8240 : 03F;
8241 : 03F;
8242 : 03F;
8243 : 03F;
8244 : 1F8;
8245 : 1F8;
8246 : 1F8;
8247 : 1F8;
8248 : 1F8;
8249 : 1F8;
8250 : 1F8;
8251 : 1F8;
8252 : 1F8;
8253 : 1F8;
8254 : 1F8;
8255 : 1F8;
8256 : 1F8;
8257 : 1F8;
8258 : 1F8;
8259 : 1F8;
8260 : 1F8;
8261 : 1F8;
8262 : 1F8;
8263 : 1F8;
8264 : 1F8;
8265 : 1F8;
8266 : 1F8;
8267 : 1F8;
8268 : 1F8;
8269 : 1F8;
8270 : 1F8;
8271 : 1F8;
8272 : 1F8;
8273 : 03F;
8274 : 03F;
8275 : 03F;
8276 : 03F;
8277 : 03F;
8278 : 03F;
8279 : 03F;
8280 : 03F;
8281 : 03F;
8282 : 03F;
8283 : 03F;
8284 : 03F;
8285 : 03F;
8286 : 03F;
8287 : 03F;
8288 : 03F;
8289 : 03F;
8290 : 03F;
8291 : 03F;
8292 : 03F;
8293 : 03F;
8294 : 03F;
8295 : 03F;
8296 : 03F;
8297 : 03F;
8298 : 03F;
8299 : 03F;
8300 : 03F;
8301 : 03F;
8302 : 03F;
8303 : 03F;
8304 : 03F;
8305 : 03F;
8306 : 03F;
8307 : 03F;
8308 : 03F;
8309 : 03F;
8310 : 03F;
8311 : 03F;
8312 : 03F;
8313 : 03F;
8314 : 03F;
8315 : 03F;
8316 : 03F;
8317 : 03F;
8318 : 03F;
8319 : 03F;
8320 : 03F;
8321 : 03F;
8322 : 03F;
8323 : 03F;
8324 : 03F;
8325 : 03F;
8326 : 03F;
8327 : 03F;
8328 : 03F;
8329 : 03F;
8330 : 03F;
8331 : 03F;
8332 : 03F;
8333 : 03F;
8334 : 03F;
8335 : 03F;
8336 : 03F;
8337 : 03F;
8338 : 03F;
8339 : 03F;
8340 : 03F;
8341 : 03F;
8342 : 03F;
8343 : 03F;
8344 : 03F;
8345 : 03F;
8346 : 03F;
8347 : 03F;
8348 : 03F;
8349 : 03F;
8350 : 03F;
8351 : 03F;
8352 : 03F;
8353 : 03F;
8354 : 03F;
8355 : 03F;
8356 : 03F;
8357 : 03F;
8358 : 03F;
8359 : 03F;
8360 : 03F;
8361 : 03F;
8362 : 03F;
8363 : 03F;
8364 : 03F;
8365 : 03F;
8366 : 03F;
8367 : 03F;
8368 : 03F;
8369 : 03F;
8370 : 03F;
8371 : 03F;
8372 : 03F;
8373 : 03F;
8374 : 03F;
8375 : 03F;
8376 : 03F;
8377 : 03F;
8378 : 03F;
8379 : 03F;
8380 : 03F;
8381 : 03F;
8382 : 03F;
8383 : 03F;
8384 : 03F;
8385 : 03F;
8386 : 03F;
8387 : 03F;
8388 : 03F;
8389 : 03F;
8390 : 03F;
8391 : 03F;
8392 : 03F;
8393 : 03F;
8394 : 03F;
8395 : 03F;
8396 : 03F;
8397 : 03F;
8398 : 03F;
8399 : 03F;
8400 : 03F;
8401 : 03F;
8402 : 03F;
8403 : 03F;
8404 : 03F;
8405 : 03F;
8406 : 03F;
8407 : 03F;
8408 : 03F;
8409 : 03F;
8410 : 03F;
8411 : 03F;
8412 : 03F;
8413 : 03F;
8414 : 03F;
8415 : 03F;
8416 : 03F;
8417 : 03F;
8418 : 03F;
8419 : 03F;
8420 : 03F;
8421 : 03F;
8422 : 03F;
8423 : 03F;
8424 : 03F;
8425 : 03F;
8426 : 03F;
8427 : 03F;
8428 : 03F;
8429 : 03F;
8430 : 03F;
8431 : 03F;
8432 : 03F;
8433 : 03F;
8434 : 03F;
8435 : 03F;
8436 : 03F;
8437 : 03F;
8438 : 03F;
8439 : 03F;
8440 : 03F;
8441 : 03F;
8442 : 03F;
8443 : 03F;
8444 : 03F;
8445 : 03F;
8446 : 03F;
8447 : 1FF;
8448 : 1FF;
8449 : 1FF;
8450 : 1FF;
8451 : 1FF;
8452 : 1FF;
8453 : 1FF;
8454 : 1FF;
8455 : 1FF;
8456 : 1FF;
8457 : 1FF;
8458 : 1FF;
8459 : 1FF;
8460 : 1FF;
8461 : 1FF;
8462 : 1FF;
8463 : 1FF;
8464 : 1FF;
8465 : 1FF;
8466 : 1FF;
8467 : 1FF;
8468 : 1FF;
8469 : 1FF;
8470 : 1FF;
8471 : 1FF;
8472 : 1FF;
8473 : 1FF;
8474 : 1FF;
8475 : 1FF;
8476 : 1FF;
8477 : 1FF;
8478 : 1FF;
8479 : 1FF;
8480 : 1FF;
8481 : 1FF;
8482 : 1FF;
8483 : 1FF;
8484 : 1FF;
8485 : 1FF;
8486 : 1FF;
8487 : 1FF;
8488 : 1FF;
8489 : 1FF;
8490 : 1FF;
8491 : 1FF;
8492 : 1FF;
8493 : 1FF;
8494 : 03F;
8495 : 03F;
8496 : 03F;
8497 : 03F;
8498 : 03F;
8499 : 03F;
8500 : 03F;
8501 : 03F;
8502 : 03F;
8503 : 03F;
8504 : 03F;
8505 : 03F;
8506 : 03F;
8507 : 03F;
8508 : 03F;
8509 : 03F;
8510 : 03F;
8511 : 03F;
8512 : 03F;
8513 : 03F;
8514 : 03F;
8515 : 03F;
8516 : 03F;
8517 : 03F;
8518 : 03F;
8519 : 03F;
8520 : 03F;
8521 : 03F;
8522 : 03F;
8523 : 03F;
8524 : 03F;
8525 : 03F;
8526 : 03F;
8527 : 03F;
8528 : 03F;
8529 : 03F;
8530 : 03F;
8531 : 03F;
8532 : 03F;
8533 : 03F;
8534 : 03F;
8535 : 03F;
8536 : 03F;
8537 : 03F;
8538 : 03F;
8539 : 03F;
8540 : 03F;
8541 : 03F;
8542 : 03F;
8543 : 03F;
8544 : 03F;
8545 : 03F;
8546 : 03F;
8547 : 03F;
8548 : 03F;
8549 : 03F;
8550 : 03F;
8551 : 03F;
8552 : 03F;
8553 : 03F;
8554 : 03F;
8555 : 03F;
8556 : 03F;
8557 : 03F;
8558 : 03F;
8559 : 03F;
8560 : 03F;
8561 : 03F;
8562 : 03F;
8563 : 1F8;
8564 : 1F8;
8565 : 1F8;
8566 : 1F8;
8567 : 1F8;
8568 : 1F8;
8569 : 1F8;
8570 : 1F8;
8571 : 1F8;
8572 : 1F8;
8573 : 1F8;
8574 : 1F8;
8575 : 1F8;
8576 : 1F8;
8577 : 1F8;
8578 : 1F8;
8579 : 1F8;
8580 : 1F8;
8581 : 1F8;
8582 : 1F8;
8583 : 1F8;
8584 : 1F8;
8585 : 1F8;
8586 : 1F8;
8587 : 1F8;
8588 : 1F8;
8589 : 1F8;
8590 : 1F8;
8591 : 1F8;
8592 : 1F8;
8593 : 1F8;
8594 : 03F;
8595 : 03F;
8596 : 03F;
8597 : 03F;
8598 : 03F;
8599 : 03F;
8600 : 03F;
8601 : 03F;
8602 : 03F;
8603 : 03F;
8604 : 03F;
8605 : 03F;
8606 : 03F;
8607 : 03F;
8608 : 03F;
8609 : 03F;
8610 : 03F;
8611 : 03F;
8612 : 03F;
8613 : 03F;
8614 : 03F;
8615 : 03F;
8616 : 03F;
8617 : 03F;
8618 : 03F;
8619 : 03F;
8620 : 03F;
8621 : 03F;
8622 : 03F;
8623 : 03F;
8624 : 03F;
8625 : 03F;
8626 : 03F;
8627 : 03F;
8628 : 03F;
8629 : 03F;
8630 : 03F;
8631 : 03F;
8632 : 03F;
8633 : 03F;
8634 : 03F;
8635 : 03F;
8636 : 03F;
8637 : 03F;
8638 : 03F;
8639 : 03F;
8640 : 03F;
8641 : 03F;
8642 : 03F;
8643 : 03F;
8644 : 03F;
8645 : 03F;
8646 : 03F;
8647 : 03F;
8648 : 03F;
8649 : 03F;
8650 : 03F;
8651 : 03F;
8652 : 03F;
8653 : 03F;
8654 : 03F;
8655 : 03F;
8656 : 03F;
8657 : 03F;
8658 : 03F;
8659 : 03F;
8660 : 03F;
8661 : 03F;
8662 : 03F;
8663 : 03F;
8664 : 03F;
8665 : 03F;
8666 : 03F;
8667 : 03F;
8668 : 03F;
8669 : 03F;
8670 : 03F;
8671 : 03F;
8672 : 03F;
8673 : 03F;
8674 : 03F;
8675 : 03F;
8676 : 03F;
8677 : 03F;
8678 : 03F;
8679 : 03F;
8680 : 03F;
8681 : 03F;
8682 : 03F;
8683 : 03F;
8684 : 03F;
8685 : 03F;
8686 : 03F;
8687 : 03F;
8688 : 03F;
8689 : 03F;
8690 : 03F;
8691 : 03F;
8692 : 03F;
8693 : 03F;
8694 : 03F;
8695 : 03F;
8696 : 03F;
8697 : 03F;
8698 : 03F;
8699 : 03F;
8700 : 03F;
8701 : 03F;
8702 : 03F;
8703 : 03F;
8704 : 03F;
8705 : 03F;
8706 : 03F;
8707 : 03F;
8708 : 03F;
8709 : 03F;
8710 : 03F;
8711 : 03F;
8712 : 03F;
8713 : 03F;
8714 : 03F;
8715 : 03F;
8716 : 03F;
8717 : 03F;
8718 : 03F;
8719 : 03F;
8720 : 03F;
8721 : 03F;
8722 : 03F;
8723 : 03F;
8724 : 03F;
8725 : 03F;
8726 : 03F;
8727 : 03F;
8728 : 03F;
8729 : 03F;
8730 : 03F;
8731 : 03F;
8732 : 03F;
8733 : 03F;
8734 : 03F;
8735 : 03F;
8736 : 03F;
8737 : 03F;
8738 : 03F;
8739 : 03F;
8740 : 03F;
8741 : 03F;
8742 : 03F;
8743 : 03F;
8744 : 03F;
8745 : 03F;
8746 : 03F;
8747 : 03F;
8748 : 03F;
8749 : 03F;
8750 : 03F;
8751 : 03F;
8752 : 03F;
8753 : 03F;
8754 : 03F;
8755 : 03F;
8756 : 03F;
8757 : 03F;
8758 : 03F;
8759 : 03F;
8760 : 03F;
8761 : 03F;
8762 : 03F;
8763 : 03F;
8764 : 03F;
8765 : 03F;
8766 : 03F;
8767 : 1FF;
8768 : 1FF;
8769 : 1FF;
8770 : 1FF;
8771 : 1FF;
8772 : 1FF;
8773 : 1FF;
8774 : 1FF;
8775 : 1FF;
8776 : 1FF;
8777 : 1FF;
8778 : 1FF;
8779 : 1FF;
8780 : 1FF;
8781 : 1FF;
8782 : 1FF;
8783 : 1FF;
8784 : 1FF;
8785 : 1FF;
8786 : 1FF;
8787 : 1FF;
8788 : 1FF;
8789 : 1FF;
8790 : 1FF;
8791 : 1FF;
8792 : 1FF;
8793 : 1FF;
8794 : 1FF;
8795 : 1FF;
8796 : 1FF;
8797 : 1FF;
8798 : 1FF;
8799 : 1FF;
8800 : 1FF;
8801 : 1FF;
8802 : 1FF;
8803 : 1FF;
8804 : 1FF;
8805 : 1FF;
8806 : 1FF;
8807 : 1FF;
8808 : 1FF;
8809 : 1FF;
8810 : 1FF;
8811 : 1FF;
8812 : 1FF;
8813 : 1FF;
8814 : 03F;
8815 : 03F;
8816 : 03F;
8817 : 03F;
8818 : 03F;
8819 : 03F;
8820 : 03F;
8821 : 03F;
8822 : 03F;
8823 : 03F;
8824 : 03F;
8825 : 03F;
8826 : 03F;
8827 : 03F;
8828 : 03F;
8829 : 03F;
8830 : 03F;
8831 : 03F;
8832 : 03F;
8833 : 03F;
8834 : 03F;
8835 : 03F;
8836 : 03F;
8837 : 03F;
8838 : 03F;
8839 : 03F;
8840 : 03F;
8841 : 03F;
8842 : 03F;
8843 : 03F;
8844 : 03F;
8845 : 03F;
8846 : 03F;
8847 : 03F;
8848 : 03F;
8849 : 03F;
8850 : 03F;
8851 : 03F;
8852 : 03F;
8853 : 03F;
8854 : 03F;
8855 : 03F;
8856 : 03F;
8857 : 03F;
8858 : 03F;
8859 : 03F;
8860 : 03F;
8861 : 03F;
8862 : 03F;
8863 : 03F;
8864 : 03F;
8865 : 03F;
8866 : 03F;
8867 : 03F;
8868 : 03F;
8869 : 03F;
8870 : 03F;
8871 : 03F;
8872 : 03F;
8873 : 03F;
8874 : 03F;
8875 : 03F;
8876 : 03F;
8877 : 03F;
8878 : 03F;
8879 : 03F;
8880 : 03F;
8881 : 03F;
8882 : 1F8;
8883 : 1F8;
8884 : 1F8;
8885 : 1F8;
8886 : 1F8;
8887 : 1F8;
8888 : 1F8;
8889 : 1F8;
8890 : 1F8;
8891 : 1F8;
8892 : 1F8;
8893 : 1F8;
8894 : 1F8;
8895 : 1F8;
8896 : 1F8;
8897 : 1F8;
8898 : 1F8;
8899 : 1F8;
8900 : 1F8;
8901 : 1F8;
8902 : 1F8;
8903 : 1F8;
8904 : 1F8;
8905 : 1F8;
8906 : 1F8;
8907 : 1F8;
8908 : 1F8;
8909 : 1F8;
8910 : 1F8;
8911 : 1F8;
8912 : 1F8;
8913 : 1F8;
8914 : 1F8;
8915 : 03F;
8916 : 03F;
8917 : 03F;
8918 : 03F;
8919 : 03F;
8920 : 03F;
8921 : 03F;
8922 : 03F;
8923 : 03F;
8924 : 03F;
8925 : 03F;
8926 : 03F;
8927 : 03F;
8928 : 03F;
8929 : 03F;
8930 : 03F;
8931 : 03F;
8932 : 03F;
8933 : 03F;
8934 : 03F;
8935 : 03F;
8936 : 03F;
8937 : 03F;
8938 : 03F;
8939 : 03F;
8940 : 03F;
8941 : 03F;
8942 : 03F;
8943 : 03F;
8944 : 03F;
8945 : 03F;
8946 : 03F;
8947 : 03F;
8948 : 03F;
8949 : 03F;
8950 : 03F;
8951 : 03F;
8952 : 03F;
8953 : 03F;
8954 : 03F;
8955 : 03F;
8956 : 03F;
8957 : 03F;
8958 : 03F;
8959 : 03F;
8960 : 03F;
8961 : 03F;
8962 : 03F;
8963 : 03F;
8964 : 03F;
8965 : 03F;
8966 : 03F;
8967 : 03F;
8968 : 03F;
8969 : 03F;
8970 : 03F;
8971 : 03F;
8972 : 03F;
8973 : 03F;
8974 : 03F;
8975 : 03F;
8976 : 03F;
8977 : 03F;
8978 : 03F;
8979 : 03F;
8980 : 03F;
8981 : 03F;
8982 : 03F;
8983 : 03F;
8984 : 03F;
8985 : 03F;
8986 : 03F;
8987 : 03F;
8988 : 03F;
8989 : 03F;
8990 : 03F;
8991 : 03F;
8992 : 03F;
8993 : 03F;
8994 : 03F;
8995 : 03F;
8996 : 03F;
8997 : 03F;
8998 : 03F;
8999 : 03F;
9000 : 03F;
9001 : 03F;
9002 : 03F;
9003 : 03F;
9004 : 03F;
9005 : 03F;
9006 : 03F;
9007 : 03F;
9008 : 03F;
9009 : 03F;
9010 : 03F;
9011 : 03F;
9012 : 03F;
9013 : 03F;
9014 : 03F;
9015 : 03F;
9016 : 03F;
9017 : 03F;
9018 : 03F;
9019 : 03F;
9020 : 03F;
9021 : 03F;
9022 : 03F;
9023 : 03F;
9024 : 03F;
9025 : 03F;
9026 : 03F;
9027 : 03F;
9028 : 03F;
9029 : 03F;
9030 : 03F;
9031 : 03F;
9032 : 03F;
9033 : 03F;
9034 : 03F;
9035 : 03F;
9036 : 03F;
9037 : 03F;
9038 : 03F;
9039 : 03F;
9040 : 03F;
9041 : 03F;
9042 : 03F;
9043 : 03F;
9044 : 03F;
9045 : 03F;
9046 : 03F;
9047 : 03F;
9048 : 03F;
9049 : 03F;
9050 : 03F;
9051 : 03F;
9052 : 03F;
9053 : 03F;
9054 : 03F;
9055 : 03F;
9056 : 03F;
9057 : 03F;
9058 : 03F;
9059 : 03F;
9060 : 03F;
9061 : 03F;
9062 : 03F;
9063 : 03F;
9064 : 03F;
9065 : 03F;
9066 : 03F;
9067 : 03F;
9068 : 03F;
9069 : 03F;
9070 : 03F;
9071 : 03F;
9072 : 03F;
9073 : 03F;
9074 : 03F;
9075 : 03F;
9076 : 03F;
9077 : 03F;
9078 : 03F;
9079 : 03F;
9080 : 03F;
9081 : 03F;
9082 : 03F;
9083 : 03F;
9084 : 03F;
9085 : 03F;
9086 : 03F;
9087 : 1FF;
9088 : 1FF;
9089 : 1FF;
9090 : 1FF;
9091 : 1FF;
9092 : 1FF;
9093 : 1FF;
9094 : 1FF;
9095 : 1FF;
9096 : 1FF;
9097 : 1FF;
9098 : 1FF;
9099 : 1FF;
9100 : 1FF;
9101 : 1FF;
9102 : 1FF;
9103 : 1FF;
9104 : 1FF;
9105 : 1FF;
9106 : 1FF;
9107 : 1FF;
9108 : 1FF;
9109 : 1FF;
9110 : 1FF;
9111 : 1FF;
9112 : 1FF;
9113 : 1FF;
9114 : 1FF;
9115 : 1FF;
9116 : 1FF;
9117 : 1FF;
9118 : 1FF;
9119 : 1FF;
9120 : 1FF;
9121 : 1FF;
9122 : 1FF;
9123 : 1FF;
9124 : 1FF;
9125 : 1FF;
9126 : 1FF;
9127 : 1FF;
9128 : 1FF;
9129 : 1FF;
9130 : 1FF;
9131 : 1FF;
9132 : 1FF;
9133 : 1FF;
9134 : 03F;
9135 : 03F;
9136 : 03F;
9137 : 03F;
9138 : 03F;
9139 : 03F;
9140 : 03F;
9141 : 03F;
9142 : 03F;
9143 : 03F;
9144 : 03F;
9145 : 03F;
9146 : 03F;
9147 : 03F;
9148 : 03F;
9149 : 03F;
9150 : 03F;
9151 : 03F;
9152 : 03F;
9153 : 03F;
9154 : 03F;
9155 : 03F;
9156 : 03F;
9157 : 03F;
9158 : 03F;
9159 : 03F;
9160 : 03F;
9161 : 03F;
9162 : 03F;
9163 : 03F;
9164 : 03F;
9165 : 03F;
9166 : 03F;
9167 : 03F;
9168 : 03F;
9169 : 03F;
9170 : 03F;
9171 : 03F;
9172 : 03F;
9173 : 03F;
9174 : 03F;
9175 : 03F;
9176 : 03F;
9177 : 03F;
9178 : 03F;
9179 : 03F;
9180 : 03F;
9181 : 03F;
9182 : 03F;
9183 : 03F;
9184 : 03F;
9185 : 03F;
9186 : 03F;
9187 : 03F;
9188 : 03F;
9189 : 03F;
9190 : 03F;
9191 : 03F;
9192 : 03F;
9193 : 03F;
9194 : 03F;
9195 : 03F;
9196 : 03F;
9197 : 03F;
9198 : 03F;
9199 : 03F;
9200 : 03F;
9201 : 1F8;
9202 : 1F8;
9203 : 1F8;
9204 : 1F8;
9205 : 1F8;
9206 : 1F8;
9207 : 1F8;
9208 : 1F8;
9209 : 1F8;
9210 : 1F8;
9211 : 1F8;
9212 : 1F8;
9213 : 1F8;
9214 : 1F8;
9215 : 1F8;
9216 : 1F8;
9217 : 1F8;
9218 : 1F8;
9219 : 1F8;
9220 : 1F8;
9221 : 1F8;
9222 : 1F8;
9223 : 1F8;
9224 : 1F8;
9225 : 1F8;
9226 : 1F8;
9227 : 1F8;
9228 : 1F8;
9229 : 1F8;
9230 : 1F8;
9231 : 1F8;
9232 : 1F8;
9233 : 1F8;
9234 : 1F8;
9235 : 1F8;
9236 : 03F;
9237 : 03F;
9238 : 03F;
9239 : 03F;
9240 : 03F;
9241 : 03F;
9242 : 03F;
9243 : 03F;
9244 : 03F;
9245 : 03F;
9246 : 03F;
9247 : 03F;
9248 : 03F;
9249 : 03F;
9250 : 03F;
9251 : 03F;
9252 : 03F;
9253 : 03F;
9254 : 03F;
9255 : 03F;
9256 : 03F;
9257 : 03F;
9258 : 03F;
9259 : 03F;
9260 : 03F;
9261 : 03F;
9262 : 03F;
9263 : 03F;
9264 : 03F;
9265 : 03F;
9266 : 03F;
9267 : 03F;
9268 : 03F;
9269 : 03F;
9270 : 03F;
9271 : 03F;
9272 : 03F;
9273 : 03F;
9274 : 03F;
9275 : 03F;
9276 : 03F;
9277 : 03F;
9278 : 03F;
9279 : 03F;
9280 : 03F;
9281 : 03F;
9282 : 03F;
9283 : 03F;
9284 : 03F;
9285 : 03F;
9286 : 03F;
9287 : 03F;
9288 : 03F;
9289 : 03F;
9290 : 03F;
9291 : 03F;
9292 : 03F;
9293 : 03F;
9294 : 03F;
9295 : 03F;
9296 : 03F;
9297 : 03F;
9298 : 03F;
9299 : 03F;
9300 : 03F;
9301 : 03F;
9302 : 03F;
9303 : 03F;
9304 : 03F;
9305 : 03F;
9306 : 03F;
9307 : 03F;
9308 : 03F;
9309 : 03F;
9310 : 03F;
9311 : 03F;
9312 : 03F;
9313 : 03F;
9314 : 03F;
9315 : 03F;
9316 : 03F;
9317 : 03F;
9318 : 03F;
9319 : 03F;
9320 : 03F;
9321 : 03F;
9322 : 03F;
9323 : 03F;
9324 : 03F;
9325 : 03F;
9326 : 03F;
9327 : 03F;
9328 : 03F;
9329 : 03F;
9330 : 03F;
9331 : 03F;
9332 : 03F;
9333 : 03F;
9334 : 03F;
9335 : 03F;
9336 : 03F;
9337 : 03F;
9338 : 03F;
9339 : 03F;
9340 : 03F;
9341 : 03F;
9342 : 03F;
9343 : 03F;
9344 : 03F;
9345 : 03F;
9346 : 03F;
9347 : 03F;
9348 : 03F;
9349 : 03F;
9350 : 03F;
9351 : 03F;
9352 : 03F;
9353 : 03F;
9354 : 03F;
9355 : 03F;
9356 : 03F;
9357 : 03F;
9358 : 03F;
9359 : 03F;
9360 : 03F;
9361 : 03F;
9362 : 03F;
9363 : 03F;
9364 : 03F;
9365 : 03F;
9366 : 03F;
9367 : 03F;
9368 : 03F;
9369 : 03F;
9370 : 03F;
9371 : 03F;
9372 : 03F;
9373 : 03F;
9374 : 03F;
9375 : 03F;
9376 : 03F;
9377 : 03F;
9378 : 03F;
9379 : 03F;
9380 : 03F;
9381 : 03F;
9382 : 03F;
9383 : 03F;
9384 : 03F;
9385 : 03F;
9386 : 03F;
9387 : 03F;
9388 : 03F;
9389 : 03F;
9390 : 03F;
9391 : 03F;
9392 : 03F;
9393 : 03F;
9394 : 03F;
9395 : 03F;
9396 : 03F;
9397 : 03F;
9398 : 03F;
9399 : 03F;
9400 : 03F;
9401 : 03F;
9402 : 03F;
9403 : 03F;
9404 : 03F;
9405 : 03F;
9406 : 03F;
9407 : 1FF;
9408 : 1FF;
9409 : 1FF;
9410 : 1FF;
9411 : 1FF;
9412 : 1FF;
9413 : 1FF;
9414 : 1FF;
9415 : 1FF;
9416 : 1FF;
9417 : 1FF;
9418 : 1FF;
9419 : 1FF;
9420 : 1FF;
9421 : 1FF;
9422 : 1FF;
9423 : 1FF;
9424 : 1FF;
9425 : 1FF;
9426 : 1FF;
9427 : 1FF;
9428 : 1FF;
9429 : 1FF;
9430 : 1FF;
9431 : 1FF;
9432 : 1FF;
9433 : 1FF;
9434 : 1FF;
9435 : 1FF;
9436 : 1FF;
9437 : 1FF;
9438 : 1FF;
9439 : 1FF;
9440 : 1FF;
9441 : 1FF;
9442 : 1FF;
9443 : 1FF;
9444 : 1FF;
9445 : 1FF;
9446 : 1FF;
9447 : 1FF;
9448 : 1FF;
9449 : 1FF;
9450 : 1FF;
9451 : 1FF;
9452 : 1FF;
9453 : 1FF;
9454 : 03F;
9455 : 03F;
9456 : 03F;
9457 : 03F;
9458 : 03F;
9459 : 03F;
9460 : 03F;
9461 : 03F;
9462 : 03F;
9463 : 03F;
9464 : 03F;
9465 : 03F;
9466 : 03F;
9467 : 03F;
9468 : 03F;
9469 : 03F;
9470 : 03F;
9471 : 03F;
9472 : 03F;
9473 : 03F;
9474 : 03F;
9475 : 03F;
9476 : 03F;
9477 : 03F;
9478 : 03F;
9479 : 03F;
9480 : 03F;
9481 : 03F;
9482 : 03F;
9483 : 03F;
9484 : 03F;
9485 : 03F;
9486 : 03F;
9487 : 03F;
9488 : 03F;
9489 : 03F;
9490 : 03F;
9491 : 03F;
9492 : 03F;
9493 : 03F;
9494 : 03F;
9495 : 03F;
9496 : 03F;
9497 : 03F;
9498 : 03F;
9499 : 03F;
9500 : 03F;
9501 : 03F;
9502 : 03F;
9503 : 03F;
9504 : 03F;
9505 : 03F;
9506 : 03F;
9507 : 03F;
9508 : 03F;
9509 : 03F;
9510 : 03F;
9511 : 03F;
9512 : 03F;
9513 : 03F;
9514 : 03F;
9515 : 03F;
9516 : 03F;
9517 : 03F;
9518 : 03F;
9519 : 03F;
9520 : 03F;
9521 : 1F8;
9522 : 1F8;
9523 : 1F8;
9524 : 1F8;
9525 : 1F8;
9526 : 1F8;
9527 : 1F8;
9528 : 1F8;
9529 : 1F8;
9530 : 1F8;
9531 : 1F8;
9532 : 1F8;
9533 : 1F8;
9534 : 1F8;
9535 : 1F8;
9536 : 1F8;
9537 : 1F8;
9538 : 1F8;
9539 : 1F8;
9540 : 1F8;
9541 : 1F8;
9542 : 1F8;
9543 : 1F8;
9544 : 1F8;
9545 : 1F8;
9546 : 1F8;
9547 : 1F8;
9548 : 1F8;
9549 : 1F8;
9550 : 1F8;
9551 : 1F8;
9552 : 1F8;
9553 : 1F8;
9554 : 1F8;
9555 : 1F8;
9556 : 03F;
9557 : 03F;
9558 : 03F;
9559 : 03F;
9560 : 03F;
9561 : 03F;
9562 : 03F;
9563 : 03F;
9564 : 03F;
9565 : 03F;
9566 : 03F;
9567 : 03F;
9568 : 03F;
9569 : 03F;
9570 : 03F;
9571 : 03F;
9572 : 03F;
9573 : 03F;
9574 : 03F;
9575 : 03F;
9576 : 03F;
9577 : 03F;
9578 : 03F;
9579 : 03F;
9580 : 03F;
9581 : 03F;
9582 : 03F;
9583 : 03F;
9584 : 03F;
9585 : 03F;
9586 : 03F;
9587 : 03F;
9588 : 03F;
9589 : 03F;
9590 : 03F;
9591 : 03F;
9592 : 03F;
9593 : 03F;
9594 : 03F;
9595 : 03F;
9596 : 03F;
9597 : 03F;
9598 : 03F;
9599 : 03F;
9600 : 03F;
9601 : 03F;
9602 : 03F;
9603 : 03F;
9604 : 03F;
9605 : 03F;
9606 : 03F;
9607 : 03F;
9608 : 03F;
9609 : 03F;
9610 : 03F;
9611 : 03F;
9612 : 03F;
9613 : 03F;
9614 : 03F;
9615 : 03F;
9616 : 03F;
9617 : 03F;
9618 : 03F;
9619 : 03F;
9620 : 03F;
9621 : 03F;
9622 : 03F;
9623 : 03F;
9624 : 03F;
9625 : 03F;
9626 : 03F;
9627 : 03F;
9628 : 03F;
9629 : 03F;
9630 : 03F;
9631 : 03F;
9632 : 03F;
9633 : 03F;
9634 : 03F;
9635 : 03F;
9636 : 03F;
9637 : 03F;
9638 : 03F;
9639 : 03F;
9640 : 03F;
9641 : 03F;
9642 : 03F;
9643 : 03F;
9644 : 03F;
9645 : 1FF;
9646 : 1FF;
9647 : 1FF;
9648 : 1FF;
9649 : 1FF;
9650 : 1FF;
9651 : 1FF;
9652 : 03F;
9653 : 03F;
9654 : 03F;
9655 : 03F;
9656 : 03F;
9657 : 03F;
9658 : 03F;
9659 : 03F;
9660 : 03F;
9661 : 03F;
9662 : 03F;
9663 : 03F;
9664 : 03F;
9665 : 03F;
9666 : 03F;
9667 : 03F;
9668 : 03F;
9669 : 03F;
9670 : 03F;
9671 : 03F;
9672 : 03F;
9673 : 03F;
9674 : 03F;
9675 : 03F;
9676 : 03F;
9677 : 03F;
9678 : 03F;
9679 : 03F;
9680 : 03F;
9681 : 03F;
9682 : 03F;
9683 : 03F;
9684 : 03F;
9685 : 03F;
9686 : 03F;
9687 : 03F;
9688 : 03F;
9689 : 03F;
9690 : 03F;
9691 : 03F;
9692 : 03F;
9693 : 03F;
9694 : 03F;
9695 : 03F;
9696 : 03F;
9697 : 03F;
9698 : 03F;
9699 : 03F;
9700 : 03F;
9701 : 03F;
9702 : 03F;
9703 : 03F;
9704 : 03F;
9705 : 03F;
9706 : 03F;
9707 : 03F;
9708 : 03F;
9709 : 03F;
9710 : 03F;
9711 : 03F;
9712 : 03F;
9713 : 03F;
9714 : 03F;
9715 : 03F;
9716 : 03F;
9717 : 03F;
9718 : 03F;
9719 : 03F;
9720 : 03F;
9721 : 03F;
9722 : 03F;
9723 : 03F;
9724 : 03F;
9725 : 03F;
9726 : 03F;
9727 : 1FF;
9728 : 1FF;
9729 : 1FF;
9730 : 1FF;
9731 : 1FF;
9732 : 1FF;
9733 : 1FF;
9734 : 1FF;
9735 : 1FF;
9736 : 1FF;
9737 : 1FF;
9738 : 1FF;
9739 : 1FF;
9740 : 1FF;
9741 : 1FF;
9742 : 1FF;
9743 : 1FF;
9744 : 1FF;
9745 : 1FF;
9746 : 1FF;
9747 : 1FF;
9748 : 1FF;
9749 : 1FF;
9750 : 1FF;
9751 : 1FF;
9752 : 1FF;
9753 : 1FF;
9754 : 1FF;
9755 : 1FF;
9756 : 1FF;
9757 : 1FF;
9758 : 1FF;
9759 : 1FF;
9760 : 1FF;
9761 : 1FF;
9762 : 1FF;
9763 : 1FF;
9764 : 1FF;
9765 : 1FF;
9766 : 1FF;
9767 : 1FF;
9768 : 1FF;
9769 : 1FF;
9770 : 1FF;
9771 : 1FF;
9772 : 1FF;
9773 : 1FF;
9774 : 03F;
9775 : 03F;
9776 : 03F;
9777 : 03F;
9778 : 03F;
9779 : 03F;
9780 : 03F;
9781 : 03F;
9782 : 03F;
9783 : 03F;
9784 : 03F;
9785 : 03F;
9786 : 03F;
9787 : 03F;
9788 : 03F;
9789 : 03F;
9790 : 03F;
9791 : 03F;
9792 : 03F;
9793 : 03F;
9794 : 03F;
9795 : 03F;
9796 : 03F;
9797 : 03F;
9798 : 03F;
9799 : 03F;
9800 : 03F;
9801 : 03F;
9802 : 03F;
9803 : 03F;
9804 : 03F;
9805 : 03F;
9806 : 03F;
9807 : 03F;
9808 : 03F;
9809 : 03F;
9810 : 03F;
9811 : 03F;
9812 : 03F;
9813 : 03F;
9814 : 03F;
9815 : 03F;
9816 : 03F;
9817 : 03F;
9818 : 03F;
9819 : 03F;
9820 : 03F;
9821 : 03F;
9822 : 03F;
9823 : 03F;
9824 : 03F;
9825 : 03F;
9826 : 03F;
9827 : 03F;
9828 : 03F;
9829 : 03F;
9830 : 03F;
9831 : 03F;
9832 : 03F;
9833 : 03F;
9834 : 03F;
9835 : 03F;
9836 : 03F;
9837 : 03F;
9838 : 03F;
9839 : 03F;
9840 : 1F8;
9841 : 1F8;
9842 : 1F8;
9843 : 1F8;
9844 : 1F8;
9845 : 1F8;
9846 : 1F8;
9847 : 1F8;
9848 : 1F8;
9849 : 1F8;
9850 : 1F8;
9851 : 1F8;
9852 : 1F8;
9853 : 1F8;
9854 : 1F8;
9855 : 1F8;
9856 : 1F8;
9857 : 1F8;
9858 : 1F8;
9859 : 1F8;
9860 : 1F8;
9861 : 1F8;
9862 : 1F8;
9863 : 1F8;
9864 : 1F8;
9865 : 1F8;
9866 : 1F8;
9867 : 1F8;
9868 : 1F8;
9869 : 1F8;
9870 : 1F8;
9871 : 1F8;
9872 : 1F8;
9873 : 1F8;
9874 : 1F8;
9875 : 1F8;
9876 : 1F8;
9877 : 03F;
9878 : 03F;
9879 : 03F;
9880 : 03F;
9881 : 03F;
9882 : 03F;
9883 : 03F;
9884 : 03F;
9885 : 03F;
9886 : 03F;
9887 : 03F;
9888 : 03F;
9889 : 03F;
9890 : 03F;
9891 : 03F;
9892 : 03F;
9893 : 03F;
9894 : 03F;
9895 : 03F;
9896 : 03F;
9897 : 03F;
9898 : 03F;
9899 : 03F;
9900 : 03F;
9901 : 03F;
9902 : 03F;
9903 : 03F;
9904 : 03F;
9905 : 03F;
9906 : 03F;
9907 : 03F;
9908 : 03F;
9909 : 03F;
9910 : 03F;
9911 : 03F;
9912 : 03F;
9913 : 03F;
9914 : 03F;
9915 : 03F;
9916 : 03F;
9917 : 03F;
9918 : 03F;
9919 : 03F;
9920 : 03F;
9921 : 03F;
9922 : 03F;
9923 : 03F;
9924 : 03F;
9925 : 03F;
9926 : 03F;
9927 : 03F;
9928 : 03F;
9929 : 03F;
9930 : 03F;
9931 : 03F;
9932 : 03F;
9933 : 03F;
9934 : 03F;
9935 : 03F;
9936 : 03F;
9937 : 03F;
9938 : 03F;
9939 : 03F;
9940 : 03F;
9941 : 03F;
9942 : 03F;
9943 : 03F;
9944 : 03F;
9945 : 03F;
9946 : 03F;
9947 : 03F;
9948 : 03F;
9949 : 03F;
9950 : 03F;
9951 : 03F;
9952 : 03F;
9953 : 03F;
9954 : 03F;
9955 : 03F;
9956 : 03F;
9957 : 03F;
9958 : 03F;
9959 : 03F;
9960 : 03F;
9961 : 03F;
9962 : 1FF;
9963 : 1FF;
9964 : 1FF;
9965 : 1FF;
9966 : 1FF;
9967 : 1FF;
9968 : 1FF;
9969 : 1FF;
9970 : 1FF;
9971 : 1FF;
9972 : 1FF;
9973 : 1FF;
9974 : 1FF;
9975 : 03F;
9976 : 03F;
9977 : 03F;
9978 : 03F;
9979 : 03F;
9980 : 03F;
9981 : 03F;
9982 : 03F;
9983 : 03F;
9984 : 03F;
9985 : 03F;
9986 : 03F;
9987 : 03F;
9988 : 03F;
9989 : 03F;
9990 : 03F;
9991 : 03F;
9992 : 03F;
9993 : 03F;
9994 : 03F;
9995 : 03F;
9996 : 03F;
9997 : 03F;
9998 : 03F;
9999 : 03F;
10000 : 03F;
10001 : 03F;
10002 : 03F;
10003 : 03F;
10004 : 03F;
10005 : 03F;
10006 : 03F;
10007 : 03F;
10008 : 03F;
10009 : 03F;
10010 : 03F;
10011 : 03F;
10012 : 03F;
10013 : 03F;
10014 : 03F;
10015 : 03F;
10016 : 03F;
10017 : 03F;
10018 : 03F;
10019 : 03F;
10020 : 03F;
10021 : 03F;
10022 : 03F;
10023 : 03F;
10024 : 03F;
10025 : 03F;
10026 : 03F;
10027 : 03F;
10028 : 03F;
10029 : 03F;
10030 : 03F;
10031 : 03F;
10032 : 03F;
10033 : 03F;
10034 : 03F;
10035 : 03F;
10036 : 03F;
10037 : 03F;
10038 : 03F;
10039 : 03F;
10040 : 03F;
10041 : 03F;
10042 : 03F;
10043 : 03F;
10044 : 03F;
10045 : 03F;
10046 : 03F;
10047 : 1FF;
10048 : 1FF;
10049 : 1FF;
10050 : 1FF;
10051 : 1FF;
10052 : 1FF;
10053 : 1FF;
10054 : 1FF;
10055 : 1FF;
10056 : 1FF;
10057 : 1FF;
10058 : 1FF;
10059 : 1FF;
10060 : 1FF;
10061 : 1FF;
10062 : 1FF;
10063 : 1FF;
10064 : 1FF;
10065 : 1FF;
10066 : 1FF;
10067 : 1FF;
10068 : 1FF;
10069 : 1FF;
10070 : 1FF;
10071 : 1FF;
10072 : 1FF;
10073 : 1FF;
10074 : 1FF;
10075 : 1FF;
10076 : 1FF;
10077 : 1FF;
10078 : 1FF;
10079 : 1FF;
10080 : 1FF;
10081 : 1FF;
10082 : 1FF;
10083 : 1FF;
10084 : 1FF;
10085 : 1FF;
10086 : 1FF;
10087 : 1FF;
10088 : 1FF;
10089 : 1FF;
10090 : 1FF;
10091 : 1FF;
10092 : 1FF;
10093 : 1FF;
10094 : 03F;
10095 : 03F;
10096 : 03F;
10097 : 03F;
10098 : 03F;
10099 : 03F;
10100 : 03F;
10101 : 03F;
10102 : 03F;
10103 : 03F;
10104 : 03F;
10105 : 03F;
10106 : 03F;
10107 : 03F;
10108 : 03F;
10109 : 03F;
10110 : 03F;
10111 : 03F;
10112 : 03F;
10113 : 03F;
10114 : 03F;
10115 : 03F;
10116 : 03F;
10117 : 03F;
10118 : 03F;
10119 : 03F;
10120 : 03F;
10121 : 03F;
10122 : 03F;
10123 : 03F;
10124 : 03F;
10125 : 03F;
10126 : 03F;
10127 : 03F;
10128 : 03F;
10129 : 03F;
10130 : 03F;
10131 : 03F;
10132 : 03F;
10133 : 03F;
10134 : 03F;
10135 : 03F;
10136 : 03F;
10137 : 03F;
10138 : 03F;
10139 : 03F;
10140 : 03F;
10141 : 03F;
10142 : 03F;
10143 : 03F;
10144 : 03F;
10145 : 03F;
10146 : 03F;
10147 : 03F;
10148 : 03F;
10149 : 03F;
10150 : 03F;
10151 : 03F;
10152 : 03F;
10153 : 03F;
10154 : 03F;
10155 : 03F;
10156 : 03F;
10157 : 03F;
10158 : 03F;
10159 : 03F;
10160 : 1F8;
10161 : 1F8;
10162 : 1F8;
10163 : 1F8;
10164 : 1F8;
10165 : 1F8;
10166 : 1F8;
10167 : 1F8;
10168 : 1F8;
10169 : 1F8;
10170 : 1F8;
10171 : 1F8;
10172 : 1F8;
10173 : 1F8;
10174 : 1F8;
10175 : 1F8;
10176 : 1F8;
10177 : 1F8;
10178 : 1F8;
10179 : 1F8;
10180 : 1F8;
10181 : 1F8;
10182 : 1F8;
10183 : 1F8;
10184 : 1F8;
10185 : 1F8;
10186 : 1F8;
10187 : 1F8;
10188 : 1F8;
10189 : 1F8;
10190 : 1F8;
10191 : 1F8;
10192 : 1F8;
10193 : 1F8;
10194 : 1F8;
10195 : 1F8;
10196 : 1F8;
10197 : 03F;
10198 : 03F;
10199 : 03F;
10200 : 03F;
10201 : 03F;
10202 : 03F;
10203 : 03F;
10204 : 03F;
10205 : 03F;
10206 : 03F;
10207 : 03F;
10208 : 03F;
10209 : 03F;
10210 : 03F;
10211 : 03F;
10212 : 03F;
10213 : 03F;
10214 : 03F;
10215 : 03F;
10216 : 03F;
10217 : 03F;
10218 : 03F;
10219 : 03F;
10220 : 03F;
10221 : 03F;
10222 : 03F;
10223 : 03F;
10224 : 03F;
10225 : 03F;
10226 : 03F;
10227 : 03F;
10228 : 03F;
10229 : 03F;
10230 : 03F;
10231 : 03F;
10232 : 03F;
10233 : 03F;
10234 : 03F;
10235 : 03F;
10236 : 03F;
10237 : 03F;
10238 : 03F;
10239 : 03F;
10240 : 03F;
10241 : 03F;
10242 : 03F;
10243 : 03F;
10244 : 03F;
10245 : 03F;
10246 : 03F;
10247 : 03F;
10248 : 03F;
10249 : 03F;
10250 : 03F;
10251 : 03F;
10252 : 03F;
10253 : 03F;
10254 : 03F;
10255 : 03F;
10256 : 03F;
10257 : 03F;
10258 : 03F;
10259 : 03F;
10260 : 03F;
10261 : 03F;
10262 : 03F;
10263 : 03F;
10264 : 03F;
10265 : 03F;
10266 : 03F;
10267 : 03F;
10268 : 03F;
10269 : 03F;
10270 : 03F;
10271 : 03F;
10272 : 03F;
10273 : 03F;
10274 : 03F;
10275 : 03F;
10276 : 03F;
10277 : 03F;
10278 : 03F;
10279 : 03F;
10280 : 03F;
10281 : 1FF;
10282 : 1FF;
10283 : 1FF;
10284 : 1FF;
10285 : 1FF;
10286 : 1FF;
10287 : 1FF;
10288 : 1FF;
10289 : 1FF;
10290 : 1FF;
10291 : 1FF;
10292 : 1FF;
10293 : 1FF;
10294 : 1FF;
10295 : 1FF;
10296 : 03F;
10297 : 03F;
10298 : 03F;
10299 : 03F;
10300 : 03F;
10301 : 03F;
10302 : 03F;
10303 : 03F;
10304 : 03F;
10305 : 03F;
10306 : 03F;
10307 : 03F;
10308 : 03F;
10309 : 03F;
10310 : 03F;
10311 : 03F;
10312 : 03F;
10313 : 03F;
10314 : 03F;
10315 : 03F;
10316 : 03F;
10317 : 03F;
10318 : 03F;
10319 : 03F;
10320 : 03F;
10321 : 03F;
10322 : 03F;
10323 : 03F;
10324 : 03F;
10325 : 03F;
10326 : 03F;
10327 : 03F;
10328 : 03F;
10329 : 03F;
10330 : 03F;
10331 : 03F;
10332 : 03F;
10333 : 03F;
10334 : 03F;
10335 : 03F;
10336 : 03F;
10337 : 03F;
10338 : 03F;
10339 : 03F;
10340 : 03F;
10341 : 03F;
10342 : 03F;
10343 : 03F;
10344 : 03F;
10345 : 03F;
10346 : 03F;
10347 : 03F;
10348 : 03F;
10349 : 03F;
10350 : 03F;
10351 : 03F;
10352 : 03F;
10353 : 03F;
10354 : 03F;
10355 : 03F;
10356 : 03F;
10357 : 03F;
10358 : 03F;
10359 : 03F;
10360 : 03F;
10361 : 03F;
10362 : 03F;
10363 : 03F;
10364 : 03F;
10365 : 03F;
10366 : 03F;
10367 : 1FF;
10368 : 1FF;
10369 : 1FF;
10370 : 1FF;
10371 : 1FF;
10372 : 1FF;
10373 : 1FF;
10374 : 1FF;
10375 : 1FF;
10376 : 1FF;
10377 : 1FF;
10378 : 1FF;
10379 : 1FF;
10380 : 1FF;
10381 : 1FF;
10382 : 1FF;
10383 : 1FF;
10384 : 1FF;
10385 : 1FF;
10386 : 1FF;
10387 : 1FF;
10388 : 1FF;
10389 : 1FF;
10390 : 1FF;
10391 : 1FF;
10392 : 1FF;
10393 : 1FF;
10394 : 1FF;
10395 : 1FF;
10396 : 1FF;
10397 : 1FF;
10398 : 1FF;
10399 : 1FF;
10400 : 1FF;
10401 : 1FF;
10402 : 1FF;
10403 : 1FF;
10404 : 1FF;
10405 : 1FF;
10406 : 1FF;
10407 : 1FF;
10408 : 1FF;
10409 : 1FF;
10410 : 1FF;
10411 : 1FF;
10412 : 1FF;
10413 : 1FF;
10414 : 03F;
10415 : 03F;
10416 : 03F;
10417 : 03F;
10418 : 03F;
10419 : 03F;
10420 : 03F;
10421 : 03F;
10422 : 03F;
10423 : 03F;
10424 : 03F;
10425 : 03F;
10426 : 03F;
10427 : 03F;
10428 : 03F;
10429 : 03F;
10430 : 03F;
10431 : 03F;
10432 : 03F;
10433 : 03F;
10434 : 03F;
10435 : 03F;
10436 : 03F;
10437 : 03F;
10438 : 03F;
10439 : 03F;
10440 : 03F;
10441 : 03F;
10442 : 03F;
10443 : 03F;
10444 : 03F;
10445 : 03F;
10446 : 03F;
10447 : 03F;
10448 : 03F;
10449 : 03F;
10450 : 03F;
10451 : 03F;
10452 : 03F;
10453 : 03F;
10454 : 03F;
10455 : 03F;
10456 : 03F;
10457 : 03F;
10458 : 03F;
10459 : 03F;
10460 : 03F;
10461 : 03F;
10462 : 03F;
10463 : 03F;
10464 : 03F;
10465 : 03F;
10466 : 03F;
10467 : 03F;
10468 : 03F;
10469 : 03F;
10470 : 03F;
10471 : 03F;
10472 : 03F;
10473 : 03F;
10474 : 03F;
10475 : 03F;
10476 : 03F;
10477 : 03F;
10478 : 03F;
10479 : 1F8;
10480 : 1F8;
10481 : 1F8;
10482 : 1F8;
10483 : 1F8;
10484 : 1F8;
10485 : 1F8;
10486 : 1F8;
10487 : 1F8;
10488 : 1F8;
10489 : 1F8;
10490 : 1F8;
10491 : 1F8;
10492 : 1F8;
10493 : 1F8;
10494 : 1F8;
10495 : 1F8;
10496 : 1F8;
10497 : 1F8;
10498 : 1F8;
10499 : 1F8;
10500 : 1F8;
10501 : 1F8;
10502 : 1F8;
10503 : 1F8;
10504 : 1F8;
10505 : 1F8;
10506 : 1F8;
10507 : 1F8;
10508 : 1F8;
10509 : 1F8;
10510 : 1F8;
10511 : 1F8;
10512 : 1F8;
10513 : 1F8;
10514 : 1F8;
10515 : 1F8;
10516 : 1F8;
10517 : 1F8;
10518 : 03F;
10519 : 03F;
10520 : 03F;
10521 : 03F;
10522 : 03F;
10523 : 03F;
10524 : 03F;
10525 : 03F;
10526 : 03F;
10527 : 03F;
10528 : 03F;
10529 : 03F;
10530 : 03F;
10531 : 03F;
10532 : 03F;
10533 : 03F;
10534 : 03F;
10535 : 03F;
10536 : 03F;
10537 : 03F;
10538 : 03F;
10539 : 03F;
10540 : 03F;
10541 : 03F;
10542 : 03F;
10543 : 03F;
10544 : 03F;
10545 : 03F;
10546 : 03F;
10547 : 03F;
10548 : 03F;
10549 : 03F;
10550 : 03F;
10551 : 03F;
10552 : 03F;
10553 : 03F;
10554 : 03F;
10555 : 03F;
10556 : 03F;
10557 : 03F;
10558 : 03F;
10559 : 03F;
10560 : 03F;
10561 : 03F;
10562 : 03F;
10563 : 03F;
10564 : 03F;
10565 : 03F;
10566 : 03F;
10567 : 03F;
10568 : 03F;
10569 : 03F;
10570 : 03F;
10571 : 03F;
10572 : 03F;
10573 : 03F;
10574 : 03F;
10575 : 03F;
10576 : 03F;
10577 : 03F;
10578 : 03F;
10579 : 03F;
10580 : 03F;
10581 : 03F;
10582 : 03F;
10583 : 03F;
10584 : 03F;
10585 : 03F;
10586 : 03F;
10587 : 03F;
10588 : 03F;
10589 : 03F;
10590 : 03F;
10591 : 03F;
10592 : 03F;
10593 : 03F;
10594 : 03F;
10595 : 03F;
10596 : 03F;
10597 : 03F;
10598 : 03F;
10599 : 03F;
10600 : 1FF;
10601 : 1FF;
10602 : 1FF;
10603 : 1FF;
10604 : 1FF;
10605 : 1FF;
10606 : 1FF;
10607 : 1FF;
10608 : 1FF;
10609 : 1FF;
10610 : 1FF;
10611 : 1FF;
10612 : 1FF;
10613 : 1FF;
10614 : 1FF;
10615 : 1FF;
10616 : 1FF;
10617 : 03F;
10618 : 03F;
10619 : 03F;
10620 : 03F;
10621 : 03F;
10622 : 03F;
10623 : 03F;
10624 : 03F;
10625 : 03F;
10626 : 03F;
10627 : 03F;
10628 : 03F;
10629 : 03F;
10630 : 03F;
10631 : 03F;
10632 : 03F;
10633 : 03F;
10634 : 03F;
10635 : 03F;
10636 : 03F;
10637 : 03F;
10638 : 03F;
10639 : 03F;
10640 : 03F;
10641 : 03F;
10642 : 03F;
10643 : 03F;
10644 : 03F;
10645 : 03F;
10646 : 03F;
10647 : 03F;
10648 : 03F;
10649 : 03F;
10650 : 03F;
10651 : 03F;
10652 : 03F;
10653 : 03F;
10654 : 03F;
10655 : 03F;
10656 : 03F;
10657 : 03F;
10658 : 03F;
10659 : 03F;
10660 : 03F;
10661 : 03F;
10662 : 03F;
10663 : 03F;
10664 : 03F;
10665 : 03F;
10666 : 03F;
10667 : 03F;
10668 : 03F;
10669 : 03F;
10670 : 03F;
10671 : 03F;
10672 : 03F;
10673 : 03F;
10674 : 03F;
10675 : 03F;
10676 : 03F;
10677 : 03F;
10678 : 03F;
10679 : 03F;
10680 : 03F;
10681 : 03F;
10682 : 03F;
10683 : 03F;
10684 : 03F;
10685 : 03F;
10686 : 03F;
10687 : 1FF;
10688 : 1FF;
10689 : 1FF;
10690 : 1FF;
10691 : 1FF;
10692 : 1FF;
10693 : 1FF;
10694 : 1FF;
10695 : 1FF;
10696 : 1FF;
10697 : 1FF;
10698 : 1FF;
10699 : 1FF;
10700 : 1FF;
10701 : 1FF;
10702 : 1FF;
10703 : 1FF;
10704 : 1FF;
10705 : 1FF;
10706 : 1FF;
10707 : 1FF;
10708 : 1FF;
10709 : 1FF;
10710 : 1FF;
10711 : 1FF;
10712 : 1FF;
10713 : 1FF;
10714 : 1FF;
10715 : 1FF;
10716 : 1FF;
10717 : 1FF;
10718 : 1FF;
10719 : 1FF;
10720 : 1FF;
10721 : 1FF;
10722 : 1FF;
10723 : 1FF;
10724 : 1FF;
10725 : 1FF;
10726 : 1FF;
10727 : 1FF;
10728 : 1FF;
10729 : 1FF;
10730 : 1FF;
10731 : 1FF;
10732 : 1FF;
10733 : 1FF;
10734 : 03F;
10735 : 03F;
10736 : 03F;
10737 : 03F;
10738 : 03F;
10739 : 03F;
10740 : 03F;
10741 : 03F;
10742 : 03F;
10743 : 03F;
10744 : 03F;
10745 : 03F;
10746 : 03F;
10747 : 03F;
10748 : 03F;
10749 : 03F;
10750 : 03F;
10751 : 03F;
10752 : 03F;
10753 : 03F;
10754 : 03F;
10755 : 03F;
10756 : 03F;
10757 : 03F;
10758 : 03F;
10759 : 03F;
10760 : 03F;
10761 : 03F;
10762 : 03F;
10763 : 03F;
10764 : 03F;
10765 : 03F;
10766 : 03F;
10767 : 03F;
10768 : 03F;
10769 : 03F;
10770 : 03F;
10771 : 03F;
10772 : 03F;
10773 : 03F;
10774 : 03F;
10775 : 03F;
10776 : 03F;
10777 : 03F;
10778 : 03F;
10779 : 03F;
10780 : 03F;
10781 : 03F;
10782 : 03F;
10783 : 03F;
10784 : 03F;
10785 : 03F;
10786 : 03F;
10787 : 03F;
10788 : 03F;
10789 : 03F;
10790 : 03F;
10791 : 03F;
10792 : 03F;
10793 : 03F;
10794 : 03F;
10795 : 03F;
10796 : 03F;
10797 : 03F;
10798 : 03F;
10799 : 1F8;
10800 : 1F8;
10801 : 1F8;
10802 : 1F8;
10803 : 1F8;
10804 : 1F8;
10805 : 1F8;
10806 : 1F8;
10807 : 1F8;
10808 : 1F8;
10809 : 1F8;
10810 : 1F8;
10811 : 1F8;
10812 : 1F8;
10813 : 1F8;
10814 : 1F8;
10815 : 1F8;
10816 : 1F8;
10817 : 1F8;
10818 : 1F8;
10819 : 1F8;
10820 : 1F8;
10821 : 1F8;
10822 : 1F8;
10823 : 1F8;
10824 : 1F8;
10825 : 1F8;
10826 : 1F8;
10827 : 1F8;
10828 : 1F8;
10829 : 1F8;
10830 : 1F8;
10831 : 1F8;
10832 : 1F8;
10833 : 1F8;
10834 : 1F8;
10835 : 1F8;
10836 : 1F8;
10837 : 1F8;
10838 : 03F;
10839 : 03F;
10840 : 03F;
10841 : 03F;
10842 : 03F;
10843 : 03F;
10844 : 03F;
10845 : 03F;
10846 : 03F;
10847 : 03F;
10848 : 03F;
10849 : 03F;
10850 : 03F;
10851 : 03F;
10852 : 03F;
10853 : 03F;
10854 : 03F;
10855 : 03F;
10856 : 03F;
10857 : 03F;
10858 : 03F;
10859 : 03F;
10860 : 03F;
10861 : 03F;
10862 : 03F;
10863 : 03F;
10864 : 03F;
10865 : 03F;
10866 : 03F;
10867 : 03F;
10868 : 03F;
10869 : 03F;
10870 : 03F;
10871 : 03F;
10872 : 03F;
10873 : 03F;
10874 : 03F;
10875 : 03F;
10876 : 03F;
10877 : 03F;
10878 : 03F;
10879 : 03F;
10880 : 03F;
10881 : 03F;
10882 : 03F;
10883 : 03F;
10884 : 03F;
10885 : 03F;
10886 : 03F;
10887 : 03F;
10888 : 03F;
10889 : 03F;
10890 : 03F;
10891 : 03F;
10892 : 03F;
10893 : 03F;
10894 : 03F;
10895 : 03F;
10896 : 03F;
10897 : 03F;
10898 : 03F;
10899 : 03F;
10900 : 03F;
10901 : 03F;
10902 : 03F;
10903 : 03F;
10904 : 03F;
10905 : 03F;
10906 : 03F;
10907 : 03F;
10908 : 03F;
10909 : 03F;
10910 : 03F;
10911 : 03F;
10912 : 03F;
10913 : 03F;
10914 : 03F;
10915 : 03F;
10916 : 03F;
10917 : 03F;
10918 : 03F;
10919 : 1FF;
10920 : 1FF;
10921 : 1FF;
10922 : 1FF;
10923 : 1FF;
10924 : 1FF;
10925 : 1FF;
10926 : 1FF;
10927 : 1FF;
10928 : 1FF;
10929 : 1FF;
10930 : 1FF;
10931 : 1FF;
10932 : 1FF;
10933 : 1FF;
10934 : 1FF;
10935 : 1FF;
10936 : 1FF;
10937 : 1FF;
10938 : 03F;
10939 : 03F;
10940 : 03F;
10941 : 03F;
10942 : 03F;
10943 : 03F;
10944 : 03F;
10945 : 03F;
10946 : 03F;
10947 : 03F;
10948 : 03F;
10949 : 03F;
10950 : 03F;
10951 : 03F;
10952 : 03F;
10953 : 03F;
10954 : 03F;
10955 : 03F;
10956 : 03F;
10957 : 03F;
10958 : 03F;
10959 : 03F;
10960 : 03F;
10961 : 03F;
10962 : 03F;
10963 : 03F;
10964 : 03F;
10965 : 03F;
10966 : 03F;
10967 : 03F;
10968 : 03F;
10969 : 03F;
10970 : 03F;
10971 : 03F;
10972 : 03F;
10973 : 03F;
10974 : 03F;
10975 : 03F;
10976 : 03F;
10977 : 03F;
10978 : 03F;
10979 : 03F;
10980 : 03F;
10981 : 03F;
10982 : 03F;
10983 : 03F;
10984 : 03F;
10985 : 03F;
10986 : 03F;
10987 : 03F;
10988 : 03F;
10989 : 03F;
10990 : 03F;
10991 : 03F;
10992 : 03F;
10993 : 03F;
10994 : 03F;
10995 : 03F;
10996 : 03F;
10997 : 03F;
10998 : 03F;
10999 : 03F;
11000 : 03F;
11001 : 03F;
11002 : 03F;
11003 : 03F;
11004 : 03F;
11005 : 03F;
11006 : 03F;
11007 : 03F;
11008 : 03F;
11009 : 03F;
11010 : 03F;
11011 : 03F;
11012 : 03F;
11013 : 03F;
11014 : 03F;
11015 : 03F;
11016 : 03F;
11017 : 03F;
11018 : 03F;
11019 : 1FF;
11020 : 1FF;
11021 : 1FF;
11022 : 1FF;
11023 : 1FF;
11024 : 1FF;
11025 : 1FF;
11026 : 1FF;
11027 : 1FF;
11028 : 1FF;
11029 : 1FF;
11030 : 1FF;
11031 : 1FF;
11032 : 03F;
11033 : 03F;
11034 : 1FF;
11035 : 1FF;
11036 : 1FF;
11037 : 1FF;
11038 : 1FF;
11039 : 1FF;
11040 : 1FF;
11041 : 1FF;
11042 : 1FF;
11043 : 1FF;
11044 : 1FF;
11045 : 1FF;
11046 : 1FF;
11047 : 03F;
11048 : 03F;
11049 : 03F;
11050 : 03F;
11051 : 03F;
11052 : 03F;
11053 : 03F;
11054 : 03F;
11055 : 03F;
11056 : 03F;
11057 : 03F;
11058 : 03F;
11059 : 03F;
11060 : 03F;
11061 : 03F;
11062 : 03F;
11063 : 03F;
11064 : 03F;
11065 : 03F;
11066 : 03F;
11067 : 03F;
11068 : 03F;
11069 : 03F;
11070 : 03F;
11071 : 03F;
11072 : 03F;
11073 : 03F;
11074 : 03F;
11075 : 03F;
11076 : 03F;
11077 : 03F;
11078 : 03F;
11079 : 03F;
11080 : 03F;
11081 : 03F;
11082 : 03F;
11083 : 03F;
11084 : 03F;
11085 : 03F;
11086 : 03F;
11087 : 03F;
11088 : 03F;
11089 : 03F;
11090 : 03F;
11091 : 03F;
11092 : 03F;
11093 : 03F;
11094 : 03F;
11095 : 03F;
11096 : 03F;
11097 : 03F;
11098 : 03F;
11099 : 03F;
11100 : 03F;
11101 : 03F;
11102 : 03F;
11103 : 03F;
11104 : 03F;
11105 : 03F;
11106 : 03F;
11107 : 03F;
11108 : 03F;
11109 : 03F;
11110 : 03F;
11111 : 03F;
11112 : 03F;
11113 : 03F;
11114 : 03F;
11115 : 03F;
11116 : 03F;
11117 : 03F;
11118 : 03F;
11119 : 1F8;
11120 : 1F8;
11121 : 1F8;
11122 : 1F8;
11123 : 1F8;
11124 : 1F8;
11125 : 1F8;
11126 : 1F8;
11127 : 1F8;
11128 : 1F8;
11129 : 1F8;
11130 : 1F8;
11131 : 1F8;
11132 : 1F8;
11133 : 1F8;
11134 : 1F8;
11135 : 1F8;
11136 : 1F8;
11137 : 1F8;
11138 : 1F8;
11139 : 1F8;
11140 : 1F8;
11141 : 1F8;
11142 : 1F8;
11143 : 1F8;
11144 : 1F8;
11145 : 1F8;
11146 : 1F8;
11147 : 1F8;
11148 : 1F8;
11149 : 1F8;
11150 : 1F8;
11151 : 1F8;
11152 : 1F8;
11153 : 1F8;
11154 : 1F8;
11155 : 1F8;
11156 : 1F8;
11157 : 1F8;
11158 : 03F;
11159 : 03F;
11160 : 03F;
11161 : 03F;
11162 : 03F;
11163 : 03F;
11164 : 03F;
11165 : 03F;
11166 : 03F;
11167 : 03F;
11168 : 03F;
11169 : 03F;
11170 : 03F;
11171 : 03F;
11172 : 03F;
11173 : 03F;
11174 : 03F;
11175 : 03F;
11176 : 03F;
11177 : 03F;
11178 : 03F;
11179 : 03F;
11180 : 03F;
11181 : 03F;
11182 : 03F;
11183 : 03F;
11184 : 03F;
11185 : 03F;
11186 : 03F;
11187 : 03F;
11188 : 03F;
11189 : 03F;
11190 : 03F;
11191 : 03F;
11192 : 03F;
11193 : 03F;
11194 : 03F;
11195 : 03F;
11196 : 03F;
11197 : 03F;
11198 : 03F;
11199 : 03F;
11200 : 03F;
11201 : 03F;
11202 : 03F;
11203 : 03F;
11204 : 03F;
11205 : 03F;
11206 : 03F;
11207 : 03F;
11208 : 03F;
11209 : 03F;
11210 : 03F;
11211 : 03F;
11212 : 03F;
11213 : 03F;
11214 : 03F;
11215 : 03F;
11216 : 03F;
11217 : 03F;
11218 : 03F;
11219 : 03F;
11220 : 03F;
11221 : 03F;
11222 : 03F;
11223 : 03F;
11224 : 03F;
11225 : 03F;
11226 : 03F;
11227 : 03F;
11228 : 03F;
11229 : 03F;
11230 : 03F;
11231 : 03F;
11232 : 03F;
11233 : 03F;
11234 : 03F;
11235 : 03F;
11236 : 03F;
11237 : 03F;
11238 : 1FF;
11239 : 1FF;
11240 : 1FF;
11241 : 1FF;
11242 : 1FF;
11243 : 1FF;
11244 : 1FF;
11245 : 1FF;
11246 : 1FF;
11247 : 1FF;
11248 : 1FF;
11249 : 1FF;
11250 : 1FF;
11251 : 1FF;
11252 : 1FF;
11253 : 1FF;
11254 : 1FF;
11255 : 1FF;
11256 : 1FF;
11257 : 1FF;
11258 : 1FF;
11259 : 03F;
11260 : 1FF;
11261 : 1FF;
11262 : 1FF;
11263 : 1FF;
11264 : 1FF;
11265 : 1FF;
11266 : 1FF;
11267 : 03F;
11268 : 03F;
11269 : 03F;
11270 : 03F;
11271 : 03F;
11272 : 03F;
11273 : 03F;
11274 : 03F;
11275 : 03F;
11276 : 03F;
11277 : 03F;
11278 : 03F;
11279 : 03F;
11280 : 03F;
11281 : 03F;
11282 : 03F;
11283 : 03F;
11284 : 03F;
11285 : 03F;
11286 : 03F;
11287 : 03F;
11288 : 03F;
11289 : 03F;
11290 : 03F;
11291 : 03F;
11292 : 03F;
11293 : 03F;
11294 : 03F;
11295 : 03F;
11296 : 03F;
11297 : 03F;
11298 : 03F;
11299 : 03F;
11300 : 03F;
11301 : 03F;
11302 : 03F;
11303 : 03F;
11304 : 03F;
11305 : 03F;
11306 : 03F;
11307 : 03F;
11308 : 03F;
11309 : 03F;
11310 : 03F;
11311 : 03F;
11312 : 03F;
11313 : 03F;
11314 : 03F;
11315 : 03F;
11316 : 03F;
11317 : 03F;
11318 : 03F;
11319 : 03F;
11320 : 03F;
11321 : 03F;
11322 : 03F;
11323 : 03F;
11324 : 03F;
11325 : 03F;
11326 : 03F;
11327 : 03F;
11328 : 03F;
11329 : 03F;
11330 : 03F;
11331 : 03F;
11332 : 03F;
11333 : 03F;
11334 : 03F;
11335 : 03F;
11336 : 03F;
11337 : 03F;
11338 : 03F;
11339 : 03F;
11340 : 03F;
11341 : 03F;
11342 : 1FF;
11343 : 1FF;
11344 : 1FF;
11345 : 1FF;
11346 : 1FF;
11347 : 1FF;
11348 : 1FF;
11349 : 03F;
11350 : 03F;
11351 : 03F;
11352 : 03F;
11353 : 03F;
11354 : 03F;
11355 : 1FF;
11356 : 1FF;
11357 : 1FF;
11358 : 1FF;
11359 : 1FF;
11360 : 1FF;
11361 : 1FF;
11362 : 1FF;
11363 : 1FF;
11364 : 1FF;
11365 : 1FF;
11366 : 03F;
11367 : 03F;
11368 : 03F;
11369 : 03F;
11370 : 03F;
11371 : 03F;
11372 : 03F;
11373 : 03F;
11374 : 03F;
11375 : 03F;
11376 : 03F;
11377 : 03F;
11378 : 03F;
11379 : 03F;
11380 : 03F;
11381 : 03F;
11382 : 03F;
11383 : 03F;
11384 : 03F;
11385 : 03F;
11386 : 03F;
11387 : 03F;
11388 : 03F;
11389 : 03F;
11390 : 03F;
11391 : 03F;
11392 : 03F;
11393 : 03F;
11394 : 03F;
11395 : 03F;
11396 : 03F;
11397 : 03F;
11398 : 03F;
11399 : 03F;
11400 : 03F;
11401 : 03F;
11402 : 03F;
11403 : 03F;
11404 : 03F;
11405 : 03F;
11406 : 03F;
11407 : 03F;
11408 : 03F;
11409 : 03F;
11410 : 03F;
11411 : 03F;
11412 : 03F;
11413 : 03F;
11414 : 03F;
11415 : 03F;
11416 : 03F;
11417 : 03F;
11418 : 03F;
11419 : 03F;
11420 : 03F;
11421 : 03F;
11422 : 03F;
11423 : 03F;
11424 : 03F;
11425 : 03F;
11426 : 03F;
11427 : 03F;
11428 : 03F;
11429 : 03F;
11430 : 03F;
11431 : 03F;
11432 : 03F;
11433 : 03F;
11434 : 03F;
11435 : 03F;
11436 : 03F;
11437 : 03F;
11438 : 1F8;
11439 : 1F8;
11440 : 1F8;
11441 : 1F8;
11442 : 1F8;
11443 : 1F8;
11444 : 1F8;
11445 : 1F8;
11446 : 1F8;
11447 : 1F8;
11448 : 1F8;
11449 : 1F8;
11450 : 1F8;
11451 : 1F8;
11452 : 1F8;
11453 : 1F8;
11454 : 1F8;
11455 : 1F8;
11456 : 1F8;
11457 : 1F8;
11458 : 1F8;
11459 : 1F8;
11460 : 1F8;
11461 : 1F8;
11462 : 1F8;
11463 : 1F8;
11464 : 1F8;
11465 : 1F8;
11466 : 1F8;
11467 : 1F8;
11468 : 1F8;
11469 : 1F8;
11470 : 1F8;
11471 : 1F8;
11472 : 1F8;
11473 : 1F8;
11474 : 1F8;
11475 : 1F8;
11476 : 1F8;
11477 : 1F8;
11478 : 1F8;
11479 : 03F;
11480 : 03F;
11481 : 03F;
11482 : 03F;
11483 : 03F;
11484 : 03F;
11485 : 03F;
11486 : 03F;
11487 : 03F;
11488 : 03F;
11489 : 03F;
11490 : 03F;
11491 : 03F;
11492 : 03F;
11493 : 03F;
11494 : 03F;
11495 : 03F;
11496 : 03F;
11497 : 03F;
11498 : 03F;
11499 : 03F;
11500 : 03F;
11501 : 03F;
11502 : 03F;
11503 : 03F;
11504 : 03F;
11505 : 03F;
11506 : 03F;
11507 : 03F;
11508 : 03F;
11509 : 03F;
11510 : 03F;
11511 : 03F;
11512 : 03F;
11513 : 03F;
11514 : 03F;
11515 : 03F;
11516 : 03F;
11517 : 03F;
11518 : 03F;
11519 : 03F;
11520 : 03F;
11521 : 03F;
11522 : 03F;
11523 : 03F;
11524 : 03F;
11525 : 03F;
11526 : 03F;
11527 : 03F;
11528 : 03F;
11529 : 03F;
11530 : 03F;
11531 : 03F;
11532 : 03F;
11533 : 03F;
11534 : 03F;
11535 : 03F;
11536 : 03F;
11537 : 03F;
11538 : 03F;
11539 : 03F;
11540 : 03F;
11541 : 03F;
11542 : 03F;
11543 : 03F;
11544 : 03F;
11545 : 03F;
11546 : 03F;
11547 : 03F;
11548 : 03F;
11549 : 03F;
11550 : 03F;
11551 : 03F;
11552 : 03F;
11553 : 03F;
11554 : 03F;
11555 : 03F;
11556 : 03F;
11557 : 03F;
11558 : 1FF;
11559 : 1FF;
11560 : 1FF;
11561 : 1FF;
11562 : 1FF;
11563 : 1FF;
11564 : 1FF;
11565 : 1FF;
11566 : 1FF;
11567 : 1FF;
11568 : 1FF;
11569 : 1FF;
11570 : 1FF;
11571 : 1FF;
11572 : 1FF;
11573 : 1FF;
11574 : 1FF;
11575 : 1FF;
11576 : 1FF;
11577 : 1FF;
11578 : 1FF;
11579 : 1FF;
11580 : 1FF;
11581 : 1FF;
11582 : 1FF;
11583 : 1FF;
11584 : 1FF;
11585 : 1FF;
11586 : 1FF;
11587 : 1FF;
11588 : 1FF;
11589 : 03F;
11590 : 03F;
11591 : 03F;
11592 : 03F;
11593 : 03F;
11594 : 03F;
11595 : 03F;
11596 : 03F;
11597 : 03F;
11598 : 03F;
11599 : 03F;
11600 : 03F;
11601 : 03F;
11602 : 03F;
11603 : 03F;
11604 : 03F;
11605 : 03F;
11606 : 03F;
11607 : 03F;
11608 : 03F;
11609 : 03F;
11610 : 03F;
11611 : 03F;
11612 : 03F;
11613 : 03F;
11614 : 03F;
11615 : 03F;
11616 : 03F;
11617 : 03F;
11618 : 03F;
11619 : 03F;
11620 : 03F;
11621 : 03F;
11622 : 03F;
11623 : 03F;
11624 : 03F;
11625 : 03F;
11626 : 03F;
11627 : 03F;
11628 : 03F;
11629 : 03F;
11630 : 03F;
11631 : 03F;
11632 : 03F;
11633 : 03F;
11634 : 03F;
11635 : 03F;
11636 : 03F;
11637 : 03F;
11638 : 03F;
11639 : 03F;
11640 : 03F;
11641 : 03F;
11642 : 03F;
11643 : 03F;
11644 : 03F;
11645 : 03F;
11646 : 03F;
11647 : 03F;
11648 : 03F;
11649 : 03F;
11650 : 03F;
11651 : 03F;
11652 : 03F;
11653 : 03F;
11654 : 03F;
11655 : 03F;
11656 : 03F;
11657 : 03F;
11658 : 03F;
11659 : 03F;
11660 : 03F;
11661 : 03F;
11662 : 03F;
11663 : 03F;
11664 : 03F;
11665 : 03F;
11666 : 03F;
11667 : 03F;
11668 : 03F;
11669 : 03F;
11670 : 03F;
11671 : 03F;
11672 : 03F;
11673 : 03F;
11674 : 03F;
11675 : 03F;
11676 : 03F;
11677 : 1FF;
11678 : 1FF;
11679 : 1FF;
11680 : 1FF;
11681 : 1FF;
11682 : 1FF;
11683 : 1FF;
11684 : 03F;
11685 : 03F;
11686 : 03F;
11687 : 03F;
11688 : 03F;
11689 : 03F;
11690 : 03F;
11691 : 03F;
11692 : 03F;
11693 : 03F;
11694 : 03F;
11695 : 03F;
11696 : 03F;
11697 : 03F;
11698 : 03F;
11699 : 03F;
11700 : 03F;
11701 : 03F;
11702 : 03F;
11703 : 03F;
11704 : 03F;
11705 : 03F;
11706 : 03F;
11707 : 03F;
11708 : 03F;
11709 : 03F;
11710 : 03F;
11711 : 03F;
11712 : 03F;
11713 : 03F;
11714 : 03F;
11715 : 03F;
11716 : 03F;
11717 : 03F;
11718 : 03F;
11719 : 03F;
11720 : 03F;
11721 : 03F;
11722 : 03F;
11723 : 03F;
11724 : 03F;
11725 : 03F;
11726 : 03F;
11727 : 03F;
11728 : 03F;
11729 : 03F;
11730 : 03F;
11731 : 03F;
11732 : 03F;
11733 : 03F;
11734 : 03F;
11735 : 03F;
11736 : 03F;
11737 : 03F;
11738 : 03F;
11739 : 03F;
11740 : 03F;
11741 : 03F;
11742 : 03F;
11743 : 03F;
11744 : 03F;
11745 : 03F;
11746 : 03F;
11747 : 03F;
11748 : 03F;
11749 : 03F;
11750 : 03F;
11751 : 03F;
11752 : 03F;
11753 : 03F;
11754 : 03F;
11755 : 03F;
11756 : 03F;
11757 : 03F;
11758 : 1F8;
11759 : 1F8;
11760 : 1F8;
11761 : 1F8;
11762 : 1F8;
11763 : 1F8;
11764 : 1F8;
11765 : 1F8;
11766 : 1F8;
11767 : 1F8;
11768 : 1F8;
11769 : 1F8;
11770 : 1F8;
11771 : 1F8;
11772 : 1F8;
11773 : 1F8;
11774 : 1F8;
11775 : 1F8;
11776 : 1F8;
11777 : 1F8;
11778 : 1F8;
11779 : 1F8;
11780 : 1F8;
11781 : 1F8;
11782 : 1F8;
11783 : 1F8;
11784 : 1F8;
11785 : 1F8;
11786 : 1F8;
11787 : 1F8;
11788 : 1F8;
11789 : 1F8;
11790 : 1F8;
11791 : 1F8;
11792 : 1F8;
11793 : 1F8;
11794 : 1F8;
11795 : 1F8;
11796 : 1F8;
11797 : 1F8;
11798 : 1F8;
11799 : 03F;
11800 : 03F;
11801 : 03F;
11802 : 03F;
11803 : 03F;
11804 : 03F;
11805 : 03F;
11806 : 03F;
11807 : 03F;
11808 : 03F;
11809 : 03F;
11810 : 03F;
11811 : 03F;
11812 : 03F;
11813 : 03F;
11814 : 03F;
11815 : 03F;
11816 : 03F;
11817 : 03F;
11818 : 03F;
11819 : 03F;
11820 : 03F;
11821 : 03F;
11822 : 03F;
11823 : 03F;
11824 : 03F;
11825 : 03F;
11826 : 03F;
11827 : 03F;
11828 : 03F;
11829 : 03F;
11830 : 03F;
11831 : 03F;
11832 : 03F;
11833 : 03F;
11834 : 03F;
11835 : 03F;
11836 : 03F;
11837 : 03F;
11838 : 03F;
11839 : 03F;
11840 : 03F;
11841 : 03F;
11842 : 03F;
11843 : 03F;
11844 : 03F;
11845 : 03F;
11846 : 03F;
11847 : 03F;
11848 : 03F;
11849 : 03F;
11850 : 03F;
11851 : 03F;
11852 : 03F;
11853 : 03F;
11854 : 03F;
11855 : 03F;
11856 : 03F;
11857 : 03F;
11858 : 03F;
11859 : 03F;
11860 : 03F;
11861 : 03F;
11862 : 03F;
11863 : 03F;
11864 : 03F;
11865 : 03F;
11866 : 03F;
11867 : 03F;
11868 : 03F;
11869 : 03F;
11870 : 03F;
11871 : 03F;
11872 : 03F;
11873 : 03F;
11874 : 03F;
11875 : 03F;
11876 : 03F;
11877 : 1FF;
11878 : 1FF;
11879 : 1FF;
11880 : 1FF;
11881 : 1FF;
11882 : 1FF;
11883 : 1FF;
11884 : 1FF;
11885 : 1FF;
11886 : 1FF;
11887 : 1FF;
11888 : 1FF;
11889 : 1FF;
11890 : 1FF;
11891 : 1FF;
11892 : 1FF;
11893 : 1FF;
11894 : 1FF;
11895 : 1FF;
11896 : 1FF;
11897 : 1FF;
11898 : 1FF;
11899 : 1FF;
11900 : 1FF;
11901 : 1FF;
11902 : 1FF;
11903 : 1FF;
11904 : 1FF;
11905 : 1FF;
11906 : 1FF;
11907 : 1FF;
11908 : 1FF;
11909 : 1FF;
11910 : 03F;
11911 : 03F;
11912 : 03F;
11913 : 03F;
11914 : 03F;
11915 : 03F;
11916 : 03F;
11917 : 03F;
11918 : 03F;
11919 : 03F;
11920 : 03F;
11921 : 03F;
11922 : 03F;
11923 : 03F;
11924 : 03F;
11925 : 03F;
11926 : 03F;
11927 : 03F;
11928 : 03F;
11929 : 03F;
11930 : 03F;
11931 : 03F;
11932 : 03F;
11933 : 03F;
11934 : 03F;
11935 : 03F;
11936 : 03F;
11937 : 03F;
11938 : 03F;
11939 : 03F;
11940 : 03F;
11941 : 03F;
11942 : 03F;
11943 : 03F;
11944 : 03F;
11945 : 03F;
11946 : 03F;
11947 : 03F;
11948 : 03F;
11949 : 03F;
11950 : 03F;
11951 : 03F;
11952 : 03F;
11953 : 03F;
11954 : 03F;
11955 : 03F;
11956 : 03F;
11957 : 03F;
11958 : 03F;
11959 : 03F;
11960 : 03F;
11961 : 03F;
11962 : 03F;
11963 : 03F;
11964 : 03F;
11965 : 03F;
11966 : 03F;
11967 : 03F;
11968 : 03F;
11969 : 03F;
11970 : 03F;
11971 : 03F;
11972 : 03F;
11973 : 03F;
11974 : 03F;
11975 : 03F;
11976 : 03F;
11977 : 03F;
11978 : 03F;
11979 : 03F;
11980 : 03F;
11981 : 03F;
11982 : 03F;
11983 : 03F;
11984 : 03F;
11985 : 03F;
11986 : 03F;
11987 : 03F;
11988 : 03F;
11989 : 03F;
11990 : 03F;
11991 : 03F;
11992 : 03F;
11993 : 03F;
11994 : 03F;
11995 : 03F;
11996 : 03F;
11997 : 03F;
11998 : 03F;
11999 : 03F;
12000 : 03F;
12001 : 03F;
12002 : 03F;
12003 : 03F;
12004 : 03F;
12005 : 03F;
12006 : 03F;
12007 : 03F;
12008 : 03F;
12009 : 03F;
12010 : 03F;
12011 : 03F;
12012 : 03F;
12013 : 03F;
12014 : 03F;
12015 : 03F;
12016 : 03F;
12017 : 03F;
12018 : 03F;
12019 : 03F;
12020 : 03F;
12021 : 03F;
12022 : 03F;
12023 : 03F;
12024 : 03F;
12025 : 03F;
12026 : 03F;
12027 : 03F;
12028 : 03F;
12029 : 03F;
12030 : 03F;
12031 : 03F;
12032 : 03F;
12033 : 03F;
12034 : 03F;
12035 : 03F;
12036 : 03F;
12037 : 03F;
12038 : 03F;
12039 : 03F;
12040 : 03F;
12041 : 03F;
12042 : 03F;
12043 : 03F;
12044 : 03F;
12045 : 03F;
12046 : 03F;
12047 : 03F;
12048 : 03F;
12049 : 03F;
12050 : 03F;
12051 : 03F;
12052 : 03F;
12053 : 03F;
12054 : 03F;
12055 : 03F;
12056 : 03F;
12057 : 03F;
12058 : 03F;
12059 : 03F;
12060 : 03F;
12061 : 03F;
12062 : 03F;
12063 : 03F;
12064 : 03F;
12065 : 03F;
12066 : 03F;
12067 : 03F;
12068 : 03F;
12069 : 03F;
12070 : 03F;
12071 : 03F;
12072 : 03F;
12073 : 03F;
12074 : 03F;
12075 : 03F;
12076 : 03F;
12077 : 03F;
12078 : 1F8;
12079 : 1F8;
12080 : 1F8;
12081 : 1F8;
12082 : 1F8;
12083 : 1F8;
12084 : 1F8;
12085 : 1F8;
12086 : 1F8;
12087 : 1F8;
12088 : 1F8;
12089 : 1F8;
12090 : 1F8;
12091 : 1F8;
12092 : 1F8;
12093 : 1F8;
12094 : 1F8;
12095 : 1F8;
12096 : 1F8;
12097 : 1F8;
12098 : 1F8;
12099 : 1F8;
12100 : 1F8;
12101 : 1F8;
12102 : 1F8;
12103 : 1F8;
12104 : 1F8;
12105 : 1F8;
12106 : 1F8;
12107 : 1F8;
12108 : 1F8;
12109 : 1F8;
12110 : 1F8;
12111 : 1F8;
12112 : 1F8;
12113 : 1F8;
12114 : 1F8;
12115 : 1F8;
12116 : 1F8;
12117 : 1F8;
12118 : 1F8;
12119 : 03F;
12120 : 03F;
12121 : 03F;
12122 : 03F;
12123 : 03F;
12124 : 03F;
12125 : 03F;
12126 : 03F;
12127 : 03F;
12128 : 03F;
12129 : 03F;
12130 : 03F;
12131 : 03F;
12132 : 03F;
12133 : 03F;
12134 : 03F;
12135 : 03F;
12136 : 03F;
12137 : 03F;
12138 : 03F;
12139 : 03F;
12140 : 03F;
12141 : 03F;
12142 : 03F;
12143 : 03F;
12144 : 03F;
12145 : 03F;
12146 : 03F;
12147 : 03F;
12148 : 03F;
12149 : 03F;
12150 : 03F;
12151 : 03F;
12152 : 03F;
12153 : 03F;
12154 : 03F;
12155 : 03F;
12156 : 03F;
12157 : 03F;
12158 : 03F;
12159 : 03F;
12160 : 03F;
12161 : 03F;
12162 : 03F;
12163 : 03F;
12164 : 03F;
12165 : 03F;
12166 : 03F;
12167 : 03F;
12168 : 03F;
12169 : 03F;
12170 : 03F;
12171 : 03F;
12172 : 03F;
12173 : 03F;
12174 : 03F;
12175 : 03F;
12176 : 03F;
12177 : 03F;
12178 : 03F;
12179 : 03F;
12180 : 03F;
12181 : 03F;
12182 : 03F;
12183 : 03F;
12184 : 03F;
12185 : 03F;
12186 : 03F;
12187 : 03F;
12188 : 03F;
12189 : 03F;
12190 : 03F;
12191 : 03F;
12192 : 03F;
12193 : 03F;
12194 : 03F;
12195 : 03F;
12196 : 03F;
12197 : 1FF;
12198 : 1FF;
12199 : 1FF;
12200 : 1FF;
12201 : 1FF;
12202 : 1FF;
12203 : 1FF;
12204 : 1FF;
12205 : 1FF;
12206 : 1FF;
12207 : 1FF;
12208 : 1FF;
12209 : 1FF;
12210 : 1FF;
12211 : 1FF;
12212 : 1FF;
12213 : 1FF;
12214 : 1FF;
12215 : 1FF;
12216 : 1FF;
12217 : 1FF;
12218 : 1FF;
12219 : 1FF;
12220 : 1FF;
12221 : 1FF;
12222 : 1FF;
12223 : 1FF;
12224 : 1FF;
12225 : 1FF;
12226 : 1FF;
12227 : 1FF;
12228 : 1FF;
12229 : 1FF;
12230 : 1FF;
12231 : 03F;
12232 : 03F;
12233 : 03F;
12234 : 03F;
12235 : 03F;
12236 : 03F;
12237 : 03F;
12238 : 03F;
12239 : 03F;
12240 : 03F;
12241 : 03F;
12242 : 03F;
12243 : 03F;
12244 : 03F;
12245 : 03F;
12246 : 03F;
12247 : 03F;
12248 : 03F;
12249 : 03F;
12250 : 03F;
12251 : 03F;
12252 : 03F;
12253 : 03F;
12254 : 03F;
12255 : 03F;
12256 : 03F;
12257 : 03F;
12258 : 03F;
12259 : 03F;
12260 : 03F;
12261 : 03F;
12262 : 03F;
12263 : 03F;
12264 : 03F;
12265 : 03F;
12266 : 03F;
12267 : 03F;
12268 : 03F;
12269 : 03F;
12270 : 03F;
12271 : 03F;
12272 : 03F;
12273 : 03F;
12274 : 03F;
12275 : 03F;
12276 : 03F;
12277 : 03F;
12278 : 03F;
12279 : 03F;
12280 : 03F;
12281 : 03F;
12282 : 03F;
12283 : 03F;
12284 : 03F;
12285 : 03F;
12286 : 03F;
12287 : 03F;
12288 : 03F;
12289 : 03F;
12290 : 03F;
12291 : 03F;
12292 : 03F;
12293 : 03F;
12294 : 03F;
12295 : 03F;
12296 : 03F;
12297 : 03F;
12298 : 03F;
12299 : 03F;
12300 : 03F;
12301 : 03F;
12302 : 03F;
12303 : 03F;
12304 : 03F;
12305 : 03F;
12306 : 03F;
12307 : 03F;
12308 : 03F;
12309 : 03F;
12310 : 03F;
12311 : 03F;
12312 : 03F;
12313 : 03F;
12314 : 03F;
12315 : 03F;
12316 : 03F;
12317 : 03F;
12318 : 03F;
12319 : 03F;
12320 : 03F;
12321 : 03F;
12322 : 03F;
12323 : 03F;
12324 : 03F;
12325 : 03F;
12326 : 03F;
12327 : 03F;
12328 : 03F;
12329 : 03F;
12330 : 03F;
12331 : 03F;
12332 : 03F;
12333 : 003;
12334 : 03F;
12335 : 03F;
12336 : 03F;
12337 : 03F;
12338 : 003;
12339 : 03F;
12340 : 03F;
12341 : 03F;
12342 : 03F;
12343 : 03F;
12344 : 03F;
12345 : 03F;
12346 : 03F;
12347 : 03F;
12348 : 03F;
12349 : 03F;
12350 : 03F;
12351 : 03F;
12352 : 03F;
12353 : 03F;
12354 : 03F;
12355 : 03F;
12356 : 03F;
12357 : 03F;
12358 : 03F;
12359 : 03F;
12360 : 03F;
12361 : 03F;
12362 : 03F;
12363 : 03F;
12364 : 03F;
12365 : 03F;
12366 : 03F;
12367 : 03F;
12368 : 03F;
12369 : 03F;
12370 : 03F;
12371 : 03F;
12372 : 03F;
12373 : 03F;
12374 : 03F;
12375 : 03F;
12376 : 03F;
12377 : 03F;
12378 : 03F;
12379 : 03F;
12380 : 03F;
12381 : 03F;
12382 : 03F;
12383 : 03F;
12384 : 03F;
12385 : 03F;
12386 : 03F;
12387 : 03F;
12388 : 03F;
12389 : 03F;
12390 : 03F;
12391 : 03F;
12392 : 03F;
12393 : 03F;
12394 : 03F;
12395 : 03F;
12396 : 03F;
12397 : 03F;
12398 : 1F8;
12399 : 1F8;
12400 : 1F8;
12401 : 1F8;
12402 : 1F8;
12403 : 1F8;
12404 : 1F8;
12405 : 1F8;
12406 : 1F8;
12407 : 1F8;
12408 : 1F8;
12409 : 1F8;
12410 : 1F8;
12411 : 1F8;
12412 : 1F8;
12413 : 1F8;
12414 : 1F8;
12415 : 1F8;
12416 : 1F8;
12417 : 1F8;
12418 : 1F8;
12419 : 1F8;
12420 : 1F8;
12421 : 1F8;
12422 : 1F8;
12423 : 1F8;
12424 : 1F8;
12425 : 1F8;
12426 : 1F8;
12427 : 1F8;
12428 : 1F8;
12429 : 1F8;
12430 : 1F8;
12431 : 1F8;
12432 : 1F8;
12433 : 1F8;
12434 : 1F8;
12435 : 1F8;
12436 : 1F8;
12437 : 1F8;
12438 : 1F8;
12439 : 03F;
12440 : 03F;
12441 : 03F;
12442 : 03F;
12443 : 03F;
12444 : 03F;
12445 : 03F;
12446 : 03F;
12447 : 03F;
12448 : 03F;
12449 : 03F;
12450 : 03F;
12451 : 03F;
12452 : 03F;
12453 : 03F;
12454 : 03F;
12455 : 03F;
12456 : 03F;
12457 : 03F;
12458 : 03F;
12459 : 03F;
12460 : 03F;
12461 : 03F;
12462 : 03F;
12463 : 03F;
12464 : 03F;
12465 : 03F;
12466 : 03F;
12467 : 03F;
12468 : 03F;
12469 : 03F;
12470 : 03F;
12471 : 03F;
12472 : 03F;
12473 : 03F;
12474 : 03F;
12475 : 03F;
12476 : 03F;
12477 : 03F;
12478 : 03F;
12479 : 03F;
12480 : 03F;
12481 : 03F;
12482 : 03F;
12483 : 03F;
12484 : 03F;
12485 : 03F;
12486 : 03F;
12487 : 03F;
12488 : 03F;
12489 : 03F;
12490 : 03F;
12491 : 03F;
12492 : 03F;
12493 : 03F;
12494 : 03F;
12495 : 03F;
12496 : 03F;
12497 : 03F;
12498 : 03F;
12499 : 03F;
12500 : 03F;
12501 : 03F;
12502 : 03F;
12503 : 03F;
12504 : 03F;
12505 : 03F;
12506 : 03F;
12507 : 03F;
12508 : 03F;
12509 : 03F;
12510 : 1FF;
12511 : 1FF;
12512 : 1FF;
12513 : 1FF;
12514 : 1FF;
12515 : 1FF;
12516 : 1FF;
12517 : 1FF;
12518 : 1FF;
12519 : 1FF;
12520 : 1FF;
12521 : 1FF;
12522 : 1FF;
12523 : 1FF;
12524 : 1FF;
12525 : 1FF;
12526 : 1FF;
12527 : 1FF;
12528 : 1FF;
12529 : 1FF;
12530 : 1FF;
12531 : 1FF;
12532 : 1FF;
12533 : 1FF;
12534 : 1FF;
12535 : 1FF;
12536 : 1FF;
12537 : 1FF;
12538 : 1FF;
12539 : 1FF;
12540 : 1FF;
12541 : 1FF;
12542 : 1FF;
12543 : 1FF;
12544 : 1FF;
12545 : 1FF;
12546 : 1FF;
12547 : 1FF;
12548 : 1FF;
12549 : 1FF;
12550 : 1FF;
12551 : 1FF;
12552 : 1FF;
12553 : 1FF;
12554 : 1FF;
12555 : 1FF;
12556 : 1FF;
12557 : 03F;
12558 : 03F;
12559 : 03F;
12560 : 03F;
12561 : 03F;
12562 : 03F;
12563 : 03F;
12564 : 03F;
12565 : 03F;
12566 : 03F;
12567 : 03F;
12568 : 03F;
12569 : 03F;
12570 : 03F;
12571 : 03F;
12572 : 03F;
12573 : 03F;
12574 : 03F;
12575 : 03F;
12576 : 03F;
12577 : 03F;
12578 : 03F;
12579 : 03F;
12580 : 03F;
12581 : 03F;
12582 : 03F;
12583 : 03F;
12584 : 03F;
12585 : 03F;
12586 : 03F;
12587 : 03F;
12588 : 03F;
12589 : 03F;
12590 : 03F;
12591 : 03F;
12592 : 03F;
12593 : 03F;
12594 : 03F;
12595 : 03F;
12596 : 03F;
12597 : 03F;
12598 : 03F;
12599 : 03F;
12600 : 03F;
12601 : 03F;
12602 : 03F;
12603 : 03F;
12604 : 03F;
12605 : 03F;
12606 : 03F;
12607 : 03F;
12608 : 03F;
12609 : 03F;
12610 : 03F;
12611 : 03F;
12612 : 03F;
12613 : 03F;
12614 : 03F;
12615 : 03F;
12616 : 03F;
12617 : 03F;
12618 : 03F;
12619 : 03F;
12620 : 03F;
12621 : 03F;
12622 : 03F;
12623 : 03F;
12624 : 03F;
12625 : 03F;
12626 : 03F;
12627 : 03F;
12628 : 03F;
12629 : 03F;
12630 : 03F;
12631 : 03F;
12632 : 03F;
12633 : 03F;
12634 : 03F;
12635 : 03F;
12636 : 03F;
12637 : 03F;
12638 : 03F;
12639 : 03F;
12640 : 03F;
12641 : 03F;
12642 : 03F;
12643 : 03F;
12644 : 03F;
12645 : 03F;
12646 : 03F;
12647 : 03F;
12648 : 03F;
12649 : 03F;
12650 : 03F;
12651 : 003;
12652 : 003;
12653 : 03F;
12654 : 003;
12655 : 03F;
12656 : 003;
12657 : 003;
12658 : 03F;
12659 : 003;
12660 : 003;
12661 : 03F;
12662 : 03F;
12663 : 03F;
12664 : 03F;
12665 : 03F;
12666 : 03F;
12667 : 03F;
12668 : 03F;
12669 : 03F;
12670 : 03F;
12671 : 03F;
12672 : 03F;
12673 : 03F;
12674 : 03F;
12675 : 03F;
12676 : 03F;
12677 : 03F;
12678 : 03F;
12679 : 03F;
12680 : 03F;
12681 : 03F;
12682 : 03F;
12683 : 03F;
12684 : 03F;
12685 : 03F;
12686 : 03F;
12687 : 03F;
12688 : 03F;
12689 : 03F;
12690 : 03F;
12691 : 03F;
12692 : 03F;
12693 : 03F;
12694 : 03F;
12695 : 03F;
12696 : 03F;
12697 : 03F;
12698 : 03F;
12699 : 03F;
12700 : 03F;
12701 : 03F;
12702 : 03F;
12703 : 03F;
12704 : 03F;
12705 : 03F;
12706 : 03F;
12707 : 03F;
12708 : 03F;
12709 : 03F;
12710 : 03F;
12711 : 03F;
12712 : 03F;
12713 : 03F;
12714 : 03F;
12715 : 03F;
12716 : 03F;
12717 : 03F;
12718 : 1F8;
12719 : 1F8;
12720 : 1F8;
12721 : 1F8;
12722 : 1F8;
12723 : 1F8;
12724 : 1F8;
12725 : 1F8;
12726 : 1F8;
12727 : 1F8;
12728 : 1F8;
12729 : 1F8;
12730 : 1F8;
12731 : 1F8;
12732 : 1F8;
12733 : 1F8;
12734 : 1F8;
12735 : 1F8;
12736 : 1F8;
12737 : 1F8;
12738 : 1F8;
12739 : 1F8;
12740 : 1F8;
12741 : 1F8;
12742 : 1F8;
12743 : 1F8;
12744 : 1F8;
12745 : 1F8;
12746 : 1F8;
12747 : 1F8;
12748 : 1F8;
12749 : 1F8;
12750 : 1F8;
12751 : 1F8;
12752 : 1F8;
12753 : 1F8;
12754 : 1F8;
12755 : 1F8;
12756 : 1F8;
12757 : 1F8;
12758 : 1F8;
12759 : 03F;
12760 : 03F;
12761 : 03F;
12762 : 03F;
12763 : 03F;
12764 : 03F;
12765 : 03F;
12766 : 03F;
12767 : 03F;
12768 : 03F;
12769 : 03F;
12770 : 03F;
12771 : 03F;
12772 : 03F;
12773 : 03F;
12774 : 03F;
12775 : 03F;
12776 : 03F;
12777 : 03F;
12778 : 03F;
12779 : 03F;
12780 : 03F;
12781 : 03F;
12782 : 03F;
12783 : 03F;
12784 : 03F;
12785 : 03F;
12786 : 03F;
12787 : 03F;
12788 : 03F;
12789 : 03F;
12790 : 03F;
12791 : 03F;
12792 : 03F;
12793 : 03F;
12794 : 03F;
12795 : 03F;
12796 : 03F;
12797 : 03F;
12798 : 03F;
12799 : 03F;
12800 : 03F;
12801 : 03F;
12802 : 03F;
12803 : 03F;
12804 : 03F;
12805 : 03F;
12806 : 03F;
12807 : 03F;
12808 : 03F;
12809 : 03F;
12810 : 03F;
12811 : 03F;
12812 : 03F;
12813 : 03F;
12814 : 03F;
12815 : 03F;
12816 : 03F;
12817 : 03F;
12818 : 03F;
12819 : 03F;
12820 : 03F;
12821 : 03F;
12822 : 03F;
12823 : 03F;
12824 : 03F;
12825 : 03F;
12826 : 03F;
12827 : 03F;
12828 : 03F;
12829 : 03F;
12830 : 1FF;
12831 : 1FF;
12832 : 1FF;
12833 : 1FF;
12834 : 1FF;
12835 : 1FF;
12836 : 1FF;
12837 : 1FF;
12838 : 1FF;
12839 : 1FF;
12840 : 1FF;
12841 : 1FF;
12842 : 1FF;
12843 : 1FF;
12844 : 1FF;
12845 : 1FF;
12846 : 1FF;
12847 : 1FF;
12848 : 1FF;
12849 : 1FF;
12850 : 1FF;
12851 : 1FF;
12852 : 1FF;
12853 : 1FF;
12854 : 1FF;
12855 : 1FF;
12856 : 1FF;
12857 : 1FF;
12858 : 1FF;
12859 : 1FF;
12860 : 1FF;
12861 : 1FF;
12862 : 1FF;
12863 : 1FF;
12864 : 1FF;
12865 : 1FF;
12866 : 1FF;
12867 : 1FF;
12868 : 1FF;
12869 : 1FF;
12870 : 1FF;
12871 : 1FF;
12872 : 1FF;
12873 : 1FF;
12874 : 1FF;
12875 : 1FF;
12876 : 1FF;
12877 : 03F;
12878 : 03F;
12879 : 03F;
12880 : 03F;
12881 : 03F;
12882 : 03F;
12883 : 03F;
12884 : 03F;
12885 : 03F;
12886 : 03F;
12887 : 03F;
12888 : 03F;
12889 : 03F;
12890 : 03F;
12891 : 03F;
12892 : 03F;
12893 : 03F;
12894 : 03F;
12895 : 03F;
12896 : 03F;
12897 : 03F;
12898 : 03F;
12899 : 03F;
12900 : 03F;
12901 : 03F;
12902 : 03F;
12903 : 03F;
12904 : 03F;
12905 : 03F;
12906 : 03F;
12907 : 03F;
12908 : 03F;
12909 : 03F;
12910 : 03F;
12911 : 03F;
12912 : 03F;
12913 : 03F;
12914 : 03F;
12915 : 03F;
12916 : 03F;
12917 : 03F;
12918 : 03F;
12919 : 03F;
12920 : 03F;
12921 : 03F;
12922 : 03F;
12923 : 03F;
12924 : 03F;
12925 : 03F;
12926 : 03F;
12927 : 03F;
12928 : 03F;
12929 : 03F;
12930 : 03F;
12931 : 03F;
12932 : 03F;
12933 : 03F;
12934 : 03F;
12935 : 03F;
12936 : 03F;
12937 : 03F;
12938 : 03F;
12939 : 03F;
12940 : 03F;
12941 : 03F;
12942 : 03F;
12943 : 03F;
12944 : 03F;
12945 : 03F;
12946 : 03F;
12947 : 03F;
12948 : 03F;
12949 : 03F;
12950 : 03F;
12951 : 03F;
12952 : 03F;
12953 : 03F;
12954 : 03F;
12955 : 03F;
12956 : 03F;
12957 : 03F;
12958 : 03F;
12959 : 03F;
12960 : 03F;
12961 : 03F;
12962 : 03F;
12963 : 03F;
12964 : 03F;
12965 : 03F;
12966 : 03F;
12967 : 03F;
12968 : 03F;
12969 : 03F;
12970 : 003;
12971 : 03F;
12972 : 03F;
12973 : 03F;
12974 : 03F;
12975 : 003;
12976 : 03F;
12977 : 03F;
12978 : 03F;
12979 : 03F;
12980 : 03F;
12981 : 003;
12982 : 03F;
12983 : 03F;
12984 : 03F;
12985 : 03F;
12986 : 03F;
12987 : 03F;
12988 : 03F;
12989 : 03F;
12990 : 03F;
12991 : 03F;
12992 : 03F;
12993 : 03F;
12994 : 03F;
12995 : 03F;
12996 : 03F;
12997 : 03F;
12998 : 03F;
12999 : 03F;
13000 : 03F;
13001 : 03F;
13002 : 03F;
13003 : 03F;
13004 : 03F;
13005 : 03F;
13006 : 03F;
13007 : 03F;
13008 : 03F;
13009 : 03F;
13010 : 03F;
13011 : 03F;
13012 : 03F;
13013 : 03F;
13014 : 03F;
13015 : 03F;
13016 : 03F;
13017 : 03F;
13018 : 03F;
13019 : 03F;
13020 : 03F;
13021 : 03F;
13022 : 03F;
13023 : 03F;
13024 : 03F;
13025 : 03F;
13026 : 03F;
13027 : 03F;
13028 : 03F;
13029 : 03F;
13030 : 03F;
13031 : 03F;
13032 : 03F;
13033 : 03F;
13034 : 03F;
13035 : 03F;
13036 : 03F;
13037 : 03F;
13038 : 1F8;
13039 : 1F8;
13040 : 1F8;
13041 : 1F8;
13042 : 1F8;
13043 : 1F8;
13044 : 1F8;
13045 : 1F8;
13046 : 1F8;
13047 : 1F8;
13048 : 1F8;
13049 : 1F8;
13050 : 1F8;
13051 : 1F8;
13052 : 1F8;
13053 : 1F8;
13054 : 1F8;
13055 : 1F8;
13056 : 1F8;
13057 : 1F8;
13058 : 1F8;
13059 : 1F8;
13060 : 1F8;
13061 : 1F8;
13062 : 1F8;
13063 : 1F8;
13064 : 1F8;
13065 : 1F8;
13066 : 1F8;
13067 : 1F8;
13068 : 1F8;
13069 : 1F8;
13070 : 1F8;
13071 : 1F8;
13072 : 1F8;
13073 : 1F8;
13074 : 1F8;
13075 : 1F8;
13076 : 1F8;
13077 : 1F8;
13078 : 1F8;
13079 : 03F;
13080 : 03F;
13081 : 03F;
13082 : 03F;
13083 : 03F;
13084 : 03F;
13085 : 03F;
13086 : 03F;
13087 : 03F;
13088 : 03F;
13089 : 03F;
13090 : 03F;
13091 : 03F;
13092 : 03F;
13093 : 03F;
13094 : 03F;
13095 : 03F;
13096 : 03F;
13097 : 03F;
13098 : 03F;
13099 : 03F;
13100 : 03F;
13101 : 03F;
13102 : 03F;
13103 : 03F;
13104 : 03F;
13105 : 03F;
13106 : 03F;
13107 : 03F;
13108 : 03F;
13109 : 03F;
13110 : 03F;
13111 : 03F;
13112 : 03F;
13113 : 03F;
13114 : 03F;
13115 : 03F;
13116 : 03F;
13117 : 03F;
13118 : 03F;
13119 : 03F;
13120 : 03F;
13121 : 03F;
13122 : 03F;
13123 : 03F;
13124 : 03F;
13125 : 03F;
13126 : 03F;
13127 : 03F;
13128 : 03F;
13129 : 03F;
13130 : 03F;
13131 : 03F;
13132 : 03F;
13133 : 03F;
13134 : 03F;
13135 : 03F;
13136 : 03F;
13137 : 03F;
13138 : 03F;
13139 : 03F;
13140 : 03F;
13141 : 03F;
13142 : 03F;
13143 : 03F;
13144 : 03F;
13145 : 03F;
13146 : 03F;
13147 : 03F;
13148 : 03F;
13149 : 03F;
13150 : 1FF;
13151 : 1FF;
13152 : 1FF;
13153 : 1FF;
13154 : 1FF;
13155 : 1FF;
13156 : 1FF;
13157 : 1FF;
13158 : 1FF;
13159 : 1FF;
13160 : 1FF;
13161 : 1FF;
13162 : 1FF;
13163 : 1FF;
13164 : 1FF;
13165 : 1FF;
13166 : 1FF;
13167 : 1FF;
13168 : 1FF;
13169 : 1FF;
13170 : 1FF;
13171 : 1FF;
13172 : 1FF;
13173 : 1FF;
13174 : 1FF;
13175 : 1FF;
13176 : 1FF;
13177 : 1FF;
13178 : 1FF;
13179 : 1FF;
13180 : 1FF;
13181 : 1FF;
13182 : 1FF;
13183 : 1FF;
13184 : 1FF;
13185 : 1FF;
13186 : 1FF;
13187 : 1FF;
13188 : 1FF;
13189 : 1FF;
13190 : 1FF;
13191 : 1FF;
13192 : 1FF;
13193 : 1FF;
13194 : 1FF;
13195 : 1FF;
13196 : 1FF;
13197 : 03F;
13198 : 03F;
13199 : 03F;
13200 : 03F;
13201 : 03F;
13202 : 03F;
13203 : 03F;
13204 : 03F;
13205 : 03F;
13206 : 03F;
13207 : 03F;
13208 : 03F;
13209 : 03F;
13210 : 03F;
13211 : 03F;
13212 : 03F;
13213 : 03F;
13214 : 03F;
13215 : 03F;
13216 : 03F;
13217 : 03F;
13218 : 03F;
13219 : 03F;
13220 : 03F;
13221 : 03F;
13222 : 03F;
13223 : 03F;
13224 : 03F;
13225 : 03F;
13226 : 03F;
13227 : 03F;
13228 : 03F;
13229 : 03F;
13230 : 03F;
13231 : 03F;
13232 : 03F;
13233 : 03F;
13234 : 03F;
13235 : 03F;
13236 : 03F;
13237 : 03F;
13238 : 03F;
13239 : 03F;
13240 : 03F;
13241 : 03F;
13242 : 03F;
13243 : 03F;
13244 : 03F;
13245 : 03F;
13246 : 03F;
13247 : 03F;
13248 : 03F;
13249 : 03F;
13250 : 03F;
13251 : 03F;
13252 : 03F;
13253 : 03F;
13254 : 03F;
13255 : 03F;
13256 : 03F;
13257 : 03F;
13258 : 03F;
13259 : 03F;
13260 : 03F;
13261 : 03F;
13262 : 03F;
13263 : 03F;
13264 : 03F;
13265 : 03F;
13266 : 03F;
13267 : 03F;
13268 : 03F;
13269 : 03F;
13270 : 03F;
13271 : 03F;
13272 : 03F;
13273 : 03F;
13274 : 03F;
13275 : 03F;
13276 : 03F;
13277 : 03F;
13278 : 03F;
13279 : 03F;
13280 : 03F;
13281 : 03F;
13282 : 03F;
13283 : 03F;
13284 : 03F;
13285 : 03F;
13286 : 03F;
13287 : 03F;
13288 : 03F;
13289 : 03F;
13290 : 03F;
13291 : 03F;
13292 : 03F;
13293 : 03F;
13294 : 03F;
13295 : 03F;
13296 : 03F;
13297 : 03F;
13298 : 03F;
13299 : 03F;
13300 : 03F;
13301 : 03F;
13302 : 03F;
13303 : 03F;
13304 : 03F;
13305 : 03F;
13306 : 03F;
13307 : 03F;
13308 : 03F;
13309 : 03F;
13310 : 03F;
13311 : 03F;
13312 : 03F;
13313 : 03F;
13314 : 03F;
13315 : 03F;
13316 : 03F;
13317 : 03F;
13318 : 03F;
13319 : 03F;
13320 : 03F;
13321 : 03F;
13322 : 03F;
13323 : 03F;
13324 : 03F;
13325 : 03F;
13326 : 03F;
13327 : 03F;
13328 : 03F;
13329 : 03F;
13330 : 03F;
13331 : 03F;
13332 : 03F;
13333 : 03F;
13334 : 03F;
13335 : 03F;
13336 : 03F;
13337 : 03F;
13338 : 03F;
13339 : 03F;
13340 : 03F;
13341 : 03F;
13342 : 03F;
13343 : 03F;
13344 : 03F;
13345 : 03F;
13346 : 03F;
13347 : 03F;
13348 : 03F;
13349 : 03F;
13350 : 03F;
13351 : 03F;
13352 : 03F;
13353 : 03F;
13354 : 03F;
13355 : 03F;
13356 : 03F;
13357 : 03F;
13358 : 1F8;
13359 : 1F8;
13360 : 1F8;
13361 : 1F8;
13362 : 1F8;
13363 : 1F8;
13364 : 1F8;
13365 : 1F8;
13366 : 1F8;
13367 : 1F8;
13368 : 1F8;
13369 : 1F8;
13370 : 1F8;
13371 : 1F8;
13372 : 1F8;
13373 : 1F8;
13374 : 1F8;
13375 : 1F8;
13376 : 1F8;
13377 : 1F8;
13378 : 1F8;
13379 : 1F8;
13380 : 1F8;
13381 : 1F8;
13382 : 1F8;
13383 : 1F8;
13384 : 1F8;
13385 : 1F8;
13386 : 1F8;
13387 : 1F8;
13388 : 1F8;
13389 : 1F8;
13390 : 1F8;
13391 : 1F8;
13392 : 1F8;
13393 : 1F8;
13394 : 1F8;
13395 : 1F8;
13396 : 1F8;
13397 : 1F8;
13398 : 1F8;
13399 : 03F;
13400 : 03F;
13401 : 03F;
13402 : 03F;
13403 : 03F;
13404 : 03F;
13405 : 03F;
13406 : 03F;
13407 : 03F;
13408 : 03F;
13409 : 03F;
13410 : 03F;
13411 : 03F;
13412 : 03F;
13413 : 03F;
13414 : 03F;
13415 : 03F;
13416 : 03F;
13417 : 03F;
13418 : 03F;
13419 : 03F;
13420 : 03F;
13421 : 03F;
13422 : 03F;
13423 : 03F;
13424 : 03F;
13425 : 03F;
13426 : 03F;
13427 : 03F;
13428 : 03F;
13429 : 03F;
13430 : 03F;
13431 : 03F;
13432 : 03F;
13433 : 03F;
13434 : 03F;
13435 : 03F;
13436 : 03F;
13437 : 03F;
13438 : 03F;
13439 : 03F;
13440 : 03F;
13441 : 03F;
13442 : 03F;
13443 : 03F;
13444 : 03F;
13445 : 03F;
13446 : 03F;
13447 : 03F;
13448 : 03F;
13449 : 03F;
13450 : 03F;
13451 : 03F;
13452 : 03F;
13453 : 03F;
13454 : 03F;
13455 : 03F;
13456 : 03F;
13457 : 03F;
13458 : 03F;
13459 : 03F;
13460 : 03F;
13461 : 03F;
13462 : 03F;
13463 : 03F;
13464 : 03F;
13465 : 03F;
13466 : 03F;
13467 : 03F;
13468 : 03F;
13469 : 03F;
13470 : 1FF;
13471 : 1FF;
13472 : 1FF;
13473 : 1FF;
13474 : 1FF;
13475 : 1FF;
13476 : 1FF;
13477 : 1FF;
13478 : 1FF;
13479 : 1FF;
13480 : 1FF;
13481 : 1FF;
13482 : 1FF;
13483 : 1FF;
13484 : 1FF;
13485 : 1FF;
13486 : 1FF;
13487 : 1FF;
13488 : 1FF;
13489 : 1FF;
13490 : 1FF;
13491 : 1FF;
13492 : 1FF;
13493 : 1FF;
13494 : 1FF;
13495 : 1FF;
13496 : 1FF;
13497 : 1FF;
13498 : 1FF;
13499 : 1FF;
13500 : 1FF;
13501 : 1FF;
13502 : 1FF;
13503 : 1FF;
13504 : 1FF;
13505 : 1FF;
13506 : 1FF;
13507 : 1FF;
13508 : 1FF;
13509 : 1FF;
13510 : 1FF;
13511 : 1FF;
13512 : 1FF;
13513 : 1FF;
13514 : 1FF;
13515 : 1FF;
13516 : 1FF;
13517 : 03F;
13518 : 03F;
13519 : 03F;
13520 : 03F;
13521 : 03F;
13522 : 03F;
13523 : 03F;
13524 : 03F;
13525 : 03F;
13526 : 03F;
13527 : 03F;
13528 : 03F;
13529 : 03F;
13530 : 03F;
13531 : 03F;
13532 : 03F;
13533 : 03F;
13534 : 03F;
13535 : 03F;
13536 : 03F;
13537 : 03F;
13538 : 03F;
13539 : 03F;
13540 : 03F;
13541 : 03F;
13542 : 03F;
13543 : 03F;
13544 : 03F;
13545 : 03F;
13546 : 03F;
13547 : 03F;
13548 : 03F;
13549 : 03F;
13550 : 03F;
13551 : 03F;
13552 : 03F;
13553 : 03F;
13554 : 03F;
13555 : 03F;
13556 : 03F;
13557 : 03F;
13558 : 03F;
13559 : 03F;
13560 : 03F;
13561 : 03F;
13562 : 03F;
13563 : 03F;
13564 : 03F;
13565 : 03F;
13566 : 03F;
13567 : 03F;
13568 : 03F;
13569 : 03F;
13570 : 03F;
13571 : 03F;
13572 : 03F;
13573 : 03F;
13574 : 03F;
13575 : 03F;
13576 : 03F;
13577 : 03F;
13578 : 03F;
13579 : 03F;
13580 : 03F;
13581 : 03F;
13582 : 03F;
13583 : 03F;
13584 : 03F;
13585 : 03F;
13586 : 03F;
13587 : 03F;
13588 : 03F;
13589 : 03F;
13590 : 03F;
13591 : 03F;
13592 : 03F;
13593 : 03F;
13594 : 03F;
13595 : 03F;
13596 : 03F;
13597 : 03F;
13598 : 03F;
13599 : 03F;
13600 : 03F;
13601 : 03F;
13602 : 03F;
13603 : 03F;
13604 : 03F;
13605 : 03F;
13606 : 03F;
13607 : 03F;
13608 : 03F;
13609 : 03F;
13610 : 03F;
13611 : 03F;
13612 : 03F;
13613 : 03F;
13614 : 03F;
13615 : 03F;
13616 : 03F;
13617 : 03F;
13618 : 03F;
13619 : 03F;
13620 : 03F;
13621 : 03F;
13622 : 03F;
13623 : 03F;
13624 : 03F;
13625 : 03F;
13626 : 03F;
13627 : 03F;
13628 : 03F;
13629 : 03F;
13630 : 03F;
13631 : 03F;
13632 : 03F;
13633 : 03F;
13634 : 03F;
13635 : 03F;
13636 : 03F;
13637 : 03F;
13638 : 03F;
13639 : 03F;
13640 : 03F;
13641 : 03F;
13642 : 03F;
13643 : 03F;
13644 : 03F;
13645 : 03F;
13646 : 03F;
13647 : 03F;
13648 : 03F;
13649 : 03F;
13650 : 03F;
13651 : 03F;
13652 : 03F;
13653 : 03F;
13654 : 03F;
13655 : 03F;
13656 : 03F;
13657 : 03F;
13658 : 03F;
13659 : 03F;
13660 : 03F;
13661 : 03F;
13662 : 03F;
13663 : 03F;
13664 : 03F;
13665 : 03F;
13666 : 03F;
13667 : 03F;
13668 : 03F;
13669 : 03F;
13670 : 03F;
13671 : 03F;
13672 : 03F;
13673 : 03F;
13674 : 03F;
13675 : 03F;
13676 : 03F;
13677 : 03F;
13678 : 1F8;
13679 : 1F8;
13680 : 1F8;
13681 : 1F8;
13682 : 1F8;
13683 : 1F8;
13684 : 1F8;
13685 : 1F8;
13686 : 1F8;
13687 : 1F8;
13688 : 1F8;
13689 : 1F8;
13690 : 1F8;
13691 : 1F8;
13692 : 1F8;
13693 : 1F8;
13694 : 1F8;
13695 : 1F8;
13696 : 1F8;
13697 : 1F8;
13698 : 1F8;
13699 : 1F8;
13700 : 1F8;
13701 : 1F8;
13702 : 1F8;
13703 : 1F8;
13704 : 1F8;
13705 : 1F8;
13706 : 1F8;
13707 : 1F8;
13708 : 1F8;
13709 : 1F8;
13710 : 1F8;
13711 : 1F8;
13712 : 1F8;
13713 : 1F8;
13714 : 1F8;
13715 : 1F8;
13716 : 1F8;
13717 : 1F8;
13718 : 1F8;
13719 : 03F;
13720 : 03F;
13721 : 03F;
13722 : 03F;
13723 : 03F;
13724 : 03F;
13725 : 03F;
13726 : 03F;
13727 : 03F;
13728 : 03F;
13729 : 03F;
13730 : 03F;
13731 : 03F;
13732 : 03F;
13733 : 03F;
13734 : 03F;
13735 : 03F;
13736 : 03F;
13737 : 03F;
13738 : 03F;
13739 : 03F;
13740 : 03F;
13741 : 03F;
13742 : 03F;
13743 : 03F;
13744 : 03F;
13745 : 03F;
13746 : 03F;
13747 : 03F;
13748 : 03F;
13749 : 03F;
13750 : 03F;
13751 : 03F;
13752 : 03F;
13753 : 03F;
13754 : 03F;
13755 : 03F;
13756 : 03F;
13757 : 03F;
13758 : 03F;
13759 : 03F;
13760 : 03F;
13761 : 03F;
13762 : 03F;
13763 : 03F;
13764 : 03F;
13765 : 03F;
13766 : 03F;
13767 : 03F;
13768 : 03F;
13769 : 03F;
13770 : 03F;
13771 : 03F;
13772 : 03F;
13773 : 03F;
13774 : 03F;
13775 : 03F;
13776 : 03F;
13777 : 03F;
13778 : 03F;
13779 : 03F;
13780 : 03F;
13781 : 03F;
13782 : 03F;
13783 : 03F;
13784 : 03F;
13785 : 03F;
13786 : 03F;
13787 : 03F;
13788 : 03F;
13789 : 03F;
13790 : 1FF;
13791 : 1FF;
13792 : 1FF;
13793 : 1FF;
13794 : 1FF;
13795 : 1FF;
13796 : 1FF;
13797 : 1FF;
13798 : 1FF;
13799 : 1FF;
13800 : 1FF;
13801 : 1FF;
13802 : 1FF;
13803 : 1FF;
13804 : 1FF;
13805 : 1FF;
13806 : 1FF;
13807 : 1FF;
13808 : 1FF;
13809 : 1FF;
13810 : 1FF;
13811 : 1FF;
13812 : 1FF;
13813 : 1FF;
13814 : 1FF;
13815 : 1FF;
13816 : 1FF;
13817 : 1FF;
13818 : 1FF;
13819 : 1FF;
13820 : 1FF;
13821 : 1FF;
13822 : 1FF;
13823 : 1FF;
13824 : 1FF;
13825 : 1FF;
13826 : 1FF;
13827 : 1FF;
13828 : 1FF;
13829 : 1FF;
13830 : 1FF;
13831 : 1FF;
13832 : 1FF;
13833 : 1FF;
13834 : 1FF;
13835 : 1FF;
13836 : 1FF;
13837 : 03F;
13838 : 03F;
13839 : 03F;
13840 : 03F;
13841 : 03F;
13842 : 03F;
13843 : 03F;
13844 : 03F;
13845 : 03F;
13846 : 03F;
13847 : 03F;
13848 : 03F;
13849 : 03F;
13850 : 03F;
13851 : 03F;
13852 : 03F;
13853 : 03F;
13854 : 03F;
13855 : 03F;
13856 : 03F;
13857 : 03F;
13858 : 03F;
13859 : 03F;
13860 : 03F;
13861 : 03F;
13862 : 03F;
13863 : 03F;
13864 : 03F;
13865 : 03F;
13866 : 03F;
13867 : 03F;
13868 : 03F;
13869 : 03F;
13870 : 03F;
13871 : 03F;
13872 : 03F;
13873 : 03F;
13874 : 03F;
13875 : 03F;
13876 : 03F;
13877 : 03F;
13878 : 03F;
13879 : 03F;
13880 : 03F;
13881 : 03F;
13882 : 03F;
13883 : 03F;
13884 : 03F;
13885 : 03F;
13886 : 03F;
13887 : 03F;
13888 : 03F;
13889 : 03F;
13890 : 03F;
13891 : 03F;
13892 : 03F;
13893 : 03F;
13894 : 03F;
13895 : 03F;
13896 : 03F;
13897 : 03F;
13898 : 03F;
13899 : 03F;
13900 : 03F;
13901 : 03F;
13902 : 03F;
13903 : 03F;
13904 : 03F;
13905 : 03F;
13906 : 03F;
13907 : 03F;
13908 : 03F;
13909 : 03F;
13910 : 03F;
13911 : 03F;
13912 : 03F;
13913 : 03F;
13914 : 03F;
13915 : 03F;
13916 : 03F;
13917 : 03F;
13918 : 03F;
13919 : 03F;
13920 : 03F;
13921 : 03F;
13922 : 03F;
13923 : 03F;
13924 : 03F;
13925 : 03F;
13926 : 03F;
13927 : 03F;
13928 : 03F;
13929 : 03F;
13930 : 03F;
13931 : 03F;
13932 : 03F;
13933 : 03F;
13934 : 03F;
13935 : 03F;
13936 : 03F;
13937 : 03F;
13938 : 03F;
13939 : 03F;
13940 : 03F;
13941 : 03F;
13942 : 03F;
13943 : 03F;
13944 : 03F;
13945 : 03F;
13946 : 03F;
13947 : 03F;
13948 : 03F;
13949 : 03F;
13950 : 03F;
13951 : 03F;
13952 : 03F;
13953 : 03F;
13954 : 03F;
13955 : 03F;
13956 : 03F;
13957 : 03F;
13958 : 03F;
13959 : 03F;
13960 : 03F;
13961 : 03F;
13962 : 03F;
13963 : 03F;
13964 : 03F;
13965 : 03F;
13966 : 03F;
13967 : 03F;
13968 : 03F;
13969 : 03F;
13970 : 03F;
13971 : 03F;
13972 : 03F;
13973 : 03F;
13974 : 03F;
13975 : 03F;
13976 : 03F;
13977 : 03F;
13978 : 03F;
13979 : 03F;
13980 : 03F;
13981 : 03F;
13982 : 03F;
13983 : 03F;
13984 : 03F;
13985 : 03F;
13986 : 03F;
13987 : 03F;
13988 : 03F;
13989 : 03F;
13990 : 03F;
13991 : 03F;
13992 : 03F;
13993 : 03F;
13994 : 03F;
13995 : 03F;
13996 : 03F;
13997 : 03F;
13998 : 1F8;
13999 : 1F8;
14000 : 1F8;
14001 : 1F8;
14002 : 1F8;
14003 : 1F8;
14004 : 1F8;
14005 : 1F8;
14006 : 1F8;
14007 : 1F8;
14008 : 1F8;
14009 : 1F8;
14010 : 1F8;
14011 : 1F8;
14012 : 1F8;
14013 : 1F8;
14014 : 1F8;
14015 : 1F8;
14016 : 1F8;
14017 : 1F8;
14018 : 1F8;
14019 : 1F8;
14020 : 1F8;
14021 : 1F8;
14022 : 1F8;
14023 : 1F8;
14024 : 1F8;
14025 : 1F8;
14026 : 1F8;
14027 : 1F8;
14028 : 1F8;
14029 : 1F8;
14030 : 1F8;
14031 : 1F8;
14032 : 1F8;
14033 : 1F8;
14034 : 1F8;
14035 : 1F8;
14036 : 1F8;
14037 : 1F8;
14038 : 1F8;
14039 : 03F;
14040 : 03F;
14041 : 03F;
14042 : 03F;
14043 : 03F;
14044 : 03F;
14045 : 03F;
14046 : 03F;
14047 : 03F;
14048 : 03F;
14049 : 03F;
14050 : 03F;
14051 : 03F;
14052 : 03F;
14053 : 03F;
14054 : 03F;
14055 : 03F;
14056 : 03F;
14057 : 03F;
14058 : 03F;
14059 : 03F;
14060 : 03F;
14061 : 03F;
14062 : 03F;
14063 : 03F;
14064 : 03F;
14065 : 03F;
14066 : 03F;
14067 : 03F;
14068 : 03F;
14069 : 03F;
14070 : 03F;
14071 : 03F;
14072 : 03F;
14073 : 03F;
14074 : 03F;
14075 : 03F;
14076 : 03F;
14077 : 03F;
14078 : 03F;
14079 : 03F;
14080 : 03F;
14081 : 03F;
14082 : 03F;
14083 : 03F;
14084 : 03F;
14085 : 03F;
14086 : 03F;
14087 : 03F;
14088 : 03F;
14089 : 03F;
14090 : 03F;
14091 : 03F;
14092 : 03F;
14093 : 03F;
14094 : 03F;
14095 : 03F;
14096 : 03F;
14097 : 03F;
14098 : 03F;
14099 : 03F;
14100 : 03F;
14101 : 03F;
14102 : 03F;
14103 : 03F;
14104 : 03F;
14105 : 03F;
14106 : 03F;
14107 : 03F;
14108 : 03F;
14109 : 03F;
14110 : 1FF;
14111 : 1FF;
14112 : 1FF;
14113 : 1FF;
14114 : 1FF;
14115 : 1FF;
14116 : 1FF;
14117 : 1FF;
14118 : 1FF;
14119 : 1FF;
14120 : 1FF;
14121 : 1FF;
14122 : 1FF;
14123 : 1FF;
14124 : 1FF;
14125 : 1FF;
14126 : 1FF;
14127 : 1FF;
14128 : 1FF;
14129 : 1FF;
14130 : 1FF;
14131 : 1FF;
14132 : 1FF;
14133 : 1FF;
14134 : 1FF;
14135 : 1FF;
14136 : 1FF;
14137 : 1FF;
14138 : 1FF;
14139 : 1FF;
14140 : 1FF;
14141 : 1FF;
14142 : 1FF;
14143 : 1FF;
14144 : 1FF;
14145 : 1FF;
14146 : 1FF;
14147 : 1FF;
14148 : 1FF;
14149 : 1FF;
14150 : 1FF;
14151 : 1FF;
14152 : 1FF;
14153 : 1FF;
14154 : 1FF;
14155 : 1FF;
14156 : 1FF;
14157 : 03F;
14158 : 03F;
14159 : 03F;
14160 : 03F;
14161 : 03F;
14162 : 03F;
14163 : 03F;
14164 : 03F;
14165 : 03F;
14166 : 03F;
14167 : 03F;
14168 : 03F;
14169 : 03F;
14170 : 03F;
14171 : 03F;
14172 : 03F;
14173 : 03F;
14174 : 03F;
14175 : 03F;
14176 : 03F;
14177 : 03F;
14178 : 03F;
14179 : 03F;
14180 : 03F;
14181 : 03F;
14182 : 03F;
14183 : 03F;
14184 : 03F;
14185 : 03F;
14186 : 03F;
14187 : 03F;
14188 : 03F;
14189 : 03F;
14190 : 03F;
14191 : 03F;
14192 : 03F;
14193 : 03F;
14194 : 03F;
14195 : 03F;
14196 : 03F;
14197 : 03F;
14198 : 03F;
14199 : 03F;
14200 : 03F;
14201 : 03F;
14202 : 03F;
14203 : 03F;
14204 : 03F;
14205 : 03F;
14206 : 03F;
14207 : 03F;
14208 : 03F;
14209 : 03F;
14210 : 03F;
14211 : 03F;
14212 : 03F;
14213 : 03F;
14214 : 03F;
14215 : 03F;
14216 : 03F;
14217 : 03F;
14218 : 03F;
14219 : 03F;
14220 : 03F;
14221 : 03F;
14222 : 03F;
14223 : 03F;
14224 : 03F;
14225 : 03F;
14226 : 03F;
14227 : 03F;
14228 : 03F;
14229 : 03F;
14230 : 03F;
14231 : 03F;
14232 : 03F;
14233 : 03F;
14234 : 03F;
14235 : 03F;
14236 : 03F;
14237 : 03F;
14238 : 03F;
14239 : 03F;
14240 : 03F;
14241 : 03F;
14242 : 03F;
14243 : 03F;
14244 : 03F;
14245 : 03F;
14246 : 03F;
14247 : 03F;
14248 : 03F;
14249 : 03F;
14250 : 03F;
14251 : 03F;
14252 : 03F;
14253 : 03F;
14254 : 03F;
14255 : 03F;
14256 : 03F;
14257 : 03F;
14258 : 03F;
14259 : 03F;
14260 : 03F;
14261 : 03F;
14262 : 03F;
14263 : 03F;
14264 : 03F;
14265 : 03F;
14266 : 03F;
14267 : 03F;
14268 : 03F;
14269 : 03F;
14270 : 03F;
14271 : 03F;
14272 : 03F;
14273 : 03F;
14274 : 03F;
14275 : 03F;
14276 : 03F;
14277 : 03F;
14278 : 03F;
14279 : 03F;
14280 : 03F;
14281 : 03F;
14282 : 03F;
14283 : 03F;
14284 : 03F;
14285 : 03F;
14286 : 03F;
14287 : 03F;
14288 : 03F;
14289 : 03F;
14290 : 03F;
14291 : 03F;
14292 : 03F;
14293 : 03F;
14294 : 03F;
14295 : 03F;
14296 : 03F;
14297 : 03F;
14298 : 03F;
14299 : 03F;
14300 : 03F;
14301 : 03F;
14302 : 03F;
14303 : 03F;
14304 : 03F;
14305 : 03F;
14306 : 03F;
14307 : 03F;
14308 : 03F;
14309 : 03F;
14310 : 03F;
14311 : 03F;
14312 : 03F;
14313 : 03F;
14314 : 03F;
14315 : 03F;
14316 : 03F;
14317 : 03F;
14318 : 03F;
14319 : 1F8;
14320 : 1F8;
14321 : 1F8;
14322 : 1F8;
14323 : 1F8;
14324 : 1F8;
14325 : 1F8;
14326 : 1F8;
14327 : 1F8;
14328 : 1F8;
14329 : 1F8;
14330 : 1F8;
14331 : 1F8;
14332 : 1F8;
14333 : 1F8;
14334 : 1F8;
14335 : 1F8;
14336 : 1F8;
14337 : 1F8;
14338 : 1F8;
14339 : 1F8;
14340 : 1F8;
14341 : 1F8;
14342 : 1F8;
14343 : 1F8;
14344 : 1F8;
14345 : 1F8;
14346 : 1F8;
14347 : 1F8;
14348 : 1F8;
14349 : 1F8;
14350 : 1F8;
14351 : 1F8;
14352 : 1F8;
14353 : 1F8;
14354 : 1F8;
14355 : 1F8;
14356 : 1F8;
14357 : 1F8;
14358 : 03F;
14359 : 03F;
14360 : 03F;
14361 : 03F;
14362 : 03F;
14363 : 03F;
14364 : 03F;
14365 : 03F;
14366 : 03F;
14367 : 03F;
14368 : 03F;
14369 : 03F;
14370 : 03F;
14371 : 03F;
14372 : 03F;
14373 : 03F;
14374 : 03F;
14375 : 03F;
14376 : 03F;
14377 : 03F;
14378 : 03F;
14379 : 03F;
14380 : 03F;
14381 : 03F;
14382 : 03F;
14383 : 03F;
14384 : 03F;
14385 : 03F;
14386 : 03F;
14387 : 03F;
14388 : 03F;
14389 : 03F;
14390 : 03F;
14391 : 03F;
14392 : 03F;
14393 : 03F;
14394 : 03F;
14395 : 03F;
14396 : 03F;
14397 : 03F;
14398 : 03F;
14399 : 03F;
14400 : 03F;
14401 : 03F;
14402 : 03F;
14403 : 03F;
14404 : 03F;
14405 : 03F;
14406 : 03F;
14407 : 03F;
14408 : 03F;
14409 : 03F;
14410 : 03F;
14411 : 03F;
14412 : 03F;
14413 : 03F;
14414 : 03F;
14415 : 03F;
14416 : 03F;
14417 : 03F;
14418 : 03F;
14419 : 03F;
14420 : 03F;
14421 : 03F;
14422 : 03F;
14423 : 03F;
14424 : 03F;
14425 : 03F;
14426 : 03F;
14427 : 03F;
14428 : 03F;
14429 : 03F;
14430 : 1FF;
14431 : 1FF;
14432 : 1FF;
14433 : 1FF;
14434 : 1FF;
14435 : 1FF;
14436 : 1FF;
14437 : 1FF;
14438 : 1FF;
14439 : 1FF;
14440 : 1FF;
14441 : 1FF;
14442 : 1FF;
14443 : 1FF;
14444 : 1FF;
14445 : 1FF;
14446 : 1FF;
14447 : 1FF;
14448 : 1FF;
14449 : 1FF;
14450 : 1FF;
14451 : 1FF;
14452 : 1FF;
14453 : 1FF;
14454 : 1FF;
14455 : 1FF;
14456 : 1FF;
14457 : 1FF;
14458 : 1FF;
14459 : 1FF;
14460 : 1FF;
14461 : 1FF;
14462 : 1FF;
14463 : 1FF;
14464 : 1FF;
14465 : 1FF;
14466 : 1FF;
14467 : 1FF;
14468 : 1FF;
14469 : 1FF;
14470 : 1FF;
14471 : 1FF;
14472 : 1FF;
14473 : 1FF;
14474 : 1FF;
14475 : 1FF;
14476 : 1FF;
14477 : 03F;
14478 : 03F;
14479 : 03F;
14480 : 03F;
14481 : 03F;
14482 : 03F;
14483 : 03F;
14484 : 03F;
14485 : 03F;
14486 : 03F;
14487 : 03F;
14488 : 03F;
14489 : 03F;
14490 : 03F;
14491 : 03F;
14492 : 03F;
14493 : 03F;
14494 : 03F;
14495 : 03F;
14496 : 03F;
14497 : 03F;
14498 : 03F;
14499 : 03F;
14500 : 03F;
14501 : 03F;
14502 : 03F;
14503 : 03F;
14504 : 03F;
14505 : 03F;
14506 : 03F;
14507 : 03F;
14508 : 03F;
14509 : 03F;
14510 : 03F;
14511 : 03F;
14512 : 03F;
14513 : 03F;
14514 : 03F;
14515 : 03F;
14516 : 03F;
14517 : 03F;
14518 : 03F;
14519 : 03F;
14520 : 03F;
14521 : 03F;
14522 : 03F;
14523 : 03F;
14524 : 03F;
14525 : 03F;
14526 : 03F;
14527 : 03F;
14528 : 03F;
14529 : 03F;
14530 : 03F;
14531 : 03F;
14532 : 03F;
14533 : 03F;
14534 : 03F;
14535 : 03F;
14536 : 03F;
14537 : 03F;
14538 : 03F;
14539 : 03F;
14540 : 03F;
14541 : 03F;
14542 : 03F;
14543 : 03F;
14544 : 03F;
14545 : 03F;
14546 : 03F;
14547 : 03F;
14548 : 03F;
14549 : 03F;
14550 : 03F;
14551 : 03F;
14552 : 03F;
14553 : 03F;
14554 : 03F;
14555 : 03F;
14556 : 03F;
14557 : 03F;
14558 : 03F;
14559 : 03F;
14560 : 03F;
14561 : 03F;
14562 : 03F;
14563 : 03F;
14564 : 03F;
14565 : 03F;
14566 : 03F;
14567 : 03F;
14568 : 03F;
14569 : 03F;
14570 : 03F;
14571 : 03F;
14572 : 03F;
14573 : 03F;
14574 : 03F;
14575 : 03F;
14576 : 03F;
14577 : 03F;
14578 : 03F;
14579 : 03F;
14580 : 03F;
14581 : 03F;
14582 : 03F;
14583 : 03F;
14584 : 03F;
14585 : 03F;
14586 : 03F;
14587 : 03F;
14588 : 03F;
14589 : 03F;
14590 : 03F;
14591 : 03F;
14592 : 03F;
14593 : 03F;
14594 : 03F;
14595 : 03F;
14596 : 03F;
14597 : 03F;
14598 : 03F;
14599 : 03F;
14600 : 03F;
14601 : 03F;
14602 : 03F;
14603 : 03F;
14604 : 03F;
14605 : 03F;
14606 : 03F;
14607 : 03F;
14608 : 03F;
14609 : 03F;
14610 : 03F;
14611 : 03F;
14612 : 03F;
14613 : 03F;
14614 : 03F;
14615 : 03F;
14616 : 03F;
14617 : 03F;
14618 : 03F;
14619 : 03F;
14620 : 03F;
14621 : 03F;
14622 : 03F;
14623 : 03F;
14624 : 03F;
14625 : 03F;
14626 : 03F;
14627 : 03F;
14628 : 03F;
14629 : 03F;
14630 : 03F;
14631 : 03F;
14632 : 03F;
14633 : 03F;
14634 : 03F;
14635 : 03F;
14636 : 03F;
14637 : 03F;
14638 : 03F;
14639 : 1F8;
14640 : 1F8;
14641 : 1F8;
14642 : 1F8;
14643 : 1F8;
14644 : 1F8;
14645 : 1F8;
14646 : 1F8;
14647 : 1F8;
14648 : 1F8;
14649 : 1F8;
14650 : 1F8;
14651 : 1F8;
14652 : 1F8;
14653 : 1F8;
14654 : 1F8;
14655 : 1F8;
14656 : 1F8;
14657 : 1F8;
14658 : 1F8;
14659 : 1F8;
14660 : 1F8;
14661 : 1F8;
14662 : 1F8;
14663 : 1F8;
14664 : 1F8;
14665 : 1F8;
14666 : 1F8;
14667 : 1F8;
14668 : 1F8;
14669 : 1F8;
14670 : 1F8;
14671 : 1F8;
14672 : 1F8;
14673 : 1F8;
14674 : 1F8;
14675 : 1F8;
14676 : 1F8;
14677 : 1F8;
14678 : 03F;
14679 : 03F;
14680 : 03F;
14681 : 03F;
14682 : 03F;
14683 : 03F;
14684 : 03F;
14685 : 03F;
14686 : 03F;
14687 : 03F;
14688 : 03F;
14689 : 03F;
14690 : 03F;
14691 : 03F;
14692 : 03F;
14693 : 03F;
14694 : 03F;
14695 : 03F;
14696 : 03F;
14697 : 03F;
14698 : 03F;
14699 : 03F;
14700 : 03F;
14701 : 03F;
14702 : 03F;
14703 : 03F;
14704 : 03F;
14705 : 03F;
14706 : 03F;
14707 : 03F;
14708 : 03F;
14709 : 03F;
14710 : 03F;
14711 : 03F;
14712 : 03F;
14713 : 03F;
14714 : 03F;
14715 : 03F;
14716 : 03F;
14717 : 03F;
14718 : 03F;
14719 : 03F;
14720 : 03F;
14721 : 03F;
14722 : 03F;
14723 : 03F;
14724 : 03F;
14725 : 03F;
14726 : 03F;
14727 : 03F;
14728 : 03F;
14729 : 03F;
14730 : 03F;
14731 : 03F;
14732 : 03F;
14733 : 03F;
14734 : 03F;
14735 : 03F;
14736 : 03F;
14737 : 03F;
14738 : 03F;
14739 : 03F;
14740 : 03F;
14741 : 03F;
14742 : 03F;
14743 : 03F;
14744 : 03F;
14745 : 03F;
14746 : 03F;
14747 : 03F;
14748 : 03F;
14749 : 03F;
14750 : 1FF;
14751 : 1FF;
14752 : 1FF;
14753 : 1FF;
14754 : 1FF;
14755 : 1FF;
14756 : 1FF;
14757 : 1FF;
14758 : 1FF;
14759 : 1FF;
14760 : 1FF;
14761 : 1FF;
14762 : 1FF;
14763 : 1FF;
14764 : 1FF;
14765 : 1FF;
14766 : 1FF;
14767 : 1FF;
14768 : 1FF;
14769 : 1FF;
14770 : 1FF;
14771 : 1FF;
14772 : 1FF;
14773 : 1FF;
14774 : 1FF;
14775 : 1FF;
14776 : 1FF;
14777 : 1FF;
14778 : 1FF;
14779 : 1FF;
14780 : 1FF;
14781 : 1FF;
14782 : 1FF;
14783 : 1FF;
14784 : 1FF;
14785 : 1FF;
14786 : 1FF;
14787 : 1FF;
14788 : 1FF;
14789 : 1FF;
14790 : 1FF;
14791 : 1FF;
14792 : 1FF;
14793 : 1FF;
14794 : 1FF;
14795 : 1FF;
14796 : 1FF;
14797 : 03F;
14798 : 03F;
14799 : 03F;
14800 : 03F;
14801 : 03F;
14802 : 03F;
14803 : 03F;
14804 : 03F;
14805 : 03F;
14806 : 03F;
14807 : 03F;
14808 : 03F;
14809 : 03F;
14810 : 03F;
14811 : 03F;
14812 : 03F;
14813 : 03F;
14814 : 03F;
14815 : 03F;
14816 : 03F;
14817 : 03F;
14818 : 03F;
14819 : 03F;
14820 : 03F;
14821 : 03F;
14822 : 03F;
14823 : 03F;
14824 : 03F;
14825 : 03F;
14826 : 03F;
14827 : 03F;
14828 : 03F;
14829 : 03F;
14830 : 03F;
14831 : 03F;
14832 : 03F;
14833 : 03F;
14834 : 03F;
14835 : 03F;
14836 : 03F;
14837 : 03F;
14838 : 03F;
14839 : 03F;
14840 : 03F;
14841 : 03F;
14842 : 03F;
14843 : 03F;
14844 : 03F;
14845 : 03F;
14846 : 03F;
14847 : 03F;
14848 : 03F;
14849 : 03F;
14850 : 03F;
14851 : 03F;
14852 : 03F;
14853 : 03F;
14854 : 03F;
14855 : 03F;
14856 : 03F;
14857 : 03F;
14858 : 03F;
14859 : 03F;
14860 : 03F;
14861 : 03F;
14862 : 03F;
14863 : 03F;
14864 : 03F;
14865 : 03F;
14866 : 03F;
14867 : 03F;
14868 : 03F;
14869 : 03F;
14870 : 03F;
14871 : 03F;
14872 : 03F;
14873 : 03F;
14874 : 03F;
14875 : 03F;
14876 : 03F;
14877 : 03F;
14878 : 03F;
14879 : 03F;
14880 : 03F;
14881 : 03F;
14882 : 03F;
14883 : 03F;
14884 : 03F;
14885 : 03F;
14886 : 03F;
14887 : 03F;
14888 : 03F;
14889 : 03F;
14890 : 03F;
14891 : 03F;
14892 : 03F;
14893 : 03F;
14894 : 03F;
14895 : 03F;
14896 : 03F;
14897 : 03F;
14898 : 03F;
14899 : 03F;
14900 : 03F;
14901 : 03F;
14902 : 03F;
14903 : 03F;
14904 : 03F;
14905 : 03F;
14906 : 03F;
14907 : 03F;
14908 : 03F;
14909 : 03F;
14910 : 03F;
14911 : 03F;
14912 : 03F;
14913 : 03F;
14914 : 03F;
14915 : 03F;
14916 : 03F;
14917 : 03F;
14918 : 03F;
14919 : 03F;
14920 : 03F;
14921 : 03F;
14922 : 03F;
14923 : 03F;
14924 : 03F;
14925 : 03F;
14926 : 03F;
14927 : 03F;
14928 : 03F;
14929 : 03F;
14930 : 03F;
14931 : 03F;
14932 : 03F;
14933 : 03F;
14934 : 03F;
14935 : 03F;
14936 : 03F;
14937 : 03F;
14938 : 03F;
14939 : 03F;
14940 : 03F;
14941 : 03F;
14942 : 03F;
14943 : 03F;
14944 : 03F;
14945 : 03F;
14946 : 03F;
14947 : 03F;
14948 : 03F;
14949 : 03F;
14950 : 03F;
14951 : 03F;
14952 : 03F;
14953 : 03F;
14954 : 03F;
14955 : 03F;
14956 : 03F;
14957 : 03F;
14958 : 03F;
14959 : 1F8;
14960 : 1F8;
14961 : 1F8;
14962 : 1F8;
14963 : 1F8;
14964 : 1F8;
14965 : 1F8;
14966 : 1F8;
14967 : 1F8;
14968 : 1F8;
14969 : 1F8;
14970 : 1F8;
14971 : 1F8;
14972 : 1F8;
14973 : 1F8;
14974 : 1F8;
14975 : 1F8;
14976 : 1F8;
14977 : 1F8;
14978 : 1F8;
14979 : 1F8;
14980 : 1F8;
14981 : 1F8;
14982 : 1F8;
14983 : 1F8;
14984 : 1F8;
14985 : 1F8;
14986 : 1F8;
14987 : 1F8;
14988 : 1F8;
14989 : 1F8;
14990 : 1F8;
14991 : 1F8;
14992 : 1F8;
14993 : 1F8;
14994 : 1F8;
14995 : 1F8;
14996 : 1F8;
14997 : 1F8;
14998 : 03F;
14999 : 03F;
15000 : 03F;
15001 : 03F;
15002 : 03F;
15003 : 03F;
15004 : 03F;
15005 : 03F;
15006 : 03F;
15007 : 03F;
15008 : 03F;
15009 : 03F;
15010 : 03F;
15011 : 03F;
15012 : 03F;
15013 : 03F;
15014 : 03F;
15015 : 03F;
15016 : 03F;
15017 : 03F;
15018 : 03F;
15019 : 03F;
15020 : 03F;
15021 : 03F;
15022 : 03F;
15023 : 03F;
15024 : 03F;
15025 : 03F;
15026 : 03F;
15027 : 03F;
15028 : 03F;
15029 : 03F;
15030 : 03F;
15031 : 03F;
15032 : 03F;
15033 : 03F;
15034 : 03F;
15035 : 03F;
15036 : 03F;
15037 : 03F;
15038 : 03F;
15039 : 03F;
15040 : 03F;
15041 : 03F;
15042 : 03F;
15043 : 03F;
15044 : 03F;
15045 : 03F;
15046 : 03F;
15047 : 03F;
15048 : 03F;
15049 : 03F;
15050 : 03F;
15051 : 03F;
15052 : 03F;
15053 : 03F;
15054 : 03F;
15055 : 03F;
15056 : 03F;
15057 : 03F;
15058 : 03F;
15059 : 03F;
15060 : 03F;
15061 : 03F;
15062 : 03F;
15063 : 03F;
15064 : 03F;
15065 : 03F;
15066 : 03F;
15067 : 03F;
15068 : 03F;
15069 : 03F;
15070 : 03F;
15071 : 03F;
15072 : 03F;
15073 : 03F;
15074 : 03F;
15075 : 03F;
15076 : 03F;
15077 : 03F;
15078 : 03F;
15079 : 03F;
15080 : 03F;
15081 : 03F;
15082 : 1FF;
15083 : 1FF;
15084 : 1FF;
15085 : 1FF;
15086 : 1FF;
15087 : 1FF;
15088 : 1FF;
15089 : 1FF;
15090 : 1FF;
15091 : 1FF;
15092 : 1FF;
15093 : 1FF;
15094 : 1FF;
15095 : 03F;
15096 : 03F;
15097 : 1FF;
15098 : 1FF;
15099 : 1FF;
15100 : 1FF;
15101 : 1FF;
15102 : 1FF;
15103 : 1FF;
15104 : 1FF;
15105 : 1FF;
15106 : 1FF;
15107 : 1FF;
15108 : 1FF;
15109 : 1FF;
15110 : 03F;
15111 : 03F;
15112 : 03F;
15113 : 03F;
15114 : 03F;
15115 : 03F;
15116 : 03F;
15117 : 03F;
15118 : 03F;
15119 : 03F;
15120 : 03F;
15121 : 03F;
15122 : 03F;
15123 : 03F;
15124 : 03F;
15125 : 03F;
15126 : 03F;
15127 : 03F;
15128 : 03F;
15129 : 03F;
15130 : 03F;
15131 : 03F;
15132 : 03F;
15133 : 03F;
15134 : 03F;
15135 : 03F;
15136 : 03F;
15137 : 03F;
15138 : 03F;
15139 : 03F;
15140 : 03F;
15141 : 03F;
15142 : 03F;
15143 : 03F;
15144 : 03F;
15145 : 03F;
15146 : 03F;
15147 : 03F;
15148 : 03F;
15149 : 03F;
15150 : 03F;
15151 : 03F;
15152 : 03F;
15153 : 03F;
15154 : 03F;
15155 : 03F;
15156 : 03F;
15157 : 03F;
15158 : 03F;
15159 : 03F;
15160 : 03F;
15161 : 03F;
15162 : 03F;
15163 : 03F;
15164 : 03F;
15165 : 03F;
15166 : 03F;
15167 : 03F;
15168 : 03F;
15169 : 03F;
15170 : 03F;
15171 : 03F;
15172 : 03F;
15173 : 03F;
15174 : 03F;
15175 : 03F;
15176 : 03F;
15177 : 03F;
15178 : 03F;
15179 : 03F;
15180 : 03F;
15181 : 03F;
15182 : 03F;
15183 : 03F;
15184 : 03F;
15185 : 03F;
15186 : 03F;
15187 : 03F;
15188 : 003;
15189 : 03F;
15190 : 03F;
15191 : 03F;
15192 : 03F;
15193 : 003;
15194 : 03F;
15195 : 03F;
15196 : 03F;
15197 : 03F;
15198 : 03F;
15199 : 03F;
15200 : 03F;
15201 : 03F;
15202 : 03F;
15203 : 03F;
15204 : 03F;
15205 : 03F;
15206 : 03F;
15207 : 03F;
15208 : 03F;
15209 : 03F;
15210 : 03F;
15211 : 03F;
15212 : 03F;
15213 : 03F;
15214 : 03F;
15215 : 03F;
15216 : 03F;
15217 : 03F;
15218 : 03F;
15219 : 03F;
15220 : 03F;
15221 : 03F;
15222 : 03F;
15223 : 03F;
15224 : 03F;
15225 : 03F;
15226 : 03F;
15227 : 03F;
15228 : 03F;
15229 : 03F;
15230 : 03F;
15231 : 03F;
15232 : 03F;
15233 : 03F;
15234 : 03F;
15235 : 03F;
15236 : 03F;
15237 : 03F;
15238 : 03F;
15239 : 03F;
15240 : 03F;
15241 : 03F;
15242 : 03F;
15243 : 03F;
15244 : 03F;
15245 : 03F;
15246 : 03F;
15247 : 03F;
15248 : 03F;
15249 : 03F;
15250 : 03F;
15251 : 03F;
15252 : 03F;
15253 : 03F;
15254 : 03F;
15255 : 03F;
15256 : 03F;
15257 : 03F;
15258 : 03F;
15259 : 03F;
15260 : 03F;
15261 : 03F;
15262 : 03F;
15263 : 03F;
15264 : 03F;
15265 : 03F;
15266 : 03F;
15267 : 03F;
15268 : 03F;
15269 : 03F;
15270 : 03F;
15271 : 03F;
15272 : 03F;
15273 : 03F;
15274 : 03F;
15275 : 03F;
15276 : 03F;
15277 : 03F;
15278 : 03F;
15279 : 03F;
15280 : 1F8;
15281 : 1F8;
15282 : 1F8;
15283 : 1F8;
15284 : 1F8;
15285 : 1F8;
15286 : 1F8;
15287 : 1F8;
15288 : 1F8;
15289 : 1F8;
15290 : 1F8;
15291 : 1F8;
15292 : 1F8;
15293 : 1F8;
15294 : 1F8;
15295 : 1F8;
15296 : 1F8;
15297 : 1F8;
15298 : 1F8;
15299 : 1F8;
15300 : 1F8;
15301 : 1F8;
15302 : 1F8;
15303 : 1F8;
15304 : 1F8;
15305 : 1F8;
15306 : 1F8;
15307 : 1F8;
15308 : 1F8;
15309 : 1F8;
15310 : 1F8;
15311 : 1F8;
15312 : 1F8;
15313 : 1F8;
15314 : 1F8;
15315 : 1F8;
15316 : 1F8;
15317 : 03F;
15318 : 03F;
15319 : 03F;
15320 : 03F;
15321 : 03F;
15322 : 03F;
15323 : 03F;
15324 : 03F;
15325 : 03F;
15326 : 03F;
15327 : 03F;
15328 : 03F;
15329 : 03F;
15330 : 03F;
15331 : 03F;
15332 : 03F;
15333 : 03F;
15334 : 03F;
15335 : 03F;
15336 : 03F;
15337 : 03F;
15338 : 03F;
15339 : 03F;
15340 : 03F;
15341 : 03F;
15342 : 03F;
15343 : 03F;
15344 : 03F;
15345 : 03F;
15346 : 03F;
15347 : 03F;
15348 : 03F;
15349 : 03F;
15350 : 03F;
15351 : 03F;
15352 : 03F;
15353 : 03F;
15354 : 03F;
15355 : 03F;
15356 : 03F;
15357 : 03F;
15358 : 03F;
15359 : 03F;
15360 : 03F;
15361 : 03F;
15362 : 03F;
15363 : 03F;
15364 : 03F;
15365 : 03F;
15366 : 03F;
15367 : 03F;
15368 : 03F;
15369 : 03F;
15370 : 03F;
15371 : 03F;
15372 : 03F;
15373 : 03F;
15374 : 03F;
15375 : 03F;
15376 : 03F;
15377 : 03F;
15378 : 03F;
15379 : 03F;
15380 : 03F;
15381 : 03F;
15382 : 03F;
15383 : 03F;
15384 : 03F;
15385 : 03F;
15386 : 03F;
15387 : 03F;
15388 : 03F;
15389 : 03F;
15390 : 03F;
15391 : 03F;
15392 : 03F;
15393 : 03F;
15394 : 03F;
15395 : 03F;
15396 : 03F;
15397 : 03F;
15398 : 03F;
15399 : 03F;
15400 : 03F;
15401 : 03F;
15402 : 03F;
15403 : 03F;
15404 : 03F;
15405 : 1FF;
15406 : 1FF;
15407 : 1FF;
15408 : 1FF;
15409 : 1FF;
15410 : 1FF;
15411 : 1FF;
15412 : 03F;
15413 : 03F;
15414 : 03F;
15415 : 03F;
15416 : 03F;
15417 : 03F;
15418 : 1FF;
15419 : 1FF;
15420 : 1FF;
15421 : 1FF;
15422 : 1FF;
15423 : 1FF;
15424 : 1FF;
15425 : 1FF;
15426 : 1FF;
15427 : 1FF;
15428 : 1FF;
15429 : 03F;
15430 : 03F;
15431 : 03F;
15432 : 03F;
15433 : 03F;
15434 : 03F;
15435 : 03F;
15436 : 03F;
15437 : 03F;
15438 : 03F;
15439 : 03F;
15440 : 03F;
15441 : 03F;
15442 : 03F;
15443 : 03F;
15444 : 03F;
15445 : 03F;
15446 : 03F;
15447 : 03F;
15448 : 03F;
15449 : 03F;
15450 : 03F;
15451 : 03F;
15452 : 03F;
15453 : 03F;
15454 : 03F;
15455 : 03F;
15456 : 03F;
15457 : 03F;
15458 : 03F;
15459 : 03F;
15460 : 03F;
15461 : 03F;
15462 : 03F;
15463 : 03F;
15464 : 03F;
15465 : 03F;
15466 : 03F;
15467 : 03F;
15468 : 03F;
15469 : 03F;
15470 : 03F;
15471 : 03F;
15472 : 03F;
15473 : 03F;
15474 : 03F;
15475 : 03F;
15476 : 03F;
15477 : 03F;
15478 : 03F;
15479 : 03F;
15480 : 03F;
15481 : 03F;
15482 : 03F;
15483 : 03F;
15484 : 03F;
15485 : 03F;
15486 : 03F;
15487 : 03F;
15488 : 03F;
15489 : 03F;
15490 : 03F;
15491 : 03F;
15492 : 03F;
15493 : 03F;
15494 : 03F;
15495 : 03F;
15496 : 03F;
15497 : 03F;
15498 : 03F;
15499 : 03F;
15500 : 03F;
15501 : 03F;
15502 : 03F;
15503 : 03F;
15504 : 03F;
15505 : 03F;
15506 : 003;
15507 : 003;
15508 : 03F;
15509 : 003;
15510 : 03F;
15511 : 003;
15512 : 003;
15513 : 03F;
15514 : 003;
15515 : 003;
15516 : 03F;
15517 : 03F;
15518 : 03F;
15519 : 03F;
15520 : 03F;
15521 : 03F;
15522 : 03F;
15523 : 03F;
15524 : 03F;
15525 : 03F;
15526 : 03F;
15527 : 03F;
15528 : 03F;
15529 : 03F;
15530 : 03F;
15531 : 03F;
15532 : 03F;
15533 : 03F;
15534 : 03F;
15535 : 03F;
15536 : 03F;
15537 : 03F;
15538 : 03F;
15539 : 03F;
15540 : 03F;
15541 : 03F;
15542 : 03F;
15543 : 03F;
15544 : 03F;
15545 : 03F;
15546 : 03F;
15547 : 03F;
15548 : 03F;
15549 : 03F;
15550 : 03F;
15551 : 03F;
15552 : 03F;
15553 : 03F;
15554 : 03F;
15555 : 03F;
15556 : 03F;
15557 : 03F;
15558 : 03F;
15559 : 03F;
15560 : 03F;
15561 : 03F;
15562 : 03F;
15563 : 03F;
15564 : 03F;
15565 : 03F;
15566 : 03F;
15567 : 03F;
15568 : 03F;
15569 : 03F;
15570 : 03F;
15571 : 03F;
15572 : 03F;
15573 : 03F;
15574 : 03F;
15575 : 03F;
15576 : 03F;
15577 : 03F;
15578 : 03F;
15579 : 03F;
15580 : 03F;
15581 : 03F;
15582 : 03F;
15583 : 03F;
15584 : 03F;
15585 : 03F;
15586 : 03F;
15587 : 03F;
15588 : 03F;
15589 : 03F;
15590 : 03F;
15591 : 03F;
15592 : 03F;
15593 : 03F;
15594 : 03F;
15595 : 03F;
15596 : 03F;
15597 : 03F;
15598 : 03F;
15599 : 03F;
15600 : 1F8;
15601 : 1F8;
15602 : 1F8;
15603 : 1F8;
15604 : 1F8;
15605 : 1F8;
15606 : 1F8;
15607 : 1F8;
15608 : 1F8;
15609 : 1F8;
15610 : 1F8;
15611 : 1F8;
15612 : 1F8;
15613 : 1F8;
15614 : 1F8;
15615 : 1F8;
15616 : 1F8;
15617 : 1F8;
15618 : 1F8;
15619 : 1F8;
15620 : 1F8;
15621 : 1F8;
15622 : 1F8;
15623 : 1F8;
15624 : 1F8;
15625 : 1F8;
15626 : 1F8;
15627 : 1F8;
15628 : 1F8;
15629 : 1F8;
15630 : 1F8;
15631 : 1F8;
15632 : 1F8;
15633 : 1F8;
15634 : 1F8;
15635 : 1F8;
15636 : 1F8;
15637 : 03F;
15638 : 03F;
15639 : 03F;
15640 : 03F;
15641 : 03F;
15642 : 03F;
15643 : 03F;
15644 : 03F;
15645 : 03F;
15646 : 03F;
15647 : 03F;
15648 : 03F;
15649 : 03F;
15650 : 03F;
15651 : 03F;
15652 : 03F;
15653 : 03F;
15654 : 03F;
15655 : 03F;
15656 : 03F;
15657 : 03F;
15658 : 03F;
15659 : 03F;
15660 : 03F;
15661 : 03F;
15662 : 03F;
15663 : 03F;
15664 : 03F;
15665 : 03F;
15666 : 03F;
15667 : 03F;
15668 : 03F;
15669 : 03F;
15670 : 03F;
15671 : 03F;
15672 : 03F;
15673 : 03F;
15674 : 03F;
15675 : 03F;
15676 : 03F;
15677 : 03F;
15678 : 03F;
15679 : 03F;
15680 : 03F;
15681 : 03F;
15682 : 03F;
15683 : 03F;
15684 : 03F;
15685 : 03F;
15686 : 03F;
15687 : 03F;
15688 : 03F;
15689 : 03F;
15690 : 03F;
15691 : 03F;
15692 : 03F;
15693 : 03F;
15694 : 03F;
15695 : 03F;
15696 : 03F;
15697 : 03F;
15698 : 03F;
15699 : 03F;
15700 : 03F;
15701 : 03F;
15702 : 03F;
15703 : 03F;
15704 : 03F;
15705 : 03F;
15706 : 03F;
15707 : 03F;
15708 : 03F;
15709 : 03F;
15710 : 03F;
15711 : 03F;
15712 : 03F;
15713 : 03F;
15714 : 03F;
15715 : 03F;
15716 : 03F;
15717 : 03F;
15718 : 03F;
15719 : 03F;
15720 : 03F;
15721 : 03F;
15722 : 03F;
15723 : 03F;
15724 : 03F;
15725 : 03F;
15726 : 03F;
15727 : 03F;
15728 : 03F;
15729 : 03F;
15730 : 03F;
15731 : 03F;
15732 : 03F;
15733 : 03F;
15734 : 03F;
15735 : 03F;
15736 : 03F;
15737 : 03F;
15738 : 03F;
15739 : 03F;
15740 : 1FF;
15741 : 1FF;
15742 : 1FF;
15743 : 1FF;
15744 : 1FF;
15745 : 1FF;
15746 : 1FF;
15747 : 03F;
15748 : 03F;
15749 : 03F;
15750 : 03F;
15751 : 03F;
15752 : 03F;
15753 : 03F;
15754 : 03F;
15755 : 03F;
15756 : 03F;
15757 : 03F;
15758 : 03F;
15759 : 03F;
15760 : 03F;
15761 : 03F;
15762 : 03F;
15763 : 03F;
15764 : 03F;
15765 : 03F;
15766 : 03F;
15767 : 03F;
15768 : 03F;
15769 : 03F;
15770 : 03F;
15771 : 03F;
15772 : 03F;
15773 : 03F;
15774 : 03F;
15775 : 03F;
15776 : 03F;
15777 : 03F;
15778 : 03F;
15779 : 03F;
15780 : 03F;
15781 : 03F;
15782 : 03F;
15783 : 03F;
15784 : 03F;
15785 : 03F;
15786 : 03F;
15787 : 03F;
15788 : 03F;
15789 : 03F;
15790 : 03F;
15791 : 03F;
15792 : 03F;
15793 : 03F;
15794 : 03F;
15795 : 03F;
15796 : 03F;
15797 : 03F;
15798 : 03F;
15799 : 03F;
15800 : 03F;
15801 : 03F;
15802 : 03F;
15803 : 03F;
15804 : 03F;
15805 : 03F;
15806 : 03F;
15807 : 03F;
15808 : 03F;
15809 : 03F;
15810 : 03F;
15811 : 03F;
15812 : 03F;
15813 : 03F;
15814 : 03F;
15815 : 03F;
15816 : 03F;
15817 : 03F;
15818 : 03F;
15819 : 03F;
15820 : 03F;
15821 : 03F;
15822 : 03F;
15823 : 03F;
15824 : 03F;
15825 : 003;
15826 : 03F;
15827 : 03F;
15828 : 03F;
15829 : 03F;
15830 : 003;
15831 : 03F;
15832 : 03F;
15833 : 03F;
15834 : 03F;
15835 : 03F;
15836 : 003;
15837 : 03F;
15838 : 03F;
15839 : 03F;
15840 : 03F;
15841 : 03F;
15842 : 03F;
15843 : 03F;
15844 : 03F;
15845 : 03F;
15846 : 03F;
15847 : 03F;
15848 : 03F;
15849 : 03F;
15850 : 03F;
15851 : 03F;
15852 : 03F;
15853 : 03F;
15854 : 03F;
15855 : 03F;
15856 : 03F;
15857 : 03F;
15858 : 03F;
15859 : 03F;
15860 : 03F;
15861 : 03F;
15862 : 03F;
15863 : 03F;
15864 : 03F;
15865 : 03F;
15866 : 03F;
15867 : 03F;
15868 : 03F;
15869 : 03F;
15870 : 03F;
15871 : 03F;
15872 : 03F;
15873 : 03F;
15874 : 03F;
15875 : 03F;
15876 : 03F;
15877 : 03F;
15878 : 03F;
15879 : 03F;
15880 : 03F;
15881 : 03F;
15882 : 03F;
15883 : 03F;
15884 : 03F;
15885 : 03F;
15886 : 03F;
15887 : 03F;
15888 : 03F;
15889 : 03F;
15890 : 03F;
15891 : 03F;
15892 : 03F;
15893 : 03F;
15894 : 03F;
15895 : 03F;
15896 : 03F;
15897 : 03F;
15898 : 03F;
15899 : 03F;
15900 : 03F;
15901 : 03F;
15902 : 03F;
15903 : 03F;
15904 : 03F;
15905 : 03F;
15906 : 03F;
15907 : 03F;
15908 : 03F;
15909 : 03F;
15910 : 03F;
15911 : 03F;
15912 : 03F;
15913 : 03F;
15914 : 03F;
15915 : 03F;
15916 : 03F;
15917 : 03F;
15918 : 03F;
15919 : 03F;
15920 : 03F;
15921 : 1F8;
15922 : 1F8;
15923 : 1F8;
15924 : 1F8;
15925 : 1F8;
15926 : 1F8;
15927 : 1F8;
15928 : 1F8;
15929 : 1F8;
15930 : 1F8;
15931 : 1F8;
15932 : 1F8;
15933 : 1F8;
15934 : 1F8;
15935 : 1F8;
15936 : 1F8;
15937 : 1F8;
15938 : 1F8;
15939 : 1F8;
15940 : 1F8;
15941 : 1F8;
15942 : 1F8;
15943 : 1F8;
15944 : 1F8;
15945 : 1F8;
15946 : 1F8;
15947 : 1F8;
15948 : 1F8;
15949 : 1F8;
15950 : 1F8;
15951 : 1F8;
15952 : 1F8;
15953 : 1F8;
15954 : 1F8;
15955 : 1F8;
15956 : 03F;
15957 : 03F;
15958 : 03F;
15959 : 03F;
15960 : 03F;
15961 : 03F;
15962 : 03F;
15963 : 03F;
15964 : 03F;
15965 : 03F;
15966 : 03F;
15967 : 03F;
15968 : 03F;
15969 : 03F;
15970 : 03F;
15971 : 03F;
15972 : 03F;
15973 : 03F;
15974 : 03F;
15975 : 03F;
15976 : 03F;
15977 : 03F;
15978 : 03F;
15979 : 03F;
15980 : 03F;
15981 : 03F;
15982 : 03F;
15983 : 03F;
15984 : 03F;
15985 : 03F;
15986 : 03F;
15987 : 03F;
15988 : 03F;
15989 : 03F;
15990 : 03F;
15991 : 03F;
15992 : 03F;
15993 : 03F;
15994 : 03F;
15995 : 03F;
15996 : 03F;
15997 : 03F;
15998 : 03F;
15999 : 03F;
16000 : 03F;
16001 : 03F;
16002 : 03F;
16003 : 03F;
16004 : 03F;
16005 : 03F;
16006 : 03F;
16007 : 03F;
16008 : 03F;
16009 : 03F;
16010 : 03F;
16011 : 03F;
16012 : 03F;
16013 : 03F;
16014 : 03F;
16015 : 03F;
16016 : 03F;
16017 : 03F;
16018 : 03F;
16019 : 03F;
16020 : 03F;
16021 : 03F;
16022 : 03F;
16023 : 03F;
16024 : 03F;
16025 : 03F;
16026 : 03F;
16027 : 03F;
16028 : 03F;
16029 : 03F;
16030 : 03F;
16031 : 03F;
16032 : 03F;
16033 : 03F;
16034 : 03F;
16035 : 03F;
16036 : 03F;
16037 : 03F;
16038 : 03F;
16039 : 03F;
16040 : 03F;
16041 : 03F;
16042 : 03F;
16043 : 03F;
16044 : 03F;
16045 : 03F;
16046 : 03F;
16047 : 03F;
16048 : 03F;
16049 : 03F;
16050 : 03F;
16051 : 03F;
16052 : 03F;
16053 : 03F;
16054 : 03F;
16055 : 03F;
16056 : 03F;
16057 : 03F;
16058 : 03F;
16059 : 03F;
16060 : 03F;
16061 : 03F;
16062 : 03F;
16063 : 03F;
16064 : 03F;
16065 : 03F;
16066 : 03F;
16067 : 03F;
16068 : 03F;
16069 : 03F;
16070 : 03F;
16071 : 03F;
16072 : 03F;
16073 : 03F;
16074 : 03F;
16075 : 03F;
16076 : 03F;
16077 : 03F;
16078 : 03F;
16079 : 03F;
16080 : 03F;
16081 : 03F;
16082 : 03F;
16083 : 03F;
16084 : 03F;
16085 : 03F;
16086 : 03F;
16087 : 03F;
16088 : 03F;
16089 : 03F;
16090 : 03F;
16091 : 03F;
16092 : 03F;
16093 : 03F;
16094 : 03F;
16095 : 03F;
16096 : 03F;
16097 : 03F;
16098 : 03F;
16099 : 03F;
16100 : 03F;
16101 : 03F;
16102 : 03F;
16103 : 03F;
16104 : 03F;
16105 : 03F;
16106 : 03F;
16107 : 03F;
16108 : 03F;
16109 : 03F;
16110 : 03F;
16111 : 03F;
16112 : 03F;
16113 : 03F;
16114 : 03F;
16115 : 03F;
16116 : 03F;
16117 : 03F;
16118 : 03F;
16119 : 03F;
16120 : 03F;
16121 : 03F;
16122 : 03F;
16123 : 03F;
16124 : 03F;
16125 : 03F;
16126 : 03F;
16127 : 03F;
16128 : 03F;
16129 : 03F;
16130 : 03F;
16131 : 03F;
16132 : 03F;
16133 : 03F;
16134 : 03F;
16135 : 03F;
16136 : 03F;
16137 : 03F;
16138 : 03F;
16139 : 03F;
16140 : 03F;
16141 : 03F;
16142 : 03F;
16143 : 03F;
16144 : 03F;
16145 : 03F;
16146 : 03F;
16147 : 03F;
16148 : 03F;
16149 : 03F;
16150 : 03F;
16151 : 03F;
16152 : 03F;
16153 : 03F;
16154 : 03F;
16155 : 03F;
16156 : 03F;
16157 : 03F;
16158 : 03F;
16159 : 03F;
16160 : 03F;
16161 : 03F;
16162 : 03F;
16163 : 03F;
16164 : 03F;
16165 : 03F;
16166 : 03F;
16167 : 03F;
16168 : 03F;
16169 : 03F;
16170 : 03F;
16171 : 03F;
16172 : 03F;
16173 : 03F;
16174 : 03F;
16175 : 03F;
16176 : 03F;
16177 : 03F;
16178 : 03F;
16179 : 03F;
16180 : 03F;
16181 : 03F;
16182 : 03F;
16183 : 03F;
16184 : 03F;
16185 : 03F;
16186 : 03F;
16187 : 03F;
16188 : 03F;
16189 : 03F;
16190 : 03F;
16191 : 03F;
16192 : 03F;
16193 : 03F;
16194 : 03F;
16195 : 03F;
16196 : 03F;
16197 : 03F;
16198 : 03F;
16199 : 03F;
16200 : 03F;
16201 : 03F;
16202 : 03F;
16203 : 03F;
16204 : 03F;
16205 : 03F;
16206 : 03F;
16207 : 03F;
16208 : 03F;
16209 : 03F;
16210 : 03F;
16211 : 03F;
16212 : 03F;
16213 : 03F;
16214 : 03F;
16215 : 03F;
16216 : 03F;
16217 : 03F;
16218 : 03F;
16219 : 03F;
16220 : 03F;
16221 : 03F;
16222 : 03F;
16223 : 03F;
16224 : 03F;
16225 : 03F;
16226 : 03F;
16227 : 03F;
16228 : 03F;
16229 : 03F;
16230 : 03F;
16231 : 03F;
16232 : 03F;
16233 : 03F;
16234 : 03F;
16235 : 03F;
16236 : 03F;
16237 : 03F;
16238 : 03F;
16239 : 03F;
16240 : 03F;
16241 : 1F8;
16242 : 1F8;
16243 : 1F8;
16244 : 1F8;
16245 : 1F8;
16246 : 1F8;
16247 : 1F8;
16248 : 1F8;
16249 : 1F8;
16250 : 1F8;
16251 : 1F8;
16252 : 1F8;
16253 : 1F8;
16254 : 1F8;
16255 : 1F8;
16256 : 1F8;
16257 : 1F8;
16258 : 1F8;
16259 : 1F8;
16260 : 1F8;
16261 : 1F8;
16262 : 1F8;
16263 : 1F8;
16264 : 1F8;
16265 : 1F8;
16266 : 1F8;
16267 : 1F8;
16268 : 1F8;
16269 : 1F8;
16270 : 1F8;
16271 : 1F8;
16272 : 1F8;
16273 : 1F8;
16274 : 1F8;
16275 : 1F8;
16276 : 03F;
16277 : 03F;
16278 : 03F;
16279 : 03F;
16280 : 03F;
16281 : 03F;
16282 : 03F;
16283 : 03F;
16284 : 03F;
16285 : 03F;
16286 : 03F;
16287 : 03F;
16288 : 03F;
16289 : 03F;
16290 : 03F;
16291 : 03F;
16292 : 03F;
16293 : 03F;
16294 : 03F;
16295 : 03F;
16296 : 03F;
16297 : 03F;
16298 : 03F;
16299 : 03F;
16300 : 03F;
16301 : 03F;
16302 : 03F;
16303 : 03F;
16304 : 03F;
16305 : 03F;
16306 : 03F;
16307 : 03F;
16308 : 03F;
16309 : 03F;
16310 : 03F;
16311 : 03F;
16312 : 03F;
16313 : 03F;
16314 : 03F;
16315 : 03F;
16316 : 03F;
16317 : 03F;
16318 : 03F;
16319 : 03F;
16320 : 03F;
16321 : 03F;
16322 : 03F;
16323 : 03F;
16324 : 03F;
16325 : 03F;
16326 : 03F;
16327 : 03F;
16328 : 03F;
16329 : 03F;
16330 : 03F;
16331 : 03F;
16332 : 03F;
16333 : 03F;
16334 : 03F;
16335 : 03F;
16336 : 03F;
16337 : 03F;
16338 : 03F;
16339 : 03F;
16340 : 03F;
16341 : 03F;
16342 : 03F;
16343 : 03F;
16344 : 03F;
16345 : 03F;
16346 : 03F;
16347 : 03F;
16348 : 03F;
16349 : 03F;
16350 : 03F;
16351 : 03F;
16352 : 03F;
16353 : 03F;
16354 : 03F;
16355 : 03F;
16356 : 03F;
16357 : 03F;
16358 : 03F;
16359 : 03F;
16360 : 03F;
16361 : 03F;
16362 : 03F;
16363 : 03F;
16364 : 03F;
16365 : 03F;
16366 : 03F;
16367 : 03F;
16368 : 03F;
16369 : 03F;
16370 : 03F;
16371 : 03F;
16372 : 03F;
16373 : 03F;
16374 : 03F;
16375 : 03F;
16376 : 03F;
16377 : 03F;
16378 : 03F;
16379 : 03F;
16380 : 03F;
16381 : 03F;
16382 : 03F;
16383 : 03F;
16384 : 03F;
16385 : 03F;
16386 : 03F;
16387 : 03F;
16388 : 03F;
16389 : 03F;
16390 : 03F;
16391 : 03F;
16392 : 03F;
16393 : 03F;
16394 : 03F;
16395 : 03F;
16396 : 03F;
16397 : 03F;
16398 : 03F;
16399 : 03F;
16400 : 03F;
16401 : 03F;
16402 : 03F;
16403 : 03F;
16404 : 03F;
16405 : 03F;
16406 : 03F;
16407 : 03F;
16408 : 03F;
16409 : 03F;
16410 : 03F;
16411 : 03F;
16412 : 03F;
16413 : 03F;
16414 : 03F;
16415 : 03F;
16416 : 03F;
16417 : 03F;
16418 : 03F;
16419 : 03F;
16420 : 03F;
16421 : 03F;
16422 : 03F;
16423 : 03F;
16424 : 03F;
16425 : 03F;
16426 : 03F;
16427 : 03F;
16428 : 03F;
16429 : 03F;
16430 : 03F;
16431 : 03F;
16432 : 03F;
16433 : 03F;
16434 : 03F;
16435 : 03F;
16436 : 03F;
16437 : 03F;
16438 : 03F;
16439 : 03F;
16440 : 03F;
16441 : 03F;
16442 : 03F;
16443 : 03F;
16444 : 03F;
16445 : 03F;
16446 : 03F;
16447 : 03F;
16448 : 03F;
16449 : 03F;
16450 : 03F;
16451 : 03F;
16452 : 03F;
16453 : 03F;
16454 : 03F;
16455 : 03F;
16456 : 03F;
16457 : 03F;
16458 : 03F;
16459 : 03F;
16460 : 03F;
16461 : 03F;
16462 : 03F;
16463 : 03F;
16464 : 03F;
16465 : 03F;
16466 : 03F;
16467 : 03F;
16468 : 03F;
16469 : 03F;
16470 : 03F;
16471 : 03F;
16472 : 03F;
16473 : 03F;
16474 : 03F;
16475 : 03F;
16476 : 03F;
16477 : 03F;
16478 : 03F;
16479 : 03F;
16480 : 03F;
16481 : 03F;
16482 : 03F;
16483 : 03F;
16484 : 03F;
16485 : 03F;
16486 : 03F;
16487 : 03F;
16488 : 03F;
16489 : 03F;
16490 : 03F;
16491 : 03F;
16492 : 03F;
16493 : 03F;
16494 : 03F;
16495 : 03F;
16496 : 03F;
16497 : 03F;
16498 : 03F;
16499 : 03F;
16500 : 03F;
16501 : 03F;
16502 : 03F;
16503 : 03F;
16504 : 03F;
16505 : 03F;
16506 : 03F;
16507 : 03F;
16508 : 03F;
16509 : 03F;
16510 : 03F;
16511 : 03F;
16512 : 03F;
16513 : 03F;
16514 : 03F;
16515 : 03F;
16516 : 03F;
16517 : 03F;
16518 : 03F;
16519 : 03F;
16520 : 03F;
16521 : 03F;
16522 : 03F;
16523 : 03F;
16524 : 03F;
16525 : 03F;
16526 : 03F;
16527 : 03F;
16528 : 03F;
16529 : 03F;
16530 : 03F;
16531 : 03F;
16532 : 03F;
16533 : 03F;
16534 : 03F;
16535 : 03F;
16536 : 03F;
16537 : 03F;
16538 : 03F;
16539 : 03F;
16540 : 03F;
16541 : 03F;
16542 : 03F;
16543 : 03F;
16544 : 03F;
16545 : 03F;
16546 : 03F;
16547 : 03F;
16548 : 03F;
16549 : 03F;
16550 : 03F;
16551 : 03F;
16552 : 03F;
16553 : 03F;
16554 : 03F;
16555 : 03F;
16556 : 03F;
16557 : 03F;
16558 : 03F;
16559 : 03F;
16560 : 03F;
16561 : 03F;
16562 : 1F8;
16563 : 1F8;
16564 : 1F8;
16565 : 1F8;
16566 : 1F8;
16567 : 1F8;
16568 : 1F8;
16569 : 1F8;
16570 : 1F8;
16571 : 1F8;
16572 : 1F8;
16573 : 1F8;
16574 : 1F8;
16575 : 1F8;
16576 : 1F8;
16577 : 1F8;
16578 : 1F8;
16579 : 1F8;
16580 : 1F8;
16581 : 1F8;
16582 : 1F8;
16583 : 1F8;
16584 : 1F8;
16585 : 1F8;
16586 : 1F8;
16587 : 1F8;
16588 : 1F8;
16589 : 1F8;
16590 : 1F8;
16591 : 1F8;
16592 : 1F8;
16593 : 1F8;
16594 : 1F8;
16595 : 03F;
16596 : 03F;
16597 : 03F;
16598 : 03F;
16599 : 03F;
16600 : 03F;
16601 : 03F;
16602 : 03F;
16603 : 03F;
16604 : 03F;
16605 : 03F;
16606 : 03F;
16607 : 03F;
16608 : 03F;
16609 : 03F;
16610 : 03F;
16611 : 03F;
16612 : 03F;
16613 : 03F;
16614 : 03F;
16615 : 03F;
16616 : 03F;
16617 : 03F;
16618 : 03F;
16619 : 03F;
16620 : 03F;
16621 : 03F;
16622 : 03F;
16623 : 03F;
16624 : 03F;
16625 : 03F;
16626 : 03F;
16627 : 03F;
16628 : 03F;
16629 : 03F;
16630 : 03F;
16631 : 03F;
16632 : 03F;
16633 : 03F;
16634 : 03F;
16635 : 03F;
16636 : 03F;
16637 : 03F;
16638 : 03F;
16639 : 03F;
16640 : 03F;
16641 : 03F;
16642 : 03F;
16643 : 03F;
16644 : 03F;
16645 : 03F;
16646 : 03F;
16647 : 03F;
16648 : 03F;
16649 : 03F;
16650 : 03F;
16651 : 03F;
16652 : 03F;
16653 : 03F;
16654 : 03F;
16655 : 03F;
16656 : 03F;
16657 : 03F;
16658 : 03F;
16659 : 03F;
16660 : 03F;
16661 : 03F;
16662 : 03F;
16663 : 03F;
16664 : 03F;
16665 : 03F;
16666 : 03F;
16667 : 03F;
16668 : 03F;
16669 : 03F;
16670 : 03F;
16671 : 03F;
16672 : 03F;
16673 : 03F;
16674 : 03F;
16675 : 03F;
16676 : 03F;
16677 : 03F;
16678 : 03F;
16679 : 03F;
16680 : 03F;
16681 : 03F;
16682 : 03F;
16683 : 03F;
16684 : 03F;
16685 : 03F;
16686 : 03F;
16687 : 03F;
16688 : 03F;
16689 : 03F;
16690 : 03F;
16691 : 03F;
16692 : 03F;
16693 : 03F;
16694 : 03F;
16695 : 03F;
16696 : 03F;
16697 : 03F;
16698 : 03F;
16699 : 03F;
16700 : 03F;
16701 : 03F;
16702 : 03F;
16703 : 03F;
16704 : 03F;
16705 : 03F;
16706 : 03F;
16707 : 03F;
16708 : 03F;
16709 : 03F;
16710 : 03F;
16711 : 03F;
16712 : 03F;
16713 : 03F;
16714 : 03F;
16715 : 03F;
16716 : 03F;
16717 : 03F;
16718 : 03F;
16719 : 03F;
16720 : 03F;
16721 : 03F;
16722 : 03F;
16723 : 03F;
16724 : 03F;
16725 : 03F;
16726 : 03F;
16727 : 03F;
16728 : 03F;
16729 : 03F;
16730 : 03F;
16731 : 03F;
16732 : 03F;
16733 : 03F;
16734 : 03F;
16735 : 03F;
16736 : 03F;
16737 : 03F;
16738 : 03F;
16739 : 03F;
16740 : 03F;
16741 : 03F;
16742 : 03F;
16743 : 03F;
16744 : 03F;
16745 : 03F;
16746 : 03F;
16747 : 03F;
16748 : 03F;
16749 : 03F;
16750 : 03F;
16751 : 03F;
16752 : 03F;
16753 : 03F;
16754 : 03F;
16755 : 03F;
16756 : 03F;
16757 : 03F;
16758 : 03F;
16759 : 03F;
16760 : 03F;
16761 : 03F;
16762 : 03F;
16763 : 03F;
16764 : 03F;
16765 : 03F;
16766 : 03F;
16767 : 03F;
16768 : 03F;
16769 : 03F;
16770 : 03F;
16771 : 03F;
16772 : 03F;
16773 : 03F;
16774 : 03F;
16775 : 03F;
16776 : 03F;
16777 : 03F;
16778 : 03F;
16779 : 03F;
16780 : 03F;
16781 : 03F;
16782 : 03F;
16783 : 03F;
16784 : 03F;
16785 : 03F;
16786 : 03F;
16787 : 03F;
16788 : 03F;
16789 : 03F;
16790 : 03F;
16791 : 03F;
16792 : 03F;
16793 : 03F;
16794 : 03F;
16795 : 03F;
16796 : 03F;
16797 : 03F;
16798 : 03F;
16799 : 03F;
16800 : 03F;
16801 : 03F;
16802 : 03F;
16803 : 03F;
16804 : 03F;
16805 : 03F;
16806 : 03F;
16807 : 03F;
16808 : 03F;
16809 : 03F;
16810 : 03F;
16811 : 03F;
16812 : 03F;
16813 : 03F;
16814 : 03F;
16815 : 03F;
16816 : 03F;
16817 : 03F;
16818 : 03F;
16819 : 03F;
16820 : 03F;
16821 : 03F;
16822 : 03F;
16823 : 03F;
16824 : 03F;
16825 : 03F;
16826 : 03F;
16827 : 03F;
16828 : 03F;
16829 : 03F;
16830 : 03F;
16831 : 03F;
16832 : 03F;
16833 : 03F;
16834 : 03F;
16835 : 03F;
16836 : 03F;
16837 : 03F;
16838 : 03F;
16839 : 03F;
16840 : 03F;
16841 : 03F;
16842 : 03F;
16843 : 03F;
16844 : 03F;
16845 : 03F;
16846 : 03F;
16847 : 03F;
16848 : 03F;
16849 : 03F;
16850 : 03F;
16851 : 03F;
16852 : 03F;
16853 : 03F;
16854 : 03F;
16855 : 03F;
16856 : 03F;
16857 : 03F;
16858 : 03F;
16859 : 03F;
16860 : 03F;
16861 : 03F;
16862 : 03F;
16863 : 03F;
16864 : 03F;
16865 : 03F;
16866 : 03F;
16867 : 03F;
16868 : 03F;
16869 : 03F;
16870 : 03F;
16871 : 03F;
16872 : 03F;
16873 : 03F;
16874 : 03F;
16875 : 03F;
16876 : 03F;
16877 : 03F;
16878 : 03F;
16879 : 03F;
16880 : 03F;
16881 : 03F;
16882 : 03F;
16883 : 1F8;
16884 : 1F8;
16885 : 1F8;
16886 : 1F8;
16887 : 1F8;
16888 : 1F8;
16889 : 1F8;
16890 : 1F8;
16891 : 1F8;
16892 : 1F8;
16893 : 1F8;
16894 : 1F8;
16895 : 1F8;
16896 : 1F8;
16897 : 1F8;
16898 : 1F8;
16899 : 1F8;
16900 : 1F8;
16901 : 1F8;
16902 : 1F8;
16903 : 1F8;
16904 : 1F8;
16905 : 1F8;
16906 : 1F8;
16907 : 1F8;
16908 : 1F8;
16909 : 1F8;
16910 : 1F8;
16911 : 1F8;
16912 : 1F8;
16913 : 1F8;
16914 : 03F;
16915 : 03F;
16916 : 03F;
16917 : 03F;
16918 : 03F;
16919 : 03F;
16920 : 03F;
16921 : 03F;
16922 : 03F;
16923 : 03F;
16924 : 03F;
16925 : 03F;
16926 : 03F;
16927 : 03F;
16928 : 03F;
16929 : 03F;
16930 : 03F;
16931 : 03F;
16932 : 03F;
16933 : 03F;
16934 : 03F;
16935 : 03F;
16936 : 03F;
16937 : 03F;
16938 : 03F;
16939 : 03F;
16940 : 03F;
16941 : 03F;
16942 : 03F;
16943 : 03F;
16944 : 03F;
16945 : 03F;
16946 : 03F;
16947 : 03F;
16948 : 03F;
16949 : 03F;
16950 : 03F;
16951 : 03F;
16952 : 03F;
16953 : 03F;
16954 : 03F;
16955 : 03F;
16956 : 03F;
16957 : 03F;
16958 : 03F;
16959 : 03F;
16960 : 03F;
16961 : 03F;
16962 : 03F;
16963 : 03F;
16964 : 03F;
16965 : 03F;
16966 : 03F;
16967 : 03F;
16968 : 03F;
16969 : 03F;
16970 : 03F;
16971 : 03F;
16972 : 03F;
16973 : 03F;
16974 : 03F;
16975 : 03F;
16976 : 03F;
16977 : 03F;
16978 : 03F;
16979 : 03F;
16980 : 03F;
16981 : 03F;
16982 : 03F;
16983 : 03F;
16984 : 03F;
16985 : 03F;
16986 : 03F;
16987 : 03F;
16988 : 03F;
16989 : 03F;
16990 : 03F;
16991 : 03F;
16992 : 03F;
16993 : 03F;
16994 : 03F;
16995 : 03F;
16996 : 03F;
16997 : 03F;
16998 : 03F;
16999 : 03F;
17000 : 03F;
17001 : 03F;
17002 : 03F;
17003 : 03F;
17004 : 03F;
17005 : 03F;
17006 : 03F;
17007 : 03F;
17008 : 03F;
17009 : 03F;
17010 : 03F;
17011 : 03F;
17012 : 03F;
17013 : 03F;
17014 : 03F;
17015 : 03F;
17016 : 03F;
17017 : 03F;
17018 : 03F;
17019 : 03F;
17020 : 03F;
17021 : 03F;
17022 : 03F;
17023 : 03F;
17024 : 03F;
17025 : 03F;
17026 : 03F;
17027 : 03F;
17028 : 03F;
17029 : 03F;
17030 : 03F;
17031 : 03F;
17032 : 03F;
17033 : 03F;
17034 : 03F;
17035 : 03F;
17036 : 03F;
17037 : 03F;
17038 : 03F;
17039 : 03F;
17040 : 03F;
17041 : 03F;
17042 : 03F;
17043 : 03F;
17044 : 03F;
17045 : 03F;
17046 : 03F;
17047 : 03F;
17048 : 03F;
17049 : 03F;
17050 : 03F;
17051 : 03F;
17052 : 03F;
17053 : 03F;
17054 : 03F;
17055 : 03F;
17056 : 03F;
17057 : 03F;
17058 : 03F;
17059 : 03F;
17060 : 03F;
17061 : 03F;
17062 : 03F;
17063 : 03F;
17064 : 03F;
17065 : 03F;
17066 : 03F;
17067 : 03F;
17068 : 03F;
17069 : 03F;
17070 : 03F;
17071 : 03F;
17072 : 03F;
17073 : 03F;
17074 : 03F;
17075 : 03F;
17076 : 03F;
17077 : 03F;
17078 : 03F;
17079 : 03F;
17080 : 03F;
17081 : 03F;
17082 : 03F;
17083 : 03F;
17084 : 03F;
17085 : 03F;
17086 : 03F;
17087 : 03F;
17088 : 03F;
17089 : 03F;
17090 : 03F;
17091 : 03F;
17092 : 03F;
17093 : 03F;
17094 : 03F;
17095 : 03F;
17096 : 03F;
17097 : 03F;
17098 : 03F;
17099 : 03F;
17100 : 03F;
17101 : 03F;
17102 : 03F;
17103 : 03F;
17104 : 03F;
17105 : 03F;
17106 : 03F;
17107 : 03F;
17108 : 03F;
17109 : 03F;
17110 : 03F;
17111 : 03F;
17112 : 03F;
17113 : 03F;
17114 : 03F;
17115 : 03F;
17116 : 03F;
17117 : 03F;
17118 : 03F;
17119 : 03F;
17120 : 03F;
17121 : 03F;
17122 : 03F;
17123 : 03F;
17124 : 03F;
17125 : 03F;
17126 : 03F;
17127 : 03F;
17128 : 03F;
17129 : 03F;
17130 : 03F;
17131 : 03F;
17132 : 03F;
17133 : 03F;
17134 : 03F;
17135 : 03F;
17136 : 03F;
17137 : 03F;
17138 : 03F;
17139 : 03F;
17140 : 03F;
17141 : 03F;
17142 : 03F;
17143 : 03F;
17144 : 03F;
17145 : 03F;
17146 : 03F;
17147 : 03F;
17148 : 03F;
17149 : 03F;
17150 : 03F;
17151 : 03F;
17152 : 03F;
17153 : 03F;
17154 : 03F;
17155 : 03F;
17156 : 03F;
17157 : 03F;
17158 : 03F;
17159 : 03F;
17160 : 03F;
17161 : 03F;
17162 : 03F;
17163 : 03F;
17164 : 03F;
17165 : 03F;
17166 : 03F;
17167 : 03F;
17168 : 03F;
17169 : 03F;
17170 : 03F;
17171 : 03F;
17172 : 03F;
17173 : 03F;
17174 : 03F;
17175 : 03F;
17176 : 03F;
17177 : 03F;
17178 : 03F;
17179 : 03F;
17180 : 03F;
17181 : 03F;
17182 : 03F;
17183 : 03F;
17184 : 03F;
17185 : 03F;
17186 : 03F;
17187 : 03F;
17188 : 03F;
17189 : 03F;
17190 : 03F;
17191 : 03F;
17192 : 03F;
17193 : 03F;
17194 : 03F;
17195 : 03F;
17196 : 03F;
17197 : 03F;
17198 : 03F;
17199 : 03F;
17200 : 03F;
17201 : 03F;
17202 : 03F;
17203 : 03F;
17204 : 1F8;
17205 : 1F8;
17206 : 1F8;
17207 : 1F8;
17208 : 1F8;
17209 : 1F8;
17210 : 1F8;
17211 : 1F8;
17212 : 1F8;
17213 : 1F8;
17214 : 1F8;
17215 : 1F8;
17216 : 1F8;
17217 : 1F8;
17218 : 1F8;
17219 : 1F8;
17220 : 1F8;
17221 : 1F8;
17222 : 1F8;
17223 : 1F8;
17224 : 1F8;
17225 : 1F8;
17226 : 1F8;
17227 : 1F8;
17228 : 1F8;
17229 : 1F8;
17230 : 1F8;
17231 : 1F8;
17232 : 1F8;
17233 : 03F;
17234 : 03F;
17235 : 03F;
17236 : 03F;
17237 : 03F;
17238 : 03F;
17239 : 03F;
17240 : 03F;
17241 : 03F;
17242 : 03F;
17243 : 03F;
17244 : 03F;
17245 : 03F;
17246 : 03F;
17247 : 03F;
17248 : 03F;
17249 : 03F;
17250 : 03F;
17251 : 03F;
17252 : 03F;
17253 : 03F;
17254 : 03F;
17255 : 03F;
17256 : 03F;
17257 : 03F;
17258 : 03F;
17259 : 03F;
17260 : 03F;
17261 : 03F;
17262 : 03F;
17263 : 03F;
17264 : 03F;
17265 : 03F;
17266 : 03F;
17267 : 03F;
17268 : 03F;
17269 : 03F;
17270 : 03F;
17271 : 03F;
17272 : 03F;
17273 : 03F;
17274 : 03F;
17275 : 03F;
17276 : 03F;
17277 : 03F;
17278 : 03F;
17279 : 03F;
17280 : 03F;
17281 : 03F;
17282 : 03F;
17283 : 03F;
17284 : 03F;
17285 : 03F;
17286 : 03F;
17287 : 03F;
17288 : 03F;
17289 : 03F;
17290 : 03F;
17291 : 03F;
17292 : 03F;
17293 : 03F;
17294 : 03F;
17295 : 03F;
17296 : 03F;
17297 : 03F;
17298 : 03F;
17299 : 03F;
17300 : 03F;
17301 : 03F;
17302 : 03F;
17303 : 03F;
17304 : 03F;
17305 : 03F;
17306 : 03F;
17307 : 03F;
17308 : 03F;
17309 : 03F;
17310 : 03F;
17311 : 03F;
17312 : 03F;
17313 : 03F;
17314 : 03F;
17315 : 03F;
17316 : 03F;
17317 : 03F;
17318 : 03F;
17319 : 03F;
17320 : 03F;
17321 : 03F;
17322 : 03F;
17323 : 03F;
17324 : 03F;
17325 : 03F;
17326 : 03F;
17327 : 03F;
17328 : 03F;
17329 : 03F;
17330 : 03F;
17331 : 03F;
17332 : 03F;
17333 : 03F;
17334 : 03F;
17335 : 03F;
17336 : 03F;
17337 : 03F;
17338 : 03F;
17339 : 03F;
17340 : 03F;
17341 : 03F;
17342 : 03F;
17343 : 03F;
17344 : 03F;
17345 : 03F;
17346 : 03F;
17347 : 03F;
17348 : 03F;
17349 : 03F;
17350 : 03F;
17351 : 03F;
17352 : 03F;
17353 : 03F;
17354 : 03F;
17355 : 03F;
17356 : 03F;
17357 : 03F;
17358 : 03F;
17359 : 03F;
17360 : 03F;
17361 : 03F;
17362 : 03F;
17363 : 03F;
17364 : 03F;
17365 : 03F;
17366 : 03F;
17367 : 03F;
17368 : 03F;
17369 : 03F;
17370 : 03F;
17371 : 03F;
17372 : 03F;
17373 : 03F;
17374 : 03F;
17375 : 03F;
17376 : 03F;
17377 : 03F;
17378 : 03F;
17379 : 03F;
17380 : 03F;
17381 : 03F;
17382 : 03F;
17383 : 03F;
17384 : 03F;
17385 : 03F;
17386 : 03F;
17387 : 03F;
17388 : 03F;
17389 : 03F;
17390 : 03F;
17391 : 03F;
17392 : 03F;
17393 : 03F;
17394 : 03F;
17395 : 03F;
17396 : 03F;
17397 : 03F;
17398 : 03F;
17399 : 03F;
17400 : 03F;
17401 : 03F;
17402 : 03F;
17403 : 03F;
17404 : 03F;
17405 : 03F;
17406 : 03F;
17407 : 03F;
17408 : 03F;
17409 : 03F;
17410 : 03F;
17411 : 03F;
17412 : 03F;
17413 : 03F;
17414 : 03F;
17415 : 03F;
17416 : 03F;
17417 : 03F;
17418 : 03F;
17419 : 03F;
17420 : 03F;
17421 : 03F;
17422 : 03F;
17423 : 03F;
17424 : 03F;
17425 : 03F;
17426 : 03F;
17427 : 03F;
17428 : 03F;
17429 : 03F;
17430 : 03F;
17431 : 03F;
17432 : 03F;
17433 : 03F;
17434 : 03F;
17435 : 03F;
17436 : 03F;
17437 : 03F;
17438 : 03F;
17439 : 03F;
17440 : 03F;
17441 : 03F;
17442 : 03F;
17443 : 03F;
17444 : 03F;
17445 : 03F;
17446 : 03F;
17447 : 03F;
17448 : 03F;
17449 : 03F;
17450 : 03F;
17451 : 03F;
17452 : 03F;
17453 : 03F;
17454 : 03F;
17455 : 03F;
17456 : 03F;
17457 : 03F;
17458 : 03F;
17459 : 03F;
17460 : 03F;
17461 : 03F;
17462 : 03F;
17463 : 03F;
17464 : 03F;
17465 : 03F;
17466 : 03F;
17467 : 03F;
17468 : 03F;
17469 : 03F;
17470 : 03F;
17471 : 03F;
17472 : 03F;
17473 : 03F;
17474 : 03F;
17475 : 03F;
17476 : 03F;
17477 : 03F;
17478 : 03F;
17479 : 03F;
17480 : 03F;
17481 : 03F;
17482 : 03F;
17483 : 03F;
17484 : 03F;
17485 : 03F;
17486 : 03F;
17487 : 03F;
17488 : 03F;
17489 : 03F;
17490 : 03F;
17491 : 03F;
17492 : 03F;
17493 : 03F;
17494 : 03F;
17495 : 03F;
17496 : 03F;
17497 : 03F;
17498 : 03F;
17499 : 03F;
17500 : 03F;
17501 : 03F;
17502 : 03F;
17503 : 03F;
17504 : 03F;
17505 : 03F;
17506 : 03F;
17507 : 03F;
17508 : 03F;
17509 : 03F;
17510 : 03F;
17511 : 03F;
17512 : 03F;
17513 : 03F;
17514 : 03F;
17515 : 03F;
17516 : 03F;
17517 : 03F;
17518 : 03F;
17519 : 03F;
17520 : 03F;
17521 : 03F;
17522 : 03F;
17523 : 03F;
17524 : 03F;
17525 : 1F8;
17526 : 1F8;
17527 : 1F8;
17528 : 1F8;
17529 : 1F8;
17530 : 1F8;
17531 : 1F8;
17532 : 1F8;
17533 : 1F8;
17534 : 1F8;
17535 : 1F8;
17536 : 1F8;
17537 : 1F8;
17538 : 1F8;
17539 : 1F8;
17540 : 1F8;
17541 : 1F8;
17542 : 1F8;
17543 : 1F8;
17544 : 1F8;
17545 : 1F8;
17546 : 1F8;
17547 : 1F8;
17548 : 1F8;
17549 : 1F8;
17550 : 1F8;
17551 : 1F8;
17552 : 03F;
17553 : 03F;
17554 : 03F;
17555 : 03F;
17556 : 03F;
17557 : 03F;
17558 : 03F;
17559 : 03F;
17560 : 03F;
17561 : 03F;
17562 : 03F;
17563 : 03F;
17564 : 03F;
17565 : 03F;
17566 : 03F;
17567 : 03F;
17568 : 03F;
17569 : 03F;
17570 : 03F;
17571 : 03F;
17572 : 03F;
17573 : 03F;
17574 : 03F;
17575 : 03F;
17576 : 03F;
17577 : 03F;
17578 : 03F;
17579 : 03F;
17580 : 03F;
17581 : 03F;
17582 : 03F;
17583 : 03F;
17584 : 03F;
17585 : 03F;
17586 : 03F;
17587 : 03F;
17588 : 03F;
17589 : 03F;
17590 : 03F;
17591 : 03F;
17592 : 03F;
17593 : 03F;
17594 : 03F;
17595 : 03F;
17596 : 03F;
17597 : 03F;
17598 : 03F;
17599 : 03F;
17600 : 03F;
17601 : 03F;
17602 : 03F;
17603 : 03F;
17604 : 03F;
17605 : 03F;
17606 : 03F;
17607 : 03F;
17608 : 03F;
17609 : 03F;
17610 : 03F;
17611 : 03F;
17612 : 03F;
17613 : 03F;
17614 : 03F;
17615 : 03F;
17616 : 03F;
17617 : 03F;
17618 : 03F;
17619 : 03F;
17620 : 03F;
17621 : 03F;
17622 : 03F;
17623 : 03F;
17624 : 03F;
17625 : 03F;
17626 : 03F;
17627 : 03F;
17628 : 03F;
17629 : 03F;
17630 : 03F;
17631 : 03F;
17632 : 03F;
17633 : 03F;
17634 : 03F;
17635 : 03F;
17636 : 03F;
17637 : 03F;
17638 : 03F;
17639 : 03F;
17640 : 03F;
17641 : 03F;
17642 : 03F;
17643 : 03F;
17644 : 03F;
17645 : 03F;
17646 : 03F;
17647 : 03F;
17648 : 03F;
17649 : 03F;
17650 : 03F;
17651 : 03F;
17652 : 03F;
17653 : 03F;
17654 : 03F;
17655 : 03F;
17656 : 03F;
17657 : 03F;
17658 : 03F;
17659 : 03F;
17660 : 03F;
17661 : 03F;
17662 : 03F;
17663 : 03F;
17664 : 03F;
17665 : 03F;
17666 : 03F;
17667 : 03F;
17668 : 03F;
17669 : 03F;
17670 : 03F;
17671 : 03F;
17672 : 03F;
17673 : 03F;
17674 : 03F;
17675 : 03F;
17676 : 03F;
17677 : 03F;
17678 : 03F;
17679 : 03F;
17680 : 03F;
17681 : 03F;
17682 : 03F;
17683 : 03F;
17684 : 03F;
17685 : 03F;
17686 : 03F;
17687 : 03F;
17688 : 03F;
17689 : 03F;
17690 : 03F;
17691 : 03F;
17692 : 03F;
17693 : 03F;
17694 : 03F;
17695 : 03F;
17696 : 03F;
17697 : 03F;
17698 : 03F;
17699 : 03F;
17700 : 03F;
17701 : 03F;
17702 : 03F;
17703 : 03F;
17704 : 03F;
17705 : 03F;
17706 : 03F;
17707 : 03F;
17708 : 03F;
17709 : 03F;
17710 : 03F;
17711 : 03F;
17712 : 03F;
17713 : 03F;
17714 : 03F;
17715 : 03F;
17716 : 03F;
17717 : 03F;
17718 : 03F;
17719 : 03F;
17720 : 03F;
17721 : 03F;
17722 : 03F;
17723 : 03F;
17724 : 03F;
17725 : 03F;
17726 : 03F;
17727 : 03F;
17728 : 03F;
17729 : 03F;
17730 : 03F;
17731 : 03F;
17732 : 03F;
17733 : 03F;
17734 : 03F;
17735 : 03F;
17736 : 03F;
17737 : 03F;
17738 : 03F;
17739 : 03F;
17740 : 03F;
17741 : 03F;
17742 : 03F;
17743 : 03F;
17744 : 03F;
17745 : 03F;
17746 : 03F;
17747 : 03F;
17748 : 03F;
17749 : 03F;
17750 : 03F;
17751 : 03F;
17752 : 03F;
17753 : 03F;
17754 : 03F;
17755 : 03F;
17756 : 03F;
17757 : 03F;
17758 : 03F;
17759 : 03F;
17760 : 03F;
17761 : 03F;
17762 : 03F;
17763 : 03F;
17764 : 03F;
17765 : 03F;
17766 : 03F;
17767 : 03F;
17768 : 03F;
17769 : 03F;
17770 : 03F;
17771 : 03F;
17772 : 03F;
17773 : 03F;
17774 : 03F;
17775 : 03F;
17776 : 03F;
17777 : 03F;
17778 : 03F;
17779 : 03F;
17780 : 03F;
17781 : 03F;
17782 : 03F;
17783 : 03F;
17784 : 03F;
17785 : 03F;
17786 : 03F;
17787 : 03F;
17788 : 03F;
17789 : 03F;
17790 : 03F;
17791 : 03F;
17792 : 03F;
17793 : 03F;
17794 : 03F;
17795 : 03F;
17796 : 03F;
17797 : 03F;
17798 : 03F;
17799 : 03F;
17800 : 03F;
17801 : 03F;
17802 : 03F;
17803 : 03F;
17804 : 03F;
17805 : 03F;
17806 : 03F;
17807 : 03F;
17808 : 03F;
17809 : 03F;
17810 : 03F;
17811 : 03F;
17812 : 03F;
17813 : 03F;
17814 : 03F;
17815 : 03F;
17816 : 03F;
17817 : 03F;
17818 : 03F;
17819 : 03F;
17820 : 03F;
17821 : 03F;
17822 : 03F;
17823 : 03F;
17824 : 03F;
17825 : 03F;
17826 : 03F;
17827 : 03F;
17828 : 03F;
17829 : 03F;
17830 : 03F;
17831 : 03F;
17832 : 03F;
17833 : 03F;
17834 : 03F;
17835 : 03F;
17836 : 03F;
17837 : 03F;
17838 : 03F;
17839 : 03F;
17840 : 03F;
17841 : 03F;
17842 : 03F;
17843 : 03F;
17844 : 03F;
17845 : 03F;
17846 : 1F8;
17847 : 1F8;
17848 : 1F8;
17849 : 1F8;
17850 : 1F8;
17851 : 1F8;
17852 : 1F8;
17853 : 1F8;
17854 : 1F8;
17855 : 1F8;
17856 : 1F8;
17857 : 1F8;
17858 : 1F8;
17859 : 1F8;
17860 : 1F8;
17861 : 1F8;
17862 : 1F8;
17863 : 1F8;
17864 : 1F8;
17865 : 1F8;
17866 : 1F8;
17867 : 1F8;
17868 : 1F8;
17869 : 1F8;
17870 : 1F8;
17871 : 03F;
17872 : 03F;
17873 : 03F;
17874 : 03F;
17875 : 03F;
17876 : 03F;
17877 : 03F;
17878 : 03F;
17879 : 03F;
17880 : 03F;
17881 : 03F;
17882 : 03F;
17883 : 03F;
17884 : 03F;
17885 : 03F;
17886 : 03F;
17887 : 03F;
17888 : 03F;
17889 : 03F;
17890 : 03F;
17891 : 03F;
17892 : 03F;
17893 : 03F;
17894 : 03F;
17895 : 03F;
17896 : 03F;
17897 : 03F;
17898 : 03F;
17899 : 03F;
17900 : 03F;
17901 : 03F;
17902 : 03F;
17903 : 03F;
17904 : 03F;
17905 : 03F;
17906 : 03F;
17907 : 03F;
17908 : 03F;
17909 : 03F;
17910 : 03F;
17911 : 03F;
17912 : 03F;
17913 : 03F;
17914 : 03F;
17915 : 03F;
17916 : 03F;
17917 : 03F;
17918 : 03F;
17919 : 03F;
17920 : 03F;
17921 : 03F;
17922 : 03F;
17923 : 03F;
17924 : 03F;
17925 : 03F;
17926 : 03F;
17927 : 03F;
17928 : 03F;
17929 : 03F;
17930 : 03F;
17931 : 03F;
17932 : 03F;
17933 : 03F;
17934 : 03F;
17935 : 03F;
17936 : 03F;
17937 : 03F;
17938 : 03F;
17939 : 03F;
17940 : 03F;
17941 : 03F;
17942 : 03F;
17943 : 03F;
17944 : 03F;
17945 : 03F;
17946 : 03F;
17947 : 03F;
17948 : 03F;
17949 : 03F;
17950 : 03F;
17951 : 03F;
17952 : 03F;
17953 : 03F;
17954 : 03F;
17955 : 03F;
17956 : 03F;
17957 : 03F;
17958 : 03F;
17959 : 03F;
17960 : 03F;
17961 : 03F;
17962 : 03F;
17963 : 03F;
17964 : 03F;
17965 : 03F;
17966 : 03F;
17967 : 03F;
17968 : 03F;
17969 : 03F;
17970 : 03F;
17971 : 03F;
17972 : 03F;
17973 : 03F;
17974 : 03F;
17975 : 03F;
17976 : 03F;
17977 : 03F;
17978 : 03F;
17979 : 03F;
17980 : 03F;
17981 : 03F;
17982 : 03F;
17983 : 03F;
17984 : 03F;
17985 : 03F;
17986 : 03F;
17987 : 03F;
17988 : 03F;
17989 : 03F;
17990 : 03F;
17991 : 03F;
17992 : 03F;
17993 : 03F;
17994 : 03F;
17995 : 03F;
17996 : 03F;
17997 : 03F;
17998 : 03F;
17999 : 03F;
18000 : 03F;
18001 : 03F;
18002 : 03F;
18003 : 03F;
18004 : 03F;
18005 : 03F;
18006 : 03F;
18007 : 03F;
18008 : 03F;
18009 : 03F;
18010 : 03F;
18011 : 03F;
18012 : 03F;
18013 : 03F;
18014 : 03F;
18015 : 03F;
18016 : 03F;
18017 : 03F;
18018 : 03F;
18019 : 03F;
18020 : 03F;
18021 : 03F;
18022 : 03F;
18023 : 03F;
18024 : 03F;
18025 : 03F;
18026 : 03F;
18027 : 03F;
18028 : 03F;
18029 : 03F;
18030 : 03F;
18031 : 03F;
18032 : 03F;
18033 : 03F;
18034 : 03F;
18035 : 03F;
18036 : 03F;
18037 : 03F;
18038 : 03F;
18039 : 03F;
18040 : 03F;
18041 : 03F;
18042 : 03F;
18043 : 03F;
18044 : 03F;
18045 : 03F;
18046 : 03F;
18047 : 03F;
18048 : 03F;
18049 : 03F;
18050 : 03F;
18051 : 03F;
18052 : 03F;
18053 : 03F;
18054 : 03F;
18055 : 03F;
18056 : 03F;
18057 : 03F;
18058 : 03F;
18059 : 03F;
18060 : 03F;
18061 : 03F;
18062 : 03F;
18063 : 03F;
18064 : 03F;
18065 : 03F;
18066 : 03F;
18067 : 03F;
18068 : 03F;
18069 : 03F;
18070 : 03F;
18071 : 03F;
18072 : 03F;
18073 : 03F;
18074 : 03F;
18075 : 03F;
18076 : 03F;
18077 : 03F;
18078 : 03F;
18079 : 03F;
18080 : 03F;
18081 : 03F;
18082 : 03F;
18083 : 03F;
18084 : 03F;
18085 : 03F;
18086 : 03F;
18087 : 03F;
18088 : 03F;
18089 : 03F;
18090 : 03F;
18091 : 03F;
18092 : 03F;
18093 : 03F;
18094 : 03F;
18095 : 03F;
18096 : 03F;
18097 : 03F;
18098 : 03F;
18099 : 03F;
18100 : 03F;
18101 : 03F;
18102 : 03F;
18103 : 03F;
18104 : 03F;
18105 : 03F;
18106 : 03F;
18107 : 03F;
18108 : 03F;
18109 : 03F;
18110 : 03F;
18111 : 03F;
18112 : 03F;
18113 : 03F;
18114 : 03F;
18115 : 03F;
18116 : 03F;
18117 : 03F;
18118 : 03F;
18119 : 03F;
18120 : 03F;
18121 : 03F;
18122 : 03F;
18123 : 03F;
18124 : 03F;
18125 : 03F;
18126 : 03F;
18127 : 03F;
18128 : 03F;
18129 : 03F;
18130 : 03F;
18131 : 03F;
18132 : 03F;
18133 : 03F;
18134 : 03F;
18135 : 03F;
18136 : 03F;
18137 : 03F;
18138 : 03F;
18139 : 03F;
18140 : 03F;
18141 : 03F;
18142 : 03F;
18143 : 03F;
18144 : 03F;
18145 : 03F;
18146 : 03F;
18147 : 03F;
18148 : 03F;
18149 : 03F;
18150 : 03F;
18151 : 03F;
18152 : 03F;
18153 : 03F;
18154 : 03F;
18155 : 03F;
18156 : 03F;
18157 : 03F;
18158 : 03F;
18159 : 03F;
18160 : 03F;
18161 : 03F;
18162 : 03F;
18163 : 03F;
18164 : 03F;
18165 : 03F;
18166 : 03F;
18167 : 1F8;
18168 : 1F8;
18169 : 1F8;
18170 : 1F8;
18171 : 1F8;
18172 : 1F8;
18173 : 1F8;
18174 : 1F8;
18175 : 1F8;
18176 : 1F8;
18177 : 1F8;
18178 : 1F8;
18179 : 1F8;
18180 : 1F8;
18181 : 1F8;
18182 : 1F8;
18183 : 1F8;
18184 : 1F8;
18185 : 1F8;
18186 : 1F8;
18187 : 1F8;
18188 : 1F8;
18189 : 1F8;
18190 : 03F;
18191 : 03F;
18192 : 03F;
18193 : 03F;
18194 : 03F;
18195 : 03F;
18196 : 03F;
18197 : 03F;
18198 : 03F;
18199 : 03F;
18200 : 03F;
18201 : 03F;
18202 : 03F;
18203 : 03F;
18204 : 03F;
18205 : 03F;
18206 : 03F;
18207 : 03F;
18208 : 03F;
18209 : 03F;
18210 : 03F;
18211 : 03F;
18212 : 03F;
18213 : 03F;
18214 : 03F;
18215 : 03F;
18216 : 03F;
18217 : 03F;
18218 : 03F;
18219 : 03F;
18220 : 03F;
18221 : 03F;
18222 : 03F;
18223 : 03F;
18224 : 03F;
18225 : 03F;
18226 : 03F;
18227 : 03F;
18228 : 03F;
18229 : 03F;
18230 : 03F;
18231 : 03F;
18232 : 03F;
18233 : 03F;
18234 : 03F;
18235 : 03F;
18236 : 03F;
18237 : 03F;
18238 : 03F;
18239 : 03F;
18240 : 03F;
18241 : 03F;
18242 : 03F;
18243 : 03F;
18244 : 03F;
18245 : 03F;
18246 : 03F;
18247 : 03F;
18248 : 03F;
18249 : 03F;
18250 : 03F;
18251 : 03F;
18252 : 03F;
18253 : 03F;
18254 : 03F;
18255 : 03F;
18256 : 03F;
18257 : 03F;
18258 : 03F;
18259 : 03F;
18260 : 03F;
18261 : 03F;
18262 : 03F;
18263 : 03F;
18264 : 03F;
18265 : 03F;
18266 : 03F;
18267 : 03F;
18268 : 03F;
18269 : 03F;
18270 : 03F;
18271 : 03F;
18272 : 03F;
18273 : 03F;
18274 : 03F;
18275 : 03F;
18276 : 03F;
18277 : 03F;
18278 : 03F;
18279 : 03F;
18280 : 03F;
18281 : 03F;
18282 : 03F;
18283 : 03F;
18284 : 03F;
18285 : 03F;
18286 : 03F;
18287 : 03F;
18288 : 03F;
18289 : 03F;
18290 : 03F;
18291 : 03F;
18292 : 03F;
18293 : 03F;
18294 : 03F;
18295 : 03F;
18296 : 03F;
18297 : 03F;
18298 : 03F;
18299 : 03F;
18300 : 03F;
18301 : 03F;
18302 : 03F;
18303 : 03F;
18304 : 03F;
18305 : 03F;
18306 : 03F;
18307 : 03F;
18308 : 03F;
18309 : 03F;
18310 : 03F;
18311 : 03F;
18312 : 03F;
18313 : 03F;
18314 : 03F;
18315 : 03F;
18316 : 03F;
18317 : 03F;
18318 : 03F;
18319 : 03F;
18320 : 03F;
18321 : 03F;
18322 : 03F;
18323 : 03F;
18324 : 03F;
18325 : 03F;
18326 : 03F;
18327 : 03F;
18328 : 03F;
18329 : 03F;
18330 : 03F;
18331 : 03F;
18332 : 03F;
18333 : 03F;
18334 : 03F;
18335 : 03F;
18336 : 03F;
18337 : 03F;
18338 : 03F;
18339 : 03F;
18340 : 03F;
18341 : 03F;
18342 : 03F;
18343 : 03F;
18344 : 03F;
18345 : 03F;
18346 : 03F;
18347 : 03F;
18348 : 03F;
18349 : 03F;
18350 : 03F;
18351 : 03F;
18352 : 03F;
18353 : 03F;
18354 : 03F;
18355 : 03F;
18356 : 03F;
18357 : 03F;
18358 : 03F;
18359 : 03F;
18360 : 03F;
18361 : 03F;
18362 : 03F;
18363 : 03F;
18364 : 03F;
18365 : 03F;
18366 : 03F;
18367 : 03F;
18368 : 03F;
18369 : 03F;
18370 : 03F;
18371 : 03F;
18372 : 03F;
18373 : 03F;
18374 : 03F;
18375 : 03F;
18376 : 03F;
18377 : 03F;
18378 : 03F;
18379 : 03F;
18380 : 03F;
18381 : 03F;
18382 : 03F;
18383 : 03F;
18384 : 03F;
18385 : 03F;
18386 : 03F;
18387 : 03F;
18388 : 03F;
18389 : 03F;
18390 : 03F;
18391 : 03F;
18392 : 03F;
18393 : 03F;
18394 : 03F;
18395 : 03F;
18396 : 03F;
18397 : 03F;
18398 : 03F;
18399 : 03F;
18400 : 03F;
18401 : 03F;
18402 : 03F;
18403 : 03F;
18404 : 03F;
18405 : 03F;
18406 : 03F;
18407 : 03F;
18408 : 03F;
18409 : 03F;
18410 : 03F;
18411 : 03F;
18412 : 03F;
18413 : 03F;
18414 : 03F;
18415 : 03F;
18416 : 03F;
18417 : 03F;
18418 : 03F;
18419 : 03F;
18420 : 03F;
18421 : 03F;
18422 : 03F;
18423 : 03F;
18424 : 03F;
18425 : 03F;
18426 : 03F;
18427 : 03F;
18428 : 03F;
18429 : 03F;
18430 : 03F;
18431 : 03F;
18432 : 03F;
18433 : 03F;
18434 : 03F;
18435 : 03F;
18436 : 03F;
18437 : 03F;
18438 : 03F;
18439 : 03F;
18440 : 03F;
18441 : 03F;
18442 : 03F;
18443 : 03F;
18444 : 03F;
18445 : 03F;
18446 : 03F;
18447 : 03F;
18448 : 03F;
18449 : 03F;
18450 : 03F;
18451 : 03F;
18452 : 03F;
18453 : 03F;
18454 : 03F;
18455 : 03F;
18456 : 03F;
18457 : 03F;
18458 : 03F;
18459 : 03F;
18460 : 03F;
18461 : 03F;
18462 : 03F;
18463 : 03F;
18464 : 03F;
18465 : 03F;
18466 : 03F;
18467 : 03F;
18468 : 03F;
18469 : 03F;
18470 : 03F;
18471 : 03F;
18472 : 03F;
18473 : 03F;
18474 : 03F;
18475 : 03F;
18476 : 03F;
18477 : 03F;
18478 : 03F;
18479 : 03F;
18480 : 03F;
18481 : 03F;
18482 : 03F;
18483 : 03F;
18484 : 03F;
18485 : 03F;
18486 : 03F;
18487 : 03F;
18488 : 03F;
18489 : 1F8;
18490 : 1F8;
18491 : 1F8;
18492 : 1F8;
18493 : 1F8;
18494 : 1F8;
18495 : 1F8;
18496 : 1F8;
18497 : 1F8;
18498 : 1F8;
18499 : 1F8;
18500 : 1F8;
18501 : 1F8;
18502 : 1F8;
18503 : 1F8;
18504 : 1F8;
18505 : 1F8;
18506 : 1F8;
18507 : 1F8;
18508 : 03F;
18509 : 03F;
18510 : 03F;
18511 : 03F;
18512 : 03F;
18513 : 03F;
18514 : 03F;
18515 : 03F;
18516 : 03F;
18517 : 03F;
18518 : 03F;
18519 : 03F;
18520 : 03F;
18521 : 03F;
18522 : 03F;
18523 : 03F;
18524 : 03F;
18525 : 03F;
18526 : 03F;
18527 : 03F;
18528 : 03F;
18529 : 03F;
18530 : 03F;
18531 : 03F;
18532 : 03F;
18533 : 03F;
18534 : 03F;
18535 : 03F;
18536 : 03F;
18537 : 03F;
18538 : 03F;
18539 : 03F;
18540 : 03F;
18541 : 03F;
18542 : 03F;
18543 : 03F;
18544 : 03F;
18545 : 03F;
18546 : 03F;
18547 : 03F;
18548 : 03F;
18549 : 03F;
18550 : 03F;
18551 : 03F;
18552 : 03F;
18553 : 03F;
18554 : 03F;
18555 : 03F;
18556 : 03F;
18557 : 03F;
18558 : 03F;
18559 : 03F;
18560 : 03F;
18561 : 03F;
18562 : 03F;
18563 : 03F;
18564 : 03F;
18565 : 03F;
18566 : 03F;
18567 : 03F;
18568 : 03F;
18569 : 03F;
18570 : 03F;
18571 : 03F;
18572 : 03F;
18573 : 03F;
18574 : 03F;
18575 : 03F;
18576 : 03F;
18577 : 03F;
18578 : 03F;
18579 : 03F;
18580 : 03F;
18581 : 03F;
18582 : 03F;
18583 : 03F;
18584 : 03F;
18585 : 03F;
18586 : 03F;
18587 : 03F;
18588 : 03F;
18589 : 03F;
18590 : 03F;
18591 : 03F;
18592 : 03F;
18593 : 03F;
18594 : 03F;
18595 : 03F;
18596 : 03F;
18597 : 03F;
18598 : 03F;
18599 : 03F;
18600 : 03F;
18601 : 03F;
18602 : 03F;
18603 : 03F;
18604 : 03F;
18605 : 03F;
18606 : 03F;
18607 : 03F;
18608 : 03F;
18609 : 03F;
18610 : 03F;
18611 : 03F;
18612 : 03F;
18613 : 03F;
18614 : 03F;
18615 : 03F;
18616 : 03F;
18617 : 03F;
18618 : 03F;
18619 : 03F;
18620 : 03F;
18621 : 03F;
18622 : 03F;
18623 : 03F;
18624 : 03F;
18625 : 03F;
18626 : 03F;
18627 : 03F;
18628 : 03F;
18629 : 03F;
18630 : 03F;
18631 : 03F;
18632 : 03F;
18633 : 03F;
18634 : 03F;
18635 : 03F;
18636 : 03F;
18637 : 03F;
18638 : 03F;
18639 : 03F;
18640 : 03F;
18641 : 03F;
18642 : 03F;
18643 : 03F;
18644 : 03F;
18645 : 03F;
18646 : 03F;
18647 : 03F;
18648 : 03F;
18649 : 03F;
18650 : 03F;
18651 : 03F;
18652 : 03F;
18653 : 03F;
18654 : 03F;
18655 : 03F;
18656 : 03F;
18657 : 03F;
18658 : 03F;
18659 : 03F;
18660 : 03F;
18661 : 03F;
18662 : 03F;
18663 : 03F;
18664 : 03F;
18665 : 03F;
18666 : 03F;
18667 : 03F;
18668 : 03F;
18669 : 03F;
18670 : 03F;
18671 : 03F;
18672 : 03F;
18673 : 03F;
18674 : 03F;
18675 : 03F;
18676 : 03F;
18677 : 03F;
18678 : 03F;
18679 : 03F;
18680 : 03F;
18681 : 03F;
18682 : 03F;
18683 : 03F;
18684 : 03F;
18685 : 03F;
18686 : 03F;
18687 : 03F;
18688 : 03F;
18689 : 03F;
18690 : 03F;
18691 : 03F;
18692 : 03F;
18693 : 03F;
18694 : 03F;
18695 : 03F;
18696 : 03F;
18697 : 03F;
18698 : 03F;
18699 : 03F;
18700 : 03F;
18701 : 03F;
18702 : 03F;
18703 : 03F;
18704 : 03F;
18705 : 03F;
18706 : 03F;
18707 : 03F;
18708 : 03F;
18709 : 03F;
18710 : 03F;
18711 : 03F;
18712 : 03F;
18713 : 03F;
18714 : 03F;
18715 : 03F;
18716 : 03F;
18717 : 03F;
18718 : 03F;
18719 : 03F;
18720 : 03F;
18721 : 03F;
18722 : 03F;
18723 : 03F;
18724 : 03F;
18725 : 03F;
18726 : 03F;
18727 : 03F;
18728 : 03F;
18729 : 03F;
18730 : 03F;
18731 : 03F;
18732 : 03F;
18733 : 03F;
18734 : 03F;
18735 : 03F;
18736 : 03F;
18737 : 03F;
18738 : 03F;
18739 : 03F;
18740 : 03F;
18741 : 03F;
18742 : 03F;
18743 : 03F;
18744 : 03F;
18745 : 03F;
18746 : 03F;
18747 : 03F;
18748 : 03F;
18749 : 03F;
18750 : 03F;
18751 : 03F;
18752 : 03F;
18753 : 03F;
18754 : 03F;
18755 : 03F;
18756 : 03F;
18757 : 03F;
18758 : 03F;
18759 : 03F;
18760 : 03F;
18761 : 03F;
18762 : 03F;
18763 : 03F;
18764 : 03F;
18765 : 03F;
18766 : 03F;
18767 : 03F;
18768 : 03F;
18769 : 03F;
18770 : 03F;
18771 : 03F;
18772 : 03F;
18773 : 03F;
18774 : 03F;
18775 : 03F;
18776 : 03F;
18777 : 03F;
18778 : 03F;
18779 : 03F;
18780 : 03F;
18781 : 03F;
18782 : 03F;
18783 : 03F;
18784 : 03F;
18785 : 03F;
18786 : 03F;
18787 : 03F;
18788 : 03F;
18789 : 03F;
18790 : 03F;
18791 : 03F;
18792 : 03F;
18793 : 03F;
18794 : 03F;
18795 : 03F;
18796 : 03F;
18797 : 03F;
18798 : 03F;
18799 : 03F;
18800 : 03F;
18801 : 03F;
18802 : 03F;
18803 : 03F;
18804 : 03F;
18805 : 03F;
18806 : 03F;
18807 : 03F;
18808 : 03F;
18809 : 03F;
18810 : 03F;
18811 : 1F8;
18812 : 1F8;
18813 : 1F8;
18814 : 1F8;
18815 : 1F8;
18816 : 1F8;
18817 : 1F8;
18818 : 1F8;
18819 : 1F8;
18820 : 1F8;
18821 : 1F8;
18822 : 1F8;
18823 : 1F8;
18824 : 1F8;
18825 : 1F8;
18826 : 03F;
18827 : 03F;
18828 : 03F;
18829 : 03F;
18830 : 03F;
18831 : 03F;
18832 : 03F;
18833 : 03F;
18834 : 03F;
18835 : 03F;
18836 : 03F;
18837 : 03F;
18838 : 03F;
18839 : 03F;
18840 : 03F;
18841 : 03F;
18842 : 03F;
18843 : 03F;
18844 : 03F;
18845 : 03F;
18846 : 03F;
18847 : 03F;
18848 : 03F;
18849 : 03F;
18850 : 03F;
18851 : 03F;
18852 : 03F;
18853 : 03F;
18854 : 03F;
18855 : 03F;
18856 : 03F;
18857 : 03F;
18858 : 03F;
18859 : 03F;
18860 : 03F;
18861 : 03F;
18862 : 03F;
18863 : 03F;
18864 : 03F;
18865 : 03F;
18866 : 03F;
18867 : 03F;
18868 : 03F;
18869 : 03F;
18870 : 03F;
18871 : 03F;
18872 : 03F;
18873 : 03F;
18874 : 03F;
18875 : 03F;
18876 : 03F;
18877 : 03F;
18878 : 03F;
18879 : 03F;
18880 : 03F;
18881 : 03F;
18882 : 03F;
18883 : 03F;
18884 : 03F;
18885 : 03F;
18886 : 03F;
18887 : 03F;
18888 : 03F;
18889 : 03F;
18890 : 03F;
18891 : 03F;
18892 : 03F;
18893 : 03F;
18894 : 03F;
18895 : 03F;
18896 : 03F;
18897 : 03F;
18898 : 03F;
18899 : 03F;
18900 : 03F;
18901 : 03F;
18902 : 03F;
18903 : 03F;
18904 : 03F;
18905 : 03F;
18906 : 03F;
18907 : 03F;
18908 : 03F;
18909 : 03F;
18910 : 03F;
18911 : 03F;
18912 : 03F;
18913 : 03F;
18914 : 03F;
18915 : 03F;
18916 : 03F;
18917 : 03F;
18918 : 03F;
18919 : 03F;
18920 : 03F;
18921 : 03F;
18922 : 03F;
18923 : 03F;
18924 : 03F;
18925 : 03F;
18926 : 03F;
18927 : 03F;
18928 : 03F;
18929 : 03F;
18930 : 03F;
18931 : 03F;
18932 : 03F;
18933 : 03F;
18934 : 03F;
18935 : 03F;
18936 : 03F;
18937 : 03F;
18938 : 03F;
18939 : 03F;
18940 : 03F;
18941 : 03F;
18942 : 03F;
18943 : 03F;
18944 : 03F;
18945 : 03F;
18946 : 03F;
18947 : 03F;
18948 : 03F;
18949 : 03F;
18950 : 03F;
18951 : 03F;
18952 : 03F;
18953 : 03F;
18954 : 03F;
18955 : 03F;
18956 : 03F;
18957 : 03F;
18958 : 03F;
18959 : 03F;
18960 : 03F;
18961 : 03F;
18962 : 03F;
18963 : 03F;
18964 : 03F;
18965 : 03F;
18966 : 03F;
18967 : 03F;
18968 : 03F;
18969 : 03F;
18970 : 03F;
18971 : 03F;
18972 : 03F;
18973 : 03F;
18974 : 03F;
18975 : 03F;
18976 : 03F;
18977 : 03F;
18978 : 03F;
18979 : 03F;
18980 : 03F;
18981 : 03F;
18982 : 03F;
18983 : 03F;
18984 : 03F;
18985 : 03F;
18986 : 03F;
18987 : 03F;
18988 : 03F;
18989 : 03F;
18990 : 03F;
18991 : 03F;
18992 : 03F;
18993 : 03F;
18994 : 03F;
18995 : 03F;
18996 : 03F;
18997 : 03F;
18998 : 03F;
18999 : 003;
19000 : 03F;
19001 : 03F;
19002 : 03F;
19003 : 03F;
19004 : 003;
19005 : 03F;
19006 : 03F;
19007 : 03F;
19008 : 03F;
19009 : 03F;
19010 : 03F;
19011 : 03F;
19012 : 03F;
19013 : 03F;
19014 : 03F;
19015 : 03F;
19016 : 03F;
19017 : 03F;
19018 : 03F;
19019 : 03F;
19020 : 03F;
19021 : 03F;
19022 : 03F;
19023 : 03F;
19024 : 03F;
19025 : 03F;
19026 : 03F;
19027 : 03F;
19028 : 03F;
19029 : 03F;
19030 : 03F;
19031 : 03F;
19032 : 03F;
19033 : 03F;
19034 : 03F;
19035 : 03F;
19036 : 03F;
19037 : 03F;
19038 : 03F;
19039 : 03F;
19040 : 03F;
19041 : 03F;
19042 : 03F;
19043 : 03F;
19044 : 03F;
19045 : 03F;
19046 : 03F;
19047 : 03F;
19048 : 03F;
19049 : 03F;
19050 : 03F;
19051 : 03F;
19052 : 03F;
19053 : 03F;
19054 : 03F;
19055 : 03F;
19056 : 03F;
19057 : 03F;
19058 : 03F;
19059 : 03F;
19060 : 03F;
19061 : 03F;
19062 : 03F;
19063 : 03F;
19064 : 03F;
19065 : 03F;
19066 : 03F;
19067 : 03F;
19068 : 03F;
19069 : 03F;
19070 : 03F;
19071 : 03F;
19072 : 03F;
19073 : 03F;
19074 : 03F;
19075 : 03F;
19076 : 03F;
19077 : 03F;
19078 : 03F;
19079 : 03F;
19080 : 03F;
19081 : 03F;
19082 : 03F;
19083 : 03F;
19084 : 03F;
19085 : 03F;
19086 : 03F;
19087 : 03F;
19088 : 03F;
19089 : 03F;
19090 : 03F;
19091 : 03F;
19092 : 03F;
19093 : 03F;
19094 : 03F;
19095 : 03F;
19096 : 03F;
19097 : 03F;
19098 : 03F;
19099 : 03F;
19100 : 03F;
19101 : 03F;
19102 : 03F;
19103 : 03F;
19104 : 03F;
19105 : 03F;
19106 : 03F;
19107 : 03F;
19108 : 03F;
19109 : 03F;
19110 : 03F;
19111 : 03F;
19112 : 03F;
19113 : 03F;
19114 : 03F;
19115 : 03F;
19116 : 03F;
19117 : 03F;
19118 : 03F;
19119 : 03F;
19120 : 03F;
19121 : 03F;
19122 : 03F;
19123 : 03F;
19124 : 03F;
19125 : 03F;
19126 : 03F;
19127 : 03F;
19128 : 03F;
19129 : 03F;
19130 : 03F;
19131 : 03F;
19132 : 03F;
19133 : 03F;
19134 : 1F8;
19135 : 1F8;
19136 : 1F8;
19137 : 1F8;
19138 : 1F8;
19139 : 1F8;
19140 : 1F8;
19141 : 1F8;
19142 : 1F8;
19143 : 03F;
19144 : 03F;
19145 : 03F;
19146 : 03F;
19147 : 03F;
19148 : 03F;
19149 : 03F;
19150 : 03F;
19151 : 03F;
19152 : 03F;
19153 : 03F;
19154 : 03F;
19155 : 03F;
19156 : 03F;
19157 : 03F;
19158 : 03F;
19159 : 03F;
19160 : 03F;
19161 : 03F;
19162 : 03F;
19163 : 03F;
19164 : 03F;
19165 : 03F;
19166 : 03F;
19167 : 03F;
19168 : 03F;
19169 : 03F;
19170 : 03F;
19171 : 03F;
19172 : 03F;
19173 : 03F;
19174 : 03F;
19175 : 03F;
19176 : 03F;
19177 : 03F;
19178 : 03F;
19179 : 03F;
19180 : 03F;
19181 : 03F;
19182 : 03F;
19183 : 03F;
19184 : 03F;
19185 : 03F;
19186 : 03F;
19187 : 03F;
19188 : 03F;
19189 : 03F;
19190 : 03F;
19191 : 03F;
19192 : 03F;
19193 : 03F;
19194 : 03F;
19195 : 03F;
19196 : 03F;
19197 : 03F;
19198 : 03F;
19199 : 03F;
19200 : 03F;
19201 : 03F;
19202 : 03F;
19203 : 03F;
19204 : 03F;
19205 : 03F;
19206 : 03F;
19207 : 03F;
19208 : 03F;
19209 : 03F;
19210 : 03F;
19211 : 03F;
19212 : 03F;
19213 : 03F;
19214 : 03F;
19215 : 03F;
19216 : 03F;
19217 : 03F;
19218 : 03F;
19219 : 03F;
19220 : 03F;
19221 : 03F;
19222 : 03F;
19223 : 03F;
19224 : 03F;
19225 : 03F;
19226 : 03F;
19227 : 03F;
19228 : 03F;
19229 : 03F;
19230 : 03F;
19231 : 03F;
19232 : 03F;
19233 : 03F;
19234 : 03F;
19235 : 03F;
19236 : 03F;
19237 : 03F;
19238 : 03F;
19239 : 03F;
19240 : 03F;
19241 : 03F;
19242 : 03F;
19243 : 03F;
19244 : 03F;
19245 : 03F;
19246 : 03F;
19247 : 03F;
19248 : 03F;
19249 : 03F;
19250 : 03F;
19251 : 03F;
19252 : 03F;
19253 : 03F;
19254 : 03F;
19255 : 03F;
19256 : 03F;
19257 : 03F;
19258 : 03F;
19259 : 03F;
19260 : 03F;
19261 : 03F;
19262 : 03F;
19263 : 03F;
19264 : 03F;
19265 : 03F;
19266 : 03F;
19267 : 03F;
19268 : 03F;
19269 : 03F;
19270 : 03F;
19271 : 03F;
19272 : 03F;
19273 : 03F;
19274 : 03F;
19275 : 03F;
19276 : 03F;
19277 : 03F;
19278 : 03F;
19279 : 03F;
19280 : 03F;
19281 : 03F;
19282 : 03F;
19283 : 03F;
19284 : 03F;
19285 : 03F;
19286 : 03F;
19287 : 03F;
19288 : 03F;
19289 : 03F;
19290 : 03F;
19291 : 03F;
19292 : 03F;
19293 : 03F;
19294 : 03F;
19295 : 03F;
19296 : 03F;
19297 : 03F;
19298 : 03F;
19299 : 03F;
19300 : 03F;
19301 : 03F;
19302 : 03F;
19303 : 03F;
19304 : 03F;
19305 : 03F;
19306 : 03F;
19307 : 03F;
19308 : 03F;
19309 : 03F;
19310 : 03F;
19311 : 03F;
19312 : 03F;
19313 : 03F;
19314 : 03F;
19315 : 03F;
19316 : 03F;
19317 : 003;
19318 : 003;
19319 : 03F;
19320 : 003;
19321 : 03F;
19322 : 003;
19323 : 003;
19324 : 03F;
19325 : 003;
19326 : 003;
19327 : 03F;
19328 : 03F;
19329 : 03F;
19330 : 03F;
19331 : 03F;
19332 : 03F;
19333 : 03F;
19334 : 03F;
19335 : 03F;
19336 : 03F;
19337 : 03F;
19338 : 03F;
19339 : 03F;
19340 : 03F;
19341 : 03F;
19342 : 03F;
19343 : 03F;
19344 : 03F;
19345 : 03F;
19346 : 03F;
19347 : 03F;
19348 : 03F;
19349 : 03F;
19350 : 03F;
19351 : 03F;
19352 : 03F;
19353 : 03F;
19354 : 03F;
19355 : 03F;
19356 : 03F;
19357 : 03F;
19358 : 03F;
19359 : 03F;
19360 : 03F;
19361 : 03F;
19362 : 03F;
19363 : 03F;
19364 : 03F;
19365 : 03F;
19366 : 03F;
19367 : 03F;
19368 : 03F;
19369 : 03F;
19370 : 03F;
19371 : 03F;
19372 : 03F;
19373 : 03F;
19374 : 03F;
19375 : 03F;
19376 : 03F;
19377 : 03F;
19378 : 03F;
19379 : 03F;
19380 : 03F;
19381 : 03F;
19382 : 03F;
19383 : 03F;
19384 : 03F;
19385 : 03F;
19386 : 03F;
19387 : 03F;
19388 : 03F;
19389 : 03F;
19390 : 03F;
19391 : 03F;
19392 : 03F;
19393 : 03F;
19394 : 03F;
19395 : 03F;
19396 : 03F;
19397 : 03F;
19398 : 03F;
19399 : 03F;
19400 : 03F;
19401 : 03F;
19402 : 03F;
19403 : 03F;
19404 : 03F;
19405 : 03F;
19406 : 03F;
19407 : 03F;
19408 : 03F;
19409 : 03F;
19410 : 03F;
19411 : 03F;
19412 : 03F;
19413 : 03F;
19414 : 03F;
19415 : 03F;
19416 : 03F;
19417 : 03F;
19418 : 03F;
19419 : 03F;
19420 : 03F;
19421 : 03F;
19422 : 03F;
19423 : 03F;
19424 : 03F;
19425 : 03F;
19426 : 03F;
19427 : 03F;
19428 : 03F;
19429 : 03F;
19430 : 03F;
19431 : 03F;
19432 : 03F;
19433 : 03F;
19434 : 03F;
19435 : 03F;
19436 : 03F;
19437 : 03F;
19438 : 03F;
19439 : 03F;
19440 : 03F;
19441 : 03F;
19442 : 03F;
19443 : 03F;
19444 : 03F;
19445 : 03F;
19446 : 03F;
19447 : 03F;
19448 : 03F;
19449 : 03F;
19450 : 03F;
19451 : 03F;
19452 : 03F;
19453 : 03F;
19454 : 03F;
19455 : 03F;
19456 : 03F;
19457 : 03F;
19458 : 03F;
19459 : 03F;
19460 : 03F;
19461 : 03F;
19462 : 03F;
19463 : 03F;
19464 : 03F;
19465 : 03F;
19466 : 03F;
19467 : 03F;
19468 : 03F;
19469 : 03F;
19470 : 03F;
19471 : 03F;
19472 : 03F;
19473 : 03F;
19474 : 03F;
19475 : 03F;
19476 : 03F;
19477 : 03F;
19478 : 03F;
19479 : 03F;
19480 : 03F;
19481 : 03F;
19482 : 03F;
19483 : 03F;
19484 : 03F;
19485 : 03F;
19486 : 03F;
19487 : 03F;
19488 : 03F;
19489 : 03F;
19490 : 03F;
19491 : 03F;
19492 : 03F;
19493 : 03F;
19494 : 03F;
19495 : 03F;
19496 : 03F;
19497 : 03F;
19498 : 03F;
19499 : 03F;
19500 : 03F;
19501 : 03F;
19502 : 03F;
19503 : 03F;
19504 : 03F;
19505 : 03F;
19506 : 03F;
19507 : 03F;
19508 : 03F;
19509 : 03F;
19510 : 03F;
19511 : 03F;
19512 : 03F;
19513 : 03F;
19514 : 03F;
19515 : 03F;
19516 : 03F;
19517 : 03F;
19518 : 03F;
19519 : 03F;
19520 : 03F;
19521 : 03F;
19522 : 03F;
19523 : 03F;
19524 : 03F;
19525 : 03F;
19526 : 03F;
19527 : 03F;
19528 : 03F;
19529 : 03F;
19530 : 03F;
19531 : 03F;
19532 : 03F;
19533 : 03F;
19534 : 03F;
19535 : 03F;
19536 : 03F;
19537 : 03F;
19538 : 03F;
19539 : 03F;
19540 : 03F;
19541 : 03F;
19542 : 03F;
19543 : 03F;
19544 : 03F;
19545 : 03F;
19546 : 03F;
19547 : 03F;
19548 : 03F;
19549 : 03F;
19550 : 03F;
19551 : 03F;
19552 : 03F;
19553 : 03F;
19554 : 03F;
19555 : 03F;
19556 : 03F;
19557 : 03F;
19558 : 03F;
19559 : 03F;
19560 : 03F;
19561 : 03F;
19562 : 03F;
19563 : 03F;
19564 : 03F;
19565 : 03F;
19566 : 03F;
19567 : 03F;
19568 : 03F;
19569 : 03F;
19570 : 03F;
19571 : 03F;
19572 : 03F;
19573 : 03F;
19574 : 03F;
19575 : 03F;
19576 : 03F;
19577 : 03F;
19578 : 03F;
19579 : 03F;
19580 : 03F;
19581 : 03F;
19582 : 03F;
19583 : 03F;
19584 : 03F;
19585 : 03F;
19586 : 03F;
19587 : 03F;
19588 : 03F;
19589 : 03F;
19590 : 03F;
19591 : 03F;
19592 : 03F;
19593 : 03F;
19594 : 03F;
19595 : 03F;
19596 : 03F;
19597 : 03F;
19598 : 03F;
19599 : 03F;
19600 : 03F;
19601 : 03F;
19602 : 03F;
19603 : 03F;
19604 : 03F;
19605 : 03F;
19606 : 03F;
19607 : 03F;
19608 : 03F;
19609 : 03F;
19610 : 03F;
19611 : 03F;
19612 : 03F;
19613 : 03F;
19614 : 03F;
19615 : 03F;
19616 : 03F;
19617 : 03F;
19618 : 03F;
19619 : 03F;
19620 : 03F;
19621 : 03F;
19622 : 03F;
19623 : 03F;
19624 : 03F;
19625 : 03F;
19626 : 03F;
19627 : 03F;
19628 : 03F;
19629 : 03F;
19630 : 03F;
19631 : 03F;
19632 : 03F;
19633 : 03F;
19634 : 03F;
19635 : 03F;
19636 : 003;
19637 : 03F;
19638 : 03F;
19639 : 03F;
19640 : 03F;
19641 : 003;
19642 : 03F;
19643 : 03F;
19644 : 03F;
19645 : 03F;
19646 : 03F;
19647 : 003;
19648 : 03F;
19649 : 03F;
19650 : 03F;
19651 : 03F;
19652 : 03F;
19653 : 03F;
19654 : 03F;
19655 : 03F;
19656 : 03F;
19657 : 03F;
19658 : 03F;
19659 : 03F;
19660 : 03F;
19661 : 03F;
19662 : 03F;
19663 : 03F;
19664 : 03F;
19665 : 03F;
19666 : 03F;
19667 : 03F;
19668 : 03F;
19669 : 03F;
19670 : 03F;
19671 : 03F;
19672 : 03F;
19673 : 03F;
19674 : 03F;
19675 : 03F;
19676 : 03F;
19677 : 03F;
19678 : 03F;
19679 : 03F;
19680 : 03F;
19681 : 03F;
19682 : 03F;
19683 : 03F;
19684 : 03F;
19685 : 03F;
19686 : 03F;
19687 : 03F;
19688 : 03F;
19689 : 03F;
19690 : 03F;
19691 : 03F;
19692 : 03F;
19693 : 03F;
19694 : 03F;
19695 : 03F;
19696 : 03F;
19697 : 03F;
19698 : 03F;
19699 : 03F;
19700 : 03F;
19701 : 03F;
19702 : 03F;
19703 : 03F;
19704 : 03F;
19705 : 03F;
19706 : 03F;
19707 : 03F;
19708 : 03F;
19709 : 03F;
19710 : 03F;
19711 : 03F;
19712 : 03F;
19713 : 03F;
19714 : 03F;
19715 : 03F;
19716 : 03F;
19717 : 03F;
19718 : 03F;
19719 : 03F;
19720 : 03F;
19721 : 03F;
19722 : 03F;
19723 : 03F;
19724 : 03F;
19725 : 03F;
19726 : 03F;
19727 : 03F;
19728 : 03F;
19729 : 03F;
19730 : 03F;
19731 : 03F;
19732 : 03F;
19733 : 03F;
19734 : 03F;
19735 : 03F;
19736 : 03F;
19737 : 03F;
19738 : 03F;
19739 : 03F;
19740 : 03F;
19741 : 03F;
19742 : 03F;
19743 : 03F;
19744 : 03F;
19745 : 03F;
19746 : 03F;
19747 : 03F;
19748 : 03F;
19749 : 03F;
19750 : 03F;
19751 : 03F;
19752 : 03F;
19753 : 03F;
19754 : 03F;
19755 : 03F;
19756 : 03F;
19757 : 03F;
19758 : 03F;
19759 : 03F;
19760 : 03F;
19761 : 03F;
19762 : 03F;
19763 : 03F;
19764 : 03F;
19765 : 03F;
19766 : 03F;
19767 : 03F;
19768 : 03F;
19769 : 03F;
19770 : 03F;
19771 : 03F;
19772 : 03F;
19773 : 03F;
19774 : 03F;
19775 : 03F;
19776 : 03F;
19777 : 03F;
19778 : 03F;
19779 : 03F;
19780 : 03F;
19781 : 03F;
19782 : 03F;
19783 : 03F;
19784 : 03F;
19785 : 03F;
19786 : 03F;
19787 : 03F;
19788 : 03F;
19789 : 03F;
19790 : 03F;
19791 : 03F;
19792 : 03F;
19793 : 03F;
19794 : 03F;
19795 : 03F;
19796 : 03F;
19797 : 03F;
19798 : 03F;
19799 : 03F;
19800 : 03F;
19801 : 03F;
19802 : 03F;
19803 : 03F;
19804 : 03F;
19805 : 03F;
19806 : 03F;
19807 : 03F;
19808 : 03F;
19809 : 03F;
19810 : 03F;
19811 : 03F;
19812 : 03F;
19813 : 03F;
19814 : 03F;
19815 : 03F;
19816 : 03F;
19817 : 03F;
19818 : 03F;
19819 : 03F;
19820 : 03F;
19821 : 03F;
19822 : 03F;
19823 : 03F;
19824 : 03F;
19825 : 03F;
19826 : 03F;
19827 : 03F;
19828 : 03F;
19829 : 03F;
19830 : 03F;
19831 : 03F;
19832 : 03F;
19833 : 03F;
19834 : 03F;
19835 : 03F;
19836 : 03F;
19837 : 03F;
19838 : 03F;
19839 : 03F;
19840 : 03F;
19841 : 03F;
19842 : 03F;
19843 : 03F;
19844 : 03F;
19845 : 03F;
19846 : 03F;
19847 : 03F;
19848 : 03F;
19849 : 03F;
19850 : 03F;
19851 : 03F;
19852 : 03F;
19853 : 03F;
19854 : 03F;
19855 : 03F;
19856 : 03F;
19857 : 03F;
19858 : 03F;
19859 : 03F;
19860 : 03F;
19861 : 03F;
19862 : 03F;
19863 : 03F;
19864 : 03F;
19865 : 03F;
19866 : 03F;
19867 : 03F;
19868 : 03F;
19869 : 03F;
19870 : 03F;
19871 : 03F;
19872 : 03F;
19873 : 03F;
19874 : 03F;
19875 : 03F;
19876 : 03F;
19877 : 03F;
19878 : 03F;
19879 : 03F;
19880 : 03F;
19881 : 03F;
19882 : 03F;
19883 : 03F;
19884 : 03F;
19885 : 03F;
19886 : 03F;
19887 : 03F;
19888 : 03F;
19889 : 03F;
19890 : 03F;
19891 : 03F;
19892 : 03F;
19893 : 03F;
19894 : 03F;
19895 : 03F;
19896 : 03F;
19897 : 03F;
19898 : 03F;
19899 : 03F;
19900 : 03F;
19901 : 03F;
19902 : 03F;
19903 : 03F;
19904 : 03F;
19905 : 03F;
19906 : 03F;
19907 : 03F;
19908 : 03F;
19909 : 03F;
19910 : 03F;
19911 : 03F;
19912 : 03F;
19913 : 03F;
19914 : 03F;
19915 : 03F;
19916 : 03F;
19917 : 03F;
19918 : 03F;
19919 : 03F;
19920 : 03F;
19921 : 03F;
19922 : 03F;
19923 : 03F;
19924 : 03F;
19925 : 03F;
19926 : 03F;
19927 : 03F;
19928 : 03F;
19929 : 03F;
19930 : 03F;
19931 : 03F;
19932 : 03F;
19933 : 03F;
19934 : 03F;
19935 : 03F;
19936 : 03F;
19937 : 03F;
19938 : 03F;
19939 : 03F;
19940 : 03F;
19941 : 03F;
19942 : 03F;
19943 : 03F;
19944 : 03F;
19945 : 03F;
19946 : 03F;
19947 : 03F;
19948 : 03F;
19949 : 03F;
19950 : 03F;
19951 : 03F;
19952 : 03F;
19953 : 03F;
19954 : 03F;
19955 : 03F;
19956 : 03F;
19957 : 03F;
19958 : 03F;
19959 : 03F;
19960 : 03F;
19961 : 03F;
19962 : 03F;
19963 : 03F;
19964 : 03F;
19965 : 03F;
19966 : 03F;
19967 : 03F;
19968 : 03F;
19969 : 03F;
19970 : 03F;
19971 : 03F;
19972 : 03F;
19973 : 03F;
19974 : 03F;
19975 : 03F;
19976 : 03F;
19977 : 03F;
19978 : 03F;
19979 : 03F;
19980 : 03F;
19981 : 03F;
19982 : 03F;
19983 : 03F;
19984 : 03F;
19985 : 03F;
19986 : 03F;
19987 : 03F;
19988 : 03F;
19989 : 03F;
19990 : 03F;
19991 : 03F;
19992 : 03F;
19993 : 03F;
19994 : 03F;
19995 : 03F;
19996 : 03F;
19997 : 03F;
19998 : 03F;
19999 : 03F;
20000 : 03F;
20001 : 03F;
20002 : 03F;
20003 : 03F;
20004 : 03F;
20005 : 03F;
20006 : 03F;
20007 : 03F;
20008 : 03F;
20009 : 03F;
20010 : 03F;
20011 : 03F;
20012 : 03F;
20013 : 03F;
20014 : 03F;
20015 : 03F;
20016 : 03F;
20017 : 03F;
20018 : 03F;
20019 : 03F;
20020 : 03F;
20021 : 03F;
20022 : 03F;
20023 : 03F;
20024 : 03F;
20025 : 03F;
20026 : 03F;
20027 : 03F;
20028 : 03F;
20029 : 03F;
20030 : 03F;
20031 : 03F;
20032 : 03F;
20033 : 03F;
20034 : 03F;
20035 : 03F;
20036 : 03F;
20037 : 03F;
20038 : 03F;
20039 : 03F;
20040 : 03F;
20041 : 03F;
20042 : 03F;
20043 : 03F;
20044 : 03F;
20045 : 03F;
20046 : 03F;
20047 : 03F;
20048 : 03F;
20049 : 03F;
20050 : 03F;
20051 : 03F;
20052 : 03F;
20053 : 03F;
20054 : 03F;
20055 : 03F;
20056 : 03F;
20057 : 03F;
20058 : 03F;
20059 : 03F;
20060 : 03F;
20061 : 03F;
20062 : 03F;
20063 : 03F;
20064 : 03F;
20065 : 03F;
20066 : 03F;
20067 : 03F;
20068 : 03F;
20069 : 03F;
20070 : 03F;
20071 : 03F;
20072 : 03F;
20073 : 03F;
20074 : 03F;
20075 : 03F;
20076 : 03F;
20077 : 03F;
20078 : 03F;
20079 : 03F;
20080 : 03F;
20081 : 03F;
20082 : 03F;
20083 : 03F;
20084 : 03F;
20085 : 03F;
20086 : 03F;
20087 : 03F;
20088 : 03F;
20089 : 03F;
20090 : 03F;
20091 : 03F;
20092 : 03F;
20093 : 03F;
20094 : 03F;
20095 : 03F;
20096 : 03F;
20097 : 03F;
20098 : 03F;
20099 : 03F;
20100 : 03F;
20101 : 03F;
20102 : 03F;
20103 : 03F;
20104 : 03F;
20105 : 03F;
20106 : 03F;
20107 : 03F;
20108 : 03F;
20109 : 03F;
20110 : 03F;
20111 : 03F;
20112 : 03F;
20113 : 03F;
20114 : 03F;
20115 : 03F;
20116 : 03F;
20117 : 03F;
20118 : 03F;
20119 : 03F;
20120 : 03F;
20121 : 03F;
20122 : 03F;
20123 : 03F;
20124 : 03F;
20125 : 03F;
20126 : 03F;
20127 : 03F;
20128 : 03F;
20129 : 03F;
20130 : 03F;
20131 : 03F;
20132 : 03F;
20133 : 03F;
20134 : 03F;
20135 : 03F;
20136 : 03F;
20137 : 03F;
20138 : 03F;
20139 : 03F;
20140 : 03F;
20141 : 03F;
20142 : 03F;
20143 : 03F;
20144 : 03F;
20145 : 03F;
20146 : 03F;
20147 : 03F;
20148 : 03F;
20149 : 03F;
20150 : 03F;
20151 : 03F;
20152 : 03F;
20153 : 03F;
20154 : 03F;
20155 : 03F;
20156 : 03F;
20157 : 03F;
20158 : 03F;
20159 : 03F;
20160 : 03F;
20161 : 03F;
20162 : 03F;
20163 : 03F;
20164 : 03F;
20165 : 03F;
20166 : 03F;
20167 : 03F;
20168 : 03F;
20169 : 03F;
20170 : 03F;
20171 : 03F;
20172 : 03F;
20173 : 03F;
20174 : 03F;
20175 : 03F;
20176 : 03F;
20177 : 03F;
20178 : 03F;
20179 : 03F;
20180 : 03F;
20181 : 03F;
20182 : 03F;
20183 : 03F;
20184 : 03F;
20185 : 03F;
20186 : 03F;
20187 : 03F;
20188 : 03F;
20189 : 03F;
20190 : 03F;
20191 : 03F;
20192 : 03F;
20193 : 03F;
20194 : 03F;
20195 : 03F;
20196 : 03F;
20197 : 03F;
20198 : 03F;
20199 : 03F;
20200 : 03F;
20201 : 03F;
20202 : 03F;
20203 : 03F;
20204 : 03F;
20205 : 03F;
20206 : 03F;
20207 : 03F;
20208 : 03F;
20209 : 03F;
20210 : 03F;
20211 : 03F;
20212 : 03F;
20213 : 03F;
20214 : 03F;
20215 : 03F;
20216 : 03F;
20217 : 03F;
20218 : 03F;
20219 : 03F;
20220 : 03F;
20221 : 03F;
20222 : 03F;
20223 : 03F;
20224 : 03F;
20225 : 03F;
20226 : 03F;
20227 : 03F;
20228 : 03F;
20229 : 03F;
20230 : 03F;
20231 : 03F;
20232 : 03F;
20233 : 03F;
20234 : 03F;
20235 : 03F;
20236 : 03F;
20237 : 03F;
20238 : 03F;
20239 : 03F;
20240 : 03F;
20241 : 03F;
20242 : 03F;
20243 : 03F;
20244 : 03F;
20245 : 03F;
20246 : 03F;
20247 : 03F;
20248 : 03F;
20249 : 03F;
20250 : 03F;
20251 : 03F;
20252 : 03F;
20253 : 03F;
20254 : 03F;
20255 : 03F;
20256 : 03F;
20257 : 03F;
20258 : 03F;
20259 : 03F;
20260 : 03F;
20261 : 03F;
20262 : 03F;
20263 : 03F;
20264 : 03F;
20265 : 03F;
20266 : 03F;
20267 : 03F;
20268 : 03F;
20269 : 03F;
20270 : 03F;
20271 : 018;
20272 : 03F;
20273 : 03F;
20274 : 03F;
20275 : 03F;
20276 : 03F;
20277 : 03F;
20278 : 03F;
20279 : 03F;
20280 : 03F;
20281 : 03F;
20282 : 03F;
20283 : 03F;
20284 : 03F;
20285 : 03F;
20286 : 03F;
20287 : 03F;
20288 : 03F;
20289 : 03F;
20290 : 03F;
20291 : 03F;
20292 : 03F;
20293 : 03F;
20294 : 03F;
20295 : 03F;
20296 : 03F;
20297 : 03F;
20298 : 03F;
20299 : 03F;
20300 : 03F;
20301 : 03F;
20302 : 03F;
20303 : 03F;
20304 : 03F;
20305 : 03F;
20306 : 03F;
20307 : 03F;
20308 : 03F;
20309 : 03F;
20310 : 03F;
20311 : 03F;
20312 : 03F;
20313 : 03F;
20314 : 03F;
20315 : 03F;
20316 : 03F;
20317 : 03F;
20318 : 03F;
20319 : 03F;
20320 : 03F;
20321 : 03F;
20322 : 03F;
20323 : 03F;
20324 : 03F;
20325 : 03F;
20326 : 03F;
20327 : 03F;
20328 : 03F;
20329 : 03F;
20330 : 03F;
20331 : 03F;
20332 : 03F;
20333 : 03F;
20334 : 03F;
20335 : 03F;
20336 : 03F;
20337 : 03F;
20338 : 03F;
20339 : 03F;
20340 : 03F;
20341 : 03F;
20342 : 03F;
20343 : 03F;
20344 : 03F;
20345 : 03F;
20346 : 03F;
20347 : 03F;
20348 : 03F;
20349 : 03F;
20350 : 03F;
20351 : 03F;
20352 : 03F;
20353 : 03F;
20354 : 03F;
20355 : 03F;
20356 : 03F;
20357 : 03F;
20358 : 03F;
20359 : 03F;
20360 : 03F;
20361 : 03F;
20362 : 03F;
20363 : 03F;
20364 : 03F;
20365 : 03F;
20366 : 03F;
20367 : 03F;
20368 : 03F;
20369 : 03F;
20370 : 03F;
20371 : 03F;
20372 : 03F;
20373 : 03F;
20374 : 03F;
20375 : 03F;
20376 : 03F;
20377 : 03F;
20378 : 03F;
20379 : 03F;
20380 : 03F;
20381 : 03F;
20382 : 03F;
20383 : 03F;
20384 : 03F;
20385 : 03F;
20386 : 03F;
20387 : 03F;
20388 : 03F;
20389 : 03F;
20390 : 03F;
20391 : 03F;
20392 : 03F;
20393 : 03F;
20394 : 03F;
20395 : 03F;
20396 : 03F;
20397 : 03F;
20398 : 03F;
20399 : 03F;
20400 : 03F;
20401 : 03F;
20402 : 03F;
20403 : 03F;
20404 : 03F;
20405 : 03F;
20406 : 03F;
20407 : 03F;
20408 : 03F;
20409 : 03F;
20410 : 03F;
20411 : 03F;
20412 : 03F;
20413 : 03F;
20414 : 03F;
20415 : 03F;
20416 : 03F;
20417 : 03F;
20418 : 03F;
20419 : 03F;
20420 : 03F;
20421 : 03F;
20422 : 03F;
20423 : 03F;
20424 : 03F;
20425 : 03F;
20426 : 03F;
20427 : 03F;
20428 : 03F;
20429 : 03F;
20430 : 03F;
20431 : 03F;
20432 : 03F;
20433 : 03F;
20434 : 03F;
20435 : 03F;
20436 : 03F;
20437 : 03F;
20438 : 03F;
20439 : 03F;
20440 : 03F;
20441 : 03F;
20442 : 03F;
20443 : 03F;
20444 : 03F;
20445 : 03F;
20446 : 03F;
20447 : 03F;
20448 : 03F;
20449 : 03F;
20450 : 03F;
20451 : 03F;
20452 : 03F;
20453 : 03F;
20454 : 03F;
20455 : 03F;
20456 : 03F;
20457 : 03F;
20458 : 03F;
20459 : 03F;
20460 : 03F;
20461 : 03F;
20462 : 03F;
20463 : 03F;
20464 : 03F;
20465 : 03F;
20466 : 03F;
20467 : 03F;
20468 : 03F;
20469 : 03F;
20470 : 03F;
20471 : 03F;
20472 : 03F;
20473 : 03F;
20474 : 03F;
20475 : 03F;
20476 : 03F;
20477 : 03F;
20478 : 03F;
20479 : 03F;
20480 : 03F;
20481 : 03F;
20482 : 03F;
20483 : 03F;
20484 : 03F;
20485 : 03F;
20486 : 03F;
20487 : 03F;
20488 : 03F;
20489 : 03F;
20490 : 03F;
20491 : 03F;
20492 : 03F;
20493 : 03F;
20494 : 03F;
20495 : 03F;
20496 : 03F;
20497 : 03F;
20498 : 03F;
20499 : 03F;
20500 : 03F;
20501 : 03F;
20502 : 03F;
20503 : 03F;
20504 : 03F;
20505 : 03F;
20506 : 03F;
20507 : 03F;
20508 : 03F;
20509 : 03F;
20510 : 03F;
20511 : 03F;
20512 : 03F;
20513 : 03F;
20514 : 03F;
20515 : 03F;
20516 : 03F;
20517 : 03F;
20518 : 03F;
20519 : 03F;
20520 : 03F;
20521 : 03F;
20522 : 03F;
20523 : 03F;
20524 : 03F;
20525 : 03F;
20526 : 03F;
20527 : 03F;
20528 : 03F;
20529 : 03F;
20530 : 03F;
20531 : 03F;
20532 : 03F;
20533 : 03F;
20534 : 03F;
20535 : 03F;
20536 : 03F;
20537 : 03F;
20538 : 03F;
20539 : 03F;
20540 : 03F;
20541 : 03F;
20542 : 03F;
20543 : 03F;
20544 : 03F;
20545 : 03F;
20546 : 03F;
20547 : 03F;
20548 : 03F;
20549 : 03F;
20550 : 03F;
20551 : 03F;
20552 : 03F;
20553 : 03F;
20554 : 03F;
20555 : 03F;
20556 : 03F;
20557 : 03F;
20558 : 03F;
20559 : 03F;
20560 : 03F;
20561 : 03F;
20562 : 03F;
20563 : 03F;
20564 : 03F;
20565 : 03F;
20566 : 03F;
20567 : 03F;
20568 : 03F;
20569 : 03F;
20570 : 03F;
20571 : 03F;
20572 : 03F;
20573 : 03F;
20574 : 03F;
20575 : 03F;
20576 : 03F;
20577 : 03F;
20578 : 03F;
20579 : 03F;
20580 : 03F;
20581 : 03F;
20582 : 03F;
20583 : 03F;
20584 : 018;
20585 : 018;
20586 : 018;
20587 : 018;
20588 : 018;
20589 : 018;
20590 : 018;
20591 : 03F;
20592 : 03F;
20593 : 03F;
20594 : 03F;
20595 : 03F;
20596 : 03F;
20597 : 03F;
20598 : 03F;
20599 : 03F;
20600 : 03F;
20601 : 03F;
20602 : 03F;
20603 : 03F;
20604 : 03F;
20605 : 03F;
20606 : 03F;
20607 : 03F;
20608 : 03F;
20609 : 03F;
20610 : 03F;
20611 : 03F;
20612 : 03F;
20613 : 03F;
20614 : 03F;
20615 : 03F;
20616 : 03F;
20617 : 03F;
20618 : 03F;
20619 : 03F;
20620 : 03F;
20621 : 03F;
20622 : 03F;
20623 : 03F;
20624 : 03F;
20625 : 03F;
20626 : 03F;
20627 : 03F;
20628 : 03F;
20629 : 03F;
20630 : 03F;
20631 : 03F;
20632 : 03F;
20633 : 03F;
20634 : 03F;
20635 : 03F;
20636 : 03F;
20637 : 03F;
20638 : 03F;
20639 : 03F;
20640 : 03F;
20641 : 03F;
20642 : 03F;
20643 : 03F;
20644 : 03F;
20645 : 03F;
20646 : 03F;
20647 : 03F;
20648 : 03F;
20649 : 03F;
20650 : 03F;
20651 : 03F;
20652 : 03F;
20653 : 03F;
20654 : 03F;
20655 : 03F;
20656 : 03F;
20657 : 03F;
20658 : 03F;
20659 : 03F;
20660 : 03F;
20661 : 03F;
20662 : 03F;
20663 : 03F;
20664 : 03F;
20665 : 03F;
20666 : 03F;
20667 : 03F;
20668 : 03F;
20669 : 03F;
20670 : 03F;
20671 : 03F;
20672 : 03F;
20673 : 03F;
20674 : 03F;
20675 : 03F;
20676 : 03F;
20677 : 03F;
20678 : 03F;
20679 : 03F;
20680 : 03F;
20681 : 03F;
20682 : 03F;
20683 : 03F;
20684 : 03F;
20685 : 03F;
20686 : 03F;
20687 : 03F;
20688 : 1FF;
20689 : 1FF;
20690 : 1FF;
20691 : 1FF;
20692 : 1FF;
20693 : 1FF;
20694 : 1FF;
20695 : 03F;
20696 : 03F;
20697 : 03F;
20698 : 03F;
20699 : 03F;
20700 : 03F;
20701 : 03F;
20702 : 03F;
20703 : 03F;
20704 : 03F;
20705 : 03F;
20706 : 03F;
20707 : 03F;
20708 : 03F;
20709 : 03F;
20710 : 03F;
20711 : 03F;
20712 : 03F;
20713 : 03F;
20714 : 03F;
20715 : 03F;
20716 : 03F;
20717 : 03F;
20718 : 03F;
20719 : 03F;
20720 : 03F;
20721 : 03F;
20722 : 03F;
20723 : 03F;
20724 : 03F;
20725 : 03F;
20726 : 03F;
20727 : 03F;
20728 : 03F;
20729 : 03F;
20730 : 03F;
20731 : 03F;
20732 : 03F;
20733 : 03F;
20734 : 03F;
20735 : 03F;
20736 : 03F;
20737 : 03F;
20738 : 03F;
20739 : 03F;
20740 : 03F;
20741 : 03F;
20742 : 03F;
20743 : 03F;
20744 : 03F;
20745 : 03F;
20746 : 03F;
20747 : 03F;
20748 : 03F;
20749 : 03F;
20750 : 03F;
20751 : 03F;
20752 : 03F;
20753 : 03F;
20754 : 03F;
20755 : 03F;
20756 : 03F;
20757 : 03F;
20758 : 03F;
20759 : 03F;
20760 : 03F;
20761 : 03F;
20762 : 03F;
20763 : 03F;
20764 : 03F;
20765 : 03F;
20766 : 03F;
20767 : 03F;
20768 : 03F;
20769 : 03F;
20770 : 03F;
20771 : 03F;
20772 : 03F;
20773 : 03F;
20774 : 03F;
20775 : 03F;
20776 : 03F;
20777 : 03F;
20778 : 03F;
20779 : 03F;
20780 : 03F;
20781 : 03F;
20782 : 03F;
20783 : 03F;
20784 : 03F;
20785 : 03F;
20786 : 03F;
20787 : 03F;
20788 : 03F;
20789 : 03F;
20790 : 03F;
20791 : 03F;
20792 : 03F;
20793 : 03F;
20794 : 03F;
20795 : 03F;
20796 : 03F;
20797 : 03F;
20798 : 03F;
20799 : 03F;
20800 : 03F;
20801 : 03F;
20802 : 03F;
20803 : 03F;
20804 : 03F;
20805 : 03F;
20806 : 03F;
20807 : 03F;
20808 : 03F;
20809 : 03F;
20810 : 03F;
20811 : 03F;
20812 : 03F;
20813 : 03F;
20814 : 03F;
20815 : 03F;
20816 : 03F;
20817 : 03F;
20818 : 03F;
20819 : 03F;
20820 : 03F;
20821 : 03F;
20822 : 03F;
20823 : 03F;
20824 : 03F;
20825 : 03F;
20826 : 03F;
20827 : 03F;
20828 : 03F;
20829 : 03F;
20830 : 03F;
20831 : 03F;
20832 : 03F;
20833 : 03F;
20834 : 03F;
20835 : 03F;
20836 : 03F;
20837 : 03F;
20838 : 03F;
20839 : 03F;
20840 : 03F;
20841 : 03F;
20842 : 03F;
20843 : 03F;
20844 : 03F;
20845 : 03F;
20846 : 03F;
20847 : 03F;
20848 : 03F;
20849 : 03F;
20850 : 03F;
20851 : 03F;
20852 : 03F;
20853 : 03F;
20854 : 03F;
20855 : 03F;
20856 : 03F;
20857 : 03F;
20858 : 03F;
20859 : 03F;
20860 : 03F;
20861 : 03F;
20862 : 03F;
20863 : 03F;
20864 : 03F;
20865 : 03F;
20866 : 03F;
20867 : 03F;
20868 : 03F;
20869 : 03F;
20870 : 03F;
20871 : 03F;
20872 : 03F;
20873 : 03F;
20874 : 03F;
20875 : 03F;
20876 : 03F;
20877 : 03F;
20878 : 03F;
20879 : 03F;
20880 : 03F;
20881 : 03F;
20882 : 03F;
20883 : 03F;
20884 : 03F;
20885 : 03F;
20886 : 03F;
20887 : 03F;
20888 : 03F;
20889 : 03F;
20890 : 03F;
20891 : 03F;
20892 : 03F;
20893 : 03F;
20894 : 03F;
20895 : 03F;
20896 : 03F;
20897 : 03F;
20898 : 018;
20899 : 018;
20900 : 018;
20901 : 018;
20902 : 018;
20903 : 018;
20904 : 018;
20905 : 018;
20906 : 018;
20907 : 018;
20908 : 018;
20909 : 03F;
20910 : 03F;
20911 : 03F;
20912 : 03F;
20913 : 03F;
20914 : 03F;
20915 : 03F;
20916 : 03F;
20917 : 03F;
20918 : 03F;
20919 : 03F;
20920 : 03F;
20921 : 03F;
20922 : 03F;
20923 : 03F;
20924 : 03F;
20925 : 03F;
20926 : 03F;
20927 : 03F;
20928 : 03F;
20929 : 03F;
20930 : 03F;
20931 : 03F;
20932 : 03F;
20933 : 03F;
20934 : 03F;
20935 : 03F;
20936 : 03F;
20937 : 03F;
20938 : 03F;
20939 : 03F;
20940 : 03F;
20941 : 03F;
20942 : 03F;
20943 : 03F;
20944 : 03F;
20945 : 03F;
20946 : 03F;
20947 : 03F;
20948 : 03F;
20949 : 03F;
20950 : 03F;
20951 : 03F;
20952 : 03F;
20953 : 03F;
20954 : 03F;
20955 : 03F;
20956 : 03F;
20957 : 03F;
20958 : 03F;
20959 : 03F;
20960 : 03F;
20961 : 03F;
20962 : 03F;
20963 : 03F;
20964 : 03F;
20965 : 03F;
20966 : 03F;
20967 : 03F;
20968 : 03F;
20969 : 03F;
20970 : 03F;
20971 : 03F;
20972 : 03F;
20973 : 03F;
20974 : 03F;
20975 : 03F;
20976 : 03F;
20977 : 03F;
20978 : 03F;
20979 : 03F;
20980 : 03F;
20981 : 03F;
20982 : 03F;
20983 : 03F;
20984 : 03F;
20985 : 03F;
20986 : 03F;
20987 : 03F;
20988 : 03F;
20989 : 03F;
20990 : 03F;
20991 : 03F;
20992 : 03F;
20993 : 03F;
20994 : 03F;
20995 : 03F;
20996 : 03F;
20997 : 03F;
20998 : 03F;
20999 : 03F;
21000 : 03F;
21001 : 03F;
21002 : 03F;
21003 : 03F;
21004 : 03F;
21005 : 1FF;
21006 : 1FF;
21007 : 1FF;
21008 : 1FF;
21009 : 1FF;
21010 : 1FF;
21011 : 1FF;
21012 : 1FF;
21013 : 1FF;
21014 : 1FF;
21015 : 1FF;
21016 : 1FF;
21017 : 1FF;
21018 : 03F;
21019 : 03F;
21020 : 03F;
21021 : 03F;
21022 : 03F;
21023 : 03F;
21024 : 03F;
21025 : 03F;
21026 : 03F;
21027 : 03F;
21028 : 03F;
21029 : 03F;
21030 : 03F;
21031 : 03F;
21032 : 03F;
21033 : 03F;
21034 : 03F;
21035 : 03F;
21036 : 03F;
21037 : 03F;
21038 : 03F;
21039 : 03F;
21040 : 03F;
21041 : 03F;
21042 : 03F;
21043 : 03F;
21044 : 03F;
21045 : 03F;
21046 : 03F;
21047 : 03F;
21048 : 03F;
21049 : 03F;
21050 : 03F;
21051 : 03F;
21052 : 03F;
21053 : 03F;
21054 : 03F;
21055 : 03F;
21056 : 03F;
21057 : 03F;
21058 : 03F;
21059 : 03F;
21060 : 03F;
21061 : 03F;
21062 : 03F;
21063 : 03F;
21064 : 03F;
21065 : 03F;
21066 : 03F;
21067 : 03F;
21068 : 03F;
21069 : 03F;
21070 : 03F;
21071 : 03F;
21072 : 03F;
21073 : 03F;
21074 : 03F;
21075 : 03F;
21076 : 03F;
21077 : 03F;
21078 : 03F;
21079 : 03F;
21080 : 03F;
21081 : 03F;
21082 : 03F;
21083 : 03F;
21084 : 03F;
21085 : 03F;
21086 : 03F;
21087 : 03F;
21088 : 03F;
21089 : 03F;
21090 : 03F;
21091 : 03F;
21092 : 03F;
21093 : 03F;
21094 : 03F;
21095 : 03F;
21096 : 03F;
21097 : 03F;
21098 : 03F;
21099 : 03F;
21100 : 03F;
21101 : 03F;
21102 : 03F;
21103 : 03F;
21104 : 03F;
21105 : 03F;
21106 : 03F;
21107 : 03F;
21108 : 03F;
21109 : 03F;
21110 : 03F;
21111 : 03F;
21112 : 03F;
21113 : 03F;
21114 : 03F;
21115 : 03F;
21116 : 03F;
21117 : 03F;
21118 : 03F;
21119 : 03F;
21120 : 03F;
21121 : 03F;
21122 : 03F;
21123 : 03F;
21124 : 03F;
21125 : 03F;
21126 : 03F;
21127 : 03F;
21128 : 03F;
21129 : 03F;
21130 : 03F;
21131 : 03F;
21132 : 03F;
21133 : 03F;
21134 : 03F;
21135 : 03F;
21136 : 03F;
21137 : 03F;
21138 : 03F;
21139 : 03F;
21140 : 03F;
21141 : 03F;
21142 : 03F;
21143 : 03F;
21144 : 03F;
21145 : 03F;
21146 : 03F;
21147 : 03F;
21148 : 03F;
21149 : 03F;
21150 : 03F;
21151 : 03F;
21152 : 03F;
21153 : 03F;
21154 : 03F;
21155 : 03F;
21156 : 03F;
21157 : 03F;
21158 : 03F;
21159 : 03F;
21160 : 03F;
21161 : 03F;
21162 : 03F;
21163 : 03F;
21164 : 03F;
21165 : 03F;
21166 : 03F;
21167 : 03F;
21168 : 03F;
21169 : 03F;
21170 : 03F;
21171 : 03F;
21172 : 03F;
21173 : 03F;
21174 : 03F;
21175 : 03F;
21176 : 03F;
21177 : 03F;
21178 : 03F;
21179 : 03F;
21180 : 03F;
21181 : 03F;
21182 : 03F;
21183 : 03F;
21184 : 03F;
21185 : 03F;
21186 : 03F;
21187 : 03F;
21188 : 03F;
21189 : 03F;
21190 : 03F;
21191 : 03F;
21192 : 03F;
21193 : 03F;
21194 : 03F;
21195 : 03F;
21196 : 03F;
21197 : 03F;
21198 : 03F;
21199 : 03F;
21200 : 03F;
21201 : 03F;
21202 : 03F;
21203 : 03F;
21204 : 03F;
21205 : 03F;
21206 : 03F;
21207 : 03F;
21208 : 03F;
21209 : 03F;
21210 : 03F;
21211 : 018;
21212 : 018;
21213 : 018;
21214 : 018;
21215 : 018;
21216 : 018;
21217 : 018;
21218 : 018;
21219 : 018;
21220 : 018;
21221 : 018;
21222 : 018;
21223 : 018;
21224 : 018;
21225 : 018;
21226 : 018;
21227 : 018;
21228 : 03F;
21229 : 03F;
21230 : 03F;
21231 : 03F;
21232 : 03F;
21233 : 03F;
21234 : 03F;
21235 : 03F;
21236 : 03F;
21237 : 03F;
21238 : 03F;
21239 : 03F;
21240 : 03F;
21241 : 03F;
21242 : 03F;
21243 : 03F;
21244 : 03F;
21245 : 03F;
21246 : 03F;
21247 : 03F;
21248 : 03F;
21249 : 03F;
21250 : 03F;
21251 : 03F;
21252 : 03F;
21253 : 03F;
21254 : 03F;
21255 : 03F;
21256 : 03F;
21257 : 03F;
21258 : 03F;
21259 : 03F;
21260 : 03F;
21261 : 03F;
21262 : 03F;
21263 : 03F;
21264 : 03F;
21265 : 03F;
21266 : 03F;
21267 : 03F;
21268 : 03F;
21269 : 03F;
21270 : 03F;
21271 : 03F;
21272 : 03F;
21273 : 03F;
21274 : 03F;
21275 : 03F;
21276 : 03F;
21277 : 03F;
21278 : 03F;
21279 : 03F;
21280 : 03F;
21281 : 03F;
21282 : 03F;
21283 : 03F;
21284 : 03F;
21285 : 03F;
21286 : 03F;
21287 : 03F;
21288 : 03F;
21289 : 03F;
21290 : 03F;
21291 : 03F;
21292 : 03F;
21293 : 03F;
21294 : 03F;
21295 : 03F;
21296 : 03F;
21297 : 03F;
21298 : 03F;
21299 : 03F;
21300 : 03F;
21301 : 03F;
21302 : 03F;
21303 : 03F;
21304 : 03F;
21305 : 03F;
21306 : 03F;
21307 : 03F;
21308 : 03F;
21309 : 03F;
21310 : 03F;
21311 : 03F;
21312 : 03F;
21313 : 03F;
21314 : 03F;
21315 : 03F;
21316 : 03F;
21317 : 03F;
21318 : 03F;
21319 : 03F;
21320 : 03F;
21321 : 03F;
21322 : 03F;
21323 : 03F;
21324 : 1FF;
21325 : 1FF;
21326 : 1FF;
21327 : 1FF;
21328 : 1FF;
21329 : 1FF;
21330 : 1FF;
21331 : 1FF;
21332 : 1FF;
21333 : 1FF;
21334 : 1FF;
21335 : 1FF;
21336 : 1FF;
21337 : 1FF;
21338 : 1FF;
21339 : 03F;
21340 : 03F;
21341 : 03F;
21342 : 03F;
21343 : 03F;
21344 : 03F;
21345 : 03F;
21346 : 03F;
21347 : 03F;
21348 : 03F;
21349 : 03F;
21350 : 03F;
21351 : 03F;
21352 : 03F;
21353 : 03F;
21354 : 03F;
21355 : 03F;
21356 : 03F;
21357 : 03F;
21358 : 03F;
21359 : 03F;
21360 : 03F;
21361 : 03F;
21362 : 03F;
21363 : 03F;
21364 : 03F;
21365 : 03F;
21366 : 03F;
21367 : 03F;
21368 : 03F;
21369 : 03F;
21370 : 03F;
21371 : 03F;
21372 : 03F;
21373 : 03F;
21374 : 03F;
21375 : 03F;
21376 : 03F;
21377 : 03F;
21378 : 03F;
21379 : 03F;
21380 : 03F;
21381 : 03F;
21382 : 03F;
21383 : 03F;
21384 : 03F;
21385 : 03F;
21386 : 03F;
21387 : 03F;
21388 : 03F;
21389 : 03F;
21390 : 03F;
21391 : 03F;
21392 : 03F;
21393 : 03F;
21394 : 03F;
21395 : 03F;
21396 : 03F;
21397 : 03F;
21398 : 03F;
21399 : 03F;
21400 : 03F;
21401 : 03F;
21402 : 03F;
21403 : 03F;
21404 : 03F;
21405 : 03F;
21406 : 03F;
21407 : 03F;
21408 : 03F;
21409 : 03F;
21410 : 03F;
21411 : 03F;
21412 : 03F;
21413 : 03F;
21414 : 03F;
21415 : 03F;
21416 : 03F;
21417 : 03F;
21418 : 03F;
21419 : 03F;
21420 : 03F;
21421 : 03F;
21422 : 03F;
21423 : 03F;
21424 : 03F;
21425 : 03F;
21426 : 03F;
21427 : 03F;
21428 : 03F;
21429 : 03F;
21430 : 03F;
21431 : 03F;
21432 : 03F;
21433 : 03F;
21434 : 03F;
21435 : 03F;
21436 : 03F;
21437 : 03F;
21438 : 03F;
21439 : 03F;
21440 : 03F;
21441 : 03F;
21442 : 03F;
21443 : 03F;
21444 : 03F;
21445 : 03F;
21446 : 03F;
21447 : 03F;
21448 : 03F;
21449 : 03F;
21450 : 03F;
21451 : 03F;
21452 : 03F;
21453 : 03F;
21454 : 03F;
21455 : 03F;
21456 : 03F;
21457 : 03F;
21458 : 03F;
21459 : 03F;
21460 : 03F;
21461 : 03F;
21462 : 03F;
21463 : 03F;
21464 : 03F;
21465 : 03F;
21466 : 03F;
21467 : 03F;
21468 : 03F;
21469 : 03F;
21470 : 03F;
21471 : 03F;
21472 : 03F;
21473 : 03F;
21474 : 03F;
21475 : 03F;
21476 : 03F;
21477 : 03F;
21478 : 03F;
21479 : 03F;
21480 : 03F;
21481 : 03F;
21482 : 03F;
21483 : 03F;
21484 : 03F;
21485 : 03F;
21486 : 03F;
21487 : 03F;
21488 : 03F;
21489 : 03F;
21490 : 03F;
21491 : 03F;
21492 : 03F;
21493 : 03F;
21494 : 03F;
21495 : 03F;
21496 : 03F;
21497 : 03F;
21498 : 03F;
21499 : 03F;
21500 : 03F;
21501 : 03F;
21502 : 03F;
21503 : 03F;
21504 : 03F;
21505 : 03F;
21506 : 03F;
21507 : 03F;
21508 : 03F;
21509 : 03F;
21510 : 03F;
21511 : 03F;
21512 : 03F;
21513 : 03F;
21514 : 03F;
21515 : 03F;
21516 : 03F;
21517 : 03F;
21518 : 03F;
21519 : 03F;
21520 : 03F;
21521 : 03F;
21522 : 03F;
21523 : 03F;
21524 : 03F;
21525 : 03F;
21526 : 03F;
21527 : 03F;
21528 : 03F;
21529 : 03F;
21530 : 018;
21531 : 018;
21532 : 018;
21533 : 018;
21534 : 018;
21535 : 018;
21536 : 018;
21537 : 018;
21538 : 018;
21539 : 018;
21540 : 018;
21541 : 018;
21542 : 018;
21543 : 018;
21544 : 038;
21545 : 018;
21546 : 018;
21547 : 03F;
21548 : 03F;
21549 : 03F;
21550 : 03F;
21551 : 03F;
21552 : 03F;
21553 : 03F;
21554 : 03F;
21555 : 03F;
21556 : 03F;
21557 : 03F;
21558 : 03F;
21559 : 03F;
21560 : 03F;
21561 : 03F;
21562 : 03F;
21563 : 03F;
21564 : 03F;
21565 : 03F;
21566 : 03F;
21567 : 03F;
21568 : 03F;
21569 : 03F;
21570 : 03F;
21571 : 03F;
21572 : 03F;
21573 : 03F;
21574 : 03F;
21575 : 03F;
21576 : 03F;
21577 : 03F;
21578 : 03F;
21579 : 03F;
21580 : 03F;
21581 : 03F;
21582 : 03F;
21583 : 03F;
21584 : 03F;
21585 : 03F;
21586 : 03F;
21587 : 03F;
21588 : 03F;
21589 : 03F;
21590 : 03F;
21591 : 03F;
21592 : 03F;
21593 : 03F;
21594 : 03F;
21595 : 03F;
21596 : 03F;
21597 : 03F;
21598 : 03F;
21599 : 03F;
21600 : 03F;
21601 : 03F;
21602 : 03F;
21603 : 03F;
21604 : 03F;
21605 : 03F;
21606 : 03F;
21607 : 03F;
21608 : 03F;
21609 : 03F;
21610 : 03F;
21611 : 03F;
21612 : 03F;
21613 : 03F;
21614 : 03F;
21615 : 03F;
21616 : 03F;
21617 : 03F;
21618 : 03F;
21619 : 03F;
21620 : 03F;
21621 : 03F;
21622 : 03F;
21623 : 03F;
21624 : 03F;
21625 : 03F;
21626 : 03F;
21627 : 03F;
21628 : 03F;
21629 : 03F;
21630 : 03F;
21631 : 03F;
21632 : 03F;
21633 : 03F;
21634 : 03F;
21635 : 03F;
21636 : 03F;
21637 : 03F;
21638 : 03F;
21639 : 03F;
21640 : 03F;
21641 : 03F;
21642 : 03F;
21643 : 1FF;
21644 : 1FF;
21645 : 1FF;
21646 : 1FF;
21647 : 1FF;
21648 : 1FF;
21649 : 1FF;
21650 : 1FF;
21651 : 1FF;
21652 : 1FF;
21653 : 1FF;
21654 : 1FF;
21655 : 1FF;
21656 : 1FF;
21657 : 1FF;
21658 : 1FF;
21659 : 1FF;
21660 : 03F;
21661 : 03F;
21662 : 03F;
21663 : 03F;
21664 : 03F;
21665 : 03F;
21666 : 03F;
21667 : 03F;
21668 : 03F;
21669 : 03F;
21670 : 03F;
21671 : 03F;
21672 : 03F;
21673 : 03F;
21674 : 03F;
21675 : 03F;
21676 : 03F;
21677 : 03F;
21678 : 03F;
21679 : 03F;
21680 : 03F;
21681 : 03F;
21682 : 03F;
21683 : 03F;
21684 : 03F;
21685 : 03F;
21686 : 03F;
21687 : 03F;
21688 : 03F;
21689 : 03F;
21690 : 03F;
21691 : 03F;
21692 : 03F;
21693 : 03F;
21694 : 03F;
21695 : 03F;
21696 : 03F;
21697 : 03F;
21698 : 03F;
21699 : 03F;
21700 : 03F;
21701 : 03F;
21702 : 03F;
21703 : 03F;
21704 : 03F;
21705 : 03F;
21706 : 03F;
21707 : 03F;
21708 : 03F;
21709 : 03F;
21710 : 03F;
21711 : 03F;
21712 : 03F;
21713 : 03F;
21714 : 03F;
21715 : 03F;
21716 : 03F;
21717 : 03F;
21718 : 03F;
21719 : 03F;
21720 : 03F;
21721 : 03F;
21722 : 03F;
21723 : 03F;
21724 : 03F;
21725 : 03F;
21726 : 03F;
21727 : 03F;
21728 : 03F;
21729 : 03F;
21730 : 03F;
21731 : 03F;
21732 : 03F;
21733 : 03F;
21734 : 03F;
21735 : 03F;
21736 : 03F;
21737 : 03F;
21738 : 03F;
21739 : 03F;
21740 : 03F;
21741 : 03F;
21742 : 03F;
21743 : 03F;
21744 : 03F;
21745 : 03F;
21746 : 03F;
21747 : 03F;
21748 : 03F;
21749 : 03F;
21750 : 03F;
21751 : 03F;
21752 : 03F;
21753 : 03F;
21754 : 03F;
21755 : 03F;
21756 : 03F;
21757 : 03F;
21758 : 03F;
21759 : 03F;
21760 : 03F;
21761 : 03F;
21762 : 03F;
21763 : 03F;
21764 : 03F;
21765 : 03F;
21766 : 03F;
21767 : 03F;
21768 : 03F;
21769 : 03F;
21770 : 03F;
21771 : 03F;
21772 : 03F;
21773 : 03F;
21774 : 03F;
21775 : 03F;
21776 : 03F;
21777 : 03F;
21778 : 03F;
21779 : 03F;
21780 : 03F;
21781 : 03F;
21782 : 03F;
21783 : 03F;
21784 : 03F;
21785 : 03F;
21786 : 03F;
21787 : 03F;
21788 : 03F;
21789 : 03F;
21790 : 03F;
21791 : 03F;
21792 : 03F;
21793 : 03F;
21794 : 03F;
21795 : 03F;
21796 : 03F;
21797 : 03F;
21798 : 03F;
21799 : 03F;
21800 : 03F;
21801 : 03F;
21802 : 03F;
21803 : 03F;
21804 : 03F;
21805 : 03F;
21806 : 03F;
21807 : 03F;
21808 : 03F;
21809 : 03F;
21810 : 03F;
21811 : 03F;
21812 : 03F;
21813 : 03F;
21814 : 03F;
21815 : 03F;
21816 : 03F;
21817 : 03F;
21818 : 03F;
21819 : 03F;
21820 : 03F;
21821 : 03F;
21822 : 03F;
21823 : 03F;
21824 : 03F;
21825 : 03F;
21826 : 03F;
21827 : 03F;
21828 : 03F;
21829 : 03F;
21830 : 03F;
21831 : 03F;
21832 : 03F;
21833 : 03F;
21834 : 03F;
21835 : 03F;
21836 : 03F;
21837 : 03F;
21838 : 03F;
21839 : 03F;
21840 : 03F;
21841 : 03F;
21842 : 03F;
21843 : 03F;
21844 : 03F;
21845 : 03F;
21846 : 03F;
21847 : 03F;
21848 : 03F;
21849 : 018;
21850 : 018;
21851 : 018;
21852 : 018;
21853 : 018;
21854 : 018;
21855 : 018;
21856 : 018;
21857 : 018;
21858 : 018;
21859 : 018;
21860 : 018;
21861 : 018;
21862 : 018;
21863 : 038;
21864 : 038;
21865 : 038;
21866 : 03F;
21867 : 03F;
21868 : 03F;
21869 : 03F;
21870 : 03F;
21871 : 03F;
21872 : 03F;
21873 : 03F;
21874 : 03F;
21875 : 03F;
21876 : 03F;
21877 : 03F;
21878 : 03F;
21879 : 03F;
21880 : 03F;
21881 : 03F;
21882 : 03F;
21883 : 03F;
21884 : 03F;
21885 : 03F;
21886 : 03F;
21887 : 03F;
21888 : 03F;
21889 : 03F;
21890 : 03F;
21891 : 03F;
21892 : 03F;
21893 : 03F;
21894 : 03F;
21895 : 03F;
21896 : 03F;
21897 : 03F;
21898 : 03F;
21899 : 03F;
21900 : 03F;
21901 : 03F;
21902 : 03F;
21903 : 03F;
21904 : 03F;
21905 : 03F;
21906 : 03F;
21907 : 03F;
21908 : 03F;
21909 : 03F;
21910 : 03F;
21911 : 03F;
21912 : 03F;
21913 : 03F;
21914 : 03F;
21915 : 03F;
21916 : 03F;
21917 : 03F;
21918 : 03F;
21919 : 03F;
21920 : 03F;
21921 : 03F;
21922 : 03F;
21923 : 03F;
21924 : 03F;
21925 : 03F;
21926 : 03F;
21927 : 03F;
21928 : 03F;
21929 : 03F;
21930 : 03F;
21931 : 03F;
21932 : 03F;
21933 : 03F;
21934 : 03F;
21935 : 03F;
21936 : 03F;
21937 : 03F;
21938 : 03F;
21939 : 03F;
21940 : 03F;
21941 : 03F;
21942 : 03F;
21943 : 03F;
21944 : 03F;
21945 : 03F;
21946 : 03F;
21947 : 03F;
21948 : 03F;
21949 : 03F;
21950 : 03F;
21951 : 03F;
21952 : 03F;
21953 : 03F;
21954 : 03F;
21955 : 03F;
21956 : 03F;
21957 : 03F;
21958 : 03F;
21959 : 03F;
21960 : 03F;
21961 : 03F;
21962 : 1FF;
21963 : 1FF;
21964 : 1FF;
21965 : 1FF;
21966 : 1FF;
21967 : 1FF;
21968 : 1FF;
21969 : 1FF;
21970 : 1FF;
21971 : 1FF;
21972 : 1FF;
21973 : 1FF;
21974 : 1FF;
21975 : 1FF;
21976 : 1FF;
21977 : 1FF;
21978 : 1FF;
21979 : 1FF;
21980 : 1FF;
21981 : 03F;
21982 : 03F;
21983 : 03F;
21984 : 03F;
21985 : 03F;
21986 : 03F;
21987 : 03F;
21988 : 03F;
21989 : 03F;
21990 : 03F;
21991 : 03F;
21992 : 03F;
21993 : 03F;
21994 : 03F;
21995 : 03F;
21996 : 03F;
21997 : 03F;
21998 : 03F;
21999 : 03F;
22000 : 03F;
22001 : 03F;
22002 : 03F;
22003 : 03F;
22004 : 03F;
22005 : 03F;
22006 : 03F;
22007 : 03F;
22008 : 03F;
22009 : 03F;
22010 : 03F;
22011 : 03F;
22012 : 03F;
22013 : 03F;
22014 : 03F;
22015 : 03F;
22016 : 03F;
22017 : 03F;
22018 : 03F;
22019 : 03F;
22020 : 03F;
22021 : 03F;
22022 : 03F;
22023 : 03F;
22024 : 03F;
22025 : 03F;
22026 : 03F;
22027 : 03F;
22028 : 03F;
22029 : 03F;
22030 : 03F;
22031 : 03F;
22032 : 03F;
22033 : 03F;
22034 : 03F;
22035 : 03F;
22036 : 03F;
22037 : 03F;
22038 : 03F;
22039 : 03F;
22040 : 03F;
22041 : 03F;
22042 : 03F;
22043 : 03F;
22044 : 03F;
22045 : 03F;
22046 : 03F;
22047 : 03F;
22048 : 03F;
22049 : 03F;
22050 : 03F;
22051 : 03F;
22052 : 03F;
22053 : 03F;
22054 : 03F;
22055 : 03F;
22056 : 03F;
22057 : 03F;
22058 : 03F;
22059 : 03F;
22060 : 03F;
22061 : 03F;
22062 : 03F;
22063 : 03F;
22064 : 03F;
22065 : 03F;
22066 : 03F;
22067 : 03F;
22068 : 03F;
22069 : 03F;
22070 : 03F;
22071 : 03F;
22072 : 03F;
22073 : 03F;
22074 : 03F;
22075 : 03F;
22076 : 03F;
22077 : 03F;
22078 : 03F;
22079 : 03F;
22080 : 03F;
22081 : 03F;
22082 : 03F;
22083 : 03F;
22084 : 03F;
22085 : 03F;
22086 : 03F;
22087 : 03F;
22088 : 03F;
22089 : 03F;
22090 : 03F;
22091 : 03F;
22092 : 03F;
22093 : 03F;
22094 : 03F;
22095 : 03F;
22096 : 03F;
22097 : 03F;
22098 : 03F;
22099 : 03F;
22100 : 03F;
22101 : 03F;
22102 : 03F;
22103 : 03F;
22104 : 03F;
22105 : 03F;
22106 : 03F;
22107 : 03F;
22108 : 03F;
22109 : 03F;
22110 : 03F;
22111 : 03F;
22112 : 03F;
22113 : 03F;
22114 : 03F;
22115 : 03F;
22116 : 03F;
22117 : 03F;
22118 : 03F;
22119 : 03F;
22120 : 03F;
22121 : 03F;
22122 : 03F;
22123 : 03F;
22124 : 03F;
22125 : 03F;
22126 : 03F;
22127 : 03F;
22128 : 03F;
22129 : 03F;
22130 : 03F;
22131 : 03F;
22132 : 03F;
22133 : 03F;
22134 : 03F;
22135 : 03F;
22136 : 03F;
22137 : 03F;
22138 : 03F;
22139 : 03F;
22140 : 03F;
22141 : 03F;
22142 : 03F;
22143 : 03F;
22144 : 03F;
22145 : 03F;
22146 : 03F;
22147 : 03F;
22148 : 03F;
22149 : 03F;
22150 : 03F;
22151 : 03F;
22152 : 03F;
22153 : 03F;
22154 : 03F;
22155 : 03F;
22156 : 03F;
22157 : 03F;
22158 : 03F;
22159 : 03F;
22160 : 03F;
22161 : 03F;
22162 : 03F;
22163 : 03F;
22164 : 03F;
22165 : 03F;
22166 : 03F;
22167 : 03F;
22168 : 03F;
22169 : 018;
22170 : 018;
22171 : 018;
22172 : 018;
22173 : 018;
22174 : 018;
22175 : 018;
22176 : 018;
22177 : 018;
22178 : 018;
22179 : 018;
22180 : 018;
22181 : 018;
22182 : 038;
22183 : 038;
22184 : 038;
22185 : 03F;
22186 : 03F;
22187 : 03F;
22188 : 03F;
22189 : 03F;
22190 : 03F;
22191 : 03F;
22192 : 03F;
22193 : 03F;
22194 : 03F;
22195 : 03F;
22196 : 03F;
22197 : 03F;
22198 : 03F;
22199 : 03F;
22200 : 03F;
22201 : 03F;
22202 : 03F;
22203 : 03F;
22204 : 03F;
22205 : 03F;
22206 : 03F;
22207 : 03F;
22208 : 03F;
22209 : 03F;
22210 : 03F;
22211 : 03F;
22212 : 03F;
22213 : 03F;
22214 : 03F;
22215 : 03F;
22216 : 03F;
22217 : 03F;
22218 : 03F;
22219 : 03F;
22220 : 03F;
22221 : 03F;
22222 : 03F;
22223 : 03F;
22224 : 03F;
22225 : 03F;
22226 : 03F;
22227 : 03F;
22228 : 03F;
22229 : 03F;
22230 : 03F;
22231 : 03F;
22232 : 03F;
22233 : 03F;
22234 : 03F;
22235 : 03F;
22236 : 03F;
22237 : 03F;
22238 : 03F;
22239 : 03F;
22240 : 03F;
22241 : 03F;
22242 : 03F;
22243 : 03F;
22244 : 03F;
22245 : 03F;
22246 : 03F;
22247 : 03F;
22248 : 03F;
22249 : 03F;
22250 : 03F;
22251 : 03F;
22252 : 03F;
22253 : 03F;
22254 : 03F;
22255 : 03F;
22256 : 03F;
22257 : 03F;
22258 : 03F;
22259 : 03F;
22260 : 03F;
22261 : 03F;
22262 : 03F;
22263 : 03F;
22264 : 03F;
22265 : 03F;
22266 : 03F;
22267 : 03F;
22268 : 03F;
22269 : 03F;
22270 : 03F;
22271 : 03F;
22272 : 03F;
22273 : 03F;
22274 : 03F;
22275 : 03F;
22276 : 03F;
22277 : 03F;
22278 : 03F;
22279 : 03F;
22280 : 03F;
22281 : 1FF;
22282 : 1FF;
22283 : 1FF;
22284 : 1FF;
22285 : 1FF;
22286 : 1FF;
22287 : 1FF;
22288 : 1FF;
22289 : 1FF;
22290 : 1FF;
22291 : 1FF;
22292 : 1FF;
22293 : 1FF;
22294 : 1FF;
22295 : 1FF;
22296 : 1FF;
22297 : 1FF;
22298 : 1FF;
22299 : 1FF;
22300 : 1FF;
22301 : 1FF;
22302 : 03F;
22303 : 1FF;
22304 : 1FF;
22305 : 1FF;
22306 : 1FF;
22307 : 1FF;
22308 : 1FF;
22309 : 1FF;
22310 : 03F;
22311 : 03F;
22312 : 03F;
22313 : 03F;
22314 : 03F;
22315 : 03F;
22316 : 03F;
22317 : 03F;
22318 : 03F;
22319 : 03F;
22320 : 03F;
22321 : 03F;
22322 : 03F;
22323 : 03F;
22324 : 03F;
22325 : 03F;
22326 : 03F;
22327 : 03F;
22328 : 03F;
22329 : 03F;
22330 : 03F;
22331 : 03F;
22332 : 03F;
22333 : 03F;
22334 : 03F;
22335 : 03F;
22336 : 03F;
22337 : 03F;
22338 : 03F;
22339 : 03F;
22340 : 03F;
22341 : 03F;
22342 : 03F;
22343 : 03F;
22344 : 03F;
22345 : 03F;
22346 : 03F;
22347 : 03F;
22348 : 03F;
22349 : 03F;
22350 : 03F;
22351 : 03F;
22352 : 03F;
22353 : 03F;
22354 : 03F;
22355 : 03F;
22356 : 03F;
22357 : 03F;
22358 : 03F;
22359 : 03F;
22360 : 03F;
22361 : 03F;
22362 : 03F;
22363 : 03F;
22364 : 03F;
22365 : 03F;
22366 : 03F;
22367 : 03F;
22368 : 03F;
22369 : 03F;
22370 : 03F;
22371 : 03F;
22372 : 03F;
22373 : 03F;
22374 : 03F;
22375 : 03F;
22376 : 03F;
22377 : 03F;
22378 : 03F;
22379 : 03F;
22380 : 03F;
22381 : 03F;
22382 : 03F;
22383 : 03F;
22384 : 03F;
22385 : 03F;
22386 : 03F;
22387 : 03F;
22388 : 03F;
22389 : 03F;
22390 : 03F;
22391 : 03F;
22392 : 03F;
22393 : 03F;
22394 : 03F;
22395 : 03F;
22396 : 03F;
22397 : 03F;
22398 : 03F;
22399 : 03F;
22400 : 03F;
22401 : 03F;
22402 : 03F;
22403 : 03F;
22404 : 03F;
22405 : 03F;
22406 : 03F;
22407 : 03F;
22408 : 03F;
22409 : 03F;
22410 : 03F;
22411 : 03F;
22412 : 03F;
22413 : 03F;
22414 : 03F;
22415 : 03F;
22416 : 03F;
22417 : 03F;
22418 : 03F;
22419 : 03F;
22420 : 03F;
22421 : 03F;
22422 : 03F;
22423 : 03F;
22424 : 03F;
22425 : 03F;
22426 : 03F;
22427 : 03F;
22428 : 03F;
22429 : 03F;
22430 : 03F;
22431 : 03F;
22432 : 03F;
22433 : 03F;
22434 : 03F;
22435 : 03F;
22436 : 03F;
22437 : 03F;
22438 : 03F;
22439 : 03F;
22440 : 03F;
22441 : 03F;
22442 : 03F;
22443 : 03F;
22444 : 03F;
22445 : 03F;
22446 : 03F;
22447 : 03F;
22448 : 03F;
22449 : 03F;
22450 : 03F;
22451 : 03F;
22452 : 03F;
22453 : 03F;
22454 : 03F;
22455 : 03F;
22456 : 03F;
22457 : 03F;
22458 : 03F;
22459 : 03F;
22460 : 03F;
22461 : 03F;
22462 : 03F;
22463 : 03F;
22464 : 03F;
22465 : 03F;
22466 : 03F;
22467 : 03F;
22468 : 03F;
22469 : 03F;
22470 : 03F;
22471 : 03F;
22472 : 03F;
22473 : 03F;
22474 : 03F;
22475 : 03F;
22476 : 03F;
22477 : 03F;
22478 : 03F;
22479 : 03F;
22480 : 03F;
22481 : 03F;
22482 : 03F;
22483 : 03F;
22484 : 03F;
22485 : 03F;
22486 : 03F;
22487 : 03F;
22488 : 018;
22489 : 018;
22490 : 018;
22491 : 018;
22492 : 018;
22493 : 018;
22494 : 018;
22495 : 018;
22496 : 018;
22497 : 018;
22498 : 018;
22499 : 018;
22500 : 018;
22501 : 038;
22502 : 038;
22503 : 038;
22504 : 03F;
22505 : 03F;
22506 : 03F;
22507 : 03F;
22508 : 03F;
22509 : 03F;
22510 : 03F;
22511 : 03F;
22512 : 03F;
22513 : 03F;
22514 : 03F;
22515 : 03F;
22516 : 03F;
22517 : 03F;
22518 : 03F;
22519 : 03F;
22520 : 03F;
22521 : 03F;
22522 : 03F;
22523 : 03F;
22524 : 03F;
22525 : 03F;
22526 : 03F;
22527 : 03F;
22528 : 03F;
22529 : 03F;
22530 : 03F;
22531 : 03F;
22532 : 03F;
22533 : 03F;
22534 : 03F;
22535 : 03F;
22536 : 03F;
22537 : 03F;
22538 : 03F;
22539 : 03F;
22540 : 03F;
22541 : 03F;
22542 : 03F;
22543 : 03F;
22544 : 03F;
22545 : 03F;
22546 : 03F;
22547 : 03F;
22548 : 03F;
22549 : 03F;
22550 : 03F;
22551 : 03F;
22552 : 03F;
22553 : 03F;
22554 : 03F;
22555 : 03F;
22556 : 03F;
22557 : 03F;
22558 : 03F;
22559 : 03F;
22560 : 03F;
22561 : 03F;
22562 : 03F;
22563 : 03F;
22564 : 03F;
22565 : 03F;
22566 : 03F;
22567 : 03F;
22568 : 03F;
22569 : 03F;
22570 : 03F;
22571 : 03F;
22572 : 03F;
22573 : 03F;
22574 : 03F;
22575 : 03F;
22576 : 03F;
22577 : 03F;
22578 : 03F;
22579 : 03F;
22580 : 03F;
22581 : 03F;
22582 : 03F;
22583 : 03F;
22584 : 03F;
22585 : 03F;
22586 : 03F;
22587 : 03F;
22588 : 03F;
22589 : 03F;
22590 : 03F;
22591 : 03F;
22592 : 03F;
22593 : 03F;
22594 : 03F;
22595 : 03F;
22596 : 03F;
22597 : 03F;
22598 : 03F;
22599 : 03F;
22600 : 03F;
22601 : 1FF;
22602 : 1FF;
22603 : 1FF;
22604 : 1FF;
22605 : 1FF;
22606 : 1FF;
22607 : 1FF;
22608 : 1FF;
22609 : 1FF;
22610 : 1FF;
22611 : 1FF;
22612 : 1FF;
22613 : 1FF;
22614 : 1FF;
22615 : 1FF;
22616 : 1FF;
22617 : 1FF;
22618 : 1FF;
22619 : 1FF;
22620 : 1FF;
22621 : 1FF;
22622 : 1FF;
22623 : 1FF;
22624 : 1FF;
22625 : 1FF;
22626 : 1FF;
22627 : 1FF;
22628 : 1FF;
22629 : 1FF;
22630 : 1FF;
22631 : 1FF;
22632 : 03F;
22633 : 03F;
22634 : 03F;
22635 : 03F;
22636 : 03F;
22637 : 03F;
22638 : 03F;
22639 : 03F;
22640 : 03F;
22641 : 03F;
22642 : 03F;
22643 : 03F;
22644 : 03F;
22645 : 03F;
22646 : 03F;
22647 : 03F;
22648 : 03F;
22649 : 03F;
22650 : 03F;
22651 : 03F;
22652 : 03F;
22653 : 03F;
22654 : 03F;
22655 : 03F;
22656 : 03F;
22657 : 03F;
22658 : 03F;
22659 : 03F;
22660 : 03F;
22661 : 03F;
22662 : 03F;
22663 : 03F;
22664 : 03F;
22665 : 03F;
22666 : 03F;
22667 : 03F;
22668 : 03F;
22669 : 03F;
22670 : 03F;
22671 : 03F;
22672 : 03F;
22673 : 03F;
22674 : 03F;
22675 : 03F;
22676 : 03F;
22677 : 03F;
22678 : 03F;
22679 : 03F;
22680 : 03F;
22681 : 03F;
22682 : 03F;
22683 : 03F;
22684 : 03F;
22685 : 03F;
22686 : 03F;
22687 : 03F;
22688 : 03F;
22689 : 03F;
22690 : 03F;
22691 : 03F;
22692 : 03F;
22693 : 03F;
22694 : 03F;
22695 : 03F;
22696 : 03F;
22697 : 03F;
22698 : 03F;
22699 : 03F;
22700 : 03F;
22701 : 03F;
22702 : 03F;
22703 : 03F;
22704 : 03F;
22705 : 03F;
22706 : 03F;
22707 : 03F;
22708 : 03F;
22709 : 03F;
22710 : 03F;
22711 : 03F;
22712 : 03F;
22713 : 03F;
22714 : 03F;
22715 : 03F;
22716 : 03F;
22717 : 03F;
22718 : 03F;
22719 : 03F;
22720 : 03F;
22721 : 03F;
22722 : 03F;
22723 : 03F;
22724 : 03F;
22725 : 03F;
22726 : 03F;
22727 : 03F;
22728 : 03F;
22729 : 03F;
22730 : 03F;
22731 : 03F;
22732 : 03F;
22733 : 03F;
22734 : 03F;
22735 : 03F;
22736 : 03F;
22737 : 03F;
22738 : 03F;
22739 : 03F;
22740 : 03F;
22741 : 03F;
22742 : 03F;
22743 : 03F;
22744 : 03F;
22745 : 03F;
22746 : 03F;
22747 : 03F;
22748 : 03F;
22749 : 03F;
22750 : 03F;
22751 : 03F;
22752 : 03F;
22753 : 03F;
22754 : 03F;
22755 : 03F;
22756 : 03F;
22757 : 03F;
22758 : 03F;
22759 : 03F;
22760 : 03F;
22761 : 03F;
22762 : 03F;
22763 : 03F;
22764 : 03F;
22765 : 03F;
22766 : 03F;
22767 : 03F;
22768 : 03F;
22769 : 03F;
22770 : 03F;
22771 : 03F;
22772 : 03F;
22773 : 03F;
22774 : 03F;
22775 : 03F;
22776 : 03F;
22777 : 03F;
22778 : 03F;
22779 : 03F;
22780 : 03F;
22781 : 03F;
22782 : 03F;
22783 : 03F;
22784 : 03F;
22785 : 03F;
22786 : 03F;
22787 : 03F;
22788 : 03F;
22789 : 03F;
22790 : 03F;
22791 : 03F;
22792 : 03F;
22793 : 03F;
22794 : 03F;
22795 : 03F;
22796 : 03F;
22797 : 03F;
22798 : 03F;
22799 : 03F;
22800 : 03F;
22801 : 03F;
22802 : 03F;
22803 : 03F;
22804 : 03F;
22805 : 03F;
22806 : 03F;
22807 : 018;
22808 : 018;
22809 : 018;
22810 : 018;
22811 : 018;
22812 : 018;
22813 : 018;
22814 : 018;
22815 : 018;
22816 : 018;
22817 : 018;
22818 : 018;
22819 : 018;
22820 : 038;
22821 : 038;
22822 : 038;
22823 : 03F;
22824 : 03F;
22825 : 03F;
22826 : 03F;
22827 : 03F;
22828 : 03F;
22829 : 03F;
22830 : 03F;
22831 : 03F;
22832 : 03F;
22833 : 03F;
22834 : 03F;
22835 : 03F;
22836 : 03F;
22837 : 03F;
22838 : 03F;
22839 : 03F;
22840 : 03F;
22841 : 03F;
22842 : 03F;
22843 : 03F;
22844 : 03F;
22845 : 03F;
22846 : 03F;
22847 : 03F;
22848 : 03F;
22849 : 03F;
22850 : 03F;
22851 : 03F;
22852 : 03F;
22853 : 03F;
22854 : 03F;
22855 : 03F;
22856 : 03F;
22857 : 03F;
22858 : 03F;
22859 : 03F;
22860 : 03F;
22861 : 03F;
22862 : 03F;
22863 : 03F;
22864 : 03F;
22865 : 03F;
22866 : 03F;
22867 : 03F;
22868 : 03F;
22869 : 03F;
22870 : 03F;
22871 : 03F;
22872 : 03F;
22873 : 03F;
22874 : 03F;
22875 : 03F;
22876 : 03F;
22877 : 03F;
22878 : 03F;
22879 : 03F;
22880 : 03F;
22881 : 03F;
22882 : 03F;
22883 : 03F;
22884 : 03F;
22885 : 03F;
22886 : 03F;
22887 : 03F;
22888 : 03F;
22889 : 03F;
22890 : 03F;
22891 : 03F;
22892 : 03F;
22893 : 03F;
22894 : 03F;
22895 : 03F;
22896 : 03F;
22897 : 03F;
22898 : 03F;
22899 : 03F;
22900 : 03F;
22901 : 03F;
22902 : 03F;
22903 : 03F;
22904 : 03F;
22905 : 03F;
22906 : 03F;
22907 : 03F;
22908 : 03F;
22909 : 03F;
22910 : 03F;
22911 : 03F;
22912 : 03F;
22913 : 03F;
22914 : 03F;
22915 : 03F;
22916 : 03F;
22917 : 03F;
22918 : 03F;
22919 : 03F;
22920 : 1FF;
22921 : 1FF;
22922 : 1FF;
22923 : 1FF;
22924 : 1FF;
22925 : 1FF;
22926 : 1FF;
22927 : 1FF;
22928 : 1FF;
22929 : 1FF;
22930 : 1FF;
22931 : 1FF;
22932 : 1FF;
22933 : 1FF;
22934 : 1FF;
22935 : 1FF;
22936 : 1FF;
22937 : 1FF;
22938 : 1FF;
22939 : 1FF;
22940 : 1FF;
22941 : 1FF;
22942 : 1FF;
22943 : 1FF;
22944 : 1FF;
22945 : 1FF;
22946 : 1FF;
22947 : 1FF;
22948 : 1FF;
22949 : 1FF;
22950 : 1FF;
22951 : 1FF;
22952 : 1FF;
22953 : 03F;
22954 : 03F;
22955 : 03F;
22956 : 03F;
22957 : 03F;
22958 : 03F;
22959 : 03F;
22960 : 03F;
22961 : 03F;
22962 : 03F;
22963 : 03F;
22964 : 03F;
22965 : 03F;
22966 : 03F;
22967 : 03F;
22968 : 03F;
22969 : 03F;
22970 : 03F;
22971 : 03F;
22972 : 03F;
22973 : 03F;
22974 : 03F;
22975 : 03F;
22976 : 03F;
22977 : 03F;
22978 : 03F;
22979 : 03F;
22980 : 03F;
22981 : 03F;
22982 : 03F;
22983 : 03F;
22984 : 03F;
22985 : 03F;
22986 : 03F;
22987 : 03F;
22988 : 03F;
22989 : 03F;
22990 : 03F;
22991 : 03F;
22992 : 03F;
22993 : 03F;
22994 : 03F;
22995 : 03F;
22996 : 03F;
22997 : 03F;
22998 : 03F;
22999 : 03F;
23000 : 03F;
23001 : 03F;
23002 : 03F;
23003 : 03F;
23004 : 03F;
23005 : 03F;
23006 : 03F;
23007 : 03F;
23008 : 03F;
23009 : 03F;
23010 : 03F;
23011 : 03F;
23012 : 03F;
23013 : 03F;
23014 : 03F;
23015 : 03F;
23016 : 03F;
23017 : 03F;
23018 : 03F;
23019 : 03F;
23020 : 03F;
23021 : 03F;
23022 : 03F;
23023 : 03F;
23024 : 03F;
23025 : 03F;
23026 : 03F;
23027 : 03F;
23028 : 03F;
23029 : 03F;
23030 : 03F;
23031 : 03F;
23032 : 03F;
23033 : 03F;
23034 : 03F;
23035 : 03F;
23036 : 03F;
23037 : 03F;
23038 : 03F;
23039 : 03F;
23040 : 03F;
23041 : 03F;
23042 : 03F;
23043 : 03F;
23044 : 03F;
23045 : 03F;
23046 : 03F;
23047 : 03F;
23048 : 03F;
23049 : 03F;
23050 : 03F;
23051 : 03F;
23052 : 03F;
23053 : 03F;
23054 : 03F;
23055 : 03F;
23056 : 03F;
23057 : 03F;
23058 : 03F;
23059 : 03F;
23060 : 03F;
23061 : 03F;
23062 : 03F;
23063 : 03F;
23064 : 03F;
23065 : 03F;
23066 : 018;
23067 : 018;
23068 : 03F;
23069 : 03F;
23070 : 03F;
23071 : 03F;
23072 : 03F;
23073 : 03F;
23074 : 03F;
23075 : 03F;
23076 : 03F;
23077 : 03F;
23078 : 03F;
23079 : 03F;
23080 : 03F;
23081 : 03F;
23082 : 03F;
23083 : 03F;
23084 : 03F;
23085 : 03F;
23086 : 03F;
23087 : 03F;
23088 : 03F;
23089 : 03F;
23090 : 03F;
23091 : 03F;
23092 : 03F;
23093 : 03F;
23094 : 03F;
23095 : 03F;
23096 : 03F;
23097 : 03F;
23098 : 03F;
23099 : 03F;
23100 : 03F;
23101 : 03F;
23102 : 03F;
23103 : 03F;
23104 : 03F;
23105 : 03F;
23106 : 03F;
23107 : 03F;
23108 : 03F;
23109 : 03F;
23110 : 03F;
23111 : 03F;
23112 : 03F;
23113 : 03F;
23114 : 03F;
23115 : 03F;
23116 : 03F;
23117 : 03F;
23118 : 03F;
23119 : 03F;
23120 : 03F;
23121 : 03F;
23122 : 03F;
23123 : 03F;
23124 : 03F;
23125 : 03F;
23126 : 018;
23127 : 018;
23128 : 018;
23129 : 018;
23130 : 018;
23131 : 018;
23132 : 018;
23133 : 018;
23134 : 018;
23135 : 018;
23136 : 018;
23137 : 018;
23138 : 018;
23139 : 038;
23140 : 038;
23141 : 038;
23142 : 03F;
23143 : 03F;
23144 : 03F;
23145 : 03F;
23146 : 03F;
23147 : 03F;
23148 : 03F;
23149 : 03F;
23150 : 03F;
23151 : 03F;
23152 : 03F;
23153 : 03F;
23154 : 03F;
23155 : 03F;
23156 : 03F;
23157 : 03F;
23158 : 03F;
23159 : 03F;
23160 : 03F;
23161 : 03F;
23162 : 03F;
23163 : 03F;
23164 : 03F;
23165 : 03F;
23166 : 03F;
23167 : 03F;
23168 : 03F;
23169 : 03F;
23170 : 03F;
23171 : 03F;
23172 : 03F;
23173 : 03F;
23174 : 03F;
23175 : 03F;
23176 : 03F;
23177 : 03F;
23178 : 03F;
23179 : 03F;
23180 : 03F;
23181 : 03F;
23182 : 03F;
23183 : 03F;
23184 : 03F;
23185 : 03F;
23186 : 03F;
23187 : 03F;
23188 : 03F;
23189 : 03F;
23190 : 03F;
23191 : 03F;
23192 : 03F;
23193 : 03F;
23194 : 03F;
23195 : 03F;
23196 : 03F;
23197 : 03F;
23198 : 03F;
23199 : 03F;
23200 : 03F;
23201 : 03F;
23202 : 03F;
23203 : 03F;
23204 : 03F;
23205 : 03F;
23206 : 03F;
23207 : 03F;
23208 : 03F;
23209 : 03F;
23210 : 03F;
23211 : 03F;
23212 : 03F;
23213 : 03F;
23214 : 03F;
23215 : 03F;
23216 : 03F;
23217 : 03F;
23218 : 03F;
23219 : 03F;
23220 : 03F;
23221 : 03F;
23222 : 03F;
23223 : 03F;
23224 : 03F;
23225 : 03F;
23226 : 03F;
23227 : 03F;
23228 : 03F;
23229 : 03F;
23230 : 03F;
23231 : 03F;
23232 : 03F;
23233 : 03F;
23234 : 03F;
23235 : 03F;
23236 : 03F;
23237 : 03F;
23238 : 03F;
23239 : 03F;
23240 : 1FF;
23241 : 1FF;
23242 : 1FF;
23243 : 1FF;
23244 : 1FF;
23245 : 1FF;
23246 : 1FF;
23247 : 1FF;
23248 : 1FF;
23249 : 1FF;
23250 : 1FF;
23251 : 1FF;
23252 : 1FF;
23253 : 1FF;
23254 : 1FF;
23255 : 1FF;
23256 : 1FF;
23257 : 1FF;
23258 : 1FF;
23259 : 1FF;
23260 : 1FF;
23261 : 1FF;
23262 : 1FF;
23263 : 1FF;
23264 : 1FF;
23265 : 1FF;
23266 : 1FF;
23267 : 1FF;
23268 : 1FF;
23269 : 1FF;
23270 : 1FF;
23271 : 1FF;
23272 : 1FF;
23273 : 1FF;
23274 : 03F;
23275 : 03F;
23276 : 03F;
23277 : 03F;
23278 : 03F;
23279 : 03F;
23280 : 03F;
23281 : 03F;
23282 : 03F;
23283 : 03F;
23284 : 03F;
23285 : 03F;
23286 : 03F;
23287 : 03F;
23288 : 03F;
23289 : 03F;
23290 : 03F;
23291 : 03F;
23292 : 03F;
23293 : 03F;
23294 : 03F;
23295 : 03F;
23296 : 03F;
23297 : 03F;
23298 : 03F;
23299 : 03F;
23300 : 03F;
23301 : 03F;
23302 : 03F;
23303 : 03F;
23304 : 03F;
23305 : 03F;
23306 : 03F;
23307 : 03F;
23308 : 03F;
23309 : 03F;
23310 : 03F;
23311 : 03F;
23312 : 03F;
23313 : 03F;
23314 : 03F;
23315 : 03F;
23316 : 03F;
23317 : 03F;
23318 : 03F;
23319 : 03F;
23320 : 03F;
23321 : 03F;
23322 : 03F;
23323 : 03F;
23324 : 03F;
23325 : 03F;
23326 : 03F;
23327 : 03F;
23328 : 03F;
23329 : 03F;
23330 : 03F;
23331 : 03F;
23332 : 03F;
23333 : 03F;
23334 : 03F;
23335 : 03F;
23336 : 03F;
23337 : 03F;
23338 : 03F;
23339 : 03F;
23340 : 03F;
23341 : 03F;
23342 : 03F;
23343 : 03F;
23344 : 03F;
23345 : 03F;
23346 : 03F;
23347 : 03F;
23348 : 03F;
23349 : 03F;
23350 : 03F;
23351 : 03F;
23352 : 03F;
23353 : 03F;
23354 : 03F;
23355 : 03F;
23356 : 03F;
23357 : 03F;
23358 : 03F;
23359 : 03F;
23360 : 03F;
23361 : 03F;
23362 : 03F;
23363 : 03F;
23364 : 03F;
23365 : 03F;
23366 : 03F;
23367 : 03F;
23368 : 03F;
23369 : 03F;
23370 : 03F;
23371 : 03F;
23372 : 03F;
23373 : 03F;
23374 : 03F;
23375 : 03F;
23376 : 03F;
23377 : 03F;
23378 : 03F;
23379 : 03F;
23380 : 03F;
23381 : 03F;
23382 : 03F;
23383 : 03F;
23384 : 03F;
23385 : 03F;
23386 : 03F;
23387 : 03F;
23388 : 018;
23389 : 018;
23390 : 018;
23391 : 018;
23392 : 018;
23393 : 018;
23394 : 018;
23395 : 018;
23396 : 018;
23397 : 03F;
23398 : 03F;
23399 : 03F;
23400 : 03F;
23401 : 03F;
23402 : 03F;
23403 : 03F;
23404 : 03F;
23405 : 03F;
23406 : 03F;
23407 : 03F;
23408 : 03F;
23409 : 03F;
23410 : 03F;
23411 : 03F;
23412 : 03F;
23413 : 03F;
23414 : 03F;
23415 : 03F;
23416 : 03F;
23417 : 03F;
23418 : 03F;
23419 : 03F;
23420 : 03F;
23421 : 03F;
23422 : 03F;
23423 : 03F;
23424 : 03F;
23425 : 03F;
23426 : 03F;
23427 : 03F;
23428 : 03F;
23429 : 03F;
23430 : 03F;
23431 : 03F;
23432 : 03F;
23433 : 03F;
23434 : 03F;
23435 : 03F;
23436 : 03F;
23437 : 03F;
23438 : 03F;
23439 : 03F;
23440 : 03F;
23441 : 03F;
23442 : 03F;
23443 : 03F;
23444 : 03F;
23445 : 018;
23446 : 018;
23447 : 018;
23448 : 018;
23449 : 018;
23450 : 018;
23451 : 018;
23452 : 018;
23453 : 018;
23454 : 018;
23455 : 018;
23456 : 018;
23457 : 018;
23458 : 038;
23459 : 038;
23460 : 038;
23461 : 03F;
23462 : 03F;
23463 : 03F;
23464 : 03F;
23465 : 03F;
23466 : 03F;
23467 : 03F;
23468 : 03F;
23469 : 03F;
23470 : 03F;
23471 : 03F;
23472 : 03F;
23473 : 03F;
23474 : 03F;
23475 : 03F;
23476 : 03F;
23477 : 03F;
23478 : 03F;
23479 : 03F;
23480 : 03F;
23481 : 03F;
23482 : 03F;
23483 : 03F;
23484 : 03F;
23485 : 03F;
23486 : 03F;
23487 : 03F;
23488 : 03F;
23489 : 03F;
23490 : 03F;
23491 : 03F;
23492 : 03F;
23493 : 03F;
23494 : 03F;
23495 : 03F;
23496 : 03F;
23497 : 03F;
23498 : 03F;
23499 : 03F;
23500 : 03F;
23501 : 03F;
23502 : 03F;
23503 : 03F;
23504 : 03F;
23505 : 03F;
23506 : 03F;
23507 : 03F;
23508 : 03F;
23509 : 03F;
23510 : 03F;
23511 : 03F;
23512 : 03F;
23513 : 03F;
23514 : 03F;
23515 : 03F;
23516 : 03F;
23517 : 03F;
23518 : 03F;
23519 : 03F;
23520 : 03F;
23521 : 03F;
23522 : 03F;
23523 : 03F;
23524 : 03F;
23525 : 03F;
23526 : 03F;
23527 : 03F;
23528 : 03F;
23529 : 03F;
23530 : 03F;
23531 : 03F;
23532 : 03F;
23533 : 03F;
23534 : 03F;
23535 : 03F;
23536 : 03F;
23537 : 03F;
23538 : 03F;
23539 : 03F;
23540 : 03F;
23541 : 03F;
23542 : 03F;
23543 : 03F;
23544 : 03F;
23545 : 03F;
23546 : 03F;
23547 : 03F;
23548 : 03F;
23549 : 03F;
23550 : 03F;
23551 : 03F;
23552 : 03F;
23553 : 1FF;
23554 : 1FF;
23555 : 1FF;
23556 : 1FF;
23557 : 1FF;
23558 : 1FF;
23559 : 1FF;
23560 : 1FF;
23561 : 1FF;
23562 : 1FF;
23563 : 1FF;
23564 : 1FF;
23565 : 1FF;
23566 : 1FF;
23567 : 1FF;
23568 : 1FF;
23569 : 1FF;
23570 : 1FF;
23571 : 1FF;
23572 : 1FF;
23573 : 1FF;
23574 : 1FF;
23575 : 1FF;
23576 : 1FF;
23577 : 1FF;
23578 : 1FF;
23579 : 1FF;
23580 : 1FF;
23581 : 1FF;
23582 : 1FF;
23583 : 1FF;
23584 : 1FF;
23585 : 1FF;
23586 : 1FF;
23587 : 1FF;
23588 : 1FF;
23589 : 1FF;
23590 : 1FF;
23591 : 1FF;
23592 : 1FF;
23593 : 1FF;
23594 : 1FF;
23595 : 1FF;
23596 : 1FF;
23597 : 1FF;
23598 : 1FF;
23599 : 1FF;
23600 : 03F;
23601 : 03F;
23602 : 03F;
23603 : 03F;
23604 : 03F;
23605 : 03F;
23606 : 03F;
23607 : 03F;
23608 : 03F;
23609 : 03F;
23610 : 03F;
23611 : 03F;
23612 : 03F;
23613 : 03F;
23614 : 03F;
23615 : 03F;
23616 : 03F;
23617 : 03F;
23618 : 03F;
23619 : 03F;
23620 : 03F;
23621 : 03F;
23622 : 03F;
23623 : 03F;
23624 : 03F;
23625 : 03F;
23626 : 03F;
23627 : 03F;
23628 : 03F;
23629 : 03F;
23630 : 03F;
23631 : 03F;
23632 : 03F;
23633 : 03F;
23634 : 03F;
23635 : 03F;
23636 : 03F;
23637 : 03F;
23638 : 03F;
23639 : 03F;
23640 : 03F;
23641 : 03F;
23642 : 03F;
23643 : 03F;
23644 : 03F;
23645 : 03F;
23646 : 03F;
23647 : 03F;
23648 : 03F;
23649 : 03F;
23650 : 03F;
23651 : 03F;
23652 : 03F;
23653 : 03F;
23654 : 03F;
23655 : 03F;
23656 : 03F;
23657 : 03F;
23658 : 03F;
23659 : 03F;
23660 : 03F;
23661 : 03F;
23662 : 03F;
23663 : 03F;
23664 : 03F;
23665 : 03F;
23666 : 03F;
23667 : 03F;
23668 : 03F;
23669 : 03F;
23670 : 03F;
23671 : 03F;
23672 : 03F;
23673 : 03F;
23674 : 03F;
23675 : 03F;
23676 : 03F;
23677 : 03F;
23678 : 03F;
23679 : 03F;
23680 : 03F;
23681 : 03F;
23682 : 03F;
23683 : 03F;
23684 : 03F;
23685 : 03F;
23686 : 03F;
23687 : 03F;
23688 : 03F;
23689 : 03F;
23690 : 03F;
23691 : 03F;
23692 : 03F;
23693 : 03F;
23694 : 03F;
23695 : 03F;
23696 : 03F;
23697 : 03F;
23698 : 03F;
23699 : 03F;
23700 : 03F;
23701 : 03F;
23702 : 03F;
23703 : 03F;
23704 : 03F;
23705 : 03F;
23706 : 03F;
23707 : 03F;
23708 : 03F;
23709 : 018;
23710 : 018;
23711 : 018;
23712 : 018;
23713 : 018;
23714 : 018;
23715 : 018;
23716 : 018;
23717 : 018;
23718 : 018;
23719 : 018;
23720 : 018;
23721 : 018;
23722 : 018;
23723 : 018;
23724 : 018;
23725 : 018;
23726 : 018;
23727 : 018;
23728 : 03F;
23729 : 03F;
23730 : 03F;
23731 : 03F;
23732 : 03F;
23733 : 03F;
23734 : 03F;
23735 : 03F;
23736 : 03F;
23737 : 03F;
23738 : 03F;
23739 : 03F;
23740 : 03F;
23741 : 03F;
23742 : 03F;
23743 : 03F;
23744 : 03F;
23745 : 03F;
23746 : 03F;
23747 : 03F;
23748 : 03F;
23749 : 03F;
23750 : 03F;
23751 : 03F;
23752 : 03F;
23753 : 03F;
23754 : 03F;
23755 : 03F;
23756 : 03F;
23757 : 03F;
23758 : 03F;
23759 : 03F;
23760 : 03F;
23761 : 03F;
23762 : 03F;
23763 : 03F;
23764 : 018;
23765 : 018;
23766 : 018;
23767 : 018;
23768 : 018;
23769 : 018;
23770 : 018;
23771 : 018;
23772 : 018;
23773 : 018;
23774 : 018;
23775 : 018;
23776 : 018;
23777 : 038;
23778 : 038;
23779 : 038;
23780 : 03F;
23781 : 03F;
23782 : 03F;
23783 : 03F;
23784 : 03F;
23785 : 03F;
23786 : 03F;
23787 : 03F;
23788 : 03F;
23789 : 03F;
23790 : 03F;
23791 : 03F;
23792 : 03F;
23793 : 03F;
23794 : 03F;
23795 : 03F;
23796 : 03F;
23797 : 03F;
23798 : 03F;
23799 : 03F;
23800 : 03F;
23801 : 03F;
23802 : 03F;
23803 : 03F;
23804 : 03F;
23805 : 03F;
23806 : 03F;
23807 : 03F;
23808 : 03F;
23809 : 03F;
23810 : 03F;
23811 : 03F;
23812 : 03F;
23813 : 03F;
23814 : 03F;
23815 : 03F;
23816 : 03F;
23817 : 03F;
23818 : 03F;
23819 : 03F;
23820 : 03F;
23821 : 03F;
23822 : 03F;
23823 : 03F;
23824 : 03F;
23825 : 03F;
23826 : 03F;
23827 : 03F;
23828 : 03F;
23829 : 03F;
23830 : 03F;
23831 : 03F;
23832 : 03F;
23833 : 03F;
23834 : 03F;
23835 : 03F;
23836 : 03F;
23837 : 03F;
23838 : 03F;
23839 : 03F;
23840 : 03F;
23841 : 03F;
23842 : 03F;
23843 : 03F;
23844 : 03F;
23845 : 03F;
23846 : 03F;
23847 : 03F;
23848 : 03F;
23849 : 03F;
23850 : 03F;
23851 : 03F;
23852 : 03F;
23853 : 03F;
23854 : 03F;
23855 : 03F;
23856 : 03F;
23857 : 03F;
23858 : 03F;
23859 : 03F;
23860 : 03F;
23861 : 03F;
23862 : 03F;
23863 : 03F;
23864 : 03F;
23865 : 03F;
23866 : 03F;
23867 : 03F;
23868 : 03F;
23869 : 03F;
23870 : 03F;
23871 : 03F;
23872 : 03F;
23873 : 1FF;
23874 : 1FF;
23875 : 1FF;
23876 : 1FF;
23877 : 1FF;
23878 : 1FF;
23879 : 1FF;
23880 : 1FF;
23881 : 1FF;
23882 : 1FF;
23883 : 1FF;
23884 : 1FF;
23885 : 1FF;
23886 : 1FF;
23887 : 1FF;
23888 : 1FF;
23889 : 1FF;
23890 : 1FF;
23891 : 1FF;
23892 : 1FF;
23893 : 1FF;
23894 : 1FF;
23895 : 1FF;
23896 : 1FF;
23897 : 1FF;
23898 : 1FF;
23899 : 1FF;
23900 : 1FF;
23901 : 1FF;
23902 : 1FF;
23903 : 1FF;
23904 : 1FF;
23905 : 1FF;
23906 : 1FF;
23907 : 1FF;
23908 : 1FF;
23909 : 1FF;
23910 : 1FF;
23911 : 1FF;
23912 : 1FF;
23913 : 1FF;
23914 : 1FF;
23915 : 1FF;
23916 : 1FF;
23917 : 1FF;
23918 : 1FF;
23919 : 1FF;
23920 : 03F;
23921 : 03F;
23922 : 03F;
23923 : 03F;
23924 : 03F;
23925 : 03F;
23926 : 03F;
23927 : 03F;
23928 : 03F;
23929 : 03F;
23930 : 03F;
23931 : 03F;
23932 : 03F;
23933 : 03F;
23934 : 03F;
23935 : 03F;
23936 : 03F;
23937 : 03F;
23938 : 03F;
23939 : 03F;
23940 : 03F;
23941 : 03F;
23942 : 03F;
23943 : 03F;
23944 : 03F;
23945 : 03F;
23946 : 03F;
23947 : 03F;
23948 : 03F;
23949 : 03F;
23950 : 03F;
23951 : 03F;
23952 : 03F;
23953 : 03F;
23954 : 03F;
23955 : 03F;
23956 : 03F;
23957 : 03F;
23958 : 03F;
23959 : 03F;
23960 : 03F;
23961 : 03F;
23962 : 03F;
23963 : 03F;
23964 : 03F;
23965 : 03F;
23966 : 03F;
23967 : 03F;
23968 : 03F;
23969 : 03F;
23970 : 03F;
23971 : 03F;
23972 : 03F;
23973 : 03F;
23974 : 03F;
23975 : 03F;
23976 : 03F;
23977 : 03F;
23978 : 03F;
23979 : 03F;
23980 : 03F;
23981 : 03F;
23982 : 03F;
23983 : 03F;
23984 : 03F;
23985 : 03F;
23986 : 03F;
23987 : 03F;
23988 : 03F;
23989 : 03F;
23990 : 03F;
23991 : 03F;
23992 : 03F;
23993 : 03F;
23994 : 03F;
23995 : 03F;
23996 : 03F;
23997 : 03F;
23998 : 03F;
23999 : 03F;
24000 : 03F;
24001 : 03F;
24002 : 03F;
24003 : 03F;
24004 : 03F;
24005 : 03F;
24006 : 03F;
24007 : 03F;
24008 : 03F;
24009 : 03F;
24010 : 03F;
24011 : 03F;
24012 : 03F;
24013 : 03F;
24014 : 03F;
24015 : 03F;
24016 : 03F;
24017 : 03F;
24018 : 03F;
24019 : 03F;
24020 : 03F;
24021 : 03F;
24022 : 03F;
24023 : 03F;
24024 : 03F;
24025 : 03F;
24026 : 03F;
24027 : 03F;
24028 : 03F;
24029 : 03F;
24030 : 03F;
24031 : 018;
24032 : 018;
24033 : 018;
24034 : 018;
24035 : 018;
24036 : 018;
24037 : 018;
24038 : 018;
24039 : 018;
24040 : 018;
24041 : 018;
24042 : 018;
24043 : 018;
24044 : 018;
24045 : 018;
24046 : 018;
24047 : 018;
24048 : 018;
24049 : 03F;
24050 : 03F;
24051 : 03F;
24052 : 03F;
24053 : 03F;
24054 : 03F;
24055 : 03F;
24056 : 03F;
24057 : 03F;
24058 : 03F;
24059 : 03F;
24060 : 03F;
24061 : 03F;
24062 : 03F;
24063 : 03F;
24064 : 03F;
24065 : 03F;
24066 : 03F;
24067 : 03F;
24068 : 03F;
24069 : 03F;
24070 : 03F;
24071 : 03F;
24072 : 03F;
24073 : 03F;
24074 : 03F;
24075 : 03F;
24076 : 03F;
24077 : 03F;
24078 : 03F;
24079 : 03F;
24080 : 03F;
24081 : 03F;
24082 : 03F;
24083 : 03F;
24084 : 018;
24085 : 018;
24086 : 018;
24087 : 018;
24088 : 018;
24089 : 018;
24090 : 018;
24091 : 018;
24092 : 018;
24093 : 018;
24094 : 018;
24095 : 018;
24096 : 038;
24097 : 038;
24098 : 038;
24099 : 03F;
24100 : 03F;
24101 : 03F;
24102 : 03F;
24103 : 03F;
24104 : 03F;
24105 : 03F;
24106 : 03F;
24107 : 03F;
24108 : 03F;
24109 : 03F;
24110 : 03F;
24111 : 03F;
24112 : 03F;
24113 : 03F;
24114 : 03F;
24115 : 03F;
24116 : 03F;
24117 : 03F;
24118 : 03F;
24119 : 03F;
24120 : 03F;
24121 : 03F;
24122 : 03F;
24123 : 03F;
24124 : 03F;
24125 : 03F;
24126 : 03F;
24127 : 03F;
24128 : 03F;
24129 : 03F;
24130 : 03F;
24131 : 03F;
24132 : 03F;
24133 : 03F;
24134 : 03F;
24135 : 03F;
24136 : 03F;
24137 : 03F;
24138 : 03F;
24139 : 03F;
24140 : 03F;
24141 : 03F;
24142 : 03F;
24143 : 03F;
24144 : 03F;
24145 : 03F;
24146 : 03F;
24147 : 03F;
24148 : 03F;
24149 : 03F;
24150 : 03F;
24151 : 03F;
24152 : 03F;
24153 : 03F;
24154 : 03F;
24155 : 03F;
24156 : 03F;
24157 : 03F;
24158 : 03F;
24159 : 03F;
24160 : 03F;
24161 : 03F;
24162 : 03F;
24163 : 03F;
24164 : 03F;
24165 : 03F;
24166 : 03F;
24167 : 03F;
24168 : 03F;
24169 : 03F;
24170 : 03F;
24171 : 03F;
24172 : 03F;
24173 : 03F;
24174 : 03F;
24175 : 03F;
24176 : 03F;
24177 : 03F;
24178 : 03F;
24179 : 03F;
24180 : 03F;
24181 : 03F;
24182 : 03F;
24183 : 03F;
24184 : 03F;
24185 : 03F;
24186 : 03F;
24187 : 03F;
24188 : 03F;
24189 : 03F;
24190 : 03F;
24191 : 03F;
24192 : 03F;
24193 : 1FF;
24194 : 1FF;
24195 : 1FF;
24196 : 1FF;
24197 : 1FF;
24198 : 1FF;
24199 : 1FF;
24200 : 1FF;
24201 : 1FF;
24202 : 1FF;
24203 : 1FF;
24204 : 1FF;
24205 : 1FF;
24206 : 1FF;
24207 : 1FF;
24208 : 1FF;
24209 : 1FF;
24210 : 1FF;
24211 : 1FF;
24212 : 1FF;
24213 : 1FF;
24214 : 1FF;
24215 : 1FF;
24216 : 1FF;
24217 : 1FF;
24218 : 1FF;
24219 : 1FF;
24220 : 1FF;
24221 : 1FF;
24222 : 1FF;
24223 : 1FF;
24224 : 1FF;
24225 : 1FF;
24226 : 1FF;
24227 : 1FF;
24228 : 1FF;
24229 : 1FF;
24230 : 1FF;
24231 : 1FF;
24232 : 1FF;
24233 : 1FF;
24234 : 1FF;
24235 : 1FF;
24236 : 1FF;
24237 : 1FF;
24238 : 1FF;
24239 : 1FF;
24240 : 03F;
24241 : 03F;
24242 : 03F;
24243 : 03F;
24244 : 03F;
24245 : 03F;
24246 : 03F;
24247 : 03F;
24248 : 03F;
24249 : 03F;
24250 : 03F;
24251 : 03F;
24252 : 03F;
24253 : 03F;
24254 : 03F;
24255 : 03F;
24256 : 03F;
24257 : 03F;
24258 : 03F;
24259 : 03F;
24260 : 03F;
24261 : 03F;
24262 : 03F;
24263 : 03F;
24264 : 03F;
24265 : 03F;
24266 : 03F;
24267 : 03F;
24268 : 03F;
24269 : 03F;
24270 : 03F;
24271 : 03F;
24272 : 03F;
24273 : 03F;
24274 : 03F;
24275 : 03F;
24276 : 03F;
24277 : 03F;
24278 : 03F;
24279 : 03F;
24280 : 03F;
24281 : 03F;
24282 : 03F;
24283 : 03F;
24284 : 03F;
24285 : 03F;
24286 : 03F;
24287 : 03F;
24288 : 03F;
24289 : 03F;
24290 : 03F;
24291 : 03F;
24292 : 03F;
24293 : 03F;
24294 : 03F;
24295 : 03F;
24296 : 03F;
24297 : 03F;
24298 : 03F;
24299 : 03F;
24300 : 03F;
24301 : 03F;
24302 : 03F;
24303 : 03F;
24304 : 03F;
24305 : 03F;
24306 : 03F;
24307 : 03F;
24308 : 03F;
24309 : 03F;
24310 : 03F;
24311 : 03F;
24312 : 03F;
24313 : 03F;
24314 : 03F;
24315 : 03F;
24316 : 03F;
24317 : 03F;
24318 : 03F;
24319 : 03F;
24320 : 03F;
24321 : 03F;
24322 : 03F;
24323 : 03F;
24324 : 03F;
24325 : 03F;
24326 : 03F;
24327 : 03F;
24328 : 03F;
24329 : 03F;
24330 : 03F;
24331 : 03F;
24332 : 03F;
24333 : 03F;
24334 : 03F;
24335 : 03F;
24336 : 03F;
24337 : 03F;
24338 : 03F;
24339 : 03F;
24340 : 03F;
24341 : 03F;
24342 : 03F;
24343 : 03F;
24344 : 03F;
24345 : 03F;
24346 : 03F;
24347 : 03F;
24348 : 03F;
24349 : 03F;
24350 : 03F;
24351 : 03F;
24352 : 018;
24353 : 038;
24354 : 018;
24355 : 018;
24356 : 018;
24357 : 018;
24358 : 018;
24359 : 018;
24360 : 018;
24361 : 018;
24362 : 018;
24363 : 018;
24364 : 018;
24365 : 018;
24366 : 018;
24367 : 018;
24368 : 018;
24369 : 018;
24370 : 03F;
24371 : 03F;
24372 : 03F;
24373 : 03F;
24374 : 03F;
24375 : 03F;
24376 : 03F;
24377 : 03F;
24378 : 03F;
24379 : 03F;
24380 : 03F;
24381 : 03F;
24382 : 03F;
24383 : 03F;
24384 : 03F;
24385 : 03F;
24386 : 03F;
24387 : 03F;
24388 : 03F;
24389 : 03F;
24390 : 03F;
24391 : 03F;
24392 : 03F;
24393 : 03F;
24394 : 03F;
24395 : 03F;
24396 : 03F;
24397 : 03F;
24398 : 03F;
24399 : 03F;
24400 : 03F;
24401 : 03F;
24402 : 03F;
24403 : 018;
24404 : 018;
24405 : 018;
24406 : 018;
24407 : 018;
24408 : 018;
24409 : 018;
24410 : 018;
24411 : 018;
24412 : 018;
24413 : 018;
24414 : 038;
24415 : 038;
24416 : 038;
24417 : 038;
24418 : 03F;
24419 : 03F;
24420 : 03F;
24421 : 03F;
24422 : 03F;
24423 : 03F;
24424 : 03F;
24425 : 03F;
24426 : 03F;
24427 : 03F;
24428 : 03F;
24429 : 03F;
24430 : 03F;
24431 : 03F;
24432 : 03F;
24433 : 03F;
24434 : 03F;
24435 : 03F;
24436 : 03F;
24437 : 03F;
24438 : 03F;
24439 : 03F;
24440 : 03F;
24441 : 03F;
24442 : 03F;
24443 : 03F;
24444 : 03F;
24445 : 03F;
24446 : 03F;
24447 : 03F;
24448 : 03F;
24449 : 03F;
24450 : 03F;
24451 : 03F;
24452 : 03F;
24453 : 03F;
24454 : 03F;
24455 : 03F;
24456 : 03F;
24457 : 03F;
24458 : 03F;
24459 : 03F;
24460 : 03F;
24461 : 03F;
24462 : 03F;
24463 : 03F;
24464 : 03F;
24465 : 03F;
24466 : 03F;
24467 : 03F;
24468 : 03F;
24469 : 03F;
24470 : 03F;
24471 : 03F;
24472 : 03F;
24473 : 03F;
24474 : 03F;
24475 : 03F;
24476 : 03F;
24477 : 03F;
24478 : 03F;
24479 : 03F;
24480 : 03F;
24481 : 03F;
24482 : 03F;
24483 : 03F;
24484 : 03F;
24485 : 03F;
24486 : 03F;
24487 : 03F;
24488 : 03F;
24489 : 03F;
24490 : 03F;
24491 : 03F;
24492 : 03F;
24493 : 03F;
24494 : 03F;
24495 : 03F;
24496 : 03F;
24497 : 03F;
24498 : 03F;
24499 : 03F;
24500 : 03F;
24501 : 03F;
24502 : 03F;
24503 : 03F;
24504 : 03F;
24505 : 03F;
24506 : 03F;
24507 : 03F;
24508 : 03F;
24509 : 03F;
24510 : 03F;
24511 : 03F;
24512 : 03F;
24513 : 1FF;
24514 : 1FF;
24515 : 1FF;
24516 : 1FF;
24517 : 1FF;
24518 : 1FF;
24519 : 1FF;
24520 : 1FF;
24521 : 1FF;
24522 : 1FF;
24523 : 1FF;
24524 : 1FF;
24525 : 1FF;
24526 : 1FF;
24527 : 1FF;
24528 : 1FF;
24529 : 1FF;
24530 : 1FF;
24531 : 1FF;
24532 : 1FF;
24533 : 1FF;
24534 : 1FF;
24535 : 1FF;
24536 : 1FF;
24537 : 1FF;
24538 : 1FF;
24539 : 1FF;
24540 : 1FF;
24541 : 1FF;
24542 : 1FF;
24543 : 1FF;
24544 : 1FF;
24545 : 1FF;
24546 : 1FF;
24547 : 1FF;
24548 : 1FF;
24549 : 1FF;
24550 : 1FF;
24551 : 1FF;
24552 : 1FF;
24553 : 1FF;
24554 : 1FF;
24555 : 1FF;
24556 : 1FF;
24557 : 1FF;
24558 : 1FF;
24559 : 1FF;
24560 : 03F;
24561 : 03F;
24562 : 03F;
24563 : 03F;
24564 : 03F;
24565 : 03F;
24566 : 03F;
24567 : 03F;
24568 : 03F;
24569 : 03F;
24570 : 03F;
24571 : 03F;
24572 : 03F;
24573 : 03F;
24574 : 03F;
24575 : 03F;
24576 : 03F;
24577 : 03F;
24578 : 03F;
24579 : 03F;
24580 : 03F;
24581 : 03F;
24582 : 03F;
24583 : 03F;
24584 : 03F;
24585 : 03F;
24586 : 03F;
24587 : 03F;
24588 : 03F;
24589 : 03F;
24590 : 03F;
24591 : 03F;
24592 : 03F;
24593 : 03F;
24594 : 03F;
24595 : 03F;
24596 : 03F;
24597 : 03F;
24598 : 03F;
24599 : 03F;
24600 : 03F;
24601 : 03F;
24602 : 03F;
24603 : 03F;
24604 : 03F;
24605 : 03F;
24606 : 03F;
24607 : 03F;
24608 : 03F;
24609 : 03F;
24610 : 03F;
24611 : 03F;
24612 : 03F;
24613 : 03F;
24614 : 03F;
24615 : 03F;
24616 : 03F;
24617 : 03F;
24618 : 03F;
24619 : 03F;
24620 : 03F;
24621 : 03F;
24622 : 03F;
24623 : 03F;
24624 : 03F;
24625 : 03F;
24626 : 03F;
24627 : 03F;
24628 : 03F;
24629 : 03F;
24630 : 03F;
24631 : 03F;
24632 : 03F;
24633 : 03F;
24634 : 03F;
24635 : 03F;
24636 : 03F;
24637 : 03F;
24638 : 03F;
24639 : 03F;
24640 : 03F;
24641 : 03F;
24642 : 03F;
24643 : 03F;
24644 : 03F;
24645 : 03F;
24646 : 03F;
24647 : 03F;
24648 : 03F;
24649 : 03F;
24650 : 03F;
24651 : 03F;
24652 : 03F;
24653 : 03F;
24654 : 03F;
24655 : 03F;
24656 : 03F;
24657 : 03F;
24658 : 03F;
24659 : 03F;
24660 : 03F;
24661 : 03F;
24662 : 03F;
24663 : 03F;
24664 : 03F;
24665 : 03F;
24666 : 03F;
24667 : 03F;
24668 : 03F;
24669 : 03F;
24670 : 03F;
24671 : 03F;
24672 : 018;
24673 : 038;
24674 : 038;
24675 : 038;
24676 : 018;
24677 : 018;
24678 : 018;
24679 : 018;
24680 : 018;
24681 : 018;
24682 : 018;
24683 : 018;
24684 : 018;
24685 : 018;
24686 : 018;
24687 : 018;
24688 : 018;
24689 : 018;
24690 : 018;
24691 : 03F;
24692 : 03F;
24693 : 03F;
24694 : 03F;
24695 : 03F;
24696 : 03F;
24697 : 03F;
24698 : 03F;
24699 : 03F;
24700 : 03F;
24701 : 03F;
24702 : 03F;
24703 : 03F;
24704 : 03F;
24705 : 03F;
24706 : 03F;
24707 : 03F;
24708 : 03F;
24709 : 03F;
24710 : 03F;
24711 : 03F;
24712 : 03F;
24713 : 03F;
24714 : 03F;
24715 : 03F;
24716 : 03F;
24717 : 03F;
24718 : 03F;
24719 : 03F;
24720 : 03F;
24721 : 03F;
24722 : 018;
24723 : 018;
24724 : 018;
24725 : 018;
24726 : 018;
24727 : 018;
24728 : 018;
24729 : 018;
24730 : 018;
24731 : 018;
24732 : 018;
24733 : 038;
24734 : 038;
24735 : 038;
24736 : 03F;
24737 : 03F;
24738 : 03F;
24739 : 03F;
24740 : 03F;
24741 : 03F;
24742 : 03F;
24743 : 03F;
24744 : 03F;
24745 : 03F;
24746 : 03F;
24747 : 03F;
24748 : 03F;
24749 : 03F;
24750 : 03F;
24751 : 03F;
24752 : 03F;
24753 : 03F;
24754 : 03F;
24755 : 03F;
24756 : 03F;
24757 : 03F;
24758 : 03F;
24759 : 03F;
24760 : 03F;
24761 : 03F;
24762 : 03F;
24763 : 03F;
24764 : 03F;
24765 : 03F;
24766 : 03F;
24767 : 03F;
24768 : 03F;
24769 : 03F;
24770 : 03F;
24771 : 03F;
24772 : 03F;
24773 : 03F;
24774 : 03F;
24775 : 03F;
24776 : 03F;
24777 : 03F;
24778 : 03F;
24779 : 03F;
24780 : 03F;
24781 : 03F;
24782 : 03F;
24783 : 03F;
24784 : 03F;
24785 : 03F;
24786 : 03F;
24787 : 03F;
24788 : 03F;
24789 : 03F;
24790 : 03F;
24791 : 03F;
24792 : 03F;
24793 : 03F;
24794 : 03F;
24795 : 03F;
24796 : 03F;
24797 : 03F;
24798 : 03F;
24799 : 03F;
24800 : 03F;
24801 : 03F;
24802 : 03F;
24803 : 03F;
24804 : 03F;
24805 : 03F;
24806 : 03F;
24807 : 03F;
24808 : 03F;
24809 : 03F;
24810 : 03F;
24811 : 03F;
24812 : 03F;
24813 : 03F;
24814 : 03F;
24815 : 03F;
24816 : 03F;
24817 : 03F;
24818 : 03F;
24819 : 03F;
24820 : 03F;
24821 : 03F;
24822 : 03F;
24823 : 03F;
24824 : 03F;
24825 : 03F;
24826 : 03F;
24827 : 03F;
24828 : 03F;
24829 : 03F;
24830 : 03F;
24831 : 03F;
24832 : 03F;
24833 : 1FF;
24834 : 1FF;
24835 : 1FF;
24836 : 1FF;
24837 : 1FF;
24838 : 1FF;
24839 : 1FF;
24840 : 1FF;
24841 : 1FF;
24842 : 1FF;
24843 : 1FF;
24844 : 1FF;
24845 : 1FF;
24846 : 1FF;
24847 : 1FF;
24848 : 1FF;
24849 : 1FF;
24850 : 1FF;
24851 : 1FF;
24852 : 1FF;
24853 : 1FF;
24854 : 1FF;
24855 : 1FF;
24856 : 1FF;
24857 : 1FF;
24858 : 1FF;
24859 : 1FF;
24860 : 1FF;
24861 : 1FF;
24862 : 1FF;
24863 : 1FF;
24864 : 1FF;
24865 : 1FF;
24866 : 1FF;
24867 : 1FF;
24868 : 1FF;
24869 : 1FF;
24870 : 1FF;
24871 : 1FF;
24872 : 1FF;
24873 : 1FF;
24874 : 1FF;
24875 : 1FF;
24876 : 1FF;
24877 : 1FF;
24878 : 1FF;
24879 : 1FF;
24880 : 03F;
24881 : 03F;
24882 : 03F;
24883 : 03F;
24884 : 03F;
24885 : 03F;
24886 : 03F;
24887 : 03F;
24888 : 03F;
24889 : 03F;
24890 : 03F;
24891 : 03F;
24892 : 03F;
24893 : 03F;
24894 : 03F;
24895 : 03F;
24896 : 03F;
24897 : 03F;
24898 : 03F;
24899 : 03F;
24900 : 03F;
24901 : 03F;
24902 : 03F;
24903 : 03F;
24904 : 03F;
24905 : 03F;
24906 : 03F;
24907 : 03F;
24908 : 03F;
24909 : 03F;
24910 : 03F;
24911 : 03F;
24912 : 03F;
24913 : 03F;
24914 : 03F;
24915 : 03F;
24916 : 03F;
24917 : 03F;
24918 : 03F;
24919 : 03F;
24920 : 03F;
24921 : 03F;
24922 : 03F;
24923 : 03F;
24924 : 03F;
24925 : 03F;
24926 : 03F;
24927 : 03F;
24928 : 03F;
24929 : 03F;
24930 : 03F;
24931 : 03F;
24932 : 03F;
24933 : 03F;
24934 : 03F;
24935 : 03F;
24936 : 03F;
24937 : 03F;
24938 : 03F;
24939 : 03F;
24940 : 03F;
24941 : 03F;
24942 : 03F;
24943 : 03F;
24944 : 03F;
24945 : 03F;
24946 : 03F;
24947 : 03F;
24948 : 03F;
24949 : 03F;
24950 : 03F;
24951 : 03F;
24952 : 03F;
24953 : 03F;
24954 : 03F;
24955 : 03F;
24956 : 03F;
24957 : 03F;
24958 : 03F;
24959 : 03F;
24960 : 03F;
24961 : 03F;
24962 : 03F;
24963 : 03F;
24964 : 03F;
24965 : 03F;
24966 : 03F;
24967 : 03F;
24968 : 03F;
24969 : 03F;
24970 : 03F;
24971 : 03F;
24972 : 03F;
24973 : 03F;
24974 : 03F;
24975 : 03F;
24976 : 03F;
24977 : 03F;
24978 : 03F;
24979 : 03F;
24980 : 03F;
24981 : 03F;
24982 : 03F;
24983 : 03F;
24984 : 03F;
24985 : 03F;
24986 : 03F;
24987 : 018;
24988 : 018;
24989 : 018;
24990 : 018;
24991 : 018;
24992 : 018;
24993 : 018;
24994 : 018;
24995 : 038;
24996 : 038;
24997 : 038;
24998 : 018;
24999 : 018;
25000 : 018;
25001 : 018;
25002 : 018;
25003 : 018;
25004 : 018;
25005 : 018;
25006 : 018;
25007 : 018;
25008 : 018;
25009 : 018;
25010 : 018;
25011 : 018;
25012 : 018;
25013 : 03F;
25014 : 03F;
25015 : 03F;
25016 : 03F;
25017 : 03F;
25018 : 03F;
25019 : 03F;
25020 : 03F;
25021 : 03F;
25022 : 03F;
25023 : 03F;
25024 : 03F;
25025 : 03F;
25026 : 03F;
25027 : 03F;
25028 : 03F;
25029 : 03F;
25030 : 03F;
25031 : 03F;
25032 : 03F;
25033 : 03F;
25034 : 03F;
25035 : 03F;
25036 : 03F;
25037 : 03F;
25038 : 03F;
25039 : 03F;
25040 : 03F;
25041 : 018;
25042 : 018;
25043 : 018;
25044 : 018;
25045 : 018;
25046 : 018;
25047 : 018;
25048 : 018;
25049 : 018;
25050 : 018;
25051 : 018;
25052 : 038;
25053 : 038;
25054 : 038;
25055 : 03F;
25056 : 03F;
25057 : 03F;
25058 : 03F;
25059 : 03F;
25060 : 03F;
25061 : 03F;
25062 : 03F;
25063 : 03F;
25064 : 03F;
25065 : 03F;
25066 : 03F;
25067 : 03F;
25068 : 03F;
25069 : 03F;
25070 : 03F;
25071 : 03F;
25072 : 03F;
25073 : 03F;
25074 : 03F;
25075 : 03F;
25076 : 03F;
25077 : 03F;
25078 : 03F;
25079 : 03F;
25080 : 03F;
25081 : 03F;
25082 : 03F;
25083 : 03F;
25084 : 03F;
25085 : 03F;
25086 : 03F;
25087 : 03F;
25088 : 03F;
25089 : 03F;
25090 : 03F;
25091 : 03F;
25092 : 03F;
25093 : 03F;
25094 : 03F;
25095 : 03F;
25096 : 03F;
25097 : 03F;
25098 : 03F;
25099 : 03F;
25100 : 03F;
25101 : 03F;
25102 : 03F;
25103 : 03F;
25104 : 03F;
25105 : 03F;
25106 : 03F;
25107 : 03F;
25108 : 03F;
25109 : 03F;
25110 : 03F;
25111 : 03F;
25112 : 03F;
25113 : 03F;
25114 : 03F;
25115 : 03F;
25116 : 03F;
25117 : 03F;
25118 : 03F;
25119 : 03F;
25120 : 03F;
25121 : 03F;
25122 : 03F;
25123 : 03F;
25124 : 03F;
25125 : 03F;
25126 : 03F;
25127 : 03F;
25128 : 03F;
25129 : 03F;
25130 : 03F;
25131 : 03F;
25132 : 03F;
25133 : 03F;
25134 : 03F;
25135 : 03F;
25136 : 03F;
25137 : 03F;
25138 : 03F;
25139 : 03F;
25140 : 03F;
25141 : 03F;
25142 : 03F;
25143 : 03F;
25144 : 03F;
25145 : 03F;
25146 : 03F;
25147 : 03F;
25148 : 03F;
25149 : 03F;
25150 : 03F;
25151 : 03F;
25152 : 03F;
25153 : 1FF;
25154 : 1FF;
25155 : 1FF;
25156 : 1FF;
25157 : 1FF;
25158 : 1FF;
25159 : 1FF;
25160 : 1FF;
25161 : 1FF;
25162 : 1FF;
25163 : 1FF;
25164 : 1FF;
25165 : 1FF;
25166 : 1FF;
25167 : 1FF;
25168 : 1FF;
25169 : 1FF;
25170 : 1FF;
25171 : 1FF;
25172 : 1FF;
25173 : 1FF;
25174 : 1FF;
25175 : 1FF;
25176 : 1FF;
25177 : 1FF;
25178 : 1FF;
25179 : 1FF;
25180 : 1FF;
25181 : 1FF;
25182 : 1FF;
25183 : 1FF;
25184 : 1FF;
25185 : 1FF;
25186 : 1FF;
25187 : 1FF;
25188 : 1FF;
25189 : 1FF;
25190 : 1FF;
25191 : 1FF;
25192 : 1FF;
25193 : 1FF;
25194 : 1FF;
25195 : 1FF;
25196 : 1FF;
25197 : 1FF;
25198 : 1FF;
25199 : 1FF;
25200 : 03F;
25201 : 03F;
25202 : 03F;
25203 : 03F;
25204 : 03F;
25205 : 03F;
25206 : 03F;
25207 : 03F;
25208 : 03F;
25209 : 03F;
25210 : 03F;
25211 : 03F;
25212 : 03F;
25213 : 03F;
25214 : 03F;
25215 : 03F;
25216 : 03F;
25217 : 03F;
25218 : 03F;
25219 : 03F;
25220 : 03F;
25221 : 03F;
25222 : 03F;
25223 : 03F;
25224 : 03F;
25225 : 03F;
25226 : 03F;
25227 : 03F;
25228 : 03F;
25229 : 03F;
25230 : 03F;
25231 : 03F;
25232 : 03F;
25233 : 03F;
25234 : 03F;
25235 : 03F;
25236 : 03F;
25237 : 03F;
25238 : 03F;
25239 : 03F;
25240 : 03F;
25241 : 03F;
25242 : 03F;
25243 : 03F;
25244 : 03F;
25245 : 03F;
25246 : 03F;
25247 : 03F;
25248 : 03F;
25249 : 03F;
25250 : 03F;
25251 : 03F;
25252 : 03F;
25253 : 03F;
25254 : 03F;
25255 : 03F;
25256 : 03F;
25257 : 03F;
25258 : 03F;
25259 : 03F;
25260 : 03F;
25261 : 03F;
25262 : 03F;
25263 : 03F;
25264 : 03F;
25265 : 03F;
25266 : 03F;
25267 : 03F;
25268 : 03F;
25269 : 03F;
25270 : 03F;
25271 : 03F;
25272 : 03F;
25273 : 03F;
25274 : 03F;
25275 : 03F;
25276 : 03F;
25277 : 03F;
25278 : 03F;
25279 : 03F;
25280 : 03F;
25281 : 03F;
25282 : 03F;
25283 : 03F;
25284 : 03F;
25285 : 03F;
25286 : 03F;
25287 : 03F;
25288 : 03F;
25289 : 03F;
25290 : 03F;
25291 : 03F;
25292 : 03F;
25293 : 03F;
25294 : 03F;
25295 : 03F;
25296 : 03F;
25297 : 03F;
25298 : 03F;
25299 : 03F;
25300 : 03F;
25301 : 03F;
25302 : 03F;
25303 : 018;
25304 : 018;
25305 : 018;
25306 : 018;
25307 : 018;
25308 : 018;
25309 : 018;
25310 : 018;
25311 : 018;
25312 : 018;
25313 : 018;
25314 : 018;
25315 : 018;
25316 : 018;
25317 : 038;
25318 : 038;
25319 : 038;
25320 : 018;
25321 : 018;
25322 : 018;
25323 : 018;
25324 : 018;
25325 : 018;
25326 : 018;
25327 : 018;
25328 : 018;
25329 : 018;
25330 : 018;
25331 : 018;
25332 : 018;
25333 : 018;
25334 : 03F;
25335 : 03F;
25336 : 03F;
25337 : 03F;
25338 : 03F;
25339 : 03F;
25340 : 03F;
25341 : 03F;
25342 : 03F;
25343 : 03F;
25344 : 03F;
25345 : 03F;
25346 : 03F;
25347 : 03F;
25348 : 03F;
25349 : 03F;
25350 : 03F;
25351 : 03F;
25352 : 03F;
25353 : 03F;
25354 : 03F;
25355 : 03F;
25356 : 03F;
25357 : 03F;
25358 : 03F;
25359 : 03F;
25360 : 018;
25361 : 018;
25362 : 018;
25363 : 018;
25364 : 018;
25365 : 018;
25366 : 018;
25367 : 018;
25368 : 018;
25369 : 018;
25370 : 018;
25371 : 038;
25372 : 038;
25373 : 038;
25374 : 018;
25375 : 03F;
25376 : 03F;
25377 : 03F;
25378 : 03F;
25379 : 03F;
25380 : 03F;
25381 : 03F;
25382 : 03F;
25383 : 03F;
25384 : 03F;
25385 : 03F;
25386 : 03F;
25387 : 03F;
25388 : 03F;
25389 : 03F;
25390 : 03F;
25391 : 03F;
25392 : 03F;
25393 : 03F;
25394 : 03F;
25395 : 03F;
25396 : 03F;
25397 : 03F;
25398 : 03F;
25399 : 03F;
25400 : 03F;
25401 : 03F;
25402 : 03F;
25403 : 03F;
25404 : 03F;
25405 : 03F;
25406 : 03F;
25407 : 03F;
25408 : 03F;
25409 : 03F;
25410 : 03F;
25411 : 03F;
25412 : 03F;
25413 : 03F;
25414 : 03F;
25415 : 03F;
25416 : 03F;
25417 : 03F;
25418 : 03F;
25419 : 03F;
25420 : 03F;
25421 : 03F;
25422 : 03F;
25423 : 03F;
25424 : 03F;
25425 : 03F;
25426 : 03F;
25427 : 03F;
25428 : 03F;
25429 : 03F;
25430 : 03F;
25431 : 03F;
25432 : 03F;
25433 : 03F;
25434 : 03F;
25435 : 03F;
25436 : 03F;
25437 : 03F;
25438 : 03F;
25439 : 03F;
25440 : 03F;
25441 : 03F;
25442 : 03F;
25443 : 03F;
25444 : 03F;
25445 : 03F;
25446 : 03F;
25447 : 03F;
25448 : 03F;
25449 : 03F;
25450 : 03F;
25451 : 03F;
25452 : 03F;
25453 : 03F;
25454 : 03F;
25455 : 03F;
25456 : 03F;
25457 : 03F;
25458 : 03F;
25459 : 03F;
25460 : 03F;
25461 : 03F;
25462 : 03F;
25463 : 03F;
25464 : 03F;
25465 : 03F;
25466 : 03F;
25467 : 03F;
25468 : 03F;
25469 : 03F;
25470 : 03F;
25471 : 03F;
25472 : 03F;
25473 : 1FF;
25474 : 1FF;
25475 : 1FF;
25476 : 1FF;
25477 : 1FF;
25478 : 1FF;
25479 : 1FF;
25480 : 1FF;
25481 : 1FF;
25482 : 1FF;
25483 : 1FF;
25484 : 1FF;
25485 : 1FF;
25486 : 1FF;
25487 : 1FF;
25488 : 1FF;
25489 : 1FF;
25490 : 1FF;
25491 : 1FF;
25492 : 1FF;
25493 : 1FF;
25494 : 1FF;
25495 : 1FF;
25496 : 1FF;
25497 : 1FF;
25498 : 1FF;
25499 : 1FF;
25500 : 1FF;
25501 : 1FF;
25502 : 1FF;
25503 : 1FF;
25504 : 1FF;
25505 : 1FF;
25506 : 1FF;
25507 : 1FF;
25508 : 1FF;
25509 : 1FF;
25510 : 1FF;
25511 : 1FF;
25512 : 1FF;
25513 : 1FF;
25514 : 1FF;
25515 : 1FF;
25516 : 1FF;
25517 : 1FF;
25518 : 1FF;
25519 : 1FF;
25520 : 03F;
25521 : 03F;
25522 : 03F;
25523 : 03F;
25524 : 03F;
25525 : 03F;
25526 : 03F;
25527 : 03F;
25528 : 03F;
25529 : 03F;
25530 : 03F;
25531 : 03F;
25532 : 03F;
25533 : 03F;
25534 : 03F;
25535 : 03F;
25536 : 03F;
25537 : 03F;
25538 : 03F;
25539 : 03F;
25540 : 03F;
25541 : 03F;
25542 : 03F;
25543 : 03F;
25544 : 03F;
25545 : 03F;
25546 : 03F;
25547 : 03F;
25548 : 03F;
25549 : 03F;
25550 : 03F;
25551 : 03F;
25552 : 03F;
25553 : 03F;
25554 : 03F;
25555 : 03F;
25556 : 03F;
25557 : 03F;
25558 : 03F;
25559 : 03F;
25560 : 03F;
25561 : 03F;
25562 : 03F;
25563 : 03F;
25564 : 03F;
25565 : 03F;
25566 : 03F;
25567 : 03F;
25568 : 03F;
25569 : 03F;
25570 : 03F;
25571 : 03F;
25572 : 03F;
25573 : 03F;
25574 : 03F;
25575 : 03F;
25576 : 03F;
25577 : 03F;
25578 : 03F;
25579 : 03F;
25580 : 03F;
25581 : 03F;
25582 : 03F;
25583 : 03F;
25584 : 03F;
25585 : 03F;
25586 : 03F;
25587 : 03F;
25588 : 03F;
25589 : 03F;
25590 : 03F;
25591 : 03F;
25592 : 03F;
25593 : 03F;
25594 : 03F;
25595 : 03F;
25596 : 03F;
25597 : 03F;
25598 : 03F;
25599 : 03F;
25600 : 03F;
25601 : 03F;
25602 : 03F;
25603 : 03F;
25604 : 03F;
25605 : 03F;
25606 : 03F;
25607 : 03F;
25608 : 03F;
25609 : 03F;
25610 : 03F;
25611 : 03F;
25612 : 03F;
25613 : 03F;
25614 : 03F;
25615 : 03F;
25616 : 03F;
25617 : 03F;
25618 : 03F;
25619 : 03F;
25620 : 03F;
25621 : 03F;
25622 : 018;
25623 : 018;
25624 : 018;
25625 : 018;
25626 : 018;
25627 : 018;
25628 : 018;
25629 : 018;
25630 : 018;
25631 : 018;
25632 : 018;
25633 : 018;
25634 : 018;
25635 : 018;
25636 : 018;
25637 : 018;
25638 : 018;
25639 : 038;
25640 : 038;
25641 : 038;
25642 : 018;
25643 : 018;
25644 : 018;
25645 : 018;
25646 : 018;
25647 : 018;
25648 : 018;
25649 : 018;
25650 : 018;
25651 : 018;
25652 : 018;
25653 : 018;
25654 : 018;
25655 : 03F;
25656 : 03F;
25657 : 03F;
25658 : 03F;
25659 : 03F;
25660 : 03F;
25661 : 03F;
25662 : 03F;
25663 : 03F;
25664 : 03F;
25665 : 03F;
25666 : 03F;
25667 : 03F;
25668 : 03F;
25669 : 03F;
25670 : 03F;
25671 : 03F;
25672 : 03F;
25673 : 03F;
25674 : 03F;
25675 : 03F;
25676 : 03F;
25677 : 03F;
25678 : 03F;
25679 : 018;
25680 : 018;
25681 : 018;
25682 : 018;
25683 : 018;
25684 : 018;
25685 : 018;
25686 : 018;
25687 : 018;
25688 : 018;
25689 : 018;
25690 : 038;
25691 : 038;
25692 : 038;
25693 : 018;
25694 : 03F;
25695 : 03F;
25696 : 03F;
25697 : 03F;
25698 : 03F;
25699 : 03F;
25700 : 03F;
25701 : 03F;
25702 : 03F;
25703 : 03F;
25704 : 03F;
25705 : 03F;
25706 : 03F;
25707 : 03F;
25708 : 03F;
25709 : 03F;
25710 : 03F;
25711 : 03F;
25712 : 03F;
25713 : 03F;
25714 : 03F;
25715 : 03F;
25716 : 03F;
25717 : 03F;
25718 : 03F;
25719 : 03F;
25720 : 03F;
25721 : 03F;
25722 : 03F;
25723 : 03F;
25724 : 03F;
25725 : 03F;
25726 : 03F;
25727 : 03F;
25728 : 03F;
25729 : 03F;
25730 : 03F;
25731 : 03F;
25732 : 03F;
25733 : 03F;
25734 : 03F;
25735 : 03F;
25736 : 03F;
25737 : 03F;
25738 : 03F;
25739 : 03F;
25740 : 03F;
25741 : 03F;
25742 : 03F;
25743 : 03F;
25744 : 03F;
25745 : 03F;
25746 : 03F;
25747 : 03F;
25748 : 03F;
25749 : 03F;
25750 : 03F;
25751 : 03F;
25752 : 03F;
25753 : 03F;
25754 : 03F;
25755 : 03F;
25756 : 03F;
25757 : 03F;
25758 : 03F;
25759 : 03F;
25760 : 03F;
25761 : 03F;
25762 : 03F;
25763 : 03F;
25764 : 03F;
25765 : 03F;
25766 : 03F;
25767 : 03F;
25768 : 03F;
25769 : 03F;
25770 : 03F;
25771 : 03F;
25772 : 03F;
25773 : 03F;
25774 : 03F;
25775 : 03F;
25776 : 03F;
25777 : 03F;
25778 : 03F;
25779 : 03F;
25780 : 03F;
25781 : 03F;
25782 : 03F;
25783 : 03F;
25784 : 03F;
25785 : 03F;
25786 : 03F;
25787 : 03F;
25788 : 03F;
25789 : 03F;
25790 : 03F;
25791 : 03F;
25792 : 03F;
25793 : 1FF;
25794 : 1FF;
25795 : 1FF;
25796 : 1FF;
25797 : 1FF;
25798 : 1FF;
25799 : 1FF;
25800 : 1FF;
25801 : 1FF;
25802 : 1FF;
25803 : 1FF;
25804 : 1FF;
25805 : 1FF;
25806 : 1FF;
25807 : 1FF;
25808 : 1FF;
25809 : 1FF;
25810 : 1FF;
25811 : 1FF;
25812 : 1FF;
25813 : 1FF;
25814 : 1FF;
25815 : 1FF;
25816 : 1FF;
25817 : 1FF;
25818 : 1FF;
25819 : 1FF;
25820 : 1FF;
25821 : 1FF;
25822 : 1FF;
25823 : 1FF;
25824 : 1FF;
25825 : 1FF;
25826 : 1FF;
25827 : 1FF;
25828 : 1FF;
25829 : 1FF;
25830 : 1FF;
25831 : 1FF;
25832 : 1FF;
25833 : 1FF;
25834 : 1FF;
25835 : 1FF;
25836 : 1FF;
25837 : 1FF;
25838 : 1FF;
25839 : 1FF;
25840 : 03F;
25841 : 03F;
25842 : 03F;
25843 : 03F;
25844 : 03F;
25845 : 03F;
25846 : 03F;
25847 : 03F;
25848 : 03F;
25849 : 03F;
25850 : 03F;
25851 : 03F;
25852 : 03F;
25853 : 03F;
25854 : 03F;
25855 : 03F;
25856 : 03F;
25857 : 03F;
25858 : 03F;
25859 : 03F;
25860 : 03F;
25861 : 03F;
25862 : 03F;
25863 : 03F;
25864 : 03F;
25865 : 03F;
25866 : 03F;
25867 : 03F;
25868 : 03F;
25869 : 03F;
25870 : 03F;
25871 : 03F;
25872 : 03F;
25873 : 03F;
25874 : 03F;
25875 : 03F;
25876 : 03F;
25877 : 03F;
25878 : 03F;
25879 : 03F;
25880 : 03F;
25881 : 03F;
25882 : 03F;
25883 : 03F;
25884 : 03F;
25885 : 03F;
25886 : 03F;
25887 : 03F;
25888 : 03F;
25889 : 03F;
25890 : 03F;
25891 : 03F;
25892 : 03F;
25893 : 03F;
25894 : 03F;
25895 : 03F;
25896 : 03F;
25897 : 03F;
25898 : 03F;
25899 : 03F;
25900 : 03F;
25901 : 03F;
25902 : 03F;
25903 : 03F;
25904 : 03F;
25905 : 03F;
25906 : 03F;
25907 : 03F;
25908 : 03F;
25909 : 03F;
25910 : 03F;
25911 : 03F;
25912 : 03F;
25913 : 03F;
25914 : 03F;
25915 : 03F;
25916 : 03F;
25917 : 03F;
25918 : 03F;
25919 : 03F;
25920 : 03F;
25921 : 03F;
25922 : 03F;
25923 : 03F;
25924 : 03F;
25925 : 03F;
25926 : 03F;
25927 : 03F;
25928 : 03F;
25929 : 03F;
25930 : 03F;
25931 : 03F;
25932 : 03F;
25933 : 03F;
25934 : 03F;
25935 : 03F;
25936 : 03F;
25937 : 03F;
25938 : 03F;
25939 : 03F;
25940 : 03F;
25941 : 03F;
25942 : 018;
25943 : 018;
25944 : 018;
25945 : 018;
25946 : 018;
25947 : 018;
25948 : 018;
25949 : 018;
25950 : 018;
25951 : 018;
25952 : 018;
25953 : 018;
25954 : 018;
25955 : 018;
25956 : 018;
25957 : 018;
25958 : 018;
25959 : 018;
25960 : 018;
25961 : 038;
25962 : 038;
25963 : 038;
25964 : 018;
25965 : 018;
25966 : 018;
25967 : 018;
25968 : 018;
25969 : 018;
25970 : 018;
25971 : 018;
25972 : 018;
25973 : 018;
25974 : 018;
25975 : 018;
25976 : 03F;
25977 : 03F;
25978 : 03F;
25979 : 03F;
25980 : 03F;
25981 : 03F;
25982 : 03F;
25983 : 03F;
25984 : 03F;
25985 : 03F;
25986 : 03F;
25987 : 03F;
25988 : 03F;
25989 : 03F;
25990 : 03F;
25991 : 03F;
25992 : 03F;
25993 : 03F;
25994 : 03F;
25995 : 03F;
25996 : 03F;
25997 : 03F;
25998 : 03F;
25999 : 018;
26000 : 018;
26001 : 018;
26002 : 018;
26003 : 018;
26004 : 018;
26005 : 018;
26006 : 018;
26007 : 018;
26008 : 018;
26009 : 038;
26010 : 038;
26011 : 038;
26012 : 018;
26013 : 018;
26014 : 03F;
26015 : 03F;
26016 : 03F;
26017 : 03F;
26018 : 03F;
26019 : 03F;
26020 : 03F;
26021 : 03F;
26022 : 03F;
26023 : 03F;
26024 : 03F;
26025 : 03F;
26026 : 03F;
26027 : 03F;
26028 : 03F;
26029 : 03F;
26030 : 03F;
26031 : 03F;
26032 : 03F;
26033 : 03F;
26034 : 03F;
26035 : 03F;
26036 : 03F;
26037 : 03F;
26038 : 03F;
26039 : 03F;
26040 : 03F;
26041 : 03F;
26042 : 03F;
26043 : 03F;
26044 : 03F;
26045 : 03F;
26046 : 03F;
26047 : 03F;
26048 : 03F;
26049 : 03F;
26050 : 03F;
26051 : 03F;
26052 : 03F;
26053 : 03F;
26054 : 03F;
26055 : 03F;
26056 : 03F;
26057 : 03F;
26058 : 03F;
26059 : 03F;
26060 : 03F;
26061 : 03F;
26062 : 03F;
26063 : 03F;
26064 : 03F;
26065 : 03F;
26066 : 03F;
26067 : 03F;
26068 : 03F;
26069 : 03F;
26070 : 03F;
26071 : 03F;
26072 : 03F;
26073 : 03F;
26074 : 03F;
26075 : 03F;
26076 : 03F;
26077 : 03F;
26078 : 03F;
26079 : 03F;
26080 : 03F;
26081 : 03F;
26082 : 03F;
26083 : 03F;
26084 : 03F;
26085 : 03F;
26086 : 03F;
26087 : 03F;
26088 : 03F;
26089 : 03F;
26090 : 03F;
26091 : 03F;
26092 : 03F;
26093 : 03F;
26094 : 03F;
26095 : 03F;
26096 : 03F;
26097 : 03F;
26098 : 03F;
26099 : 03F;
26100 : 03F;
26101 : 03F;
26102 : 03F;
26103 : 03F;
26104 : 03F;
26105 : 03F;
26106 : 03F;
26107 : 03F;
26108 : 03F;
26109 : 03F;
26110 : 03F;
26111 : 03F;
26112 : 03F;
26113 : 03F;
26114 : 03F;
26115 : 03F;
26116 : 03F;
26117 : 03F;
26118 : 03F;
26119 : 03F;
26120 : 03F;
26121 : 03F;
26122 : 03F;
26123 : 03F;
26124 : 03F;
26125 : 1FF;
26126 : 1FF;
26127 : 1FF;
26128 : 1FF;
26129 : 1FF;
26130 : 1FF;
26131 : 1FF;
26132 : 1FF;
26133 : 1FF;
26134 : 1FF;
26135 : 1FF;
26136 : 1FF;
26137 : 1FF;
26138 : 03F;
26139 : 03F;
26140 : 1FF;
26141 : 1FF;
26142 : 1FF;
26143 : 1FF;
26144 : 1FF;
26145 : 1FF;
26146 : 1FF;
26147 : 1FF;
26148 : 1FF;
26149 : 1FF;
26150 : 1FF;
26151 : 1FF;
26152 : 1FF;
26153 : 03F;
26154 : 03F;
26155 : 03F;
26156 : 03F;
26157 : 03F;
26158 : 03F;
26159 : 03F;
26160 : 03F;
26161 : 03F;
26162 : 03F;
26163 : 03F;
26164 : 03F;
26165 : 03F;
26166 : 03F;
26167 : 03F;
26168 : 03F;
26169 : 03F;
26170 : 03F;
26171 : 03F;
26172 : 03F;
26173 : 03F;
26174 : 03F;
26175 : 03F;
26176 : 03F;
26177 : 03F;
26178 : 03F;
26179 : 03F;
26180 : 03F;
26181 : 03F;
26182 : 03F;
26183 : 03F;
26184 : 03F;
26185 : 03F;
26186 : 03F;
26187 : 03F;
26188 : 03F;
26189 : 03F;
26190 : 03F;
26191 : 03F;
26192 : 03F;
26193 : 03F;
26194 : 03F;
26195 : 03F;
26196 : 03F;
26197 : 03F;
26198 : 03F;
26199 : 03F;
26200 : 03F;
26201 : 03F;
26202 : 03F;
26203 : 03F;
26204 : 03F;
26205 : 03F;
26206 : 03F;
26207 : 03F;
26208 : 03F;
26209 : 03F;
26210 : 03F;
26211 : 03F;
26212 : 03F;
26213 : 03F;
26214 : 03F;
26215 : 03F;
26216 : 03F;
26217 : 03F;
26218 : 03F;
26219 : 03F;
26220 : 03F;
26221 : 03F;
26222 : 03F;
26223 : 03F;
26224 : 03F;
26225 : 03F;
26226 : 03F;
26227 : 03F;
26228 : 03F;
26229 : 03F;
26230 : 03F;
26231 : 03F;
26232 : 03F;
26233 : 03F;
26234 : 03F;
26235 : 03F;
26236 : 03F;
26237 : 03F;
26238 : 03F;
26239 : 03F;
26240 : 03F;
26241 : 03F;
26242 : 03F;
26243 : 03F;
26244 : 03F;
26245 : 03F;
26246 : 03F;
26247 : 03F;
26248 : 03F;
26249 : 03F;
26250 : 03F;
26251 : 03F;
26252 : 03F;
26253 : 03F;
26254 : 03F;
26255 : 03F;
26256 : 03F;
26257 : 03F;
26258 : 03F;
26259 : 03F;
26260 : 03F;
26261 : 018;
26262 : 018;
26263 : 018;
26264 : 018;
26265 : 018;
26266 : 018;
26267 : 018;
26268 : 018;
26269 : 018;
26270 : 018;
26271 : 018;
26272 : 018;
26273 : 018;
26274 : 018;
26275 : 018;
26276 : 018;
26277 : 018;
26278 : 018;
26279 : 038;
26280 : 018;
26281 : 018;
26282 : 018;
26283 : 038;
26284 : 038;
26285 : 038;
26286 : 018;
26287 : 018;
26288 : 018;
26289 : 018;
26290 : 018;
26291 : 018;
26292 : 018;
26293 : 018;
26294 : 018;
26295 : 018;
26296 : 018;
26297 : 03F;
26298 : 03F;
26299 : 03F;
26300 : 03F;
26301 : 03F;
26302 : 03F;
26303 : 03F;
26304 : 03F;
26305 : 03F;
26306 : 03F;
26307 : 03F;
26308 : 03F;
26309 : 03F;
26310 : 03F;
26311 : 03F;
26312 : 03F;
26313 : 03F;
26314 : 03F;
26315 : 03F;
26316 : 03F;
26317 : 03F;
26318 : 018;
26319 : 018;
26320 : 018;
26321 : 018;
26322 : 018;
26323 : 018;
26324 : 018;
26325 : 018;
26326 : 018;
26327 : 018;
26328 : 038;
26329 : 038;
26330 : 038;
26331 : 018;
26332 : 018;
26333 : 03F;
26334 : 03F;
26335 : 03F;
26336 : 03F;
26337 : 03F;
26338 : 03F;
26339 : 03F;
26340 : 03F;
26341 : 03F;
26342 : 03F;
26343 : 03F;
26344 : 03F;
26345 : 03F;
26346 : 03F;
26347 : 03F;
26348 : 03F;
26349 : 03F;
26350 : 03F;
26351 : 03F;
26352 : 03F;
26353 : 03F;
26354 : 03F;
26355 : 03F;
26356 : 03F;
26357 : 03F;
26358 : 03F;
26359 : 03F;
26360 : 03F;
26361 : 03F;
26362 : 03F;
26363 : 03F;
26364 : 03F;
26365 : 03F;
26366 : 03F;
26367 : 03F;
26368 : 03F;
26369 : 03F;
26370 : 03F;
26371 : 03F;
26372 : 03F;
26373 : 03F;
26374 : 03F;
26375 : 03F;
26376 : 03F;
26377 : 03F;
26378 : 03F;
26379 : 03F;
26380 : 03F;
26381 : 03F;
26382 : 03F;
26383 : 03F;
26384 : 03F;
26385 : 03F;
26386 : 03F;
26387 : 03F;
26388 : 03F;
26389 : 03F;
26390 : 03F;
26391 : 03F;
26392 : 03F;
26393 : 03F;
26394 : 03F;
26395 : 03F;
26396 : 03F;
26397 : 03F;
26398 : 03F;
26399 : 03F;
26400 : 03F;
26401 : 03F;
26402 : 03F;
26403 : 03F;
26404 : 03F;
26405 : 03F;
26406 : 03F;
26407 : 03F;
26408 : 03F;
26409 : 03F;
26410 : 03F;
26411 : 03F;
26412 : 03F;
26413 : 03F;
26414 : 03F;
26415 : 03F;
26416 : 03F;
26417 : 03F;
26418 : 03F;
26419 : 03F;
26420 : 03F;
26421 : 03F;
26422 : 03F;
26423 : 03F;
26424 : 03F;
26425 : 03F;
26426 : 03F;
26427 : 03F;
26428 : 03F;
26429 : 03F;
26430 : 03F;
26431 : 03F;
26432 : 03F;
26433 : 03F;
26434 : 03F;
26435 : 03F;
26436 : 03F;
26437 : 03F;
26438 : 03F;
26439 : 03F;
26440 : 03F;
26441 : 03F;
26442 : 03F;
26443 : 03F;
26444 : 03F;
26445 : 03F;
26446 : 03F;
26447 : 03F;
26448 : 1FF;
26449 : 1FF;
26450 : 1FF;
26451 : 1FF;
26452 : 1FF;
26453 : 1FF;
26454 : 1FF;
26455 : 03F;
26456 : 03F;
26457 : 03F;
26458 : 03F;
26459 : 03F;
26460 : 03F;
26461 : 1FF;
26462 : 1FF;
26463 : 1FF;
26464 : 1FF;
26465 : 1FF;
26466 : 1FF;
26467 : 1FF;
26468 : 1FF;
26469 : 1FF;
26470 : 1FF;
26471 : 1FF;
26472 : 03F;
26473 : 03F;
26474 : 03F;
26475 : 03F;
26476 : 03F;
26477 : 03F;
26478 : 03F;
26479 : 03F;
26480 : 03F;
26481 : 03F;
26482 : 03F;
26483 : 03F;
26484 : 03F;
26485 : 03F;
26486 : 03F;
26487 : 03F;
26488 : 03F;
26489 : 03F;
26490 : 03F;
26491 : 03F;
26492 : 03F;
26493 : 03F;
26494 : 03F;
26495 : 03F;
26496 : 03F;
26497 : 03F;
26498 : 03F;
26499 : 03F;
26500 : 03F;
26501 : 03F;
26502 : 03F;
26503 : 03F;
26504 : 03F;
26505 : 03F;
26506 : 03F;
26507 : 03F;
26508 : 03F;
26509 : 03F;
26510 : 03F;
26511 : 03F;
26512 : 03F;
26513 : 03F;
26514 : 03F;
26515 : 03F;
26516 : 03F;
26517 : 03F;
26518 : 03F;
26519 : 03F;
26520 : 03F;
26521 : 03F;
26522 : 03F;
26523 : 03F;
26524 : 03F;
26525 : 03F;
26526 : 03F;
26527 : 03F;
26528 : 03F;
26529 : 03F;
26530 : 03F;
26531 : 03F;
26532 : 03F;
26533 : 03F;
26534 : 03F;
26535 : 03F;
26536 : 03F;
26537 : 03F;
26538 : 03F;
26539 : 03F;
26540 : 03F;
26541 : 03F;
26542 : 03F;
26543 : 03F;
26544 : 03F;
26545 : 03F;
26546 : 03F;
26547 : 03F;
26548 : 03F;
26549 : 03F;
26550 : 03F;
26551 : 03F;
26552 : 03F;
26553 : 03F;
26554 : 03F;
26555 : 03F;
26556 : 03F;
26557 : 03F;
26558 : 03F;
26559 : 03F;
26560 : 03F;
26561 : 03F;
26562 : 03F;
26563 : 03F;
26564 : 03F;
26565 : 03F;
26566 : 03F;
26567 : 03F;
26568 : 03F;
26569 : 03F;
26570 : 03F;
26571 : 03F;
26572 : 03F;
26573 : 03F;
26574 : 03F;
26575 : 03F;
26576 : 03F;
26577 : 03F;
26578 : 03F;
26579 : 03F;
26580 : 018;
26581 : 018;
26582 : 018;
26583 : 018;
26584 : 018;
26585 : 018;
26586 : 038;
26587 : 038;
26588 : 038;
26589 : 038;
26590 : 038;
26591 : 038;
26592 : 038;
26593 : 038;
26594 : 038;
26595 : 038;
26596 : 038;
26597 : 038;
26598 : 038;
26599 : 038;
26600 : 038;
26601 : 038;
26602 : 018;
26603 : 018;
26604 : 018;
26605 : 038;
26606 : 038;
26607 : 038;
26608 : 018;
26609 : 018;
26610 : 018;
26611 : 018;
26612 : 018;
26613 : 018;
26614 : 018;
26615 : 018;
26616 : 018;
26617 : 018;
26618 : 03F;
26619 : 03F;
26620 : 03F;
26621 : 03F;
26622 : 03F;
26623 : 03F;
26624 : 03F;
26625 : 03F;
26626 : 03F;
26627 : 03F;
26628 : 03F;
26629 : 03F;
26630 : 03F;
26631 : 03F;
26632 : 03F;
26633 : 03F;
26634 : 03F;
26635 : 03F;
26636 : 03F;
26637 : 018;
26638 : 018;
26639 : 018;
26640 : 018;
26641 : 018;
26642 : 018;
26643 : 018;
26644 : 018;
26645 : 018;
26646 : 018;
26647 : 038;
26648 : 038;
26649 : 038;
26650 : 018;
26651 : 018;
26652 : 018;
26653 : 03F;
26654 : 03F;
26655 : 03F;
26656 : 03F;
26657 : 03F;
26658 : 03F;
26659 : 03F;
26660 : 03F;
26661 : 03F;
26662 : 03F;
26663 : 03F;
26664 : 03F;
26665 : 03F;
26666 : 03F;
26667 : 03F;
26668 : 03F;
26669 : 03F;
26670 : 03F;
26671 : 03F;
26672 : 03F;
26673 : 03F;
26674 : 03F;
26675 : 03F;
26676 : 03F;
26677 : 03F;
26678 : 03F;
26679 : 03F;
26680 : 03F;
26681 : 03F;
26682 : 03F;
26683 : 03F;
26684 : 03F;
26685 : 03F;
26686 : 03F;
26687 : 03F;
26688 : 03F;
26689 : 03F;
26690 : 03F;
26691 : 03F;
26692 : 03F;
26693 : 03F;
26694 : 03F;
26695 : 03F;
26696 : 03F;
26697 : 03F;
26698 : 03F;
26699 : 03F;
26700 : 03F;
26701 : 03F;
26702 : 03F;
26703 : 03F;
26704 : 03F;
26705 : 03F;
26706 : 03F;
26707 : 03F;
26708 : 03F;
26709 : 03F;
26710 : 03F;
26711 : 03F;
26712 : 03F;
26713 : 03F;
26714 : 03F;
26715 : 03F;
26716 : 03F;
26717 : 03F;
26718 : 03F;
26719 : 03F;
26720 : 03F;
26721 : 03F;
26722 : 03F;
26723 : 03F;
26724 : 03F;
26725 : 03F;
26726 : 03F;
26727 : 03F;
26728 : 03F;
26729 : 03F;
26730 : 03F;
26731 : 03F;
26732 : 03F;
26733 : 03F;
26734 : 03F;
26735 : 03F;
26736 : 03F;
26737 : 03F;
26738 : 03F;
26739 : 03F;
26740 : 03F;
26741 : 03F;
26742 : 03F;
26743 : 03F;
26744 : 03F;
26745 : 03F;
26746 : 03F;
26747 : 03F;
26748 : 03F;
26749 : 03F;
26750 : 03F;
26751 : 03F;
26752 : 03F;
26753 : 03F;
26754 : 03F;
26755 : 03F;
26756 : 03F;
26757 : 03F;
26758 : 03F;
26759 : 03F;
26760 : 03F;
26761 : 03F;
26762 : 03F;
26763 : 03F;
26764 : 03F;
26765 : 03F;
26766 : 03F;
26767 : 03F;
26768 : 03F;
26769 : 03F;
26770 : 03F;
26771 : 03F;
26772 : 03F;
26773 : 03F;
26774 : 03F;
26775 : 03F;
26776 : 03F;
26777 : 03F;
26778 : 03F;
26779 : 03F;
26780 : 03F;
26781 : 03F;
26782 : 03F;
26783 : 1FF;
26784 : 1FF;
26785 : 1FF;
26786 : 1FF;
26787 : 1FF;
26788 : 1FF;
26789 : 1FF;
26790 : 03F;
26791 : 03F;
26792 : 03F;
26793 : 03F;
26794 : 03F;
26795 : 03F;
26796 : 03F;
26797 : 03F;
26798 : 03F;
26799 : 03F;
26800 : 03F;
26801 : 03F;
26802 : 03F;
26803 : 03F;
26804 : 03F;
26805 : 03F;
26806 : 03F;
26807 : 03F;
26808 : 03F;
26809 : 03F;
26810 : 03F;
26811 : 03F;
26812 : 03F;
26813 : 03F;
26814 : 03F;
26815 : 03F;
26816 : 03F;
26817 : 03F;
26818 : 03F;
26819 : 03F;
26820 : 03F;
26821 : 03F;
26822 : 03F;
26823 : 03F;
26824 : 03F;
26825 : 03F;
26826 : 03F;
26827 : 03F;
26828 : 03F;
26829 : 03F;
26830 : 03F;
26831 : 03F;
26832 : 03F;
26833 : 03F;
26834 : 03F;
26835 : 03F;
26836 : 03F;
26837 : 03F;
26838 : 03F;
26839 : 03F;
26840 : 03F;
26841 : 03F;
26842 : 03F;
26843 : 03F;
26844 : 03F;
26845 : 03F;
26846 : 03F;
26847 : 03F;
26848 : 03F;
26849 : 03F;
26850 : 03F;
26851 : 03F;
26852 : 03F;
26853 : 03F;
26854 : 03F;
26855 : 03F;
26856 : 03F;
26857 : 03F;
26858 : 03F;
26859 : 03F;
26860 : 03F;
26861 : 03F;
26862 : 03F;
26863 : 03F;
26864 : 03F;
26865 : 03F;
26866 : 03F;
26867 : 03F;
26868 : 03F;
26869 : 03F;
26870 : 03F;
26871 : 03F;
26872 : 03F;
26873 : 03F;
26874 : 03F;
26875 : 03F;
26876 : 03F;
26877 : 03F;
26878 : 03F;
26879 : 03F;
26880 : 03F;
26881 : 03F;
26882 : 03F;
26883 : 03F;
26884 : 03F;
26885 : 03F;
26886 : 03F;
26887 : 03F;
26888 : 03F;
26889 : 03F;
26890 : 03F;
26891 : 03F;
26892 : 03F;
26893 : 03F;
26894 : 03F;
26895 : 03F;
26896 : 03F;
26897 : 03F;
26898 : 03F;
26899 : 018;
26900 : 018;
26901 : 018;
26902 : 018;
26903 : 018;
26904 : 038;
26905 : 038;
26906 : 038;
26907 : 038;
26908 : 038;
26909 : 038;
26910 : 038;
26911 : 038;
26912 : 038;
26913 : 038;
26914 : 038;
26915 : 038;
26916 : 038;
26917 : 038;
26918 : 038;
26919 : 038;
26920 : 038;
26921 : 038;
26922 : 018;
26923 : 018;
26924 : 018;
26925 : 018;
26926 : 018;
26927 : 038;
26928 : 038;
26929 : 038;
26930 : 018;
26931 : 018;
26932 : 018;
26933 : 018;
26934 : 018;
26935 : 018;
26936 : 018;
26937 : 018;
26938 : 018;
26939 : 03F;
26940 : 03F;
26941 : 03F;
26942 : 03F;
26943 : 03F;
26944 : 03F;
26945 : 03F;
26946 : 03F;
26947 : 03F;
26948 : 03F;
26949 : 03F;
26950 : 03F;
26951 : 03F;
26952 : 03F;
26953 : 03F;
26954 : 03F;
26955 : 03F;
26956 : 018;
26957 : 018;
26958 : 018;
26959 : 018;
26960 : 018;
26961 : 018;
26962 : 018;
26963 : 018;
26964 : 018;
26965 : 018;
26966 : 038;
26967 : 038;
26968 : 038;
26969 : 018;
26970 : 018;
26971 : 018;
26972 : 03F;
26973 : 03F;
26974 : 03F;
26975 : 03F;
26976 : 03F;
26977 : 03F;
26978 : 03F;
26979 : 03F;
26980 : 03F;
26981 : 03F;
26982 : 03F;
26983 : 03F;
26984 : 03F;
26985 : 03F;
26986 : 03F;
26987 : 03F;
26988 : 03F;
26989 : 03F;
26990 : 03F;
26991 : 03F;
26992 : 03F;
26993 : 03F;
26994 : 03F;
26995 : 03F;
26996 : 03F;
26997 : 03F;
26998 : 03F;
26999 : 03F;
27000 : 03F;
27001 : 03F;
27002 : 03F;
27003 : 03F;
27004 : 03F;
27005 : 03F;
27006 : 03F;
27007 : 03F;
27008 : 03F;
27009 : 03F;
27010 : 03F;
27011 : 03F;
27012 : 03F;
27013 : 03F;
27014 : 03F;
27015 : 03F;
27016 : 03F;
27017 : 03F;
27018 : 03F;
27019 : 03F;
27020 : 03F;
27021 : 03F;
27022 : 03F;
27023 : 03F;
27024 : 03F;
27025 : 03F;
27026 : 03F;
27027 : 03F;
27028 : 03F;
27029 : 03F;
27030 : 03F;
27031 : 03F;
27032 : 03F;
27033 : 03F;
27034 : 03F;
27035 : 03F;
27036 : 03F;
27037 : 03F;
27038 : 03F;
27039 : 03F;
27040 : 03F;
27041 : 03F;
27042 : 03F;
27043 : 03F;
27044 : 03F;
27045 : 03F;
27046 : 03F;
27047 : 03F;
27048 : 03F;
27049 : 03F;
27050 : 03F;
27051 : 03F;
27052 : 03F;
27053 : 03F;
27054 : 03F;
27055 : 03F;
27056 : 03F;
27057 : 03F;
27058 : 03F;
27059 : 03F;
27060 : 03F;
27061 : 03F;
27062 : 03F;
27063 : 03F;
27064 : 03F;
27065 : 03F;
27066 : 03F;
27067 : 03F;
27068 : 03F;
27069 : 03F;
27070 : 03F;
27071 : 03F;
27072 : 03F;
27073 : 03F;
27074 : 03F;
27075 : 03F;
27076 : 03F;
27077 : 03F;
27078 : 03F;
27079 : 03F;
27080 : 03F;
27081 : 03F;
27082 : 03F;
27083 : 03F;
27084 : 03F;
27085 : 03F;
27086 : 03F;
27087 : 03F;
27088 : 03F;
27089 : 03F;
27090 : 03F;
27091 : 03F;
27092 : 03F;
27093 : 03F;
27094 : 03F;
27095 : 03F;
27096 : 03F;
27097 : 03F;
27098 : 03F;
27099 : 03F;
27100 : 03F;
27101 : 03F;
27102 : 03F;
27103 : 03F;
27104 : 03F;
27105 : 03F;
27106 : 03F;
27107 : 03F;
27108 : 03F;
27109 : 03F;
27110 : 03F;
27111 : 03F;
27112 : 03F;
27113 : 03F;
27114 : 03F;
27115 : 03F;
27116 : 03F;
27117 : 03F;
27118 : 03F;
27119 : 03F;
27120 : 03F;
27121 : 03F;
27122 : 03F;
27123 : 03F;
27124 : 03F;
27125 : 03F;
27126 : 03F;
27127 : 03F;
27128 : 03F;
27129 : 03F;
27130 : 03F;
27131 : 03F;
27132 : 03F;
27133 : 03F;
27134 : 03F;
27135 : 03F;
27136 : 03F;
27137 : 03F;
27138 : 03F;
27139 : 03F;
27140 : 03F;
27141 : 03F;
27142 : 03F;
27143 : 03F;
27144 : 03F;
27145 : 03F;
27146 : 03F;
27147 : 03F;
27148 : 03F;
27149 : 03F;
27150 : 03F;
27151 : 03F;
27152 : 03F;
27153 : 03F;
27154 : 03F;
27155 : 03F;
27156 : 03F;
27157 : 03F;
27158 : 03F;
27159 : 03F;
27160 : 03F;
27161 : 03F;
27162 : 03F;
27163 : 03F;
27164 : 03F;
27165 : 03F;
27166 : 03F;
27167 : 03F;
27168 : 03F;
27169 : 03F;
27170 : 03F;
27171 : 03F;
27172 : 03F;
27173 : 03F;
27174 : 03F;
27175 : 03F;
27176 : 03F;
27177 : 03F;
27178 : 03F;
27179 : 03F;
27180 : 03F;
27181 : 03F;
27182 : 03F;
27183 : 03F;
27184 : 03F;
27185 : 03F;
27186 : 03F;
27187 : 03F;
27188 : 03F;
27189 : 03F;
27190 : 03F;
27191 : 03F;
27192 : 03F;
27193 : 03F;
27194 : 03F;
27195 : 03F;
27196 : 03F;
27197 : 03F;
27198 : 03F;
27199 : 03F;
27200 : 03F;
27201 : 03F;
27202 : 03F;
27203 : 03F;
27204 : 03F;
27205 : 03F;
27206 : 03F;
27207 : 03F;
27208 : 03F;
27209 : 03F;
27210 : 03F;
27211 : 03F;
27212 : 03F;
27213 : 03F;
27214 : 03F;
27215 : 03F;
27216 : 03F;
27217 : 03F;
27218 : 03F;
27219 : 018;
27220 : 018;
27221 : 018;
27222 : 018;
27223 : 038;
27224 : 038;
27225 : 038;
27226 : 038;
27227 : 038;
27228 : 038;
27229 : 038;
27230 : 038;
27231 : 038;
27232 : 038;
27233 : 038;
27234 : 038;
27235 : 038;
27236 : 038;
27237 : 038;
27238 : 038;
27239 : 038;
27240 : 038;
27241 : 038;
27242 : 038;
27243 : 018;
27244 : 018;
27245 : 018;
27246 : 018;
27247 : 018;
27248 : 018;
27249 : 038;
27250 : 038;
27251 : 038;
27252 : 038;
27253 : 018;
27254 : 018;
27255 : 018;
27256 : 018;
27257 : 018;
27258 : 018;
27259 : 018;
27260 : 03F;
27261 : 03F;
27262 : 03F;
27263 : 03F;
27264 : 03F;
27265 : 03F;
27266 : 03F;
27267 : 03F;
27268 : 03F;
27269 : 03F;
27270 : 03F;
27271 : 03F;
27272 : 03F;
27273 : 03F;
27274 : 03F;
27275 : 03F;
27276 : 018;
27277 : 018;
27278 : 018;
27279 : 018;
27280 : 018;
27281 : 018;
27282 : 018;
27283 : 018;
27284 : 018;
27285 : 018;
27286 : 038;
27287 : 038;
27288 : 018;
27289 : 018;
27290 : 018;
27291 : 018;
27292 : 03F;
27293 : 03F;
27294 : 03F;
27295 : 03F;
27296 : 03F;
27297 : 03F;
27298 : 03F;
27299 : 03F;
27300 : 03F;
27301 : 03F;
27302 : 03F;
27303 : 03F;
27304 : 03F;
27305 : 03F;
27306 : 03F;
27307 : 03F;
27308 : 03F;
27309 : 03F;
27310 : 03F;
27311 : 03F;
27312 : 03F;
27313 : 03F;
27314 : 03F;
27315 : 03F;
27316 : 03F;
27317 : 03F;
27318 : 03F;
27319 : 03F;
27320 : 03F;
27321 : 03F;
27322 : 03F;
27323 : 03F;
27324 : 03F;
27325 : 03F;
27326 : 03F;
27327 : 03F;
27328 : 03F;
27329 : 03F;
27330 : 03F;
27331 : 03F;
27332 : 03F;
27333 : 03F;
27334 : 03F;
27335 : 03F;
27336 : 03F;
27337 : 03F;
27338 : 03F;
27339 : 03F;
27340 : 03F;
27341 : 03F;
27342 : 03F;
27343 : 03F;
27344 : 03F;
27345 : 03F;
27346 : 03F;
27347 : 03F;
27348 : 03F;
27349 : 03F;
27350 : 03F;
27351 : 03F;
27352 : 03F;
27353 : 03F;
27354 : 03F;
27355 : 03F;
27356 : 03F;
27357 : 03F;
27358 : 03F;
27359 : 03F;
27360 : 03F;
27361 : 03F;
27362 : 03F;
27363 : 03F;
27364 : 03F;
27365 : 03F;
27366 : 03F;
27367 : 03F;
27368 : 03F;
27369 : 03F;
27370 : 03F;
27371 : 03F;
27372 : 03F;
27373 : 03F;
27374 : 03F;
27375 : 03F;
27376 : 03F;
27377 : 03F;
27378 : 03F;
27379 : 03F;
27380 : 03F;
27381 : 03F;
27382 : 03F;
27383 : 03F;
27384 : 03F;
27385 : 03F;
27386 : 03F;
27387 : 03F;
27388 : 03F;
27389 : 03F;
27390 : 03F;
27391 : 03F;
27392 : 03F;
27393 : 03F;
27394 : 03F;
27395 : 03F;
27396 : 03F;
27397 : 03F;
27398 : 03F;
27399 : 03F;
27400 : 03F;
27401 : 03F;
27402 : 03F;
27403 : 03F;
27404 : 03F;
27405 : 03F;
27406 : 03F;
27407 : 03F;
27408 : 03F;
27409 : 03F;
27410 : 03F;
27411 : 03F;
27412 : 03F;
27413 : 03F;
27414 : 03F;
27415 : 03F;
27416 : 03F;
27417 : 03F;
27418 : 03F;
27419 : 03F;
27420 : 03F;
27421 : 03F;
27422 : 03F;
27423 : 03F;
27424 : 03F;
27425 : 03F;
27426 : 03F;
27427 : 03F;
27428 : 03F;
27429 : 03F;
27430 : 03F;
27431 : 03F;
27432 : 03F;
27433 : 03F;
27434 : 03F;
27435 : 03F;
27436 : 03F;
27437 : 03F;
27438 : 03F;
27439 : 03F;
27440 : 03F;
27441 : 03F;
27442 : 03F;
27443 : 03F;
27444 : 03F;
27445 : 03F;
27446 : 03F;
27447 : 03F;
27448 : 03F;
27449 : 03F;
27450 : 03F;
27451 : 03F;
27452 : 03F;
27453 : 03F;
27454 : 03F;
27455 : 03F;
27456 : 03F;
27457 : 03F;
27458 : 03F;
27459 : 03F;
27460 : 03F;
27461 : 03F;
27462 : 03F;
27463 : 03F;
27464 : 03F;
27465 : 03F;
27466 : 03F;
27467 : 03F;
27468 : 03F;
27469 : 03F;
27470 : 03F;
27471 : 03F;
27472 : 03F;
27473 : 03F;
27474 : 03F;
27475 : 03F;
27476 : 03F;
27477 : 03F;
27478 : 03F;
27479 : 03F;
27480 : 03F;
27481 : 03F;
27482 : 03F;
27483 : 03F;
27484 : 03F;
27485 : 03F;
27486 : 03F;
27487 : 03F;
27488 : 03F;
27489 : 03F;
27490 : 03F;
27491 : 03F;
27492 : 03F;
27493 : 03F;
27494 : 03F;
27495 : 03F;
27496 : 03F;
27497 : 03F;
27498 : 03F;
27499 : 03F;
27500 : 03F;
27501 : 03F;
27502 : 03F;
27503 : 03F;
27504 : 03F;
27505 : 03F;
27506 : 03F;
27507 : 03F;
27508 : 03F;
27509 : 03F;
27510 : 03F;
27511 : 03F;
27512 : 03F;
27513 : 03F;
27514 : 03F;
27515 : 03F;
27516 : 03F;
27517 : 03F;
27518 : 03F;
27519 : 03F;
27520 : 03F;
27521 : 03F;
27522 : 03F;
27523 : 03F;
27524 : 03F;
27525 : 03F;
27526 : 03F;
27527 : 03F;
27528 : 03F;
27529 : 03F;
27530 : 03F;
27531 : 03F;
27532 : 03F;
27533 : 03F;
27534 : 03F;
27535 : 03F;
27536 : 03F;
27537 : 03F;
27538 : 018;
27539 : 018;
27540 : 018;
27541 : 038;
27542 : 038;
27543 : 038;
27544 : 038;
27545 : 038;
27546 : 038;
27547 : 038;
27548 : 038;
27549 : 038;
27550 : 038;
27551 : 038;
27552 : 038;
27553 : 038;
27554 : 038;
27555 : 038;
27556 : 038;
27557 : 038;
27558 : 038;
27559 : 038;
27560 : 038;
27561 : 038;
27562 : 038;
27563 : 038;
27564 : 018;
27565 : 018;
27566 : 018;
27567 : 018;
27568 : 018;
27569 : 018;
27570 : 018;
27571 : 038;
27572 : 038;
27573 : 038;
27574 : 018;
27575 : 018;
27576 : 018;
27577 : 018;
27578 : 018;
27579 : 018;
27580 : 018;
27581 : 018;
27582 : 03F;
27583 : 03F;
27584 : 03F;
27585 : 03F;
27586 : 03F;
27587 : 03F;
27588 : 03F;
27589 : 03F;
27590 : 03F;
27591 : 03F;
27592 : 03F;
27593 : 03F;
27594 : 03F;
27595 : 03F;
27596 : 018;
27597 : 018;
27598 : 018;
27599 : 018;
27600 : 018;
27601 : 018;
27602 : 018;
27603 : 018;
27604 : 018;
27605 : 038;
27606 : 038;
27607 : 018;
27608 : 018;
27609 : 018;
27610 : 018;
27611 : 018;
27612 : 03F;
27613 : 03F;
27614 : 03F;
27615 : 03F;
27616 : 03F;
27617 : 03F;
27618 : 03F;
27619 : 03F;
27620 : 03F;
27621 : 03F;
27622 : 03F;
27623 : 03F;
27624 : 03F;
27625 : 03F;
27626 : 03F;
27627 : 03F;
27628 : 03F;
27629 : 03F;
27630 : 03F;
27631 : 03F;
27632 : 03F;
27633 : 03F;
27634 : 03F;
27635 : 03F;
27636 : 03F;
27637 : 03F;
27638 : 03F;
27639 : 03F;
27640 : 03F;
27641 : 03F;
27642 : 03F;
27643 : 03F;
27644 : 03F;
27645 : 03F;
27646 : 03F;
27647 : 03F;
27648 : 03F;
27649 : 03F;
27650 : 03F;
27651 : 03F;
27652 : 03F;
27653 : 03F;
27654 : 03F;
27655 : 03F;
27656 : 03F;
27657 : 03F;
27658 : 03F;
27659 : 03F;
27660 : 03F;
27661 : 03F;
27662 : 03F;
27663 : 03F;
27664 : 03F;
27665 : 03F;
27666 : 03F;
27667 : 03F;
27668 : 03F;
27669 : 03F;
27670 : 03F;
27671 : 03F;
27672 : 03F;
27673 : 03F;
27674 : 03F;
27675 : 03F;
27676 : 03F;
27677 : 03F;
27678 : 03F;
27679 : 03F;
27680 : 03F;
27681 : 03F;
27682 : 03F;
27683 : 03F;
27684 : 03F;
27685 : 03F;
27686 : 03F;
27687 : 03F;
27688 : 03F;
27689 : 03F;
27690 : 03F;
27691 : 03F;
27692 : 03F;
27693 : 03F;
27694 : 03F;
27695 : 03F;
27696 : 03F;
27697 : 03F;
27698 : 03F;
27699 : 03F;
27700 : 03F;
27701 : 03F;
27702 : 03F;
27703 : 03F;
27704 : 03F;
27705 : 03F;
27706 : 03F;
27707 : 03F;
27708 : 03F;
27709 : 03F;
27710 : 03F;
27711 : 03F;
27712 : 03F;
27713 : 03F;
27714 : 03F;
27715 : 03F;
27716 : 03F;
27717 : 03F;
27718 : 03F;
27719 : 03F;
27720 : 03F;
27721 : 03F;
27722 : 03F;
27723 : 03F;
27724 : 03F;
27725 : 03F;
27726 : 03F;
27727 : 03F;
27728 : 03F;
27729 : 03F;
27730 : 03F;
27731 : 03F;
27732 : 03F;
27733 : 03F;
27734 : 03F;
27735 : 03F;
27736 : 03F;
27737 : 03F;
27738 : 03F;
27739 : 03F;
27740 : 03F;
27741 : 03F;
27742 : 03F;
27743 : 03F;
27744 : 03F;
27745 : 03F;
27746 : 03F;
27747 : 03F;
27748 : 03F;
27749 : 03F;
27750 : 03F;
27751 : 03F;
27752 : 03F;
27753 : 03F;
27754 : 03F;
27755 : 03F;
27756 : 03F;
27757 : 03F;
27758 : 03F;
27759 : 03F;
27760 : 03F;
27761 : 03F;
27762 : 03F;
27763 : 03F;
27764 : 03F;
27765 : 03F;
27766 : 03F;
27767 : 03F;
27768 : 03F;
27769 : 03F;
27770 : 03F;
27771 : 03F;
27772 : 03F;
27773 : 03F;
27774 : 03F;
27775 : 03F;
27776 : 03F;
27777 : 03F;
27778 : 03F;
27779 : 03F;
27780 : 03F;
27781 : 03F;
27782 : 03F;
27783 : 03F;
27784 : 03F;
27785 : 03F;
27786 : 03F;
27787 : 03F;
27788 : 03F;
27789 : 03F;
27790 : 03F;
27791 : 03F;
27792 : 03F;
27793 : 03F;
27794 : 03F;
27795 : 03F;
27796 : 03F;
27797 : 03F;
27798 : 03F;
27799 : 03F;
27800 : 03F;
27801 : 03F;
27802 : 03F;
27803 : 03F;
27804 : 03F;
27805 : 03F;
27806 : 03F;
27807 : 03F;
27808 : 03F;
27809 : 03F;
27810 : 03F;
27811 : 03F;
27812 : 03F;
27813 : 03F;
27814 : 03F;
27815 : 03F;
27816 : 03F;
27817 : 03F;
27818 : 03F;
27819 : 03F;
27820 : 03F;
27821 : 03F;
27822 : 03F;
27823 : 03F;
27824 : 03F;
27825 : 03F;
27826 : 03F;
27827 : 03F;
27828 : 03F;
27829 : 03F;
27830 : 03F;
27831 : 03F;
27832 : 03F;
27833 : 03F;
27834 : 03F;
27835 : 03F;
27836 : 03F;
27837 : 03F;
27838 : 03F;
27839 : 03F;
27840 : 03F;
27841 : 03F;
27842 : 03F;
27843 : 03F;
27844 : 03F;
27845 : 03F;
27846 : 03F;
27847 : 03F;
27848 : 03F;
27849 : 03F;
27850 : 03F;
27851 : 03F;
27852 : 03F;
27853 : 03F;
27854 : 03F;
27855 : 03F;
27856 : 03F;
27857 : 018;
27858 : 018;
27859 : 038;
27860 : 038;
27861 : 038;
27862 : 038;
27863 : 038;
27864 : 038;
27865 : 038;
27866 : 038;
27867 : 038;
27868 : 038;
27869 : 038;
27870 : 038;
27871 : 038;
27872 : 038;
27873 : 038;
27874 : 038;
27875 : 038;
27876 : 038;
27877 : 038;
27878 : 038;
27879 : 038;
27880 : 038;
27881 : 038;
27882 : 038;
27883 : 038;
27884 : 038;
27885 : 018;
27886 : 018;
27887 : 018;
27888 : 018;
27889 : 018;
27890 : 018;
27891 : 018;
27892 : 038;
27893 : 038;
27894 : 038;
27895 : 018;
27896 : 018;
27897 : 018;
27898 : 018;
27899 : 018;
27900 : 018;
27901 : 018;
27902 : 018;
27903 : 03F;
27904 : 03F;
27905 : 03F;
27906 : 03F;
27907 : 03F;
27908 : 03F;
27909 : 03F;
27910 : 03F;
27911 : 03F;
27912 : 03F;
27913 : 03F;
27914 : 03F;
27915 : 03F;
27916 : 018;
27917 : 018;
27918 : 018;
27919 : 018;
27920 : 018;
27921 : 018;
27922 : 018;
27923 : 018;
27924 : 018;
27925 : 038;
27926 : 038;
27927 : 018;
27928 : 018;
27929 : 018;
27930 : 018;
27931 : 03F;
27932 : 03F;
27933 : 03F;
27934 : 03F;
27935 : 03F;
27936 : 03F;
27937 : 03F;
27938 : 03F;
27939 : 03F;
27940 : 03F;
27941 : 03F;
27942 : 03F;
27943 : 03F;
27944 : 03F;
27945 : 03F;
27946 : 03F;
27947 : 03F;
27948 : 03F;
27949 : 03F;
27950 : 03F;
27951 : 03F;
27952 : 03F;
27953 : 03F;
27954 : 03F;
27955 : 03F;
27956 : 03F;
27957 : 03F;
27958 : 03F;
27959 : 03F;
27960 : 03F;
27961 : 03F;
27962 : 03F;
27963 : 03F;
27964 : 03F;
27965 : 03F;
27966 : 03F;
27967 : 03F;
27968 : 03F;
27969 : 03F;
27970 : 03F;
27971 : 03F;
27972 : 03F;
27973 : 03F;
27974 : 03F;
27975 : 03F;
27976 : 03F;
27977 : 03F;
27978 : 03F;
27979 : 03F;
27980 : 03F;
27981 : 03F;
27982 : 03F;
27983 : 03F;
27984 : 03F;
27985 : 03F;
27986 : 03F;
27987 : 03F;
27988 : 03F;
27989 : 03F;
27990 : 03F;
27991 : 03F;
27992 : 03F;
27993 : 03F;
27994 : 03F;
27995 : 03F;
27996 : 03F;
27997 : 03F;
27998 : 03F;
27999 : 03F;
28000 : 03F;
28001 : 03F;
28002 : 03F;
28003 : 03F;
28004 : 03F;
28005 : 03F;
28006 : 03F;
28007 : 03F;
28008 : 03F;
28009 : 03F;
28010 : 03F;
28011 : 03F;
28012 : 03F;
28013 : 03F;
28014 : 03F;
28015 : 03F;
28016 : 03F;
28017 : 03F;
28018 : 03F;
28019 : 03F;
28020 : 03F;
28021 : 03F;
28022 : 03F;
28023 : 03F;
28024 : 03F;
28025 : 03F;
28026 : 03F;
28027 : 03F;
28028 : 03F;
28029 : 03F;
28030 : 03F;
28031 : 03F;
28032 : 03F;
28033 : 03F;
28034 : 03F;
28035 : 03F;
28036 : 03F;
28037 : 03F;
28038 : 03F;
28039 : 03F;
28040 : 03F;
28041 : 03F;
28042 : 03F;
28043 : 03F;
28044 : 03F;
28045 : 03F;
28046 : 03F;
28047 : 03F;
28048 : 03F;
28049 : 03F;
28050 : 03F;
28051 : 03F;
28052 : 03F;
28053 : 03F;
28054 : 03F;
28055 : 03F;
28056 : 03F;
28057 : 03F;
28058 : 03F;
28059 : 03F;
28060 : 03F;
28061 : 03F;
28062 : 03F;
28063 : 03F;
28064 : 03F;
28065 : 03F;
28066 : 03F;
28067 : 03F;
28068 : 03F;
28069 : 03F;
28070 : 03F;
28071 : 03F;
28072 : 03F;
28073 : 03F;
28074 : 03F;
28075 : 03F;
28076 : 03F;
28077 : 03F;
28078 : 03F;
28079 : 03F;
28080 : 03F;
28081 : 03F;
28082 : 03F;
28083 : 03F;
28084 : 03F;
28085 : 03F;
28086 : 03F;
28087 : 03F;
28088 : 03F;
28089 : 03F;
28090 : 03F;
28091 : 03F;
28092 : 03F;
28093 : 03F;
28094 : 03F;
28095 : 03F;
28096 : 03F;
28097 : 03F;
28098 : 03F;
28099 : 03F;
28100 : 03F;
28101 : 03F;
28102 : 03F;
28103 : 03F;
28104 : 03F;
28105 : 03F;
28106 : 03F;
28107 : 03F;
28108 : 03F;
28109 : 03F;
28110 : 03F;
28111 : 03F;
28112 : 03F;
28113 : 03F;
28114 : 03F;
28115 : 03F;
28116 : 03F;
28117 : 03F;
28118 : 03F;
28119 : 03F;
28120 : 03F;
28121 : 03F;
28122 : 03F;
28123 : 03F;
28124 : 03F;
28125 : 03F;
28126 : 03F;
28127 : 03F;
28128 : 03F;
28129 : 03F;
28130 : 03F;
28131 : 03F;
28132 : 03F;
28133 : 03F;
28134 : 03F;
28135 : 03F;
28136 : 03F;
28137 : 03F;
28138 : 03F;
28139 : 03F;
28140 : 03F;
28141 : 03F;
28142 : 03F;
28143 : 03F;
28144 : 03F;
28145 : 03F;
28146 : 03F;
28147 : 03F;
28148 : 03F;
28149 : 03F;
28150 : 03F;
28151 : 03F;
28152 : 03F;
28153 : 03F;
28154 : 03F;
28155 : 03F;
28156 : 03F;
28157 : 03F;
28158 : 03F;
28159 : 03F;
28160 : 03F;
28161 : 03F;
28162 : 03F;
28163 : 03F;
28164 : 03F;
28165 : 03F;
28166 : 03F;
28167 : 03F;
28168 : 03F;
28169 : 03F;
28170 : 03F;
28171 : 03F;
28172 : 03F;
28173 : 03F;
28174 : 03F;
28175 : 03F;
28176 : 018;
28177 : 018;
28178 : 038;
28179 : 038;
28180 : 038;
28181 : 038;
28182 : 038;
28183 : 038;
28184 : 038;
28185 : 038;
28186 : 038;
28187 : 038;
28188 : 038;
28189 : 038;
28190 : 038;
28191 : 038;
28192 : 038;
28193 : 038;
28194 : 038;
28195 : 038;
28196 : 038;
28197 : 038;
28198 : 038;
28199 : 038;
28200 : 038;
28201 : 038;
28202 : 038;
28203 : 038;
28204 : 038;
28205 : 038;
28206 : 018;
28207 : 018;
28208 : 018;
28209 : 018;
28210 : 018;
28211 : 018;
28212 : 018;
28213 : 038;
28214 : 038;
28215 : 038;
28216 : 018;
28217 : 018;
28218 : 018;
28219 : 018;
28220 : 018;
28221 : 018;
28222 : 018;
28223 : 018;
28224 : 03F;
28225 : 03F;
28226 : 03F;
28227 : 03F;
28228 : 03F;
28229 : 03F;
28230 : 03F;
28231 : 03F;
28232 : 03F;
28233 : 03F;
28234 : 03F;
28235 : 03F;
28236 : 018;
28237 : 018;
28238 : 018;
28239 : 018;
28240 : 018;
28241 : 018;
28242 : 018;
28243 : 018;
28244 : 018;
28245 : 038;
28246 : 038;
28247 : 018;
28248 : 018;
28249 : 018;
28250 : 018;
28251 : 03F;
28252 : 03F;
28253 : 03F;
28254 : 03F;
28255 : 03F;
28256 : 03F;
28257 : 03F;
28258 : 03F;
28259 : 03F;
28260 : 03F;
28261 : 03F;
28262 : 03F;
28263 : 03F;
28264 : 03F;
28265 : 03F;
28266 : 03F;
28267 : 03F;
28268 : 03F;
28269 : 03F;
28270 : 03F;
28271 : 03F;
28272 : 03F;
28273 : 03F;
28274 : 03F;
28275 : 03F;
28276 : 03F;
28277 : 03F;
28278 : 03F;
28279 : 03F;
28280 : 03F;
28281 : 03F;
28282 : 03F;
28283 : 03F;
28284 : 03F;
28285 : 03F;
28286 : 03F;
28287 : 03F;
28288 : 03F;
28289 : 03F;
28290 : 03F;
28291 : 03F;
28292 : 03F;
28293 : 03F;
28294 : 03F;
28295 : 03F;
28296 : 03F;
28297 : 03F;
28298 : 03F;
28299 : 03F;
28300 : 03F;
28301 : 03F;
28302 : 03F;
28303 : 03F;
28304 : 03F;
28305 : 03F;
28306 : 03F;
28307 : 03F;
28308 : 03F;
28309 : 03F;
28310 : 03F;
28311 : 03F;
28312 : 03F;
28313 : 03F;
28314 : 03F;
28315 : 03F;
28316 : 03F;
28317 : 03F;
28318 : 03F;
28319 : 03F;
28320 : 03F;
28321 : 03F;
28322 : 03F;
28323 : 03F;
28324 : 03F;
28325 : 03F;
28326 : 03F;
28327 : 03F;
28328 : 03F;
28329 : 03F;
28330 : 03F;
28331 : 03F;
28332 : 03F;
28333 : 03F;
28334 : 03F;
28335 : 03F;
28336 : 03F;
28337 : 03F;
28338 : 03F;
28339 : 03F;
28340 : 03F;
28341 : 03F;
28342 : 03F;
28343 : 03F;
28344 : 03F;
28345 : 03F;
28346 : 03F;
28347 : 03F;
28348 : 03F;
28349 : 03F;
28350 : 03F;
28351 : 03F;
28352 : 03F;
28353 : 03F;
28354 : 03F;
28355 : 03F;
28356 : 03F;
28357 : 03F;
28358 : 03F;
28359 : 03F;
28360 : 03F;
28361 : 03F;
28362 : 03F;
28363 : 03F;
28364 : 03F;
28365 : 03F;
28366 : 03F;
28367 : 03F;
28368 : 03F;
28369 : 03F;
28370 : 03F;
28371 : 03F;
28372 : 03F;
28373 : 03F;
28374 : 03F;
28375 : 03F;
28376 : 03F;
28377 : 03F;
28378 : 03F;
28379 : 03F;
28380 : 03F;
28381 : 03F;
28382 : 03F;
28383 : 03F;
28384 : 03F;
28385 : 03F;
28386 : 03F;
28387 : 03F;
28388 : 03F;
28389 : 03F;
28390 : 03F;
28391 : 03F;
28392 : 03F;
28393 : 03F;
28394 : 03F;
28395 : 03F;
28396 : 03F;
28397 : 03F;
28398 : 03F;
28399 : 03F;
28400 : 03F;
28401 : 03F;
28402 : 03F;
28403 : 03F;
28404 : 03F;
28405 : 03F;
28406 : 03F;
28407 : 03F;
28408 : 03F;
28409 : 03F;
28410 : 03F;
28411 : 03F;
28412 : 03F;
28413 : 03F;
28414 : 03F;
28415 : 03F;
28416 : 03F;
28417 : 03F;
28418 : 03F;
28419 : 03F;
28420 : 03F;
28421 : 03F;
28422 : 03F;
28423 : 03F;
28424 : 03F;
28425 : 03F;
28426 : 03F;
28427 : 03F;
28428 : 03F;
28429 : 03F;
28430 : 03F;
28431 : 03F;
28432 : 03F;
28433 : 03F;
28434 : 03F;
28435 : 03F;
28436 : 03F;
28437 : 03F;
28438 : 03F;
28439 : 03F;
28440 : 03F;
28441 : 03F;
28442 : 03F;
28443 : 03F;
28444 : 03F;
28445 : 03F;
28446 : 03F;
28447 : 03F;
28448 : 03F;
28449 : 03F;
28450 : 03F;
28451 : 03F;
28452 : 03F;
28453 : 03F;
28454 : 03F;
28455 : 03F;
28456 : 03F;
28457 : 03F;
28458 : 03F;
28459 : 03F;
28460 : 03F;
28461 : 03F;
28462 : 03F;
28463 : 03F;
28464 : 03F;
28465 : 03F;
28466 : 03F;
28467 : 03F;
28468 : 03F;
28469 : 03F;
28470 : 03F;
28471 : 03F;
28472 : 03F;
28473 : 03F;
28474 : 03F;
28475 : 03F;
28476 : 03F;
28477 : 03F;
28478 : 03F;
28479 : 03F;
28480 : 03F;
28481 : 03F;
28482 : 03F;
28483 : 03F;
28484 : 03F;
28485 : 03F;
28486 : 03F;
28487 : 03F;
28488 : 03F;
28489 : 03F;
28490 : 03F;
28491 : 03F;
28492 : 03F;
28493 : 03F;
28494 : 03F;
28495 : 03F;
28496 : 038;
28497 : 038;
28498 : 038;
28499 : 038;
28500 : 038;
28501 : 038;
28502 : 038;
28503 : 038;
28504 : 038;
28505 : 038;
28506 : 038;
28507 : 038;
28508 : 038;
28509 : 038;
28510 : 038;
28511 : 038;
28512 : 038;
28513 : 038;
28514 : 038;
28515 : 038;
28516 : 038;
28517 : 038;
28518 : 038;
28519 : 038;
28520 : 038;
28521 : 038;
28522 : 038;
28523 : 038;
28524 : 038;
28525 : 038;
28526 : 018;
28527 : 018;
28528 : 018;
28529 : 018;
28530 : 018;
28531 : 018;
28532 : 018;
28533 : 018;
28534 : 038;
28535 : 038;
28536 : 038;
28537 : 018;
28538 : 018;
28539 : 018;
28540 : 018;
28541 : 018;
28542 : 018;
28543 : 018;
28544 : 018;
28545 : 03F;
28546 : 03F;
28547 : 03F;
28548 : 03F;
28549 : 03F;
28550 : 03F;
28551 : 03F;
28552 : 03F;
28553 : 03F;
28554 : 03F;
28555 : 03F;
28556 : 018;
28557 : 018;
28558 : 018;
28559 : 018;
28560 : 018;
28561 : 018;
28562 : 018;
28563 : 018;
28564 : 038;
28565 : 038;
28566 : 018;
28567 : 018;
28568 : 018;
28569 : 018;
28570 : 03F;
28571 : 03F;
28572 : 03F;
28573 : 03F;
28574 : 03F;
28575 : 03F;
28576 : 03F;
28577 : 03F;
28578 : 03F;
28579 : 03F;
28580 : 03F;
28581 : 03F;
28582 : 03F;
28583 : 03F;
28584 : 03F;
28585 : 03F;
28586 : 03F;
28587 : 03F;
28588 : 03F;
28589 : 03F;
28590 : 03F;
28591 : 03F;
28592 : 03F;
28593 : 03F;
28594 : 03F;
28595 : 03F;
28596 : 03F;
28597 : 03F;
28598 : 03F;
28599 : 03F;
28600 : 03F;
28601 : 03F;
28602 : 03F;
28603 : 03F;
28604 : 03F;
28605 : 03F;
28606 : 03F;
28607 : 03F;
28608 : 03F;
28609 : 03F;
28610 : 03F;
28611 : 03F;
28612 : 03F;
28613 : 03F;
28614 : 03F;
28615 : 03F;
28616 : 03F;
28617 : 03F;
28618 : 03F;
28619 : 03F;
28620 : 03F;
28621 : 03F;
28622 : 03F;
28623 : 03F;
28624 : 03F;
28625 : 03F;
28626 : 03F;
28627 : 03F;
28628 : 03F;
28629 : 03F;
28630 : 03F;
28631 : 03F;
28632 : 03F;
28633 : 03F;
28634 : 03F;
28635 : 03F;
28636 : 03F;
28637 : 03F;
28638 : 03F;
28639 : 03F;
28640 : 03F;
28641 : 03F;
28642 : 03F;
28643 : 03F;
28644 : 03F;
28645 : 03F;
28646 : 03F;
28647 : 03F;
28648 : 03F;
28649 : 03F;
28650 : 03F;
28651 : 03F;
28652 : 03F;
28653 : 03F;
28654 : 03F;
28655 : 03F;
28656 : 03F;
28657 : 03F;
28658 : 03F;
28659 : 03F;
28660 : 03F;
28661 : 03F;
28662 : 03F;
28663 : 03F;
28664 : 03F;
28665 : 03F;
28666 : 03F;
28667 : 03F;
28668 : 03F;
28669 : 03F;
28670 : 03F;
28671 : 03F;
28672 : 03F;
28673 : 03F;
28674 : 03F;
28675 : 03F;
28676 : 03F;
28677 : 03F;
28678 : 03F;
28679 : 03F;
28680 : 03F;
28681 : 03F;
28682 : 03F;
28683 : 03F;
28684 : 03F;
28685 : 03F;
28686 : 03F;
28687 : 03F;
28688 : 03F;
28689 : 03F;
28690 : 03F;
28691 : 03F;
28692 : 03F;
28693 : 03F;
28694 : 03F;
28695 : 03F;
28696 : 03F;
28697 : 03F;
28698 : 03F;
28699 : 03F;
28700 : 03F;
28701 : 03F;
28702 : 03F;
28703 : 03F;
28704 : 03F;
28705 : 03F;
28706 : 03F;
28707 : 03F;
28708 : 03F;
28709 : 03F;
28710 : 03F;
28711 : 03F;
28712 : 03F;
28713 : 03F;
28714 : 03F;
28715 : 03F;
28716 : 03F;
28717 : 03F;
28718 : 03F;
28719 : 03F;
28720 : 03F;
28721 : 03F;
28722 : 03F;
28723 : 03F;
28724 : 03F;
28725 : 03F;
28726 : 03F;
28727 : 03F;
28728 : 03F;
28729 : 03F;
28730 : 03F;
28731 : 03F;
28732 : 03F;
28733 : 03F;
28734 : 03F;
28735 : 03F;
28736 : 03F;
28737 : 03F;
28738 : 03F;
28739 : 03F;
28740 : 03F;
28741 : 03F;
28742 : 03F;
28743 : 03F;
28744 : 03F;
28745 : 03F;
28746 : 03F;
28747 : 03F;
28748 : 03F;
28749 : 03F;
28750 : 03F;
28751 : 03F;
28752 : 03F;
28753 : 03F;
28754 : 03F;
28755 : 03F;
28756 : 03F;
28757 : 03F;
28758 : 03F;
28759 : 03F;
28760 : 03F;
28761 : 03F;
28762 : 03F;
28763 : 03F;
28764 : 03F;
28765 : 03F;
28766 : 03F;
28767 : 03F;
28768 : 03F;
28769 : 03F;
28770 : 03F;
28771 : 03F;
28772 : 03F;
28773 : 03F;
28774 : 03F;
28775 : 03F;
28776 : 03F;
28777 : 03F;
28778 : 03F;
28779 : 03F;
28780 : 03F;
28781 : 03F;
28782 : 03F;
28783 : 03F;
28784 : 03F;
28785 : 03F;
28786 : 03F;
28787 : 03F;
28788 : 03F;
28789 : 03F;
28790 : 03F;
28791 : 03F;
28792 : 03F;
28793 : 03F;
28794 : 03F;
28795 : 03F;
28796 : 03F;
28797 : 03F;
28798 : 03F;
28799 : 03F;
28800 : 03F;
28801 : 03F;
28802 : 03F;
28803 : 03F;
28804 : 03F;
28805 : 03F;
28806 : 03F;
28807 : 03F;
28808 : 03F;
28809 : 03F;
28810 : 03F;
28811 : 03F;
28812 : 03F;
28813 : 03F;
28814 : 038;
28815 : 038;
28816 : 038;
28817 : 038;
28818 : 038;
28819 : 038;
28820 : 038;
28821 : 038;
28822 : 038;
28823 : 038;
28824 : 038;
28825 : 038;
28826 : 038;
28827 : 038;
28828 : 038;
28829 : 038;
28830 : 038;
28831 : 038;
28832 : 038;
28833 : 038;
28834 : 038;
28835 : 038;
28836 : 038;
28837 : 038;
28838 : 038;
28839 : 038;
28840 : 038;
28841 : 038;
28842 : 038;
28843 : 038;
28844 : 038;
28845 : 038;
28846 : 038;
28847 : 018;
28848 : 018;
28849 : 018;
28850 : 018;
28851 : 018;
28852 : 018;
28853 : 018;
28854 : 018;
28855 : 038;
28856 : 038;
28857 : 018;
28858 : 018;
28859 : 018;
28860 : 018;
28861 : 018;
28862 : 018;
28863 : 018;
28864 : 018;
28865 : 03F;
28866 : 03F;
28867 : 03F;
28868 : 03F;
28869 : 03F;
28870 : 03F;
28871 : 03F;
28872 : 03F;
28873 : 03F;
28874 : 03F;
28875 : 03F;
28876 : 018;
28877 : 018;
28878 : 018;
28879 : 018;
28880 : 018;
28881 : 018;
28882 : 018;
28883 : 018;
28884 : 038;
28885 : 038;
28886 : 018;
28887 : 018;
28888 : 018;
28889 : 018;
28890 : 03F;
28891 : 03F;
28892 : 03F;
28893 : 03F;
28894 : 03F;
28895 : 03F;
28896 : 03F;
28897 : 03F;
28898 : 03F;
28899 : 018;
28900 : 03F;
28901 : 03F;
28902 : 03F;
28903 : 03F;
28904 : 03F;
28905 : 03F;
28906 : 03F;
28907 : 03F;
28908 : 03F;
28909 : 03F;
28910 : 03F;
28911 : 03F;
28912 : 03F;
28913 : 03F;
28914 : 03F;
28915 : 03F;
28916 : 03F;
28917 : 03F;
28918 : 03F;
28919 : 03F;
28920 : 03F;
28921 : 03F;
28922 : 03F;
28923 : 03F;
28924 : 03F;
28925 : 03F;
28926 : 03F;
28927 : 03F;
28928 : 03F;
28929 : 03F;
28930 : 03F;
28931 : 03F;
28932 : 03F;
28933 : 03F;
28934 : 03F;
28935 : 03F;
28936 : 03F;
28937 : 03F;
28938 : 03F;
28939 : 03F;
28940 : 03F;
28941 : 03F;
28942 : 03F;
28943 : 03F;
28944 : 03F;
28945 : 03F;
28946 : 03F;
28947 : 03F;
28948 : 03F;
28949 : 03F;
28950 : 03F;
28951 : 03F;
28952 : 03F;
28953 : 03F;
28954 : 03F;
28955 : 03F;
28956 : 03F;
28957 : 03F;
28958 : 03F;
28959 : 03F;
28960 : 03F;
28961 : 03F;
28962 : 03F;
28963 : 03F;
28964 : 03F;
28965 : 03F;
28966 : 03F;
28967 : 03F;
28968 : 03F;
28969 : 03F;
28970 : 03F;
28971 : 03F;
28972 : 03F;
28973 : 03F;
28974 : 03F;
28975 : 03F;
28976 : 03F;
28977 : 03F;
28978 : 03F;
28979 : 03F;
28980 : 03F;
28981 : 03F;
28982 : 03F;
28983 : 03F;
28984 : 03F;
28985 : 03F;
28986 : 03F;
28987 : 03F;
28988 : 03F;
28989 : 03F;
28990 : 03F;
28991 : 03F;
28992 : 03F;
28993 : 03F;
28994 : 03F;
28995 : 03F;
28996 : 03F;
28997 : 03F;
28998 : 03F;
28999 : 03F;
29000 : 03F;
29001 : 03F;
29002 : 03F;
29003 : 03F;
29004 : 03F;
29005 : 03F;
29006 : 03F;
29007 : 03F;
29008 : 03F;
29009 : 03F;
29010 : 03F;
29011 : 03F;
29012 : 03F;
29013 : 03F;
29014 : 03F;
29015 : 03F;
29016 : 03F;
29017 : 03F;
29018 : 03F;
29019 : 03F;
29020 : 03F;
29021 : 03F;
29022 : 03F;
29023 : 03F;
29024 : 03F;
29025 : 03F;
29026 : 03F;
29027 : 03F;
29028 : 03F;
29029 : 03F;
29030 : 03F;
29031 : 03F;
29032 : 03F;
29033 : 03F;
29034 : 03F;
29035 : 03F;
29036 : 03F;
29037 : 03F;
29038 : 03F;
29039 : 03F;
29040 : 03F;
29041 : 03F;
29042 : 03F;
29043 : 03F;
29044 : 03F;
29045 : 03F;
29046 : 03F;
29047 : 03F;
29048 : 03F;
29049 : 03F;
29050 : 03F;
29051 : 03F;
29052 : 03F;
29053 : 03F;
29054 : 03F;
29055 : 03F;
29056 : 03F;
29057 : 03F;
29058 : 03F;
29059 : 03F;
29060 : 03F;
29061 : 03F;
29062 : 03F;
29063 : 03F;
29064 : 03F;
29065 : 03F;
29066 : 03F;
29067 : 03F;
29068 : 03F;
29069 : 03F;
29070 : 03F;
29071 : 03F;
29072 : 03F;
29073 : 03F;
29074 : 03F;
29075 : 03F;
29076 : 03F;
29077 : 03F;
29078 : 03F;
29079 : 03F;
29080 : 03F;
29081 : 03F;
29082 : 03F;
29083 : 03F;
29084 : 03F;
29085 : 03F;
29086 : 03F;
29087 : 03F;
29088 : 03F;
29089 : 03F;
29090 : 03F;
29091 : 03F;
29092 : 03F;
29093 : 03F;
29094 : 03F;
29095 : 03F;
29096 : 03F;
29097 : 03F;
29098 : 03F;
29099 : 03F;
29100 : 03F;
29101 : 03F;
29102 : 03F;
29103 : 03F;
29104 : 03F;
29105 : 03F;
29106 : 03F;
29107 : 03F;
29108 : 03F;
29109 : 03F;
29110 : 03F;
29111 : 03F;
29112 : 03F;
29113 : 03F;
29114 : 03F;
29115 : 03F;
29116 : 03F;
29117 : 03F;
29118 : 03F;
29119 : 03F;
29120 : 007;
29121 : 007;
29122 : 007;
29123 : 007;
29124 : 007;
29125 : 007;
29126 : 007;
29127 : 007;
29128 : 007;
29129 : 007;
29130 : 007;
29131 : 007;
29132 : 007;
29133 : 038;
29134 : 038;
29135 : 038;
29136 : 038;
29137 : 038;
29138 : 038;
29139 : 038;
29140 : 038;
29141 : 038;
29142 : 038;
29143 : 038;
29144 : 038;
29145 : 038;
29146 : 038;
29147 : 038;
29148 : 038;
29149 : 038;
29150 : 038;
29151 : 038;
29152 : 038;
29153 : 038;
29154 : 038;
29155 : 038;
29156 : 038;
29157 : 038;
29158 : 038;
29159 : 038;
29160 : 038;
29161 : 038;
29162 : 038;
29163 : 038;
29164 : 038;
29165 : 038;
29166 : 038;
29167 : 038;
29168 : 018;
29169 : 018;
29170 : 018;
29171 : 018;
29172 : 018;
29173 : 018;
29174 : 018;
29175 : 038;
29176 : 038;
29177 : 038;
29178 : 018;
29179 : 018;
29180 : 018;
29181 : 018;
29182 : 018;
29183 : 018;
29184 : 018;
29185 : 018;
29186 : 018;
29187 : 007;
29188 : 007;
29189 : 007;
29190 : 007;
29191 : 007;
29192 : 007;
29193 : 007;
29194 : 007;
29195 : 007;
29196 : 018;
29197 : 018;
29198 : 018;
29199 : 018;
29200 : 018;
29201 : 018;
29202 : 018;
29203 : 018;
29204 : 038;
29205 : 038;
29206 : 018;
29207 : 018;
29208 : 018;
29209 : 007;
29210 : 007;
29211 : 007;
29212 : 007;
29213 : 007;
29214 : 007;
29215 : 007;
29216 : 007;
29217 : 007;
29218 : 018;
29219 : 018;
29220 : 018;
29221 : 018;
29222 : 018;
29223 : 018;
29224 : 018;
29225 : 018;
29226 : 018;
29227 : 018;
29228 : 018;
29229 : 018;
29230 : 018;
29231 : 018;
29232 : 018;
29233 : 018;
29234 : 018;
29235 : 018;
29236 : 018;
29237 : 018;
29238 : 018;
29239 : 018;
29240 : 018;
29241 : 018;
29242 : 018;
29243 : 018;
29244 : 007;
29245 : 007;
29246 : 007;
29247 : 007;
29248 : 007;
29249 : 007;
29250 : 007;
29251 : 007;
29252 : 007;
29253 : 007;
29254 : 007;
29255 : 007;
29256 : 007;
29257 : 007;
29258 : 007;
29259 : 007;
29260 : 007;
29261 : 007;
29262 : 007;
29263 : 007;
29264 : 007;
29265 : 007;
29266 : 007;
29267 : 007;
29268 : 007;
29269 : 007;
29270 : 007;
29271 : 007;
29272 : 007;
29273 : 007;
29274 : 007;
29275 : 007;
29276 : 007;
29277 : 007;
29278 : 007;
29279 : 007;
29280 : 007;
29281 : 007;
29282 : 007;
29283 : 007;
29284 : 007;
29285 : 007;
29286 : 007;
29287 : 007;
29288 : 007;
29289 : 007;
29290 : 007;
29291 : 007;
29292 : 007;
29293 : 007;
29294 : 007;
29295 : 007;
29296 : 007;
29297 : 007;
29298 : 007;
29299 : 007;
29300 : 007;
29301 : 007;
29302 : 007;
29303 : 007;
29304 : 007;
29305 : 007;
29306 : 007;
29307 : 007;
29308 : 007;
29309 : 007;
29310 : 007;
29311 : 007;
29312 : 007;
29313 : 007;
29314 : 007;
29315 : 007;
29316 : 007;
29317 : 007;
29318 : 007;
29319 : 007;
29320 : 007;
29321 : 007;
29322 : 007;
29323 : 007;
29324 : 007;
29325 : 007;
29326 : 007;
29327 : 007;
29328 : 007;
29329 : 007;
29330 : 007;
29331 : 007;
29332 : 007;
29333 : 007;
29334 : 007;
29335 : 007;
29336 : 007;
29337 : 007;
29338 : 007;
29339 : 007;
29340 : 007;
29341 : 007;
29342 : 007;
29343 : 007;
29344 : 007;
29345 : 007;
29346 : 007;
29347 : 007;
29348 : 007;
29349 : 007;
29350 : 007;
29351 : 007;
29352 : 007;
29353 : 007;
29354 : 007;
29355 : 007;
29356 : 007;
29357 : 007;
29358 : 007;
29359 : 007;
29360 : 007;
29361 : 007;
29362 : 007;
29363 : 007;
29364 : 007;
29365 : 007;
29366 : 007;
29367 : 007;
29368 : 007;
29369 : 007;
29370 : 007;
29371 : 007;
29372 : 007;
29373 : 007;
29374 : 007;
29375 : 007;
29376 : 007;
29377 : 007;
29378 : 007;
29379 : 007;
29380 : 007;
29381 : 007;
29382 : 007;
29383 : 007;
29384 : 007;
29385 : 007;
29386 : 007;
29387 : 007;
29388 : 007;
29389 : 007;
29390 : 007;
29391 : 007;
29392 : 007;
29393 : 007;
29394 : 007;
29395 : 007;
29396 : 007;
29397 : 007;
29398 : 007;
29399 : 007;
29400 : 007;
29401 : 007;
29402 : 007;
29403 : 007;
29404 : 007;
29405 : 007;
29406 : 007;
29407 : 007;
29408 : 007;
29409 : 007;
29410 : 007;
29411 : 007;
29412 : 007;
29413 : 007;
29414 : 007;
29415 : 007;
29416 : 007;
29417 : 007;
29418 : 007;
29419 : 007;
29420 : 007;
29421 : 007;
29422 : 007;
29423 : 007;
29424 : 007;
29425 : 007;
29426 : 007;
29427 : 007;
29428 : 007;
29429 : 007;
29430 : 007;
29431 : 007;
29432 : 007;
29433 : 007;
29434 : 007;
29435 : 007;
29436 : 007;
29437 : 007;
29438 : 007;
29439 : 007;
29440 : 007;
29441 : 007;
29442 : 007;
29443 : 007;
29444 : 007;
29445 : 007;
29446 : 007;
29447 : 007;
29448 : 007;
29449 : 007;
29450 : 018;
29451 : 038;
29452 : 038;
29453 : 038;
29454 : 038;
29455 : 038;
29456 : 038;
29457 : 038;
29458 : 038;
29459 : 038;
29460 : 038;
29461 : 038;
29462 : 038;
29463 : 038;
29464 : 038;
29465 : 038;
29466 : 038;
29467 : 038;
29468 : 038;
29469 : 038;
29470 : 038;
29471 : 038;
29472 : 038;
29473 : 038;
29474 : 038;
29475 : 038;
29476 : 038;
29477 : 038;
29478 : 038;
29479 : 038;
29480 : 038;
29481 : 038;
29482 : 038;
29483 : 038;
29484 : 038;
29485 : 038;
29486 : 038;
29487 : 038;
29488 : 038;
29489 : 018;
29490 : 018;
29491 : 018;
29492 : 018;
29493 : 018;
29494 : 018;
29495 : 018;
29496 : 038;
29497 : 038;
29498 : 038;
29499 : 018;
29500 : 018;
29501 : 018;
29502 : 018;
29503 : 018;
29504 : 018;
29505 : 018;
29506 : 018;
29507 : 018;
29508 : 018;
29509 : 007;
29510 : 007;
29511 : 007;
29512 : 007;
29513 : 007;
29514 : 007;
29515 : 007;
29516 : 018;
29517 : 018;
29518 : 018;
29519 : 018;
29520 : 018;
29521 : 018;
29522 : 018;
29523 : 038;
29524 : 038;
29525 : 018;
29526 : 018;
29527 : 018;
29528 : 018;
29529 : 007;
29530 : 007;
29531 : 007;
29532 : 007;
29533 : 007;
29534 : 007;
29535 : 007;
29536 : 007;
29537 : 018;
29538 : 018;
29539 : 018;
29540 : 018;
29541 : 018;
29542 : 018;
29543 : 018;
29544 : 018;
29545 : 018;
29546 : 018;
29547 : 018;
29548 : 018;
29549 : 018;
29550 : 018;
29551 : 018;
29552 : 018;
29553 : 018;
29554 : 018;
29555 : 018;
29556 : 018;
29557 : 018;
29558 : 018;
29559 : 018;
29560 : 018;
29561 : 018;
29562 : 018;
29563 : 018;
29564 : 018;
29565 : 007;
29566 : 007;
29567 : 007;
29568 : 007;
29569 : 007;
29570 : 007;
29571 : 007;
29572 : 007;
29573 : 007;
29574 : 007;
29575 : 007;
29576 : 007;
29577 : 007;
29578 : 007;
29579 : 007;
29580 : 007;
29581 : 007;
29582 : 007;
29583 : 007;
29584 : 007;
29585 : 007;
29586 : 007;
29587 : 007;
29588 : 007;
29589 : 007;
29590 : 007;
29591 : 007;
29592 : 007;
29593 : 007;
29594 : 007;
29595 : 007;
29596 : 007;
29597 : 007;
29598 : 007;
29599 : 007;
29600 : 007;
29601 : 007;
29602 : 007;
29603 : 007;
29604 : 007;
29605 : 007;
29606 : 007;
29607 : 007;
29608 : 007;
29609 : 007;
29610 : 007;
29611 : 007;
29612 : 007;
29613 : 007;
29614 : 007;
29615 : 007;
29616 : 007;
29617 : 007;
29618 : 007;
29619 : 007;
29620 : 007;
29621 : 007;
29622 : 007;
29623 : 007;
29624 : 007;
29625 : 007;
29626 : 007;
29627 : 007;
29628 : 007;
29629 : 007;
29630 : 007;
29631 : 007;
29632 : 007;
29633 : 007;
29634 : 007;
29635 : 007;
29636 : 007;
29637 : 007;
29638 : 007;
29639 : 007;
29640 : 007;
29641 : 007;
29642 : 007;
29643 : 007;
29644 : 007;
29645 : 007;
29646 : 007;
29647 : 007;
29648 : 007;
29649 : 007;
29650 : 007;
29651 : 007;
29652 : 007;
29653 : 007;
29654 : 007;
29655 : 007;
29656 : 007;
29657 : 007;
29658 : 007;
29659 : 007;
29660 : 007;
29661 : 007;
29662 : 007;
29663 : 007;
29664 : 007;
29665 : 007;
29666 : 007;
29667 : 007;
29668 : 007;
29669 : 007;
29670 : 007;
29671 : 007;
29672 : 007;
29673 : 007;
29674 : 007;
29675 : 007;
29676 : 007;
29677 : 007;
29678 : 007;
29679 : 007;
29680 : 007;
29681 : 007;
29682 : 007;
29683 : 007;
29684 : 007;
29685 : 007;
29686 : 007;
29687 : 007;
29688 : 007;
29689 : 007;
29690 : 007;
29691 : 007;
29692 : 007;
29693 : 007;
29694 : 007;
29695 : 007;
29696 : 007;
29697 : 007;
29698 : 007;
29699 : 007;
29700 : 007;
29701 : 007;
29702 : 007;
29703 : 007;
29704 : 007;
29705 : 007;
29706 : 007;
29707 : 007;
29708 : 007;
29709 : 007;
29710 : 007;
29711 : 007;
29712 : 007;
29713 : 007;
29714 : 007;
29715 : 007;
29716 : 007;
29717 : 007;
29718 : 007;
29719 : 007;
29720 : 007;
29721 : 007;
29722 : 007;
29723 : 007;
29724 : 007;
29725 : 007;
29726 : 007;
29727 : 007;
29728 : 007;
29729 : 007;
29730 : 007;
29731 : 007;
29732 : 007;
29733 : 007;
29734 : 007;
29735 : 007;
29736 : 007;
29737 : 007;
29738 : 007;
29739 : 007;
29740 : 007;
29741 : 007;
29742 : 007;
29743 : 007;
29744 : 007;
29745 : 007;
29746 : 007;
29747 : 007;
29748 : 007;
29749 : 007;
29750 : 007;
29751 : 007;
29752 : 007;
29753 : 007;
29754 : 007;
29755 : 007;
29756 : 007;
29757 : 007;
29758 : 007;
29759 : 007;
29760 : 007;
29761 : 007;
29762 : 007;
29763 : 007;
29764 : 007;
29765 : 007;
29766 : 007;
29767 : 007;
29768 : 018;
29769 : 018;
29770 : 018;
29771 : 018;
29772 : 018;
29773 : 018;
29774 : 018;
29775 : 018;
29776 : 018;
29777 : 018;
29778 : 018;
29779 : 018;
29780 : 018;
29781 : 018;
29782 : 018;
29783 : 018;
29784 : 018;
29785 : 018;
29786 : 018;
29787 : 018;
29788 : 018;
29789 : 018;
29790 : 018;
29791 : 018;
29792 : 018;
29793 : 018;
29794 : 018;
29795 : 018;
29796 : 018;
29797 : 018;
29798 : 018;
29799 : 018;
29800 : 018;
29801 : 018;
29802 : 018;
29803 : 018;
29804 : 018;
29805 : 018;
29806 : 018;
29807 : 018;
29808 : 018;
29809 : 018;
29810 : 018;
29811 : 018;
29812 : 018;
29813 : 018;
29814 : 018;
29815 : 018;
29816 : 018;
29817 : 038;
29818 : 038;
29819 : 038;
29820 : 018;
29821 : 018;
29822 : 018;
29823 : 018;
29824 : 018;
29825 : 018;
29826 : 018;
29827 : 018;
29828 : 018;
29829 : 018;
29830 : 018;
29831 : 007;
29832 : 007;
29833 : 007;
29834 : 007;
29835 : 007;
29836 : 018;
29837 : 018;
29838 : 018;
29839 : 018;
29840 : 018;
29841 : 018;
29842 : 018;
29843 : 038;
29844 : 038;
29845 : 018;
29846 : 018;
29847 : 018;
29848 : 007;
29849 : 007;
29850 : 007;
29851 : 007;
29852 : 007;
29853 : 007;
29854 : 007;
29855 : 007;
29856 : 018;
29857 : 018;
29858 : 018;
29859 : 018;
29860 : 018;
29861 : 018;
29862 : 018;
29863 : 018;
29864 : 018;
29865 : 018;
29866 : 018;
29867 : 018;
29868 : 018;
29869 : 018;
29870 : 018;
29871 : 018;
29872 : 018;
29873 : 018;
29874 : 018;
29875 : 018;
29876 : 018;
29877 : 018;
29878 : 018;
29879 : 018;
29880 : 018;
29881 : 018;
29882 : 018;
29883 : 018;
29884 : 018;
29885 : 018;
29886 : 018;
29887 : 007;
29888 : 007;
29889 : 007;
29890 : 007;
29891 : 007;
29892 : 007;
29893 : 007;
29894 : 007;
29895 : 007;
29896 : 007;
29897 : 007;
29898 : 007;
29899 : 007;
29900 : 007;
29901 : 007;
29902 : 007;
29903 : 007;
29904 : 007;
29905 : 007;
29906 : 007;
29907 : 007;
29908 : 007;
29909 : 007;
29910 : 007;
29911 : 007;
29912 : 007;
29913 : 007;
29914 : 007;
29915 : 007;
29916 : 007;
29917 : 007;
29918 : 007;
29919 : 007;
29920 : 007;
29921 : 007;
29922 : 007;
29923 : 007;
29924 : 007;
29925 : 007;
29926 : 007;
29927 : 007;
29928 : 007;
29929 : 007;
29930 : 007;
29931 : 007;
29932 : 007;
29933 : 007;
29934 : 007;
29935 : 007;
29936 : 007;
29937 : 007;
29938 : 007;
29939 : 007;
29940 : 007;
29941 : 007;
29942 : 007;
29943 : 007;
29944 : 007;
29945 : 007;
29946 : 007;
29947 : 007;
29948 : 007;
29949 : 007;
29950 : 007;
29951 : 007;
29952 : 007;
29953 : 007;
29954 : 007;
29955 : 007;
29956 : 007;
29957 : 007;
29958 : 007;
29959 : 007;
29960 : 007;
29961 : 007;
29962 : 007;
29963 : 007;
29964 : 007;
29965 : 007;
29966 : 007;
29967 : 007;
29968 : 007;
29969 : 007;
29970 : 007;
29971 : 007;
29972 : 007;
29973 : 007;
29974 : 007;
29975 : 007;
29976 : 007;
29977 : 007;
29978 : 007;
29979 : 007;
29980 : 007;
29981 : 007;
29982 : 007;
29983 : 007;
29984 : 007;
29985 : 007;
29986 : 007;
29987 : 007;
29988 : 007;
29989 : 007;
29990 : 007;
29991 : 007;
29992 : 007;
29993 : 007;
29994 : 007;
29995 : 007;
29996 : 007;
29997 : 007;
29998 : 007;
29999 : 007;
30000 : 007;
30001 : 007;
30002 : 007;
30003 : 007;
30004 : 007;
30005 : 007;
30006 : 007;
30007 : 007;
30008 : 007;
30009 : 007;
30010 : 007;
30011 : 007;
30012 : 007;
30013 : 007;
30014 : 007;
30015 : 007;
30016 : 007;
30017 : 007;
30018 : 007;
30019 : 007;
30020 : 007;
30021 : 007;
30022 : 007;
30023 : 007;
30024 : 007;
30025 : 007;
30026 : 007;
30027 : 007;
30028 : 007;
30029 : 007;
30030 : 007;
30031 : 007;
30032 : 007;
30033 : 007;
30034 : 007;
30035 : 007;
30036 : 007;
30037 : 007;
30038 : 007;
30039 : 007;
30040 : 007;
30041 : 007;
30042 : 007;
30043 : 007;
30044 : 007;
30045 : 007;
30046 : 007;
30047 : 007;
30048 : 007;
30049 : 007;
30050 : 007;
30051 : 007;
30052 : 007;
30053 : 007;
30054 : 007;
30055 : 007;
30056 : 007;
30057 : 007;
30058 : 007;
30059 : 007;
30060 : 007;
30061 : 007;
30062 : 007;
30063 : 007;
30064 : 007;
30065 : 007;
30066 : 007;
30067 : 007;
30068 : 007;
30069 : 007;
30070 : 007;
30071 : 007;
30072 : 007;
30073 : 007;
30074 : 007;
30075 : 007;
30076 : 007;
30077 : 007;
30078 : 007;
30079 : 007;
30080 : 007;
30081 : 007;
30082 : 007;
30083 : 007;
30084 : 007;
30085 : 018;
30086 : 018;
30087 : 018;
30088 : 018;
30089 : 018;
30090 : 018;
30091 : 018;
30092 : 018;
30093 : 018;
30094 : 018;
30095 : 018;
30096 : 018;
30097 : 018;
30098 : 018;
30099 : 018;
30100 : 018;
30101 : 018;
30102 : 018;
30103 : 018;
30104 : 018;
30105 : 018;
30106 : 018;
30107 : 018;
30108 : 018;
30109 : 018;
30110 : 018;
30111 : 018;
30112 : 018;
30113 : 018;
30114 : 018;
30115 : 018;
30116 : 018;
30117 : 018;
30118 : 018;
30119 : 018;
30120 : 018;
30121 : 018;
30122 : 018;
30123 : 018;
30124 : 018;
30125 : 018;
30126 : 018;
30127 : 018;
30128 : 018;
30129 : 018;
30130 : 018;
30131 : 018;
30132 : 018;
30133 : 018;
30134 : 018;
30135 : 018;
30136 : 018;
30137 : 018;
30138 : 038;
30139 : 038;
30140 : 038;
30141 : 018;
30142 : 018;
30143 : 018;
30144 : 018;
30145 : 018;
30146 : 018;
30147 : 018;
30148 : 018;
30149 : 018;
30150 : 018;
30151 : 018;
30152 : 018;
30153 : 018;
30154 : 007;
30155 : 007;
30156 : 018;
30157 : 018;
30158 : 018;
30159 : 018;
30160 : 018;
30161 : 018;
30162 : 018;
30163 : 038;
30164 : 018;
30165 : 018;
30166 : 018;
30167 : 018;
30168 : 007;
30169 : 007;
30170 : 007;
30171 : 007;
30172 : 007;
30173 : 007;
30174 : 007;
30175 : 018;
30176 : 018;
30177 : 018;
30178 : 018;
30179 : 018;
30180 : 018;
30181 : 018;
30182 : 018;
30183 : 018;
30184 : 018;
30185 : 018;
30186 : 018;
30187 : 018;
30188 : 018;
30189 : 018;
30190 : 018;
30191 : 018;
30192 : 018;
30193 : 018;
30194 : 018;
30195 : 018;
30196 : 018;
30197 : 018;
30198 : 018;
30199 : 018;
30200 : 018;
30201 : 018;
30202 : 018;
30203 : 018;
30204 : 018;
30205 : 018;
30206 : 018;
30207 : 018;
30208 : 007;
30209 : 007;
30210 : 007;
30211 : 007;
30212 : 007;
30213 : 007;
30214 : 007;
30215 : 007;
30216 : 007;
30217 : 007;
30218 : 007;
30219 : 007;
30220 : 007;
30221 : 007;
30222 : 007;
30223 : 007;
30224 : 007;
30225 : 007;
30226 : 007;
30227 : 007;
30228 : 007;
30229 : 007;
30230 : 007;
30231 : 007;
30232 : 007;
30233 : 007;
30234 : 007;
30235 : 007;
30236 : 007;
30237 : 007;
30238 : 007;
30239 : 007;
30240 : 007;
30241 : 007;
30242 : 007;
30243 : 007;
30244 : 007;
30245 : 007;
30246 : 007;
30247 : 007;
30248 : 007;
30249 : 007;
30250 : 007;
30251 : 007;
30252 : 007;
30253 : 007;
30254 : 007;
30255 : 007;
30256 : 007;
30257 : 007;
30258 : 007;
30259 : 007;
30260 : 007;
30261 : 007;
30262 : 007;
30263 : 007;
30264 : 007;
30265 : 007;
30266 : 007;
30267 : 007;
30268 : 007;
30269 : 007;
30270 : 007;
30271 : 007;
30272 : 007;
30273 : 007;
30274 : 007;
30275 : 007;
30276 : 007;
30277 : 007;
30278 : 007;
30279 : 007;
30280 : 007;
30281 : 007;
30282 : 007;
30283 : 007;
30284 : 007;
30285 : 007;
30286 : 007;
30287 : 007;
30288 : 007;
30289 : 007;
30290 : 007;
30291 : 007;
30292 : 007;
30293 : 007;
30294 : 007;
30295 : 007;
30296 : 007;
30297 : 007;
30298 : 110;
30299 : 110;
30300 : 007;
30301 : 007;
30302 : 007;
30303 : 007;
30304 : 007;
30305 : 007;
30306 : 007;
30307 : 007;
30308 : 007;
30309 : 007;
30310 : 007;
30311 : 007;
30312 : 007;
30313 : 007;
30314 : 007;
30315 : 007;
30316 : 007;
30317 : 007;
30318 : 007;
30319 : 007;
30320 : 007;
30321 : 007;
30322 : 007;
30323 : 007;
30324 : 007;
30325 : 007;
30326 : 007;
30327 : 007;
30328 : 007;
30329 : 007;
30330 : 007;
30331 : 007;
30332 : 007;
30333 : 007;
30334 : 007;
30335 : 007;
30336 : 007;
30337 : 007;
30338 : 007;
30339 : 007;
30340 : 007;
30341 : 007;
30342 : 007;
30343 : 007;
30344 : 007;
30345 : 007;
30346 : 007;
30347 : 007;
30348 : 007;
30349 : 007;
30350 : 007;
30351 : 007;
30352 : 007;
30353 : 007;
30354 : 007;
30355 : 007;
30356 : 007;
30357 : 007;
30358 : 007;
30359 : 007;
30360 : 007;
30361 : 007;
30362 : 007;
30363 : 007;
30364 : 007;
30365 : 007;
30366 : 007;
30367 : 007;
30368 : 007;
30369 : 007;
30370 : 007;
30371 : 007;
30372 : 007;
30373 : 007;
30374 : 007;
30375 : 007;
30376 : 007;
30377 : 007;
30378 : 007;
30379 : 007;
30380 : 007;
30381 : 007;
30382 : 007;
30383 : 007;
30384 : 007;
30385 : 007;
30386 : 007;
30387 : 007;
30388 : 007;
30389 : 007;
30390 : 007;
30391 : 007;
30392 : 007;
30393 : 007;
30394 : 007;
30395 : 007;
30396 : 007;
30397 : 007;
30398 : 007;
30399 : 007;
30400 : 007;
30401 : 007;
30402 : 007;
30403 : 018;
30404 : 018;
30405 : 018;
30406 : 018;
30407 : 018;
30408 : 018;
30409 : 018;
30410 : 018;
30411 : 018;
30412 : 018;
30413 : 018;
30414 : 018;
30415 : 018;
30416 : 018;
30417 : 018;
30418 : 018;
30419 : 018;
30420 : 018;
30421 : 018;
30422 : 018;
30423 : 018;
30424 : 018;
30425 : 018;
30426 : 018;
30427 : 018;
30428 : 018;
30429 : 018;
30430 : 018;
30431 : 018;
30432 : 018;
30433 : 018;
30434 : 018;
30435 : 018;
30436 : 018;
30437 : 018;
30438 : 018;
30439 : 018;
30440 : 018;
30441 : 018;
30442 : 018;
30443 : 018;
30444 : 018;
30445 : 018;
30446 : 018;
30447 : 018;
30448 : 018;
30449 : 018;
30450 : 018;
30451 : 018;
30452 : 018;
30453 : 018;
30454 : 018;
30455 : 018;
30456 : 018;
30457 : 018;
30458 : 018;
30459 : 038;
30460 : 038;
30461 : 038;
30462 : 018;
30463 : 018;
30464 : 018;
30465 : 018;
30466 : 018;
30467 : 018;
30468 : 018;
30469 : 018;
30470 : 018;
30471 : 018;
30472 : 018;
30473 : 018;
30474 : 018;
30475 : 018;
30476 : 018;
30477 : 018;
30478 : 018;
30479 : 018;
30480 : 018;
30481 : 018;
30482 : 038;
30483 : 038;
30484 : 018;
30485 : 018;
30486 : 018;
30487 : 007;
30488 : 007;
30489 : 007;
30490 : 007;
30491 : 007;
30492 : 007;
30493 : 007;
30494 : 018;
30495 : 018;
30496 : 018;
30497 : 018;
30498 : 018;
30499 : 018;
30500 : 018;
30501 : 018;
30502 : 018;
30503 : 018;
30504 : 018;
30505 : 018;
30506 : 018;
30507 : 018;
30508 : 018;
30509 : 018;
30510 : 018;
30511 : 018;
30512 : 018;
30513 : 018;
30514 : 018;
30515 : 018;
30516 : 018;
30517 : 018;
30518 : 018;
30519 : 018;
30520 : 018;
30521 : 018;
30522 : 018;
30523 : 018;
30524 : 018;
30525 : 018;
30526 : 018;
30527 : 018;
30528 : 018;
30529 : 007;
30530 : 007;
30531 : 007;
30532 : 007;
30533 : 007;
30534 : 007;
30535 : 007;
30536 : 007;
30537 : 007;
30538 : 007;
30539 : 007;
30540 : 007;
30541 : 007;
30542 : 007;
30543 : 007;
30544 : 007;
30545 : 007;
30546 : 007;
30547 : 007;
30548 : 007;
30549 : 007;
30550 : 007;
30551 : 007;
30552 : 007;
30553 : 007;
30554 : 007;
30555 : 007;
30556 : 007;
30557 : 007;
30558 : 007;
30559 : 007;
30560 : 007;
30561 : 007;
30562 : 007;
30563 : 007;
30564 : 007;
30565 : 007;
30566 : 007;
30567 : 007;
30568 : 007;
30569 : 007;
30570 : 007;
30571 : 007;
30572 : 007;
30573 : 007;
30574 : 007;
30575 : 007;
30576 : 007;
30577 : 007;
30578 : 007;
30579 : 007;
30580 : 007;
30581 : 007;
30582 : 007;
30583 : 007;
30584 : 007;
30585 : 007;
30586 : 007;
30587 : 007;
30588 : 007;
30589 : 007;
30590 : 007;
30591 : 007;
30592 : 007;
30593 : 007;
30594 : 007;
30595 : 007;
30596 : 007;
30597 : 007;
30598 : 007;
30599 : 007;
30600 : 007;
30601 : 007;
30602 : 007;
30603 : 007;
30604 : 007;
30605 : 007;
30606 : 007;
30607 : 007;
30608 : 007;
30609 : 007;
30610 : 007;
30611 : 007;
30612 : 007;
30613 : 007;
30614 : 007;
30615 : 007;
30616 : 007;
30617 : 007;
30618 : 110;
30619 : 110;
30620 : 007;
30621 : 007;
30622 : 007;
30623 : 007;
30624 : 007;
30625 : 007;
30626 : 007;
30627 : 007;
30628 : 007;
30629 : 007;
30630 : 007;
30631 : 007;
30632 : 007;
30633 : 007;
30634 : 007;
30635 : 007;
30636 : 007;
30637 : 007;
30638 : 007;
30639 : 007;
30640 : 007;
30641 : 007;
30642 : 007;
30643 : 007;
30644 : 007;
30645 : 007;
30646 : 007;
30647 : 007;
30648 : 007;
30649 : 007;
30650 : 007;
30651 : 007;
30652 : 007;
30653 : 007;
30654 : 007;
30655 : 007;
30656 : 007;
30657 : 007;
30658 : 007;
30659 : 007;
30660 : 007;
30661 : 007;
30662 : 007;
30663 : 007;
30664 : 007;
30665 : 007;
30666 : 007;
30667 : 007;
30668 : 007;
30669 : 007;
30670 : 007;
30671 : 007;
30672 : 007;
30673 : 007;
30674 : 007;
30675 : 007;
30676 : 007;
30677 : 007;
30678 : 007;
30679 : 007;
30680 : 007;
30681 : 007;
30682 : 007;
30683 : 007;
30684 : 007;
30685 : 007;
30686 : 007;
30687 : 007;
30688 : 007;
30689 : 007;
30690 : 007;
30691 : 007;
30692 : 007;
30693 : 007;
30694 : 007;
30695 : 007;
30696 : 007;
30697 : 007;
30698 : 007;
30699 : 007;
30700 : 007;
30701 : 007;
30702 : 007;
30703 : 007;
30704 : 007;
30705 : 007;
30706 : 007;
30707 : 007;
30708 : 007;
30709 : 007;
30710 : 007;
30711 : 007;
30712 : 007;
30713 : 007;
30714 : 007;
30715 : 007;
30716 : 007;
30717 : 007;
30718 : 007;
30719 : 007;
30720 : 018;
30721 : 018;
30722 : 018;
30723 : 007;
30724 : 007;
30725 : 007;
30726 : 007;
30727 : 007;
30728 : 007;
30729 : 007;
30730 : 007;
30731 : 007;
30732 : 007;
30733 : 007;
30734 : 007;
30735 : 007;
30736 : 007;
30737 : 007;
30738 : 007;
30739 : 007;
30740 : 007;
30741 : 007;
30742 : 007;
30743 : 007;
30744 : 007;
30745 : 007;
30746 : 007;
30747 : 007;
30748 : 007;
30749 : 007;
30750 : 018;
30751 : 018;
30752 : 018;
30753 : 018;
30754 : 018;
30755 : 018;
30756 : 018;
30757 : 018;
30758 : 018;
30759 : 018;
30760 : 018;
30761 : 018;
30762 : 018;
30763 : 018;
30764 : 018;
30765 : 018;
30766 : 018;
30767 : 018;
30768 : 018;
30769 : 018;
30770 : 018;
30771 : 018;
30772 : 018;
30773 : 018;
30774 : 018;
30775 : 018;
30776 : 018;
30777 : 018;
30778 : 018;
30779 : 018;
30780 : 038;
30781 : 038;
30782 : 038;
30783 : 018;
30784 : 018;
30785 : 018;
30786 : 018;
30787 : 018;
30788 : 007;
30789 : 007;
30790 : 007;
30791 : 007;
30792 : 007;
30793 : 007;
30794 : 007;
30795 : 007;
30796 : 018;
30797 : 018;
30798 : 018;
30799 : 018;
30800 : 018;
30801 : 018;
30802 : 038;
30803 : 038;
30804 : 018;
30805 : 018;
30806 : 018;
30807 : 007;
30808 : 007;
30809 : 007;
30810 : 007;
30811 : 007;
30812 : 018;
30813 : 018;
30814 : 018;
30815 : 018;
30816 : 018;
30817 : 018;
30818 : 018;
30819 : 018;
30820 : 018;
30821 : 018;
30822 : 018;
30823 : 038;
30824 : 038;
30825 : 018;
30826 : 018;
30827 : 018;
30828 : 018;
30829 : 018;
30830 : 018;
30831 : 018;
30832 : 018;
30833 : 018;
30834 : 018;
30835 : 018;
30836 : 018;
30837 : 018;
30838 : 018;
30839 : 018;
30840 : 018;
30841 : 018;
30842 : 018;
30843 : 018;
30844 : 018;
30845 : 018;
30846 : 018;
30847 : 018;
30848 : 018;
30849 : 018;
30850 : 018;
30851 : 007;
30852 : 007;
30853 : 007;
30854 : 007;
30855 : 007;
30856 : 007;
30857 : 007;
30858 : 007;
30859 : 007;
30860 : 007;
30861 : 007;
30862 : 007;
30863 : 007;
30864 : 007;
30865 : 007;
30866 : 007;
30867 : 007;
30868 : 007;
30869 : 007;
30870 : 007;
30871 : 007;
30872 : 007;
30873 : 007;
30874 : 007;
30875 : 007;
30876 : 007;
30877 : 007;
30878 : 007;
30879 : 007;
30880 : 007;
30881 : 007;
30882 : 007;
30883 : 007;
30884 : 007;
30885 : 007;
30886 : 007;
30887 : 007;
30888 : 007;
30889 : 007;
30890 : 007;
30891 : 007;
30892 : 007;
30893 : 007;
30894 : 007;
30895 : 007;
30896 : 007;
30897 : 007;
30898 : 007;
30899 : 007;
30900 : 007;
30901 : 007;
30902 : 007;
30903 : 007;
30904 : 007;
30905 : 007;
30906 : 007;
30907 : 007;
30908 : 007;
30909 : 007;
30910 : 007;
30911 : 007;
30912 : 007;
30913 : 007;
30914 : 007;
30915 : 007;
30916 : 007;
30917 : 007;
30918 : 007;
30919 : 007;
30920 : 007;
30921 : 007;
30922 : 007;
30923 : 007;
30924 : 007;
30925 : 007;
30926 : 007;
30927 : 007;
30928 : 007;
30929 : 007;
30930 : 007;
30931 : 007;
30932 : 007;
30933 : 007;
30934 : 007;
30935 : 007;
30936 : 1FF;
30937 : 007;
30938 : 110;
30939 : 110;
30940 : 007;
30941 : 007;
30942 : 007;
30943 : 007;
30944 : 007;
30945 : 007;
30946 : 007;
30947 : 007;
30948 : 007;
30949 : 007;
30950 : 007;
30951 : 007;
30952 : 007;
30953 : 007;
30954 : 007;
30955 : 007;
30956 : 007;
30957 : 007;
30958 : 007;
30959 : 007;
30960 : 007;
30961 : 007;
30962 : 007;
30963 : 007;
30964 : 007;
30965 : 007;
30966 : 007;
30967 : 007;
30968 : 007;
30969 : 007;
30970 : 007;
30971 : 007;
30972 : 007;
30973 : 007;
30974 : 007;
30975 : 007;
30976 : 007;
30977 : 007;
30978 : 007;
30979 : 007;
30980 : 007;
30981 : 007;
30982 : 007;
30983 : 007;
30984 : 007;
30985 : 007;
30986 : 007;
30987 : 007;
30988 : 007;
30989 : 007;
30990 : 007;
30991 : 007;
30992 : 007;
30993 : 007;
30994 : 007;
30995 : 007;
30996 : 007;
30997 : 007;
30998 : 007;
30999 : 007;
31000 : 007;
31001 : 007;
31002 : 007;
31003 : 007;
31004 : 007;
31005 : 007;
31006 : 007;
31007 : 007;
31008 : 007;
31009 : 007;
31010 : 007;
31011 : 007;
31012 : 007;
31013 : 007;
31014 : 007;
31015 : 007;
31016 : 007;
31017 : 007;
31018 : 007;
31019 : 007;
31020 : 007;
31021 : 007;
31022 : 007;
31023 : 007;
31024 : 007;
31025 : 007;
31026 : 007;
31027 : 007;
31028 : 007;
31029 : 007;
31030 : 007;
31031 : 007;
31032 : 007;
31033 : 007;
31034 : 007;
31035 : 007;
31036 : 007;
31037 : 007;
31038 : 007;
31039 : 007;
31040 : 007;
31041 : 007;
31042 : 007;
31043 : 007;
31044 : 007;
31045 : 007;
31046 : 007;
31047 : 007;
31048 : 007;
31049 : 007;
31050 : 007;
31051 : 007;
31052 : 007;
31053 : 007;
31054 : 007;
31055 : 007;
31056 : 007;
31057 : 007;
31058 : 007;
31059 : 007;
31060 : 007;
31061 : 007;
31062 : 007;
31063 : 007;
31064 : 007;
31065 : 007;
31066 : 007;
31067 : 007;
31068 : 018;
31069 : 018;
31070 : 018;
31071 : 018;
31072 : 018;
31073 : 018;
31074 : 018;
31075 : 018;
31076 : 018;
31077 : 018;
31078 : 018;
31079 : 018;
31080 : 018;
31081 : 018;
31082 : 018;
31083 : 018;
31084 : 018;
31085 : 018;
31086 : 018;
31087 : 018;
31088 : 018;
31089 : 018;
31090 : 018;
31091 : 018;
31092 : 018;
31093 : 018;
31094 : 018;
31095 : 018;
31096 : 018;
31097 : 018;
31098 : 018;
31099 : 018;
31100 : 018;
31101 : 038;
31102 : 038;
31103 : 038;
31104 : 018;
31105 : 018;
31106 : 018;
31107 : 018;
31108 : 018;
31109 : 007;
31110 : 007;
31111 : 007;
31112 : 007;
31113 : 007;
31114 : 007;
31115 : 007;
31116 : 018;
31117 : 018;
31118 : 018;
31119 : 018;
31120 : 018;
31121 : 038;
31122 : 038;
31123 : 018;
31124 : 018;
31125 : 018;
31126 : 007;
31127 : 007;
31128 : 007;
31129 : 007;
31130 : 007;
31131 : 018;
31132 : 018;
31133 : 018;
31134 : 018;
31135 : 018;
31136 : 018;
31137 : 018;
31138 : 018;
31139 : 018;
31140 : 018;
31141 : 038;
31142 : 038;
31143 : 038;
31144 : 038;
31145 : 038;
31146 : 038;
31147 : 038;
31148 : 038;
31149 : 038;
31150 : 038;
31151 : 038;
31152 : 018;
31153 : 018;
31154 : 018;
31155 : 018;
31156 : 018;
31157 : 018;
31158 : 018;
31159 : 018;
31160 : 018;
31161 : 018;
31162 : 018;
31163 : 018;
31164 : 018;
31165 : 018;
31166 : 018;
31167 : 018;
31168 : 018;
31169 : 018;
31170 : 018;
31171 : 018;
31172 : 007;
31173 : 007;
31174 : 007;
31175 : 007;
31176 : 007;
31177 : 007;
31178 : 007;
31179 : 007;
31180 : 007;
31181 : 007;
31182 : 007;
31183 : 007;
31184 : 007;
31185 : 007;
31186 : 007;
31187 : 007;
31188 : 007;
31189 : 007;
31190 : 007;
31191 : 007;
31192 : 007;
31193 : 007;
31194 : 007;
31195 : 007;
31196 : 007;
31197 : 007;
31198 : 007;
31199 : 007;
31200 : 007;
31201 : 007;
31202 : 007;
31203 : 007;
31204 : 007;
31205 : 007;
31206 : 007;
31207 : 007;
31208 : 007;
31209 : 007;
31210 : 007;
31211 : 007;
31212 : 007;
31213 : 007;
31214 : 007;
31215 : 007;
31216 : 007;
31217 : 007;
31218 : 007;
31219 : 007;
31220 : 007;
31221 : 007;
31222 : 007;
31223 : 007;
31224 : 007;
31225 : 007;
31226 : 007;
31227 : 007;
31228 : 007;
31229 : 007;
31230 : 007;
31231 : 007;
31232 : 007;
31233 : 007;
31234 : 007;
31235 : 007;
31236 : 007;
31237 : 007;
31238 : 007;
31239 : 007;
31240 : 007;
31241 : 007;
31242 : 007;
31243 : 007;
31244 : 007;
31245 : 007;
31246 : 007;
31247 : 007;
31248 : 007;
31249 : 007;
31250 : 007;
31251 : 007;
31252 : 007;
31253 : 007;
31254 : 007;
31255 : 1FF;
31256 : 1FF;
31257 : 007;
31258 : 110;
31259 : 110;
31260 : 007;
31261 : 007;
31262 : 007;
31263 : 007;
31264 : 007;
31265 : 007;
31266 : 007;
31267 : 007;
31268 : 007;
31269 : 007;
31270 : 007;
31271 : 007;
31272 : 007;
31273 : 007;
31274 : 007;
31275 : 007;
31276 : 007;
31277 : 007;
31278 : 007;
31279 : 007;
31280 : 007;
31281 : 007;
31282 : 007;
31283 : 007;
31284 : 007;
31285 : 007;
31286 : 007;
31287 : 007;
31288 : 007;
31289 : 007;
31290 : 007;
31291 : 007;
31292 : 007;
31293 : 007;
31294 : 007;
31295 : 007;
31296 : 007;
31297 : 007;
31298 : 007;
31299 : 007;
31300 : 007;
31301 : 007;
31302 : 007;
31303 : 007;
31304 : 007;
31305 : 007;
31306 : 007;
31307 : 007;
31308 : 007;
31309 : 007;
31310 : 007;
31311 : 007;
31312 : 007;
31313 : 007;
31314 : 007;
31315 : 007;
31316 : 007;
31317 : 007;
31318 : 007;
31319 : 007;
31320 : 007;
31321 : 007;
31322 : 007;
31323 : 007;
31324 : 007;
31325 : 007;
31326 : 007;
31327 : 007;
31328 : 007;
31329 : 007;
31330 : 007;
31331 : 007;
31332 : 007;
31333 : 007;
31334 : 007;
31335 : 007;
31336 : 007;
31337 : 007;
31338 : 007;
31339 : 007;
31340 : 007;
31341 : 007;
31342 : 007;
31343 : 007;
31344 : 007;
31345 : 007;
31346 : 007;
31347 : 007;
31348 : 007;
31349 : 007;
31350 : 007;
31351 : 007;
31352 : 007;
31353 : 03F;
31354 : 03F;
31355 : 03F;
31356 : 03F;
31357 : 03F;
31358 : 03F;
31359 : 03F;
31360 : 007;
31361 : 007;
31362 : 007;
31363 : 007;
31364 : 007;
31365 : 007;
31366 : 007;
31367 : 007;
31368 : 007;
31369 : 007;
31370 : 007;
31371 : 007;
31372 : 007;
31373 : 007;
31374 : 007;
31375 : 007;
31376 : 007;
31377 : 007;
31378 : 007;
31379 : 007;
31380 : 007;
31381 : 007;
31382 : 007;
31383 : 007;
31384 : 007;
31385 : 007;
31386 : 018;
31387 : 018;
31388 : 018;
31389 : 018;
31390 : 018;
31391 : 018;
31392 : 018;
31393 : 018;
31394 : 018;
31395 : 018;
31396 : 018;
31397 : 018;
31398 : 018;
31399 : 018;
31400 : 018;
31401 : 018;
31402 : 018;
31403 : 018;
31404 : 018;
31405 : 018;
31406 : 018;
31407 : 018;
31408 : 018;
31409 : 018;
31410 : 018;
31411 : 018;
31412 : 018;
31413 : 018;
31414 : 018;
31415 : 018;
31416 : 018;
31417 : 018;
31418 : 018;
31419 : 018;
31420 : 018;
31421 : 018;
31422 : 038;
31423 : 038;
31424 : 038;
31425 : 018;
31426 : 018;
31427 : 018;
31428 : 018;
31429 : 007;
31430 : 007;
31431 : 007;
31432 : 007;
31433 : 007;
31434 : 007;
31435 : 007;
31436 : 018;
31437 : 018;
31438 : 018;
31439 : 018;
31440 : 018;
31441 : 038;
31442 : 038;
31443 : 018;
31444 : 018;
31445 : 007;
31446 : 007;
31447 : 007;
31448 : 007;
31449 : 007;
31450 : 018;
31451 : 018;
31452 : 018;
31453 : 018;
31454 : 018;
31455 : 018;
31456 : 018;
31457 : 018;
31458 : 018;
31459 : 018;
31460 : 038;
31461 : 038;
31462 : 038;
31463 : 018;
31464 : 018;
31465 : 018;
31466 : 018;
31467 : 018;
31468 : 018;
31469 : 018;
31470 : 018;
31471 : 038;
31472 : 038;
31473 : 038;
31474 : 038;
31475 : 038;
31476 : 038;
31477 : 038;
31478 : 038;
31479 : 038;
31480 : 018;
31481 : 018;
31482 : 018;
31483 : 018;
31484 : 018;
31485 : 018;
31486 : 018;
31487 : 018;
31488 : 018;
31489 : 018;
31490 : 018;
31491 : 018;
31492 : 018;
31493 : 018;
31494 : 007;
31495 : 007;
31496 : 007;
31497 : 007;
31498 : 007;
31499 : 007;
31500 : 007;
31501 : 007;
31502 : 007;
31503 : 007;
31504 : 007;
31505 : 007;
31506 : 007;
31507 : 007;
31508 : 007;
31509 : 007;
31510 : 007;
31511 : 007;
31512 : 007;
31513 : 007;
31514 : 007;
31515 : 007;
31516 : 007;
31517 : 007;
31518 : 007;
31519 : 007;
31520 : 007;
31521 : 007;
31522 : 007;
31523 : 007;
31524 : 007;
31525 : 007;
31526 : 007;
31527 : 007;
31528 : 007;
31529 : 007;
31530 : 007;
31531 : 007;
31532 : 007;
31533 : 007;
31534 : 007;
31535 : 007;
31536 : 007;
31537 : 007;
31538 : 007;
31539 : 007;
31540 : 007;
31541 : 007;
31542 : 007;
31543 : 007;
31544 : 007;
31545 : 007;
31546 : 007;
31547 : 007;
31548 : 007;
31549 : 007;
31550 : 007;
31551 : 007;
31552 : 007;
31553 : 007;
31554 : 007;
31555 : 007;
31556 : 007;
31557 : 007;
31558 : 007;
31559 : 007;
31560 : 007;
31561 : 007;
31562 : 007;
31563 : 007;
31564 : 007;
31565 : 007;
31566 : 007;
31567 : 007;
31568 : 007;
31569 : 007;
31570 : 007;
31571 : 007;
31572 : 007;
31573 : 007;
31574 : 1FF;
31575 : 1FF;
31576 : 1FF;
31577 : 007;
31578 : 110;
31579 : 110;
31580 : 007;
31581 : 007;
31582 : 007;
31583 : 007;
31584 : 007;
31585 : 007;
31586 : 007;
31587 : 007;
31588 : 007;
31589 : 007;
31590 : 007;
31591 : 007;
31592 : 007;
31593 : 007;
31594 : 007;
31595 : 007;
31596 : 007;
31597 : 007;
31598 : 007;
31599 : 007;
31600 : 007;
31601 : 007;
31602 : 007;
31603 : 007;
31604 : 007;
31605 : 007;
31606 : 007;
31607 : 007;
31608 : 007;
31609 : 007;
31610 : 007;
31611 : 007;
31612 : 007;
31613 : 007;
31614 : 007;
31615 : 007;
31616 : 007;
31617 : 007;
31618 : 007;
31619 : 007;
31620 : 007;
31621 : 007;
31622 : 007;
31623 : 007;
31624 : 007;
31625 : 007;
31626 : 007;
31627 : 007;
31628 : 007;
31629 : 007;
31630 : 007;
31631 : 007;
31632 : 007;
31633 : 007;
31634 : 007;
31635 : 007;
31636 : 007;
31637 : 007;
31638 : 007;
31639 : 007;
31640 : 007;
31641 : 007;
31642 : 007;
31643 : 007;
31644 : 007;
31645 : 007;
31646 : 007;
31647 : 007;
31648 : 007;
31649 : 007;
31650 : 007;
31651 : 007;
31652 : 007;
31653 : 007;
31654 : 03F;
31655 : 03F;
31656 : 03F;
31657 : 03F;
31658 : 03F;
31659 : 03F;
31660 : 03F;
31661 : 03F;
31662 : 03F;
31663 : 03F;
31664 : 007;
31665 : 007;
31666 : 007;
31667 : 007;
31668 : 007;
31669 : 007;
31670 : 007;
31671 : 007;
31672 : 007;
31673 : 007;
31674 : 007;
31675 : 007;
31676 : 007;
31677 : 007;
31678 : 007;
31679 : 007;
31680 : 007;
31681 : 007;
31682 : 007;
31683 : 007;
31684 : 007;
31685 : 007;
31686 : 007;
31687 : 007;
31688 : 007;
31689 : 007;
31690 : 007;
31691 : 007;
31692 : 007;
31693 : 007;
31694 : 007;
31695 : 007;
31696 : 007;
31697 : 007;
31698 : 007;
31699 : 007;
31700 : 007;
31701 : 007;
31702 : 007;
31703 : 007;
31704 : 018;
31705 : 018;
31706 : 018;
31707 : 018;
31708 : 018;
31709 : 018;
31710 : 018;
31711 : 018;
31712 : 018;
31713 : 018;
31714 : 018;
31715 : 018;
31716 : 018;
31717 : 018;
31718 : 018;
31719 : 018;
31720 : 018;
31721 : 018;
31722 : 018;
31723 : 018;
31724 : 018;
31725 : 018;
31726 : 018;
31727 : 018;
31728 : 018;
31729 : 018;
31730 : 018;
31731 : 018;
31732 : 018;
31733 : 018;
31734 : 018;
31735 : 018;
31736 : 018;
31737 : 018;
31738 : 018;
31739 : 018;
31740 : 018;
31741 : 018;
31742 : 018;
31743 : 038;
31744 : 038;
31745 : 018;
31746 : 018;
31747 : 018;
31748 : 018;
31749 : 018;
31750 : 007;
31751 : 007;
31752 : 007;
31753 : 007;
31754 : 007;
31755 : 018;
31756 : 018;
31757 : 018;
31758 : 018;
31759 : 018;
31760 : 018;
31761 : 038;
31762 : 038;
31763 : 018;
31764 : 018;
31765 : 007;
31766 : 007;
31767 : 007;
31768 : 007;
31769 : 018;
31770 : 018;
31771 : 018;
31772 : 018;
31773 : 018;
31774 : 018;
31775 : 018;
31776 : 018;
31777 : 018;
31778 : 038;
31779 : 038;
31780 : 038;
31781 : 038;
31782 : 018;
31783 : 018;
31784 : 018;
31785 : 018;
31786 : 018;
31787 : 018;
31788 : 018;
31789 : 018;
31790 : 018;
31791 : 018;
31792 : 018;
31793 : 018;
31794 : 018;
31795 : 018;
31796 : 018;
31797 : 018;
31798 : 018;
31799 : 038;
31800 : 038;
31801 : 038;
31802 : 038;
31803 : 038;
31804 : 038;
31805 : 038;
31806 : 038;
31807 : 018;
31808 : 018;
31809 : 018;
31810 : 018;
31811 : 018;
31812 : 018;
31813 : 018;
31814 : 018;
31815 : 03F;
31816 : 007;
31817 : 007;
31818 : 007;
31819 : 007;
31820 : 007;
31821 : 007;
31822 : 007;
31823 : 007;
31824 : 007;
31825 : 007;
31826 : 007;
31827 : 007;
31828 : 007;
31829 : 007;
31830 : 007;
31831 : 007;
31832 : 007;
31833 : 007;
31834 : 007;
31835 : 007;
31836 : 007;
31837 : 007;
31838 : 007;
31839 : 007;
31840 : 007;
31841 : 007;
31842 : 007;
31843 : 007;
31844 : 007;
31845 : 007;
31846 : 007;
31847 : 007;
31848 : 007;
31849 : 007;
31850 : 007;
31851 : 007;
31852 : 007;
31853 : 007;
31854 : 007;
31855 : 007;
31856 : 007;
31857 : 007;
31858 : 007;
31859 : 007;
31860 : 007;
31861 : 007;
31862 : 007;
31863 : 007;
31864 : 007;
31865 : 007;
31866 : 007;
31867 : 007;
31868 : 007;
31869 : 007;
31870 : 007;
31871 : 007;
31872 : 007;
31873 : 007;
31874 : 007;
31875 : 007;
31876 : 007;
31877 : 007;
31878 : 007;
31879 : 007;
31880 : 007;
31881 : 007;
31882 : 007;
31883 : 007;
31884 : 007;
31885 : 007;
31886 : 007;
31887 : 007;
31888 : 007;
31889 : 007;
31890 : 007;
31891 : 007;
31892 : 007;
31893 : 007;
31894 : 1FF;
31895 : 1FF;
31896 : 1FF;
31897 : 007;
31898 : 110;
31899 : 110;
31900 : 007;
31901 : 007;
31902 : 007;
31903 : 007;
31904 : 007;
31905 : 007;
31906 : 007;
31907 : 007;
31908 : 007;
31909 : 007;
31910 : 007;
31911 : 007;
31912 : 007;
31913 : 007;
31914 : 007;
31915 : 007;
31916 : 007;
31917 : 007;
31918 : 007;
31919 : 007;
31920 : 007;
31921 : 007;
31922 : 007;
31923 : 007;
31924 : 007;
31925 : 007;
31926 : 007;
31927 : 007;
31928 : 007;
31929 : 007;
31930 : 007;
31931 : 007;
31932 : 007;
31933 : 007;
31934 : 007;
31935 : 007;
31936 : 007;
31937 : 007;
31938 : 007;
31939 : 007;
31940 : 007;
31941 : 007;
31942 : 007;
31943 : 007;
31944 : 007;
31945 : 007;
31946 : 007;
31947 : 007;
31948 : 007;
31949 : 007;
31950 : 007;
31951 : 007;
31952 : 007;
31953 : 007;
31954 : 007;
31955 : 007;
31956 : 007;
31957 : 007;
31958 : 007;
31959 : 007;
31960 : 007;
31961 : 007;
31962 : 007;
31963 : 007;
31964 : 007;
31965 : 007;
31966 : 007;
31967 : 007;
31968 : 007;
31969 : 007;
31970 : 007;
31971 : 007;
31972 : 007;
31973 : 007;
31974 : 007;
31975 : 007;
31976 : 007;
31977 : 007;
31978 : 007;
31979 : 007;
31980 : 007;
31981 : 007;
31982 : 007;
31983 : 007;
31984 : 007;
31985 : 007;
31986 : 007;
31987 : 007;
31988 : 03F;
31989 : 03F;
31990 : 03F;
31991 : 03F;
31992 : 03F;
31993 : 03F;
31994 : 03F;
31995 : 03F;
31996 : 03F;
31997 : 007;
31998 : 007;
31999 : 007;
32000 : 007;
32001 : 007;
32002 : 007;
32003 : 007;
32004 : 007;
32005 : 007;
32006 : 007;
32007 : 007;
32008 : 007;
32009 : 007;
32010 : 007;
32011 : 007;
32012 : 007;
32013 : 007;
32014 : 007;
32015 : 007;
32016 : 007;
32017 : 007;
32018 : 007;
32019 : 007;
32020 : 007;
32021 : 018;
32022 : 018;
32023 : 018;
32024 : 018;
32025 : 018;
32026 : 018;
32027 : 018;
32028 : 018;
32029 : 018;
32030 : 018;
32031 : 018;
32032 : 018;
32033 : 018;
32034 : 018;
32035 : 018;
32036 : 018;
32037 : 018;
32038 : 018;
32039 : 018;
32040 : 018;
32041 : 018;
32042 : 018;
32043 : 038;
32044 : 018;
32045 : 018;
32046 : 018;
32047 : 018;
32048 : 018;
32049 : 018;
32050 : 018;
32051 : 018;
32052 : 018;
32053 : 018;
32054 : 018;
32055 : 018;
32056 : 018;
32057 : 018;
32058 : 018;
32059 : 018;
32060 : 018;
32061 : 018;
32062 : 018;
32063 : 038;
32064 : 038;
32065 : 038;
32066 : 018;
32067 : 018;
32068 : 018;
32069 : 018;
32070 : 007;
32071 : 007;
32072 : 007;
32073 : 007;
32074 : 007;
32075 : 018;
32076 : 018;
32077 : 018;
32078 : 018;
32079 : 018;
32080 : 038;
32081 : 038;
32082 : 018;
32083 : 018;
32084 : 007;
32085 : 007;
32086 : 007;
32087 : 007;
32088 : 018;
32089 : 018;
32090 : 018;
32091 : 018;
32092 : 018;
32093 : 018;
32094 : 018;
32095 : 018;
32096 : 038;
32097 : 038;
32098 : 038;
32099 : 038;
32100 : 018;
32101 : 018;
32102 : 018;
32103 : 018;
32104 : 018;
32105 : 018;
32106 : 018;
32107 : 018;
32108 : 018;
32109 : 018;
32110 : 018;
32111 : 018;
32112 : 018;
32113 : 018;
32114 : 018;
32115 : 018;
32116 : 018;
32117 : 018;
32118 : 018;
32119 : 018;
32120 : 018;
32121 : 018;
32122 : 018;
32123 : 018;
32124 : 018;
32125 : 018;
32126 : 038;
32127 : 018;
32128 : 018;
32129 : 018;
32130 : 018;
32131 : 018;
32132 : 018;
32133 : 018;
32134 : 018;
32135 : 018;
32136 : 007;
32137 : 03F;
32138 : 03F;
32139 : 03F;
32140 : 03F;
32141 : 03F;
32142 : 007;
32143 : 007;
32144 : 007;
32145 : 007;
32146 : 007;
32147 : 007;
32148 : 007;
32149 : 007;
32150 : 007;
32151 : 007;
32152 : 007;
32153 : 007;
32154 : 007;
32155 : 007;
32156 : 007;
32157 : 007;
32158 : 007;
32159 : 007;
32160 : 007;
32161 : 007;
32162 : 007;
32163 : 007;
32164 : 007;
32165 : 007;
32166 : 007;
32167 : 007;
32168 : 007;
32169 : 007;
32170 : 007;
32171 : 007;
32172 : 007;
32173 : 007;
32174 : 007;
32175 : 007;
32176 : 007;
32177 : 007;
32178 : 007;
32179 : 007;
32180 : 007;
32181 : 007;
32182 : 007;
32183 : 007;
32184 : 007;
32185 : 007;
32186 : 007;
32187 : 007;
32188 : 007;
32189 : 007;
32190 : 007;
32191 : 007;
32192 : 007;
32193 : 007;
32194 : 007;
32195 : 007;
32196 : 007;
32197 : 007;
32198 : 007;
32199 : 007;
32200 : 007;
32201 : 007;
32202 : 007;
32203 : 007;
32204 : 007;
32205 : 007;
32206 : 007;
32207 : 007;
32208 : 007;
32209 : 007;
32210 : 007;
32211 : 007;
32212 : 007;
32213 : 1FF;
32214 : 1FF;
32215 : 1FF;
32216 : 1FF;
32217 : 007;
32218 : 110;
32219 : 110;
32220 : 007;
32221 : 007;
32222 : 007;
32223 : 007;
32224 : 007;
32225 : 007;
32226 : 007;
32227 : 007;
32228 : 007;
32229 : 007;
32230 : 007;
32231 : 007;
32232 : 007;
32233 : 007;
32234 : 007;
32235 : 007;
32236 : 007;
32237 : 007;
32238 : 007;
32239 : 007;
32240 : 007;
32241 : 007;
32242 : 007;
32243 : 007;
32244 : 007;
32245 : 007;
32246 : 007;
32247 : 007;
32248 : 007;
32249 : 007;
32250 : 007;
32251 : 007;
32252 : 007;
32253 : 007;
32254 : 007;
32255 : 007;
32256 : 007;
32257 : 007;
32258 : 007;
32259 : 007;
32260 : 007;
32261 : 007;
32262 : 007;
32263 : 007;
32264 : 007;
32265 : 007;
32266 : 007;
32267 : 007;
32268 : 007;
32269 : 007;
32270 : 007;
32271 : 007;
32272 : 007;
32273 : 007;
32274 : 007;
32275 : 007;
32276 : 007;
32277 : 007;
32278 : 007;
32279 : 007;
32280 : 007;
32281 : 007;
32282 : 007;
32283 : 007;
32284 : 007;
32285 : 007;
32286 : 007;
32287 : 007;
32288 : 007;
32289 : 007;
32290 : 007;
32291 : 007;
32292 : 007;
32293 : 007;
32294 : 007;
32295 : 007;
32296 : 007;
32297 : 007;
32298 : 007;
32299 : 007;
32300 : 007;
32301 : 007;
32302 : 007;
32303 : 007;
32304 : 007;
32305 : 007;
32306 : 007;
32307 : 007;
32308 : 007;
32309 : 007;
32310 : 007;
32311 : 007;
32312 : 007;
32313 : 007;
32314 : 007;
32315 : 007;
32316 : 007;
32317 : 007;
32318 : 007;
32319 : 007;
32320 : 007;
32321 : 007;
32322 : 007;
32323 : 007;
32324 : 007;
32325 : 007;
32326 : 007;
32327 : 007;
32328 : 007;
32329 : 007;
32330 : 007;
32331 : 007;
32332 : 007;
32333 : 007;
32334 : 007;
32335 : 007;
32336 : 007;
32337 : 007;
32338 : 007;
32339 : 018;
32340 : 018;
32341 : 018;
32342 : 018;
32343 : 018;
32344 : 018;
32345 : 018;
32346 : 018;
32347 : 018;
32348 : 018;
32349 : 018;
32350 : 018;
32351 : 018;
32352 : 018;
32353 : 018;
32354 : 018;
32355 : 018;
32356 : 018;
32357 : 018;
32358 : 018;
32359 : 038;
32360 : 038;
32361 : 038;
32362 : 038;
32363 : 038;
32364 : 038;
32365 : 038;
32366 : 038;
32367 : 038;
32368 : 038;
32369 : 018;
32370 : 018;
32371 : 018;
32372 : 018;
32373 : 018;
32374 : 018;
32375 : 018;
32376 : 018;
32377 : 018;
32378 : 018;
32379 : 018;
32380 : 018;
32381 : 018;
32382 : 018;
32383 : 018;
32384 : 038;
32385 : 038;
32386 : 038;
32387 : 018;
32388 : 018;
32389 : 018;
32390 : 018;
32391 : 007;
32392 : 007;
32393 : 007;
32394 : 007;
32395 : 018;
32396 : 018;
32397 : 018;
32398 : 018;
32399 : 018;
32400 : 038;
32401 : 038;
32402 : 018;
32403 : 007;
32404 : 007;
32405 : 007;
32406 : 007;
32407 : 018;
32408 : 018;
32409 : 018;
32410 : 018;
32411 : 018;
32412 : 018;
32413 : 018;
32414 : 018;
32415 : 038;
32416 : 038;
32417 : 038;
32418 : 018;
32419 : 018;
32420 : 018;
32421 : 018;
32422 : 018;
32423 : 018;
32424 : 018;
32425 : 018;
32426 : 018;
32427 : 018;
32428 : 018;
32429 : 018;
32430 : 018;
32431 : 018;
32432 : 018;
32433 : 018;
32434 : 018;
32435 : 018;
32436 : 018;
32437 : 018;
32438 : 018;
32439 : 018;
32440 : 018;
32441 : 018;
32442 : 018;
32443 : 018;
32444 : 018;
32445 : 018;
32446 : 018;
32447 : 018;
32448 : 018;
32449 : 018;
32450 : 018;
32451 : 018;
32452 : 018;
32453 : 018;
32454 : 018;
32455 : 018;
32456 : 018;
32457 : 018;
32458 : 007;
32459 : 007;
32460 : 007;
32461 : 007;
32462 : 007;
32463 : 007;
32464 : 007;
32465 : 007;
32466 : 007;
32467 : 007;
32468 : 007;
32469 : 007;
32470 : 007;
32471 : 007;
32472 : 007;
32473 : 007;
32474 : 007;
32475 : 007;
32476 : 007;
32477 : 007;
32478 : 007;
32479 : 007;
32480 : 007;
32481 : 007;
32482 : 007;
32483 : 007;
32484 : 007;
32485 : 007;
32486 : 007;
32487 : 007;
32488 : 007;
32489 : 007;
32490 : 007;
32491 : 007;
32492 : 007;
32493 : 007;
32494 : 007;
32495 : 007;
32496 : 007;
32497 : 007;
32498 : 007;
32499 : 007;
32500 : 007;
32501 : 007;
32502 : 007;
32503 : 007;
32504 : 007;
32505 : 007;
32506 : 007;
32507 : 007;
32508 : 007;
32509 : 007;
32510 : 007;
32511 : 007;
32512 : 007;
32513 : 007;
32514 : 007;
32515 : 007;
32516 : 007;
32517 : 007;
32518 : 007;
32519 : 007;
32520 : 007;
32521 : 007;
32522 : 007;
32523 : 007;
32524 : 007;
32525 : 007;
32526 : 007;
32527 : 007;
32528 : 007;
32529 : 007;
32530 : 007;
32531 : 007;
32532 : 1FF;
32533 : 1FF;
32534 : 1FF;
32535 : 1FF;
32536 : 1FF;
32537 : 007;
32538 : 110;
32539 : 110;
32540 : 007;
32541 : 1DD;
32542 : 007;
32543 : 007;
32544 : 007;
32545 : 007;
32546 : 007;
32547 : 007;
32548 : 007;
32549 : 007;
32550 : 007;
32551 : 007;
32552 : 007;
32553 : 007;
32554 : 007;
32555 : 007;
32556 : 007;
32557 : 007;
32558 : 007;
32559 : 007;
32560 : 007;
32561 : 007;
32562 : 007;
32563 : 007;
32564 : 007;
32565 : 007;
32566 : 007;
32567 : 007;
32568 : 007;
32569 : 007;
32570 : 007;
32571 : 007;
32572 : 007;
32573 : 007;
32574 : 007;
32575 : 007;
32576 : 007;
32577 : 007;
32578 : 007;
32579 : 007;
32580 : 007;
32581 : 007;
32582 : 007;
32583 : 007;
32584 : 007;
32585 : 007;
32586 : 007;
32587 : 007;
32588 : 007;
32589 : 007;
32590 : 007;
32591 : 007;
32592 : 007;
32593 : 007;
32594 : 007;
32595 : 007;
32596 : 007;
32597 : 007;
32598 : 007;
32599 : 007;
32600 : 007;
32601 : 007;
32602 : 007;
32603 : 1FF;
32604 : 1FF;
32605 : 1FF;
32606 : 1FF;
32607 : 1FF;
32608 : 1FF;
32609 : 1FF;
32610 : 1FF;
32611 : 1FF;
32612 : 1FF;
32613 : 1FF;
32614 : 1FF;
32615 : 1FF;
32616 : 1FF;
32617 : 1FF;
32618 : 007;
32619 : 007;
32620 : 007;
32621 : 007;
32622 : 007;
32623 : 007;
32624 : 007;
32625 : 007;
32626 : 007;
32627 : 007;
32628 : 007;
32629 : 007;
32630 : 007;
32631 : 1FF;
32632 : 1FF;
32633 : 1FF;
32634 : 1FF;
32635 : 007;
32636 : 007;
32637 : 007;
32638 : 007;
32639 : 007;
32640 : 007;
32641 : 007;
32642 : 007;
32643 : 007;
32644 : 007;
32645 : 007;
32646 : 007;
32647 : 007;
32648 : 007;
32649 : 007;
32650 : 007;
32651 : 007;
32652 : 007;
32653 : 007;
32654 : 007;
32655 : 007;
32656 : 007;
32657 : 018;
32658 : 018;
32659 : 018;
32660 : 018;
32661 : 018;
32662 : 018;
32663 : 018;
32664 : 018;
32665 : 018;
32666 : 018;
32667 : 018;
32668 : 018;
32669 : 018;
32670 : 018;
32671 : 018;
32672 : 018;
32673 : 018;
32674 : 018;
32675 : 038;
32676 : 038;
32677 : 038;
32678 : 038;
32679 : 038;
32680 : 018;
32681 : 018;
32682 : 018;
32683 : 018;
32684 : 018;
32685 : 018;
32686 : 018;
32687 : 018;
32688 : 038;
32689 : 038;
32690 : 038;
32691 : 038;
32692 : 038;
32693 : 038;
32694 : 018;
32695 : 018;
32696 : 018;
32697 : 018;
32698 : 018;
32699 : 018;
32700 : 018;
32701 : 018;
32702 : 018;
32703 : 018;
32704 : 018;
32705 : 038;
32706 : 038;
32707 : 038;
32708 : 018;
32709 : 018;
32710 : 018;
32711 : 007;
32712 : 007;
32713 : 007;
32714 : 007;
32715 : 018;
32716 : 018;
32717 : 018;
32718 : 018;
32719 : 018;
32720 : 038;
32721 : 038;
32722 : 018;
32723 : 007;
32724 : 007;
32725 : 007;
32726 : 018;
32727 : 018;
32728 : 018;
32729 : 018;
32730 : 018;
32731 : 018;
32732 : 018;
32733 : 038;
32734 : 038;
32735 : 038;
32736 : 038;
32737 : 018;
32738 : 018;
32739 : 018;
32740 : 018;
32741 : 018;
32742 : 018;
32743 : 018;
32744 : 018;
32745 : 018;
32746 : 018;
32747 : 018;
32748 : 018;
32749 : 018;
32750 : 018;
32751 : 018;
32752 : 007;
32753 : 007;
32754 : 007;
32755 : 007;
32756 : 007;
32757 : 007;
32758 : 007;
32759 : 018;
32760 : 018;
32761 : 018;
32762 : 018;
32763 : 018;
32764 : 018;
32765 : 018;
32766 : 018;
32767 : 018;
32768 : 018;
32769 : 018;
32770 : 018;
32771 : 018;
32772 : 018;
32773 : 018;
32774 : 018;
32775 : 018;
32776 : 018;
32777 : 018;
32778 : 018;
32779 : 007;
32780 : 007;
32781 : 007;
32782 : 007;
32783 : 007;
32784 : 007;
32785 : 007;
32786 : 007;
32787 : 007;
32788 : 007;
32789 : 007;
32790 : 007;
32791 : 007;
32792 : 007;
32793 : 007;
32794 : 007;
32795 : 007;
32796 : 007;
32797 : 007;
32798 : 007;
32799 : 007;
32800 : 007;
32801 : 007;
32802 : 007;
32803 : 007;
32804 : 007;
32805 : 007;
32806 : 007;
32807 : 007;
32808 : 007;
32809 : 007;
32810 : 007;
32811 : 007;
32812 : 007;
32813 : 007;
32814 : 007;
32815 : 007;
32816 : 007;
32817 : 007;
32818 : 007;
32819 : 007;
32820 : 007;
32821 : 007;
32822 : 007;
32823 : 007;
32824 : 007;
32825 : 007;
32826 : 007;
32827 : 007;
32828 : 007;
32829 : 007;
32830 : 007;
32831 : 007;
32832 : 007;
32833 : 007;
32834 : 007;
32835 : 007;
32836 : 007;
32837 : 007;
32838 : 007;
32839 : 007;
32840 : 007;
32841 : 007;
32842 : 007;
32843 : 007;
32844 : 007;
32845 : 007;
32846 : 007;
32847 : 007;
32848 : 007;
32849 : 007;
32850 : 007;
32851 : 1FF;
32852 : 1FF;
32853 : 1FF;
32854 : 1FF;
32855 : 1FF;
32856 : 1FF;
32857 : 007;
32858 : 110;
32859 : 110;
32860 : 007;
32861 : 1DD;
32862 : 1DD;
32863 : 007;
32864 : 007;
32865 : 007;
32866 : 007;
32867 : 007;
32868 : 007;
32869 : 007;
32870 : 007;
32871 : 007;
32872 : 007;
32873 : 007;
32874 : 007;
32875 : 007;
32876 : 007;
32877 : 007;
32878 : 007;
32879 : 007;
32880 : 007;
32881 : 007;
32882 : 007;
32883 : 007;
32884 : 007;
32885 : 007;
32886 : 007;
32887 : 007;
32888 : 007;
32889 : 007;
32890 : 03F;
32891 : 03F;
32892 : 03F;
32893 : 03F;
32894 : 03F;
32895 : 03F;
32896 : 03F;
32897 : 03F;
32898 : 03F;
32899 : 03F;
32900 : 03F;
32901 : 03F;
32902 : 03F;
32903 : 03F;
32904 : 007;
32905 : 007;
32906 : 007;
32907 : 007;
32908 : 007;
32909 : 007;
32910 : 007;
32911 : 007;
32912 : 007;
32913 : 007;
32914 : 007;
32915 : 007;
32916 : 007;
32917 : 007;
32918 : 007;
32919 : 007;
32920 : 007;
32921 : 007;
32922 : 007;
32923 : 007;
32924 : 007;
32925 : 007;
32926 : 007;
32927 : 007;
32928 : 007;
32929 : 007;
32930 : 007;
32931 : 007;
32932 : 007;
32933 : 007;
32934 : 007;
32935 : 007;
32936 : 007;
32937 : 007;
32938 : 007;
32939 : 007;
32940 : 007;
32941 : 007;
32942 : 007;
32943 : 007;
32944 : 007;
32945 : 007;
32946 : 007;
32947 : 007;
32948 : 007;
32949 : 007;
32950 : 007;
32951 : 007;
32952 : 007;
32953 : 007;
32954 : 007;
32955 : 007;
32956 : 007;
32957 : 007;
32958 : 007;
32959 : 007;
32960 : 007;
32961 : 007;
32962 : 007;
32963 : 007;
32964 : 007;
32965 : 007;
32966 : 007;
32967 : 007;
32968 : 007;
32969 : 007;
32970 : 007;
32971 : 007;
32972 : 007;
32973 : 007;
32974 : 018;
32975 : 018;
32976 : 018;
32977 : 018;
32978 : 018;
32979 : 018;
32980 : 018;
32981 : 018;
32982 : 018;
32983 : 018;
32984 : 018;
32985 : 018;
32986 : 018;
32987 : 018;
32988 : 018;
32989 : 018;
32990 : 018;
32991 : 038;
32992 : 038;
32993 : 038;
32994 : 038;
32995 : 038;
32996 : 018;
32997 : 018;
32998 : 018;
32999 : 018;
33000 : 018;
33001 : 018;
33002 : 018;
33003 : 018;
33004 : 018;
33005 : 018;
33006 : 018;
33007 : 018;
33008 : 018;
33009 : 018;
33010 : 018;
33011 : 018;
33012 : 018;
33013 : 018;
33014 : 038;
33015 : 038;
33016 : 038;
33017 : 038;
33018 : 038;
33019 : 038;
33020 : 018;
33021 : 018;
33022 : 018;
33023 : 018;
33024 : 018;
33025 : 018;
33026 : 038;
33027 : 038;
33028 : 038;
33029 : 018;
33030 : 018;
33031 : 018;
33032 : 007;
33033 : 007;
33034 : 007;
33035 : 018;
33036 : 018;
33037 : 018;
33038 : 018;
33039 : 038;
33040 : 038;
33041 : 018;
33042 : 007;
33043 : 007;
33044 : 007;
33045 : 018;
33046 : 018;
33047 : 018;
33048 : 018;
33049 : 018;
33050 : 018;
33051 : 018;
33052 : 038;
33053 : 038;
33054 : 038;
33055 : 018;
33056 : 018;
33057 : 018;
33058 : 018;
33059 : 018;
33060 : 018;
33061 : 018;
33062 : 018;
33063 : 018;
33064 : 018;
33065 : 018;
33066 : 018;
33067 : 018;
33068 : 018;
33069 : 018;
33070 : 007;
33071 : 007;
33072 : 007;
33073 : 007;
33074 : 007;
33075 : 007;
33076 : 007;
33077 : 007;
33078 : 007;
33079 : 007;
33080 : 007;
33081 : 007;
33082 : 007;
33083 : 007;
33084 : 018;
33085 : 018;
33086 : 018;
33087 : 018;
33088 : 018;
33089 : 018;
33090 : 018;
33091 : 018;
33092 : 018;
33093 : 018;
33094 : 018;
33095 : 018;
33096 : 018;
33097 : 018;
33098 : 018;
33099 : 018;
33100 : 007;
33101 : 007;
33102 : 007;
33103 : 007;
33104 : 007;
33105 : 007;
33106 : 007;
33107 : 007;
33108 : 007;
33109 : 007;
33110 : 007;
33111 : 007;
33112 : 007;
33113 : 007;
33114 : 007;
33115 : 007;
33116 : 007;
33117 : 007;
33118 : 007;
33119 : 007;
33120 : 007;
33121 : 007;
33122 : 007;
33123 : 007;
33124 : 007;
33125 : 007;
33126 : 007;
33127 : 007;
33128 : 007;
33129 : 007;
33130 : 007;
33131 : 007;
33132 : 007;
33133 : 007;
33134 : 007;
33135 : 007;
33136 : 007;
33137 : 007;
33138 : 007;
33139 : 007;
33140 : 007;
33141 : 007;
33142 : 007;
33143 : 007;
33144 : 007;
33145 : 007;
33146 : 007;
33147 : 007;
33148 : 007;
33149 : 007;
33150 : 007;
33151 : 007;
33152 : 007;
33153 : 007;
33154 : 007;
33155 : 007;
33156 : 007;
33157 : 007;
33158 : 007;
33159 : 007;
33160 : 007;
33161 : 007;
33162 : 007;
33163 : 007;
33164 : 007;
33165 : 007;
33166 : 007;
33167 : 007;
33168 : 007;
33169 : 007;
33170 : 007;
33171 : 1FF;
33172 : 1FF;
33173 : 1FF;
33174 : 1FF;
33175 : 1FF;
33176 : 1FF;
33177 : 007;
33178 : 110;
33179 : 110;
33180 : 007;
33181 : 1DD;
33182 : 1DD;
33183 : 007;
33184 : 007;
33185 : 007;
33186 : 007;
33187 : 007;
33188 : 007;
33189 : 007;
33190 : 007;
33191 : 007;
33192 : 007;
33193 : 007;
33194 : 007;
33195 : 007;
33196 : 007;
33197 : 007;
33198 : 007;
33199 : 007;
33200 : 007;
33201 : 007;
33202 : 007;
33203 : 007;
33204 : 007;
33205 : 007;
33206 : 007;
33207 : 007;
33208 : 007;
33209 : 007;
33210 : 007;
33211 : 007;
33212 : 007;
33213 : 007;
33214 : 007;
33215 : 007;
33216 : 007;
33217 : 007;
33218 : 007;
33219 : 007;
33220 : 007;
33221 : 007;
33222 : 007;
33223 : 007;
33224 : 007;
33225 : 007;
33226 : 007;
33227 : 007;
33228 : 007;
33229 : 007;
33230 : 007;
33231 : 007;
33232 : 007;
33233 : 007;
33234 : 007;
33235 : 007;
33236 : 007;
33237 : 007;
33238 : 007;
33239 : 007;
33240 : 007;
33241 : 007;
33242 : 007;
33243 : 007;
33244 : 007;
33245 : 007;
33246 : 007;
33247 : 007;
33248 : 007;
33249 : 007;
33250 : 007;
33251 : 007;
33252 : 007;
33253 : 007;
33254 : 007;
33255 : 007;
33256 : 007;
33257 : 007;
33258 : 007;
33259 : 007;
33260 : 007;
33261 : 007;
33262 : 007;
33263 : 007;
33264 : 007;
33265 : 007;
33266 : 007;
33267 : 007;
33268 : 007;
33269 : 007;
33270 : 007;
33271 : 007;
33272 : 007;
33273 : 007;
33274 : 007;
33275 : 007;
33276 : 007;
33277 : 007;
33278 : 007;
33279 : 007;
33280 : 007;
33281 : 007;
33282 : 007;
33283 : 007;
33284 : 007;
33285 : 007;
33286 : 007;
33287 : 007;
33288 : 007;
33289 : 007;
33290 : 007;
33291 : 007;
33292 : 018;
33293 : 018;
33294 : 018;
33295 : 018;
33296 : 018;
33297 : 018;
33298 : 018;
33299 : 018;
33300 : 018;
33301 : 018;
33302 : 018;
33303 : 018;
33304 : 018;
33305 : 018;
33306 : 018;
33307 : 038;
33308 : 038;
33309 : 038;
33310 : 038;
33311 : 038;
33312 : 018;
33313 : 018;
33314 : 018;
33315 : 018;
33316 : 018;
33317 : 018;
33318 : 018;
33319 : 018;
33320 : 018;
33321 : 018;
33322 : 018;
33323 : 018;
33324 : 018;
33325 : 018;
33326 : 018;
33327 : 018;
33328 : 018;
33329 : 018;
33330 : 018;
33331 : 018;
33332 : 018;
33333 : 018;
33334 : 018;
33335 : 018;
33336 : 018;
33337 : 018;
33338 : 018;
33339 : 038;
33340 : 038;
33341 : 038;
33342 : 038;
33343 : 038;
33344 : 038;
33345 : 038;
33346 : 018;
33347 : 038;
33348 : 018;
33349 : 018;
33350 : 018;
33351 : 018;
33352 : 007;
33353 : 007;
33354 : 007;
33355 : 018;
33356 : 018;
33357 : 018;
33358 : 018;
33359 : 038;
33360 : 038;
33361 : 007;
33362 : 007;
33363 : 007;
33364 : 018;
33365 : 018;
33366 : 018;
33367 : 018;
33368 : 018;
33369 : 018;
33370 : 038;
33371 : 038;
33372 : 038;
33373 : 018;
33374 : 018;
33375 : 018;
33376 : 018;
33377 : 018;
33378 : 018;
33379 : 018;
33380 : 018;
33381 : 018;
33382 : 018;
33383 : 018;
33384 : 018;
33385 : 018;
33386 : 018;
33387 : 007;
33388 : 007;
33389 : 007;
33390 : 007;
33391 : 007;
33392 : 007;
33393 : 007;
33394 : 007;
33395 : 007;
33396 : 007;
33397 : 007;
33398 : 007;
33399 : 007;
33400 : 007;
33401 : 007;
33402 : 007;
33403 : 007;
33404 : 007;
33405 : 007;
33406 : 007;
33407 : 1FF;
33408 : 1FF;
33409 : 1FF;
33410 : 018;
33411 : 018;
33412 : 018;
33413 : 018;
33414 : 018;
33415 : 018;
33416 : 018;
33417 : 018;
33418 : 018;
33419 : 018;
33420 : 018;
33421 : 018;
33422 : 007;
33423 : 007;
33424 : 007;
33425 : 007;
33426 : 007;
33427 : 007;
33428 : 007;
33429 : 007;
33430 : 007;
33431 : 007;
33432 : 007;
33433 : 007;
33434 : 007;
33435 : 007;
33436 : 007;
33437 : 007;
33438 : 007;
33439 : 007;
33440 : 007;
33441 : 007;
33442 : 007;
33443 : 007;
33444 : 007;
33445 : 007;
33446 : 007;
33447 : 007;
33448 : 007;
33449 : 007;
33450 : 007;
33451 : 007;
33452 : 007;
33453 : 007;
33454 : 007;
33455 : 007;
33456 : 007;
33457 : 007;
33458 : 007;
33459 : 007;
33460 : 007;
33461 : 007;
33462 : 007;
33463 : 007;
33464 : 007;
33465 : 007;
33466 : 007;
33467 : 007;
33468 : 007;
33469 : 007;
33470 : 007;
33471 : 007;
33472 : 007;
33473 : 007;
33474 : 007;
33475 : 007;
33476 : 007;
33477 : 007;
33478 : 007;
33479 : 007;
33480 : 007;
33481 : 007;
33482 : 007;
33483 : 007;
33484 : 007;
33485 : 007;
33486 : 007;
33487 : 007;
33488 : 007;
33489 : 007;
33490 : 1FF;
33491 : 1FF;
33492 : 1FF;
33493 : 1FF;
33494 : 1FF;
33495 : 1FF;
33496 : 1FF;
33497 : 007;
33498 : 110;
33499 : 110;
33500 : 007;
33501 : 1DD;
33502 : 1DD;
33503 : 1DD;
33504 : 007;
33505 : 007;
33506 : 007;
33507 : 007;
33508 : 007;
33509 : 007;
33510 : 007;
33511 : 007;
33512 : 007;
33513 : 007;
33514 : 007;
33515 : 007;
33516 : 007;
33517 : 007;
33518 : 007;
33519 : 007;
33520 : 007;
33521 : 007;
33522 : 007;
33523 : 007;
33524 : 007;
33525 : 007;
33526 : 007;
33527 : 007;
33528 : 007;
33529 : 007;
33530 : 007;
33531 : 007;
33532 : 007;
33533 : 007;
33534 : 007;
33535 : 007;
33536 : 007;
33537 : 007;
33538 : 007;
33539 : 007;
33540 : 007;
33541 : 007;
33542 : 007;
33543 : 007;
33544 : 007;
33545 : 007;
33546 : 007;
33547 : 007;
33548 : 007;
33549 : 007;
33550 : 007;
33551 : 007;
33552 : 007;
33553 : 007;
33554 : 007;
33555 : 007;
33556 : 007;
33557 : 007;
33558 : 007;
33559 : 007;
33560 : 007;
33561 : 007;
33562 : 007;
33563 : 007;
33564 : 007;
33565 : 007;
33566 : 007;
33567 : 007;
33568 : 007;
33569 : 007;
33570 : 007;
33571 : 007;
33572 : 007;
33573 : 007;
33574 : 007;
33575 : 007;
33576 : 007;
33577 : 007;
33578 : 007;
33579 : 007;
33580 : 007;
33581 : 007;
33582 : 03F;
33583 : 03F;
33584 : 03F;
33585 : 03F;
33586 : 03F;
33587 : 03F;
33588 : 03F;
33589 : 03F;
33590 : 03F;
33591 : 03F;
33592 : 03F;
33593 : 03F;
33594 : 03F;
33595 : 03F;
33596 : 03F;
33597 : 03F;
33598 : 007;
33599 : 007;
33600 : 007;
33601 : 007;
33602 : 007;
33603 : 007;
33604 : 007;
33605 : 007;
33606 : 007;
33607 : 007;
33608 : 007;
33609 : 007;
33610 : 007;
33611 : 018;
33612 : 018;
33613 : 018;
33614 : 018;
33615 : 018;
33616 : 018;
33617 : 018;
33618 : 018;
33619 : 018;
33620 : 018;
33621 : 018;
33622 : 018;
33623 : 038;
33624 : 038;
33625 : 038;
33626 : 038;
33627 : 038;
33628 : 018;
33629 : 018;
33630 : 018;
33631 : 018;
33632 : 018;
33633 : 018;
33634 : 018;
33635 : 018;
33636 : 018;
33637 : 018;
33638 : 018;
33639 : 018;
33640 : 018;
33641 : 018;
33642 : 018;
33643 : 018;
33644 : 018;
33645 : 018;
33646 : 018;
33647 : 018;
33648 : 018;
33649 : 018;
33650 : 018;
33651 : 018;
33652 : 018;
33653 : 018;
33654 : 018;
33655 : 018;
33656 : 018;
33657 : 018;
33658 : 018;
33659 : 018;
33660 : 018;
33661 : 018;
33662 : 018;
33663 : 018;
33664 : 038;
33665 : 038;
33666 : 038;
33667 : 018;
33668 : 018;
33669 : 018;
33670 : 018;
33671 : 018;
33672 : 018;
33673 : 007;
33674 : 007;
33675 : 018;
33676 : 018;
33677 : 018;
33678 : 018;
33679 : 018;
33680 : 018;
33681 : 007;
33682 : 007;
33683 : 018;
33684 : 018;
33685 : 018;
33686 : 018;
33687 : 018;
33688 : 038;
33689 : 038;
33690 : 038;
33691 : 038;
33692 : 018;
33693 : 018;
33694 : 018;
33695 : 018;
33696 : 018;
33697 : 018;
33698 : 018;
33699 : 018;
33700 : 018;
33701 : 018;
33702 : 018;
33703 : 018;
33704 : 018;
33705 : 007;
33706 : 007;
33707 : 007;
33708 : 007;
33709 : 007;
33710 : 007;
33711 : 007;
33712 : 007;
33713 : 007;
33714 : 007;
33715 : 007;
33716 : 007;
33717 : 007;
33718 : 007;
33719 : 007;
33720 : 007;
33721 : 007;
33722 : 007;
33723 : 007;
33724 : 007;
33725 : 007;
33726 : 007;
33727 : 007;
33728 : 007;
33729 : 007;
33730 : 007;
33731 : 007;
33732 : 007;
33733 : 007;
33734 : 007;
33735 : 018;
33736 : 018;
33737 : 018;
33738 : 018;
33739 : 018;
33740 : 018;
33741 : 018;
33742 : 018;
33743 : 007;
33744 : 007;
33745 : 007;
33746 : 007;
33747 : 007;
33748 : 007;
33749 : 007;
33750 : 007;
33751 : 007;
33752 : 007;
33753 : 007;
33754 : 007;
33755 : 007;
33756 : 007;
33757 : 007;
33758 : 007;
33759 : 007;
33760 : 007;
33761 : 007;
33762 : 007;
33763 : 007;
33764 : 007;
33765 : 007;
33766 : 007;
33767 : 007;
33768 : 007;
33769 : 007;
33770 : 007;
33771 : 007;
33772 : 007;
33773 : 007;
33774 : 007;
33775 : 007;
33776 : 007;
33777 : 007;
33778 : 007;
33779 : 007;
33780 : 007;
33781 : 007;
33782 : 007;
33783 : 007;
33784 : 007;
33785 : 007;
33786 : 007;
33787 : 007;
33788 : 007;
33789 : 007;
33790 : 007;
33791 : 007;
33792 : 007;
33793 : 007;
33794 : 007;
33795 : 007;
33796 : 007;
33797 : 007;
33798 : 007;
33799 : 007;
33800 : 007;
33801 : 007;
33802 : 007;
33803 : 007;
33804 : 007;
33805 : 007;
33806 : 007;
33807 : 007;
33808 : 007;
33809 : 1FF;
33810 : 1FF;
33811 : 1FF;
33812 : 1FF;
33813 : 1FF;
33814 : 1FF;
33815 : 1FF;
33816 : 1FF;
33817 : 007;
33818 : 110;
33819 : 110;
33820 : 007;
33821 : 1DD;
33822 : 1DD;
33823 : 1DD;
33824 : 1DD;
33825 : 007;
33826 : 007;
33827 : 007;
33828 : 007;
33829 : 007;
33830 : 007;
33831 : 007;
33832 : 007;
33833 : 007;
33834 : 007;
33835 : 007;
33836 : 007;
33837 : 007;
33838 : 007;
33839 : 007;
33840 : 007;
33841 : 007;
33842 : 007;
33843 : 007;
33844 : 007;
33845 : 007;
33846 : 007;
33847 : 007;
33848 : 007;
33849 : 007;
33850 : 007;
33851 : 007;
33852 : 007;
33853 : 007;
33854 : 007;
33855 : 007;
33856 : 007;
33857 : 007;
33858 : 007;
33859 : 007;
33860 : 007;
33861 : 007;
33862 : 007;
33863 : 007;
33864 : 007;
33865 : 007;
33866 : 007;
33867 : 007;
33868 : 007;
33869 : 007;
33870 : 007;
33871 : 007;
33872 : 007;
33873 : 007;
33874 : 007;
33875 : 007;
33876 : 007;
33877 : 007;
33878 : 007;
33879 : 007;
33880 : 007;
33881 : 007;
33882 : 007;
33883 : 007;
33884 : 007;
33885 : 007;
33886 : 007;
33887 : 007;
33888 : 007;
33889 : 007;
33890 : 007;
33891 : 007;
33892 : 007;
33893 : 007;
33894 : 007;
33895 : 007;
33896 : 007;
33897 : 007;
33898 : 007;
33899 : 007;
33900 : 007;
33901 : 007;
33902 : 007;
33903 : 007;
33904 : 007;
33905 : 007;
33906 : 007;
33907 : 007;
33908 : 007;
33909 : 007;
33910 : 007;
33911 : 007;
33912 : 007;
33913 : 007;
33914 : 007;
33915 : 007;
33916 : 007;
33917 : 007;
33918 : 007;
33919 : 007;
33920 : 007;
33921 : 007;
33922 : 007;
33923 : 007;
33924 : 007;
33925 : 007;
33926 : 007;
33927 : 007;
33928 : 007;
33929 : 007;
33930 : 007;
33931 : 018;
33932 : 018;
33933 : 018;
33934 : 018;
33935 : 018;
33936 : 018;
33937 : 018;
33938 : 018;
33939 : 038;
33940 : 038;
33941 : 038;
33942 : 038;
33943 : 038;
33944 : 018;
33945 : 018;
33946 : 018;
33947 : 018;
33948 : 018;
33949 : 018;
33950 : 018;
33951 : 018;
33952 : 018;
33953 : 018;
33954 : 018;
33955 : 018;
33956 : 018;
33957 : 018;
33958 : 018;
33959 : 018;
33960 : 018;
33961 : 018;
33962 : 018;
33963 : 018;
33964 : 018;
33965 : 018;
33966 : 018;
33967 : 018;
33968 : 018;
33969 : 018;
33970 : 018;
33971 : 018;
33972 : 018;
33973 : 018;
33974 : 018;
33975 : 018;
33976 : 018;
33977 : 018;
33978 : 018;
33979 : 018;
33980 : 018;
33981 : 018;
33982 : 018;
33983 : 018;
33984 : 018;
33985 : 038;
33986 : 038;
33987 : 038;
33988 : 018;
33989 : 018;
33990 : 018;
33991 : 018;
33992 : 018;
33993 : 007;
33994 : 007;
33995 : 018;
33996 : 018;
33997 : 018;
33998 : 018;
33999 : 018;
34000 : 007;
34001 : 018;
34002 : 018;
34003 : 018;
34004 : 018;
34005 : 018;
34006 : 018;
34007 : 038;
34008 : 038;
34009 : 038;
34010 : 018;
34011 : 018;
34012 : 018;
34013 : 018;
34014 : 018;
34015 : 018;
34016 : 018;
34017 : 018;
34018 : 018;
34019 : 018;
34020 : 018;
34021 : 018;
34022 : 007;
34023 : 007;
34024 : 007;
34025 : 007;
34026 : 007;
34027 : 007;
34028 : 007;
34029 : 007;
34030 : 007;
34031 : 007;
34032 : 007;
34033 : 007;
34034 : 007;
34035 : 007;
34036 : 007;
34037 : 007;
34038 : 007;
34039 : 007;
34040 : 007;
34041 : 007;
34042 : 007;
34043 : 007;
34044 : 007;
34045 : 007;
34046 : 007;
34047 : 007;
34048 : 007;
34049 : 007;
34050 : 007;
34051 : 007;
34052 : 007;
34053 : 007;
34054 : 007;
34055 : 007;
34056 : 007;
34057 : 007;
34058 : 007;
34059 : 007;
34060 : 018;
34061 : 018;
34062 : 018;
34063 : 018;
34064 : 018;
34065 : 007;
34066 : 007;
34067 : 007;
34068 : 007;
34069 : 007;
34070 : 007;
34071 : 007;
34072 : 007;
34073 : 007;
34074 : 007;
34075 : 007;
34076 : 007;
34077 : 007;
34078 : 007;
34079 : 007;
34080 : 007;
34081 : 007;
34082 : 007;
34083 : 007;
34084 : 007;
34085 : 007;
34086 : 007;
34087 : 007;
34088 : 007;
34089 : 007;
34090 : 007;
34091 : 007;
34092 : 007;
34093 : 007;
34094 : 007;
34095 : 007;
34096 : 007;
34097 : 007;
34098 : 007;
34099 : 007;
34100 : 007;
34101 : 007;
34102 : 007;
34103 : 007;
34104 : 007;
34105 : 007;
34106 : 007;
34107 : 007;
34108 : 007;
34109 : 007;
34110 : 007;
34111 : 007;
34112 : 007;
34113 : 007;
34114 : 007;
34115 : 007;
34116 : 007;
34117 : 007;
34118 : 007;
34119 : 007;
34120 : 007;
34121 : 007;
34122 : 007;
34123 : 007;
34124 : 007;
34125 : 007;
34126 : 007;
34127 : 007;
34128 : 1FF;
34129 : 1FF;
34130 : 1FF;
34131 : 1FF;
34132 : 1FF;
34133 : 1FF;
34134 : 1FF;
34135 : 1FF;
34136 : 1FF;
34137 : 007;
34138 : 110;
34139 : 110;
34140 : 007;
34141 : 1DD;
34142 : 1DD;
34143 : 1DD;
34144 : 1DD;
34145 : 1DD;
34146 : 007;
34147 : 007;
34148 : 007;
34149 : 007;
34150 : 007;
34151 : 007;
34152 : 007;
34153 : 007;
34154 : 007;
34155 : 007;
34156 : 007;
34157 : 03F;
34158 : 03F;
34159 : 03F;
34160 : 03F;
34161 : 03F;
34162 : 03F;
34163 : 03F;
34164 : 03F;
34165 : 03F;
34166 : 007;
34167 : 007;
34168 : 007;
34169 : 007;
34170 : 007;
34171 : 007;
34172 : 007;
34173 : 007;
34174 : 007;
34175 : 007;
34176 : 007;
34177 : 007;
34178 : 007;
34179 : 007;
34180 : 007;
34181 : 007;
34182 : 007;
34183 : 007;
34184 : 007;
34185 : 007;
34186 : 007;
34187 : 007;
34188 : 007;
34189 : 007;
34190 : 007;
34191 : 007;
34192 : 007;
34193 : 007;
34194 : 007;
34195 : 007;
34196 : 007;
34197 : 007;
34198 : 007;
34199 : 007;
34200 : 007;
34201 : 007;
34202 : 007;
34203 : 007;
34204 : 007;
34205 : 007;
34206 : 007;
34207 : 007;
34208 : 007;
34209 : 007;
34210 : 007;
34211 : 007;
34212 : 007;
34213 : 007;
34214 : 007;
34215 : 007;
34216 : 007;
34217 : 007;
34218 : 007;
34219 : 007;
34220 : 007;
34221 : 007;
34222 : 007;
34223 : 007;
34224 : 007;
34225 : 007;
34226 : 007;
34227 : 007;
34228 : 007;
34229 : 007;
34230 : 007;
34231 : 007;
34232 : 007;
34233 : 007;
34234 : 007;
34235 : 007;
34236 : 007;
34237 : 007;
34238 : 007;
34239 : 007;
34240 : 007;
34241 : 007;
34242 : 007;
34243 : 007;
34244 : 007;
34245 : 007;
34246 : 007;
34247 : 007;
34248 : 007;
34249 : 007;
34250 : 018;
34251 : 018;
34252 : 018;
34253 : 018;
34254 : 018;
34255 : 038;
34256 : 038;
34257 : 038;
34258 : 038;
34259 : 038;
34260 : 018;
34261 : 018;
34262 : 018;
34263 : 018;
34264 : 018;
34265 : 018;
34266 : 018;
34267 : 018;
34268 : 018;
34269 : 018;
34270 : 018;
34271 : 018;
34272 : 018;
34273 : 018;
34274 : 018;
34275 : 018;
34276 : 018;
34277 : 018;
34278 : 018;
34279 : 018;
34280 : 018;
34281 : 018;
34282 : 018;
34283 : 018;
34284 : 018;
34285 : 018;
34286 : 018;
34287 : 018;
34288 : 018;
34289 : 018;
34290 : 018;
34291 : 018;
34292 : 018;
34293 : 018;
34294 : 018;
34295 : 018;
34296 : 018;
34297 : 018;
34298 : 018;
34299 : 018;
34300 : 018;
34301 : 018;
34302 : 018;
34303 : 018;
34304 : 018;
34305 : 018;
34306 : 038;
34307 : 038;
34308 : 038;
34309 : 038;
34310 : 018;
34311 : 018;
34312 : 018;
34313 : 018;
34314 : 007;
34315 : 018;
34316 : 018;
34317 : 018;
34318 : 018;
34319 : 007;
34320 : 018;
34321 : 018;
34322 : 018;
34323 : 018;
34324 : 018;
34325 : 038;
34326 : 038;
34327 : 038;
34328 : 038;
34329 : 018;
34330 : 018;
34331 : 018;
34332 : 018;
34333 : 018;
34334 : 018;
34335 : 018;
34336 : 018;
34337 : 018;
34338 : 018;
34339 : 018;
34340 : 007;
34341 : 007;
34342 : 007;
34343 : 007;
34344 : 007;
34345 : 007;
34346 : 007;
34347 : 007;
34348 : 007;
34349 : 007;
34350 : 007;
34351 : 007;
34352 : 007;
34353 : 007;
34354 : 007;
34355 : 007;
34356 : 007;
34357 : 007;
34358 : 007;
34359 : 007;
34360 : 007;
34361 : 007;
34362 : 007;
34363 : 007;
34364 : 007;
34365 : 007;
34366 : 007;
34367 : 007;
34368 : 007;
34369 : 007;
34370 : 007;
34371 : 007;
34372 : 007;
34373 : 007;
34374 : 007;
34375 : 007;
34376 : 007;
34377 : 007;
34378 : 007;
34379 : 007;
34380 : 007;
34381 : 007;
34382 : 007;
34383 : 007;
34384 : 007;
34385 : 018;
34386 : 007;
34387 : 007;
34388 : 007;
34389 : 007;
34390 : 007;
34391 : 007;
34392 : 007;
34393 : 007;
34394 : 007;
34395 : 007;
34396 : 007;
34397 : 007;
34398 : 007;
34399 : 007;
34400 : 007;
34401 : 007;
34402 : 007;
34403 : 007;
34404 : 007;
34405 : 007;
34406 : 03F;
34407 : 03F;
34408 : 03F;
34409 : 03F;
34410 : 03F;
34411 : 03F;
34412 : 03F;
34413 : 03F;
34414 : 007;
34415 : 007;
34416 : 007;
34417 : 007;
34418 : 007;
34419 : 007;
34420 : 007;
34421 : 007;
34422 : 007;
34423 : 007;
34424 : 007;
34425 : 007;
34426 : 007;
34427 : 007;
34428 : 007;
34429 : 007;
34430 : 007;
34431 : 007;
34432 : 007;
34433 : 007;
34434 : 007;
34435 : 007;
34436 : 007;
34437 : 007;
34438 : 007;
34439 : 007;
34440 : 007;
34441 : 007;
34442 : 007;
34443 : 007;
34444 : 007;
34445 : 007;
34446 : 007;
34447 : 1FF;
34448 : 1FF;
34449 : 1FF;
34450 : 1FF;
34451 : 1FF;
34452 : 1FF;
34453 : 1FF;
34454 : 1FF;
34455 : 1FF;
34456 : 1FF;
34457 : 1FF;
34458 : 110;
34459 : 110;
34460 : 1FF;
34461 : 1DD;
34462 : 1DD;
34463 : 1DD;
34464 : 1DD;
34465 : 1DD;
34466 : 1FF;
34467 : 1FF;
34468 : 1FF;
34469 : 1FF;
34470 : 1FF;
34471 : 007;
34472 : 007;
34473 : 007;
34474 : 007;
34475 : 007;
34476 : 007;
34477 : 007;
34478 : 007;
34479 : 007;
34480 : 007;
34481 : 007;
34482 : 007;
34483 : 007;
34484 : 007;
34485 : 007;
34486 : 007;
34487 : 007;
34488 : 007;
34489 : 007;
34490 : 007;
34491 : 007;
34492 : 007;
34493 : 007;
34494 : 007;
34495 : 007;
34496 : 007;
34497 : 007;
34498 : 007;
34499 : 007;
34500 : 007;
34501 : 007;
34502 : 007;
34503 : 007;
34504 : 007;
34505 : 007;
34506 : 007;
34507 : 03F;
34508 : 03F;
34509 : 03F;
34510 : 03F;
34511 : 03F;
34512 : 03F;
34513 : 03F;
34514 : 03F;
34515 : 03F;
34516 : 03F;
34517 : 03F;
34518 : 03F;
34519 : 03F;
34520 : 03F;
34521 : 03F;
34522 : 03F;
34523 : 03F;
34524 : 007;
34525 : 007;
34526 : 007;
34527 : 007;
34528 : 007;
34529 : 007;
34530 : 007;
34531 : 007;
34532 : 007;
34533 : 007;
34534 : 007;
34535 : 007;
34536 : 007;
34537 : 007;
34538 : 007;
34539 : 007;
34540 : 007;
34541 : 007;
34542 : 007;
34543 : 007;
34544 : 007;
34545 : 007;
34546 : 007;
34547 : 007;
34548 : 007;
34549 : 007;
34550 : 007;
34551 : 007;
34552 : 007;
34553 : 007;
34554 : 007;
34555 : 007;
34556 : 007;
34557 : 007;
34558 : 007;
34559 : 007;
34560 : 007;
34561 : 007;
34562 : 007;
34563 : 007;
34564 : 007;
34565 : 007;
34566 : 007;
34567 : 007;
34568 : 007;
34569 : 018;
34570 : 018;
34571 : 018;
34572 : 018;
34573 : 018;
34574 : 018;
34575 : 038;
34576 : 018;
34577 : 018;
34578 : 018;
34579 : 018;
34580 : 018;
34581 : 018;
34582 : 018;
34583 : 018;
34584 : 018;
34585 : 018;
34586 : 018;
34587 : 018;
34588 : 018;
34589 : 018;
34590 : 018;
34591 : 018;
34592 : 018;
34593 : 018;
34594 : 018;
34595 : 018;
34596 : 018;
34597 : 018;
34598 : 018;
34599 : 018;
34600 : 007;
34601 : 007;
34602 : 007;
34603 : 007;
34604 : 007;
34605 : 007;
34606 : 007;
34607 : 007;
34608 : 007;
34609 : 007;
34610 : 007;
34611 : 007;
34612 : 007;
34613 : 007;
34614 : 018;
34615 : 018;
34616 : 018;
34617 : 018;
34618 : 018;
34619 : 018;
34620 : 018;
34621 : 018;
34622 : 018;
34623 : 018;
34624 : 018;
34625 : 018;
34626 : 018;
34627 : 018;
34628 : 038;
34629 : 038;
34630 : 038;
34631 : 018;
34632 : 018;
34633 : 018;
34634 : 007;
34635 : 018;
34636 : 018;
34637 : 018;
34638 : 018;
34639 : 018;
34640 : 018;
34641 : 018;
34642 : 018;
34643 : 038;
34644 : 038;
34645 : 038;
34646 : 038;
34647 : 018;
34648 : 018;
34649 : 018;
34650 : 018;
34651 : 018;
34652 : 018;
34653 : 018;
34654 : 018;
34655 : 018;
34656 : 018;
34657 : 007;
34658 : 007;
34659 : 007;
34660 : 007;
34661 : 007;
34662 : 007;
34663 : 007;
34664 : 018;
34665 : 007;
34666 : 007;
34667 : 007;
34668 : 007;
34669 : 007;
34670 : 007;
34671 : 007;
34672 : 007;
34673 : 007;
34674 : 007;
34675 : 007;
34676 : 007;
34677 : 007;
34678 : 03F;
34679 : 03F;
34680 : 03F;
34681 : 03F;
34682 : 03F;
34683 : 03F;
34684 : 03F;
34685 : 03F;
34686 : 03F;
34687 : 03F;
34688 : 03F;
34689 : 03F;
34690 : 03F;
34691 : 03F;
34692 : 03F;
34693 : 03F;
34694 : 007;
34695 : 007;
34696 : 007;
34697 : 007;
34698 : 007;
34699 : 007;
34700 : 007;
34701 : 007;
34702 : 007;
34703 : 007;
34704 : 007;
34705 : 007;
34706 : 007;
34707 : 007;
34708 : 007;
34709 : 007;
34710 : 007;
34711 : 007;
34712 : 007;
34713 : 007;
34714 : 007;
34715 : 007;
34716 : 007;
34717 : 007;
34718 : 007;
34719 : 007;
34720 : 007;
34721 : 007;
34722 : 007;
34723 : 007;
34724 : 007;
34725 : 007;
34726 : 007;
34727 : 007;
34728 : 007;
34729 : 007;
34730 : 007;
34731 : 007;
34732 : 007;
34733 : 007;
34734 : 007;
34735 : 007;
34736 : 007;
34737 : 007;
34738 : 1FF;
34739 : 1FF;
34740 : 1FF;
34741 : 1FF;
34742 : 007;
34743 : 007;
34744 : 007;
34745 : 007;
34746 : 007;
34747 : 007;
34748 : 007;
34749 : 007;
34750 : 007;
34751 : 007;
34752 : 007;
34753 : 007;
34754 : 007;
34755 : 007;
34756 : 007;
34757 : 007;
34758 : 007;
34759 : 007;
34760 : 007;
34761 : 007;
34762 : 007;
34763 : 007;
34764 : 007;
34765 : 007;
34766 : 007;
34767 : 1FF;
34768 : 1FF;
34769 : 1FF;
34770 : 1FF;
34771 : 1FF;
34772 : 1FF;
34773 : 1FF;
34774 : 1FF;
34775 : 1FF;
34776 : 1FF;
34777 : 007;
34778 : 110;
34779 : 110;
34780 : 007;
34781 : 1DD;
34782 : 1DD;
34783 : 1DD;
34784 : 1DD;
34785 : 1DD;
34786 : 1DD;
34787 : 007;
34788 : 007;
34789 : 007;
34790 : 007;
34791 : 007;
34792 : 007;
34793 : 007;
34794 : 007;
34795 : 007;
34796 : 007;
34797 : 007;
34798 : 007;
34799 : 007;
34800 : 007;
34801 : 007;
34802 : 007;
34803 : 007;
34804 : 007;
34805 : 007;
34806 : 007;
34807 : 007;
34808 : 007;
34809 : 007;
34810 : 007;
34811 : 007;
34812 : 007;
34813 : 007;
34814 : 007;
34815 : 007;
34816 : 007;
34817 : 007;
34818 : 007;
34819 : 007;
34820 : 007;
34821 : 007;
34822 : 007;
34823 : 007;
34824 : 007;
34825 : 007;
34826 : 007;
34827 : 007;
34828 : 007;
34829 : 007;
34830 : 007;
34831 : 007;
34832 : 007;
34833 : 007;
34834 : 007;
34835 : 007;
34836 : 007;
34837 : 007;
34838 : 007;
34839 : 007;
34840 : 007;
34841 : 007;
34842 : 007;
34843 : 007;
34844 : 007;
34845 : 007;
34846 : 007;
34847 : 007;
34848 : 007;
34849 : 007;
34850 : 007;
34851 : 007;
34852 : 007;
34853 : 007;
34854 : 007;
34855 : 007;
34856 : 007;
34857 : 007;
34858 : 007;
34859 : 007;
34860 : 007;
34861 : 007;
34862 : 007;
34863 : 007;
34864 : 007;
34865 : 007;
34866 : 007;
34867 : 007;
34868 : 007;
34869 : 007;
34870 : 007;
34871 : 007;
34872 : 007;
34873 : 007;
34874 : 007;
34875 : 007;
34876 : 007;
34877 : 007;
34878 : 007;
34879 : 007;
34880 : 007;
34881 : 007;
34882 : 007;
34883 : 007;
34884 : 007;
34885 : 007;
34886 : 007;
34887 : 007;
34888 : 018;
34889 : 018;
34890 : 018;
34891 : 018;
34892 : 018;
34893 : 018;
34894 : 018;
34895 : 018;
34896 : 018;
34897 : 018;
34898 : 018;
34899 : 018;
34900 : 018;
34901 : 018;
34902 : 018;
34903 : 018;
34904 : 018;
34905 : 018;
34906 : 018;
34907 : 018;
34908 : 007;
34909 : 007;
34910 : 007;
34911 : 007;
34912 : 007;
34913 : 007;
34914 : 007;
34915 : 007;
34916 : 007;
34917 : 007;
34918 : 007;
34919 : 007;
34920 : 007;
34921 : 007;
34922 : 007;
34923 : 007;
34924 : 007;
34925 : 007;
34926 : 007;
34927 : 007;
34928 : 007;
34929 : 007;
34930 : 007;
34931 : 007;
34932 : 007;
34933 : 007;
34934 : 007;
34935 : 007;
34936 : 007;
34937 : 007;
34938 : 018;
34939 : 018;
34940 : 018;
34941 : 018;
34942 : 018;
34943 : 018;
34944 : 018;
34945 : 018;
34946 : 018;
34947 : 018;
34948 : 018;
34949 : 038;
34950 : 038;
34951 : 038;
34952 : 018;
34953 : 018;
34954 : 018;
34955 : 018;
34956 : 018;
34957 : 018;
34958 : 018;
34959 : 018;
34960 : 018;
34961 : 018;
34962 : 038;
34963 : 038;
34964 : 038;
34965 : 018;
34966 : 018;
34967 : 018;
34968 : 018;
34969 : 018;
34970 : 007;
34971 : 007;
34972 : 007;
34973 : 007;
34974 : 007;
34975 : 007;
34976 : 007;
34977 : 018;
34978 : 018;
34979 : 018;
34980 : 018;
34981 : 018;
34982 : 018;
34983 : 018;
34984 : 018;
34985 : 018;
34986 : 018;
34987 : 007;
34988 : 007;
34989 : 007;
34990 : 007;
34991 : 007;
34992 : 007;
34993 : 007;
34994 : 007;
34995 : 007;
34996 : 007;
34997 : 007;
34998 : 007;
34999 : 007;
35000 : 007;
35001 : 007;
35002 : 007;
35003 : 007;
35004 : 007;
35005 : 007;
35006 : 007;
35007 : 007;
35008 : 007;
35009 : 007;
35010 : 007;
35011 : 007;
35012 : 007;
35013 : 007;
35014 : 007;
35015 : 007;
35016 : 007;
35017 : 007;
35018 : 007;
35019 : 007;
35020 : 007;
35021 : 007;
35022 : 007;
35023 : 007;
35024 : 007;
35025 : 1FF;
35026 : 1FF;
35027 : 1FF;
35028 : 1FF;
35029 : 1FF;
35030 : 1FF;
35031 : 1FF;
35032 : 1FF;
35033 : 1FF;
35034 : 1FF;
35035 : 1FF;
35036 : 1FF;
35037 : 007;
35038 : 007;
35039 : 007;
35040 : 007;
35041 : 007;
35042 : 007;
35043 : 007;
35044 : 007;
35045 : 007;
35046 : 007;
35047 : 007;
35048 : 007;
35049 : 007;
35050 : 007;
35051 : 007;
35052 : 007;
35053 : 007;
35054 : 007;
35055 : 007;
35056 : 007;
35057 : 007;
35058 : 007;
35059 : 007;
35060 : 007;
35061 : 007;
35062 : 007;
35063 : 007;
35064 : 007;
35065 : 007;
35066 : 007;
35067 : 007;
35068 : 007;
35069 : 007;
35070 : 007;
35071 : 007;
35072 : 007;
35073 : 007;
35074 : 007;
35075 : 007;
35076 : 03F;
35077 : 03F;
35078 : 03F;
35079 : 03F;
35080 : 03F;
35081 : 03F;
35082 : 03F;
35083 : 03F;
35084 : 007;
35085 : 007;
35086 : 1FF;
35087 : 1FF;
35088 : 1FF;
35089 : 1FF;
35090 : 1FF;
35091 : 1FF;
35092 : 1FF;
35093 : 1FF;
35094 : 1FF;
35095 : 1FF;
35096 : 1FF;
35097 : 007;
35098 : 110;
35099 : 110;
35100 : 007;
35101 : 1DD;
35102 : 1DD;
35103 : 1DD;
35104 : 1DD;
35105 : 1DD;
35106 : 1DD;
35107 : 1DD;
35108 : 007;
35109 : 007;
35110 : 007;
35111 : 007;
35112 : 007;
35113 : 007;
35114 : 007;
35115 : 007;
35116 : 007;
35117 : 007;
35118 : 007;
35119 : 007;
35120 : 007;
35121 : 007;
35122 : 007;
35123 : 007;
35124 : 007;
35125 : 007;
35126 : 007;
35127 : 007;
35128 : 007;
35129 : 007;
35130 : 007;
35131 : 007;
35132 : 007;
35133 : 007;
35134 : 007;
35135 : 007;
35136 : 007;
35137 : 007;
35138 : 007;
35139 : 007;
35140 : 007;
35141 : 007;
35142 : 007;
35143 : 007;
35144 : 007;
35145 : 007;
35146 : 007;
35147 : 007;
35148 : 007;
35149 : 007;
35150 : 007;
35151 : 007;
35152 : 007;
35153 : 007;
35154 : 007;
35155 : 007;
35156 : 007;
35157 : 007;
35158 : 007;
35159 : 007;
35160 : 007;
35161 : 007;
35162 : 007;
35163 : 007;
35164 : 007;
35165 : 007;
35166 : 007;
35167 : 007;
35168 : 007;
35169 : 007;
35170 : 007;
35171 : 007;
35172 : 007;
35173 : 007;
35174 : 007;
35175 : 007;
35176 : 007;
35177 : 007;
35178 : 007;
35179 : 007;
35180 : 007;
35181 : 007;
35182 : 007;
35183 : 007;
35184 : 007;
35185 : 007;
35186 : 007;
35187 : 007;
35188 : 007;
35189 : 007;
35190 : 007;
35191 : 007;
35192 : 007;
35193 : 007;
35194 : 007;
35195 : 007;
35196 : 007;
35197 : 007;
35198 : 007;
35199 : 007;
35200 : 007;
35201 : 007;
35202 : 007;
35203 : 007;
35204 : 007;
35205 : 007;
35206 : 007;
35207 : 007;
35208 : 018;
35209 : 018;
35210 : 018;
35211 : 018;
35212 : 018;
35213 : 018;
35214 : 018;
35215 : 018;
35216 : 018;
35217 : 018;
35218 : 018;
35219 : 018;
35220 : 018;
35221 : 018;
35222 : 018;
35223 : 018;
35224 : 018;
35225 : 018;
35226 : 007;
35227 : 007;
35228 : 007;
35229 : 007;
35230 : 007;
35231 : 007;
35232 : 007;
35233 : 007;
35234 : 007;
35235 : 007;
35236 : 007;
35237 : 007;
35238 : 007;
35239 : 007;
35240 : 007;
35241 : 007;
35242 : 007;
35243 : 007;
35244 : 007;
35245 : 007;
35246 : 007;
35247 : 007;
35248 : 007;
35249 : 007;
35250 : 007;
35251 : 007;
35252 : 007;
35253 : 007;
35254 : 007;
35255 : 007;
35256 : 007;
35257 : 007;
35258 : 007;
35259 : 007;
35260 : 007;
35261 : 018;
35262 : 018;
35263 : 018;
35264 : 018;
35265 : 018;
35266 : 018;
35267 : 018;
35268 : 018;
35269 : 018;
35270 : 038;
35271 : 038;
35272 : 038;
35273 : 018;
35274 : 018;
35275 : 018;
35276 : 018;
35277 : 018;
35278 : 018;
35279 : 018;
35280 : 038;
35281 : 038;
35282 : 038;
35283 : 038;
35284 : 007;
35285 : 007;
35286 : 007;
35287 : 007;
35288 : 007;
35289 : 007;
35290 : 018;
35291 : 018;
35292 : 018;
35293 : 018;
35294 : 018;
35295 : 018;
35296 : 018;
35297 : 018;
35298 : 018;
35299 : 018;
35300 : 018;
35301 : 018;
35302 : 018;
35303 : 018;
35304 : 018;
35305 : 018;
35306 : 018;
35307 : 018;
35308 : 018;
35309 : 007;
35310 : 007;
35311 : 007;
35312 : 007;
35313 : 007;
35314 : 007;
35315 : 007;
35316 : 007;
35317 : 007;
35318 : 007;
35319 : 007;
35320 : 007;
35321 : 007;
35322 : 007;
35323 : 007;
35324 : 007;
35325 : 007;
35326 : 007;
35327 : 007;
35328 : 007;
35329 : 007;
35330 : 007;
35331 : 007;
35332 : 007;
35333 : 007;
35334 : 007;
35335 : 007;
35336 : 007;
35337 : 007;
35338 : 007;
35339 : 007;
35340 : 007;
35341 : 007;
35342 : 007;
35343 : 007;
35344 : 007;
35345 : 007;
35346 : 007;
35347 : 007;
35348 : 007;
35349 : 007;
35350 : 007;
35351 : 007;
35352 : 007;
35353 : 007;
35354 : 007;
35355 : 007;
35356 : 007;
35357 : 007;
35358 : 007;
35359 : 007;
35360 : 007;
35361 : 007;
35362 : 007;
35363 : 007;
35364 : 007;
35365 : 007;
35366 : 007;
35367 : 007;
35368 : 007;
35369 : 007;
35370 : 007;
35371 : 007;
35372 : 007;
35373 : 007;
35374 : 007;
35375 : 007;
35376 : 007;
35377 : 1FF;
35378 : 1FF;
35379 : 1FF;
35380 : 1FF;
35381 : 1FF;
35382 : 1FF;
35383 : 1FF;
35384 : 1FF;
35385 : 1FF;
35386 : 1FF;
35387 : 1FF;
35388 : 1FF;
35389 : 1FF;
35390 : 1FF;
35391 : 1FF;
35392 : 1FF;
35393 : 1FF;
35394 : 007;
35395 : 007;
35396 : 007;
35397 : 007;
35398 : 007;
35399 : 007;
35400 : 007;
35401 : 007;
35402 : 007;
35403 : 007;
35404 : 007;
35405 : 1FF;
35406 : 1FF;
35407 : 1FF;
35408 : 1FF;
35409 : 1FF;
35410 : 1FF;
35411 : 1FF;
35412 : 1FF;
35413 : 1FF;
35414 : 1FF;
35415 : 1FF;
35416 : 1FF;
35417 : 007;
35418 : 110;
35419 : 110;
35420 : 007;
35421 : 1DD;
35422 : 1DD;
35423 : 1DD;
35424 : 1DD;
35425 : 1DD;
35426 : 1DD;
35427 : 1DD;
35428 : 007;
35429 : 007;
35430 : 007;
35431 : 007;
35432 : 007;
35433 : 007;
35434 : 007;
35435 : 007;
35436 : 007;
35437 : 007;
35438 : 007;
35439 : 007;
35440 : 007;
35441 : 007;
35442 : 007;
35443 : 007;
35444 : 007;
35445 : 007;
35446 : 007;
35447 : 007;
35448 : 007;
35449 : 007;
35450 : 007;
35451 : 007;
35452 : 007;
35453 : 007;
35454 : 007;
35455 : 007;
35456 : 007;
35457 : 007;
35458 : 007;
35459 : 007;
35460 : 007;
35461 : 007;
35462 : 007;
35463 : 007;
35464 : 007;
35465 : 007;
35466 : 007;
35467 : 007;
35468 : 007;
35469 : 007;
35470 : 007;
35471 : 007;
35472 : 007;
35473 : 007;
35474 : 007;
35475 : 007;
35476 : 007;
35477 : 007;
35478 : 007;
35479 : 007;
35480 : 007;
35481 : 007;
35482 : 007;
35483 : 007;
35484 : 007;
35485 : 007;
35486 : 007;
35487 : 007;
35488 : 007;
35489 : 007;
35490 : 007;
35491 : 007;
35492 : 007;
35493 : 007;
35494 : 007;
35495 : 007;
35496 : 007;
35497 : 007;
35498 : 007;
35499 : 007;
35500 : 007;
35501 : 007;
35502 : 007;
35503 : 007;
35504 : 007;
35505 : 007;
35506 : 007;
35507 : 007;
35508 : 007;
35509 : 007;
35510 : 007;
35511 : 007;
35512 : 007;
35513 : 007;
35514 : 007;
35515 : 007;
35516 : 007;
35517 : 007;
35518 : 007;
35519 : 007;
35520 : 03F;
35521 : 03F;
35522 : 03F;
35523 : 03F;
35524 : 03F;
35525 : 03F;
35526 : 03F;
35527 : 018;
35528 : 018;
35529 : 018;
35530 : 018;
35531 : 018;
35532 : 018;
35533 : 018;
35534 : 018;
35535 : 018;
35536 : 018;
35537 : 018;
35538 : 018;
35539 : 018;
35540 : 018;
35541 : 018;
35542 : 018;
35543 : 03F;
35544 : 03F;
35545 : 03F;
35546 : 03F;
35547 : 03F;
35548 : 03F;
35549 : 03F;
35550 : 03F;
35551 : 03F;
35552 : 03F;
35553 : 03F;
35554 : 03F;
35555 : 03F;
35556 : 03F;
35557 : 03F;
35558 : 03F;
35559 : 03F;
35560 : 03F;
35561 : 03F;
35562 : 03F;
35563 : 03F;
35564 : 03F;
35565 : 03F;
35566 : 03F;
35567 : 03F;
35568 : 03F;
35569 : 03F;
35570 : 03F;
35571 : 03F;
35572 : 03F;
35573 : 03F;
35574 : 03F;
35575 : 03F;
35576 : 03F;
35577 : 03F;
35578 : 03F;
35579 : 03F;
35580 : 03F;
35581 : 03F;
35582 : 03F;
35583 : 03F;
35584 : 03F;
35585 : 018;
35586 : 018;
35587 : 018;
35588 : 018;
35589 : 110;
35590 : 110;
35591 : 110;
35592 : 038;
35593 : 038;
35594 : 038;
35595 : 018;
35596 : 018;
35597 : 110;
35598 : 110;
35599 : 110;
35600 : 03F;
35601 : 038;
35602 : 03F;
35603 : 018;
35604 : 018;
35605 : 018;
35606 : 018;
35607 : 018;
35608 : 018;
35609 : 018;
35610 : 018;
35611 : 018;
35612 : 018;
35613 : 018;
35614 : 018;
35615 : 018;
35616 : 018;
35617 : 018;
35618 : 018;
35619 : 018;
35620 : 018;
35621 : 018;
35622 : 018;
35623 : 018;
35624 : 018;
35625 : 018;
35626 : 018;
35627 : 018;
35628 : 018;
35629 : 018;
35630 : 018;
35631 : 03F;
35632 : 03F;
35633 : 03F;
35634 : 03F;
35635 : 03F;
35636 : 03F;
35637 : 03F;
35638 : 03F;
35639 : 03F;
35640 : 03F;
35641 : 03F;
35642 : 03F;
35643 : 03F;
35644 : 03F;
35645 : 03F;
35646 : 03F;
35647 : 03F;
35648 : 03F;
35649 : 03F;
35650 : 03F;
35651 : 03F;
35652 : 03F;
35653 : 03F;
35654 : 03F;
35655 : 03F;
35656 : 03F;
35657 : 03F;
35658 : 03F;
35659 : 03F;
35660 : 03F;
35661 : 03F;
35662 : 03F;
35663 : 03F;
35664 : 03F;
35665 : 03F;
35666 : 03F;
35667 : 03F;
35668 : 03F;
35669 : 03F;
35670 : 03F;
35671 : 03F;
35672 : 03F;
35673 : 03F;
35674 : 03F;
35675 : 03F;
35676 : 03F;
35677 : 03F;
35678 : 03F;
35679 : 03F;
35680 : 03F;
35681 : 03F;
35682 : 03F;
35683 : 03F;
35684 : 03F;
35685 : 03F;
35686 : 03F;
35687 : 03F;
35688 : 03F;
35689 : 03F;
35690 : 03F;
35691 : 03F;
35692 : 03F;
35693 : 03F;
35694 : 03F;
35695 : 03F;
35696 : 03F;
35697 : 03F;
35698 : 03F;
35699 : 03F;
35700 : 03F;
35701 : 03F;
35702 : 03F;
35703 : 03F;
35704 : 03F;
35705 : 03F;
35706 : 03F;
35707 : 03F;
35708 : 03F;
35709 : 03F;
35710 : 03F;
35711 : 03F;
35712 : 03F;
35713 : 03F;
35714 : 03F;
35715 : 03F;
35716 : 03F;
35717 : 03F;
35718 : 03F;
35719 : 03F;
35720 : 03F;
35721 : 03F;
35722 : 03F;
35723 : 03F;
35724 : 1FF;
35725 : 1FF;
35726 : 1FF;
35727 : 1FF;
35728 : 1FF;
35729 : 1FF;
35730 : 1FF;
35731 : 1FF;
35732 : 1FF;
35733 : 1FF;
35734 : 1FF;
35735 : 1FF;
35736 : 1FF;
35737 : 03F;
35738 : 110;
35739 : 110;
35740 : 03F;
35741 : 1DD;
35742 : 1DD;
35743 : 1DD;
35744 : 1DD;
35745 : 1DD;
35746 : 1DD;
35747 : 1DD;
35748 : 1DD;
35749 : 03F;
35750 : 03F;
35751 : 03F;
35752 : 03F;
35753 : 03F;
35754 : 03F;
35755 : 03F;
35756 : 03F;
35757 : 03F;
35758 : 03F;
35759 : 03F;
35760 : 03F;
35761 : 03F;
35762 : 03F;
35763 : 03F;
35764 : 03F;
35765 : 03F;
35766 : 03F;
35767 : 03F;
35768 : 03F;
35769 : 03F;
35770 : 03F;
35771 : 03F;
35772 : 03F;
35773 : 03F;
35774 : 03F;
35775 : 03F;
35776 : 03F;
35777 : 03F;
35778 : 03F;
35779 : 03F;
35780 : 03F;
35781 : 03F;
35782 : 03F;
35783 : 03F;
35784 : 03F;
35785 : 03F;
35786 : 03F;
35787 : 03F;
35788 : 03F;
35789 : 03F;
35790 : 03F;
35791 : 03F;
35792 : 03F;
35793 : 03F;
35794 : 03F;
35795 : 03F;
35796 : 03F;
35797 : 03F;
35798 : 03F;
35799 : 03F;
35800 : 03F;
35801 : 03F;
35802 : 03F;
35803 : 03F;
35804 : 03F;
35805 : 03F;
35806 : 03F;
35807 : 03F;
35808 : 03F;
35809 : 03F;
35810 : 03F;
35811 : 03F;
35812 : 03F;
35813 : 03F;
35814 : 03F;
35815 : 03F;
35816 : 03F;
35817 : 03F;
35818 : 03F;
35819 : 03F;
35820 : 03F;
35821 : 03F;
35822 : 03F;
35823 : 03F;
35824 : 03F;
35825 : 03F;
35826 : 03F;
35827 : 03F;
35828 : 03F;
35829 : 03F;
35830 : 03F;
35831 : 03F;
35832 : 03F;
35833 : 03F;
35834 : 03F;
35835 : 03F;
35836 : 03F;
35837 : 03F;
35838 : 03F;
35839 : 03F;
35840 : 03F;
35841 : 03F;
35842 : 03F;
35843 : 03F;
35844 : 03F;
35845 : 03F;
35846 : 018;
35847 : 018;
35848 : 018;
35849 : 018;
35850 : 018;
35851 : 018;
35852 : 018;
35853 : 018;
35854 : 018;
35855 : 018;
35856 : 018;
35857 : 018;
35858 : 018;
35859 : 018;
35860 : 018;
35861 : 03F;
35862 : 03F;
35863 : 03F;
35864 : 03F;
35865 : 03F;
35866 : 03F;
35867 : 03F;
35868 : 03F;
35869 : 03F;
35870 : 03F;
35871 : 03F;
35872 : 03F;
35873 : 03F;
35874 : 03F;
35875 : 03F;
35876 : 03F;
35877 : 03F;
35878 : 03F;
35879 : 03F;
35880 : 03F;
35881 : 03F;
35882 : 03F;
35883 : 03F;
35884 : 03F;
35885 : 03F;
35886 : 03F;
35887 : 03F;
35888 : 03F;
35889 : 03F;
35890 : 03F;
35891 : 03F;
35892 : 03F;
35893 : 03F;
35894 : 03F;
35895 : 03F;
35896 : 1FF;
35897 : 1FF;
35898 : 1FF;
35899 : 1FF;
35900 : 1FF;
35901 : 1FF;
35902 : 1FF;
35903 : 1FF;
35904 : 1FF;
35905 : 1FF;
35906 : 1FF;
35907 : 1FF;
35908 : 110;
35909 : 110;
35910 : 110;
35911 : 110;
35912 : 110;
35913 : 038;
35914 : 038;
35915 : 038;
35916 : 018;
35917 : 018;
35918 : 018;
35919 : 018;
35920 : 018;
35921 : 018;
35922 : 018;
35923 : 018;
35924 : 018;
35925 : 018;
35926 : 018;
35927 : 018;
35928 : 018;
35929 : 018;
35930 : 018;
35931 : 018;
35932 : 018;
35933 : 018;
35934 : 018;
35935 : 018;
35936 : 018;
35937 : 018;
35938 : 018;
35939 : 018;
35940 : 018;
35941 : 018;
35942 : 018;
35943 : 018;
35944 : 018;
35945 : 018;
35946 : 018;
35947 : 018;
35948 : 018;
35949 : 018;
35950 : 018;
35951 : 018;
35952 : 018;
35953 : 03F;
35954 : 03F;
35955 : 03F;
35956 : 03F;
35957 : 03F;
35958 : 03F;
35959 : 03F;
35960 : 03F;
35961 : 03F;
35962 : 03F;
35963 : 03F;
35964 : 03F;
35965 : 03F;
35966 : 03F;
35967 : 03F;
35968 : 03F;
35969 : 03F;
35970 : 03F;
35971 : 03F;
35972 : 03F;
35973 : 03F;
35974 : 03F;
35975 : 03F;
35976 : 03F;
35977 : 03F;
35978 : 03F;
35979 : 03F;
35980 : 03F;
35981 : 03F;
35982 : 03F;
35983 : 03F;
35984 : 03F;
35985 : 03F;
35986 : 03F;
35987 : 03F;
35988 : 03F;
35989 : 03F;
35990 : 03F;
35991 : 03F;
35992 : 03F;
35993 : 03F;
35994 : 03F;
35995 : 03F;
35996 : 03F;
35997 : 03F;
35998 : 03F;
35999 : 03F;
36000 : 03F;
36001 : 03F;
36002 : 03F;
36003 : 03F;
36004 : 03F;
36005 : 03F;
36006 : 03F;
36007 : 03F;
36008 : 03F;
36009 : 03F;
36010 : 03F;
36011 : 03F;
36012 : 03F;
36013 : 03F;
36014 : 03F;
36015 : 03F;
36016 : 03F;
36017 : 03F;
36018 : 03F;
36019 : 03F;
36020 : 03F;
36021 : 03F;
36022 : 03F;
36023 : 03F;
36024 : 03F;
36025 : 03F;
36026 : 03F;
36027 : 03F;
36028 : 03F;
36029 : 03F;
36030 : 03F;
36031 : 03F;
36032 : 03F;
36033 : 03F;
36034 : 03F;
36035 : 03F;
36036 : 03F;
36037 : 03F;
36038 : 03F;
36039 : 03F;
36040 : 03F;
36041 : 03F;
36042 : 03F;
36043 : 03F;
36044 : 1FF;
36045 : 1FF;
36046 : 1FF;
36047 : 1FF;
36048 : 1FF;
36049 : 1FF;
36050 : 1FF;
36051 : 1FF;
36052 : 1FF;
36053 : 1FF;
36054 : 1FF;
36055 : 1FF;
36056 : 1FF;
36057 : 03F;
36058 : 110;
36059 : 110;
36060 : 03F;
36061 : 1DD;
36062 : 1DD;
36063 : 1DD;
36064 : 1DD;
36065 : 1DD;
36066 : 1DD;
36067 : 1DD;
36068 : 1DD;
36069 : 1DD;
36070 : 03F;
36071 : 03F;
36072 : 03F;
36073 : 03F;
36074 : 03F;
36075 : 03F;
36076 : 03F;
36077 : 03F;
36078 : 03F;
36079 : 03F;
36080 : 03F;
36081 : 03F;
36082 : 03F;
36083 : 03F;
36084 : 03F;
36085 : 03F;
36086 : 03F;
36087 : 03F;
36088 : 03F;
36089 : 03F;
36090 : 03F;
36091 : 03F;
36092 : 03F;
36093 : 03F;
36094 : 03F;
36095 : 03F;
36096 : 03F;
36097 : 03F;
36098 : 03F;
36099 : 03F;
36100 : 03F;
36101 : 03F;
36102 : 03F;
36103 : 03F;
36104 : 03F;
36105 : 03F;
36106 : 03F;
36107 : 03F;
36108 : 03F;
36109 : 03F;
36110 : 03F;
36111 : 03F;
36112 : 03F;
36113 : 03F;
36114 : 03F;
36115 : 03F;
36116 : 03F;
36117 : 03F;
36118 : 03F;
36119 : 03F;
36120 : 03F;
36121 : 03F;
36122 : 03F;
36123 : 03F;
36124 : 03F;
36125 : 03F;
36126 : 03F;
36127 : 03F;
36128 : 03F;
36129 : 03F;
36130 : 03F;
36131 : 03F;
36132 : 03F;
36133 : 03F;
36134 : 03F;
36135 : 03F;
36136 : 03F;
36137 : 03F;
36138 : 03F;
36139 : 03F;
36140 : 03F;
36141 : 03F;
36142 : 03F;
36143 : 03F;
36144 : 03F;
36145 : 03F;
36146 : 03F;
36147 : 03F;
36148 : 03F;
36149 : 03F;
36150 : 03F;
36151 : 03F;
36152 : 03F;
36153 : 03F;
36154 : 03F;
36155 : 03F;
36156 : 03F;
36157 : 03F;
36158 : 03F;
36159 : 03F;
36160 : 03F;
36161 : 03F;
36162 : 03F;
36163 : 03F;
36164 : 03F;
36165 : 03F;
36166 : 018;
36167 : 018;
36168 : 018;
36169 : 018;
36170 : 018;
36171 : 018;
36172 : 018;
36173 : 018;
36174 : 018;
36175 : 018;
36176 : 018;
36177 : 018;
36178 : 018;
36179 : 03F;
36180 : 03F;
36181 : 03F;
36182 : 03F;
36183 : 03F;
36184 : 03F;
36185 : 03F;
36186 : 03F;
36187 : 03F;
36188 : 03F;
36189 : 03F;
36190 : 03F;
36191 : 03F;
36192 : 03F;
36193 : 03F;
36194 : 03F;
36195 : 03F;
36196 : 03F;
36197 : 03F;
36198 : 03F;
36199 : 03F;
36200 : 03F;
36201 : 03F;
36202 : 007;
36203 : 007;
36204 : 007;
36205 : 007;
36206 : 007;
36207 : 007;
36208 : 007;
36209 : 007;
36210 : 007;
36211 : 007;
36212 : 007;
36213 : 007;
36214 : 03F;
36215 : 03F;
36216 : 03F;
36217 : 03F;
36218 : 03F;
36219 : 03F;
36220 : 03F;
36221 : 03F;
36222 : 03F;
36223 : 03F;
36224 : 03F;
36225 : 03F;
36226 : 018;
36227 : 110;
36228 : 110;
36229 : 110;
36230 : 110;
36231 : 110;
36232 : 110;
36233 : 110;
36234 : 038;
36235 : 038;
36236 : 038;
36237 : 110;
36238 : 110;
36239 : 110;
36240 : 018;
36241 : 018;
36242 : 018;
36243 : 018;
36244 : 018;
36245 : 018;
36246 : 018;
36247 : 018;
36248 : 018;
36249 : 018;
36250 : 018;
36251 : 018;
36252 : 018;
36253 : 018;
36254 : 018;
36255 : 018;
36256 : 018;
36257 : 018;
36258 : 018;
36259 : 018;
36260 : 018;
36261 : 018;
36262 : 018;
36263 : 018;
36264 : 018;
36265 : 018;
36266 : 018;
36267 : 018;
36268 : 018;
36269 : 018;
36270 : 018;
36271 : 018;
36272 : 018;
36273 : 018;
36274 : 018;
36275 : 03F;
36276 : 03F;
36277 : 03F;
36278 : 03F;
36279 : 03F;
36280 : 03F;
36281 : 03F;
36282 : 03F;
36283 : 03F;
36284 : 03F;
36285 : 03F;
36286 : 03F;
36287 : 03F;
36288 : 03F;
36289 : 03F;
36290 : 03F;
36291 : 03F;
36292 : 03F;
36293 : 03F;
36294 : 03F;
36295 : 03F;
36296 : 03F;
36297 : 03F;
36298 : 03F;
36299 : 03F;
36300 : 03F;
36301 : 03F;
36302 : 007;
36303 : 007;
36304 : 007;
36305 : 007;
36306 : 007;
36307 : 03F;
36308 : 03F;
36309 : 03F;
36310 : 03F;
36311 : 03F;
36312 : 03F;
36313 : 03F;
36314 : 03F;
36315 : 03F;
36316 : 03F;
36317 : 03F;
36318 : 03F;
36319 : 03F;
36320 : 03F;
36321 : 03F;
36322 : 03F;
36323 : 03F;
36324 : 03F;
36325 : 03F;
36326 : 03F;
36327 : 03F;
36328 : 03F;
36329 : 03F;
36330 : 03F;
36331 : 03F;
36332 : 03F;
36333 : 03F;
36334 : 03F;
36335 : 03F;
36336 : 03F;
36337 : 03F;
36338 : 03F;
36339 : 03F;
36340 : 03F;
36341 : 03F;
36342 : 03F;
36343 : 03F;
36344 : 03F;
36345 : 03F;
36346 : 03F;
36347 : 03F;
36348 : 03F;
36349 : 03F;
36350 : 03F;
36351 : 03F;
36352 : 03F;
36353 : 03F;
36354 : 03F;
36355 : 03F;
36356 : 03F;
36357 : 03F;
36358 : 03F;
36359 : 03F;
36360 : 03F;
36361 : 03F;
36362 : 03F;
36363 : 1FF;
36364 : 1FF;
36365 : 1FF;
36366 : 1FF;
36367 : 1FF;
36368 : 1FF;
36369 : 1FF;
36370 : 1FF;
36371 : 1FF;
36372 : 1FF;
36373 : 1FF;
36374 : 1FF;
36375 : 1FF;
36376 : 1FF;
36377 : 03F;
36378 : 110;
36379 : 110;
36380 : 03F;
36381 : 1DD;
36382 : 1DD;
36383 : 1DD;
36384 : 1DD;
36385 : 1DD;
36386 : 1DD;
36387 : 1DD;
36388 : 1DD;
36389 : 1DD;
36390 : 1DD;
36391 : 03F;
36392 : 03F;
36393 : 03F;
36394 : 03F;
36395 : 03F;
36396 : 03F;
36397 : 03F;
36398 : 03F;
36399 : 03F;
36400 : 03F;
36401 : 03F;
36402 : 03F;
36403 : 03F;
36404 : 03F;
36405 : 03F;
36406 : 03F;
36407 : 03F;
36408 : 03F;
36409 : 03F;
36410 : 03F;
36411 : 03F;
36412 : 03F;
36413 : 03F;
36414 : 03F;
36415 : 03F;
36416 : 03F;
36417 : 03F;
36418 : 03F;
36419 : 03F;
36420 : 03F;
36421 : 03F;
36422 : 03F;
36423 : 03F;
36424 : 03F;
36425 : 03F;
36426 : 03F;
36427 : 03F;
36428 : 03F;
36429 : 03F;
36430 : 03F;
36431 : 03F;
36432 : 03F;
36433 : 03F;
36434 : 03F;
36435 : 03F;
36436 : 03F;
36437 : 03F;
36438 : 03F;
36439 : 03F;
36440 : 03F;
36441 : 03F;
36442 : 03F;
36443 : 03F;
36444 : 03F;
36445 : 03F;
36446 : 03F;
36447 : 03F;
36448 : 03F;
36449 : 03F;
36450 : 03F;
36451 : 03F;
36452 : 03F;
36453 : 03F;
36454 : 03F;
36455 : 03F;
36456 : 03F;
36457 : 03F;
36458 : 03F;
36459 : 03F;
36460 : 03F;
36461 : 03F;
36462 : 03F;
36463 : 03F;
36464 : 03F;
36465 : 03F;
36466 : 03F;
36467 : 03F;
36468 : 03F;
36469 : 03F;
36470 : 03F;
36471 : 03F;
36472 : 03F;
36473 : 03F;
36474 : 03F;
36475 : 03F;
36476 : 03F;
36477 : 03F;
36478 : 03F;
36479 : 03F;
36480 : 03F;
36481 : 03F;
36482 : 03F;
36483 : 03F;
36484 : 03F;
36485 : 018;
36486 : 018;
36487 : 018;
36488 : 018;
36489 : 018;
36490 : 018;
36491 : 018;
36492 : 018;
36493 : 018;
36494 : 018;
36495 : 018;
36496 : 018;
36497 : 03F;
36498 : 03F;
36499 : 03F;
36500 : 03F;
36501 : 03F;
36502 : 03F;
36503 : 03F;
36504 : 03F;
36505 : 03F;
36506 : 03F;
36507 : 03F;
36508 : 03F;
36509 : 03F;
36510 : 03F;
36511 : 03F;
36512 : 03F;
36513 : 03F;
36514 : 03F;
36515 : 03F;
36516 : 03F;
36517 : 03F;
36518 : 03F;
36519 : 03F;
36520 : 03F;
36521 : 03F;
36522 : 03F;
36523 : 03F;
36524 : 03F;
36525 : 03F;
36526 : 03F;
36527 : 007;
36528 : 007;
36529 : 007;
36530 : 007;
36531 : 007;
36532 : 007;
36533 : 03F;
36534 : 03F;
36535 : 03F;
36536 : 03F;
36537 : 03F;
36538 : 03F;
36539 : 018;
36540 : 018;
36541 : 018;
36542 : 018;
36543 : 018;
36544 : 018;
36545 : 018;
36546 : 018;
36547 : 110;
36548 : 110;
36549 : 110;
36550 : 110;
36551 : 110;
36552 : 110;
36553 : 110;
36554 : 1D8;
36555 : 038;
36556 : 110;
36557 : 110;
36558 : 110;
36559 : 110;
36560 : 110;
36561 : 018;
36562 : 018;
36563 : 018;
36564 : 018;
36565 : 018;
36566 : 018;
36567 : 018;
36568 : 018;
36569 : 018;
36570 : 018;
36571 : 018;
36572 : 018;
36573 : 018;
36574 : 018;
36575 : 018;
36576 : 018;
36577 : 018;
36578 : 018;
36579 : 018;
36580 : 018;
36581 : 018;
36582 : 018;
36583 : 018;
36584 : 018;
36585 : 018;
36586 : 018;
36587 : 018;
36588 : 018;
36589 : 018;
36590 : 018;
36591 : 018;
36592 : 018;
36593 : 018;
36594 : 018;
36595 : 018;
36596 : 03F;
36597 : 03F;
36598 : 03F;
36599 : 03F;
36600 : 03F;
36601 : 03F;
36602 : 03F;
36603 : 03F;
36604 : 03F;
36605 : 03F;
36606 : 03F;
36607 : 03F;
36608 : 03F;
36609 : 03F;
36610 : 03F;
36611 : 03F;
36612 : 03F;
36613 : 03F;
36614 : 03F;
36615 : 03F;
36616 : 03F;
36617 : 03F;
36618 : 03F;
36619 : 03F;
36620 : 03F;
36621 : 03F;
36622 : 03F;
36623 : 03F;
36624 : 03F;
36625 : 03F;
36626 : 03F;
36627 : 03F;
36628 : 03F;
36629 : 03F;
36630 : 03F;
36631 : 03F;
36632 : 03F;
36633 : 03F;
36634 : 03F;
36635 : 03F;
36636 : 03F;
36637 : 03F;
36638 : 03F;
36639 : 03F;
36640 : 03F;
36641 : 03F;
36642 : 03F;
36643 : 03F;
36644 : 03F;
36645 : 03F;
36646 : 03F;
36647 : 03F;
36648 : 03F;
36649 : 03F;
36650 : 03F;
36651 : 03F;
36652 : 03F;
36653 : 03F;
36654 : 03F;
36655 : 03F;
36656 : 03F;
36657 : 03F;
36658 : 03F;
36659 : 03F;
36660 : 03F;
36661 : 03F;
36662 : 03F;
36663 : 03F;
36664 : 03F;
36665 : 03F;
36666 : 03F;
36667 : 03F;
36668 : 03F;
36669 : 03F;
36670 : 03F;
36671 : 03F;
36672 : 03F;
36673 : 03F;
36674 : 03F;
36675 : 03F;
36676 : 03F;
36677 : 03F;
36678 : 03F;
36679 : 03F;
36680 : 03F;
36681 : 03F;
36682 : 1FF;
36683 : 1FF;
36684 : 1FF;
36685 : 1FF;
36686 : 1FF;
36687 : 1FF;
36688 : 1FF;
36689 : 1FF;
36690 : 1FF;
36691 : 1FF;
36692 : 1FF;
36693 : 1FF;
36694 : 1FF;
36695 : 1FF;
36696 : 1FF;
36697 : 03F;
36698 : 110;
36699 : 110;
36700 : 03F;
36701 : 1DD;
36702 : 1DD;
36703 : 1DD;
36704 : 1DD;
36705 : 1DD;
36706 : 1DD;
36707 : 1DD;
36708 : 1DD;
36709 : 1DD;
36710 : 1DD;
36711 : 1FF;
36712 : 1FF;
36713 : 1FF;
36714 : 1FF;
36715 : 1FF;
36716 : 1FF;
36717 : 1FF;
36718 : 1FF;
36719 : 1FF;
36720 : 1FF;
36721 : 1FF;
36722 : 1FF;
36723 : 1FF;
36724 : 1FF;
36725 : 1FF;
36726 : 03F;
36727 : 03F;
36728 : 03F;
36729 : 03F;
36730 : 03F;
36731 : 03F;
36732 : 03F;
36733 : 03F;
36734 : 03F;
36735 : 03F;
36736 : 03F;
36737 : 03F;
36738 : 03F;
36739 : 03F;
36740 : 03F;
36741 : 03F;
36742 : 03F;
36743 : 03F;
36744 : 03F;
36745 : 03F;
36746 : 03F;
36747 : 03F;
36748 : 03F;
36749 : 03F;
36750 : 03F;
36751 : 03F;
36752 : 03F;
36753 : 03F;
36754 : 03F;
36755 : 03F;
36756 : 03F;
36757 : 03F;
36758 : 03F;
36759 : 03F;
36760 : 03F;
36761 : 03F;
36762 : 03F;
36763 : 03F;
36764 : 03F;
36765 : 03F;
36766 : 03F;
36767 : 03F;
36768 : 03F;
36769 : 03F;
36770 : 03F;
36771 : 03F;
36772 : 03F;
36773 : 03F;
36774 : 03F;
36775 : 03F;
36776 : 03F;
36777 : 03F;
36778 : 03F;
36779 : 03F;
36780 : 03F;
36781 : 03F;
36782 : 03F;
36783 : 03F;
36784 : 03F;
36785 : 03F;
36786 : 03F;
36787 : 03F;
36788 : 03F;
36789 : 03F;
36790 : 03F;
36791 : 03F;
36792 : 03F;
36793 : 03F;
36794 : 03F;
36795 : 03F;
36796 : 03F;
36797 : 03F;
36798 : 03F;
36799 : 03F;
36800 : 03F;
36801 : 03F;
36802 : 03F;
36803 : 03F;
36804 : 018;
36805 : 018;
36806 : 018;
36807 : 018;
36808 : 018;
36809 : 018;
36810 : 018;
36811 : 018;
36812 : 018;
36813 : 018;
36814 : 03F;
36815 : 03F;
36816 : 03F;
36817 : 03F;
36818 : 03F;
36819 : 03F;
36820 : 03F;
36821 : 03F;
36822 : 03F;
36823 : 03F;
36824 : 03F;
36825 : 03F;
36826 : 03F;
36827 : 03F;
36828 : 03F;
36829 : 03F;
36830 : 03F;
36831 : 03F;
36832 : 03F;
36833 : 03F;
36834 : 03F;
36835 : 03F;
36836 : 03F;
36837 : 03F;
36838 : 03F;
36839 : 03F;
36840 : 03F;
36841 : 03F;
36842 : 03F;
36843 : 03F;
36844 : 03F;
36845 : 03F;
36846 : 03F;
36847 : 03F;
36848 : 03F;
36849 : 03F;
36850 : 03F;
36851 : 03F;
36852 : 018;
36853 : 018;
36854 : 018;
36855 : 018;
36856 : 018;
36857 : 018;
36858 : 018;
36859 : 018;
36860 : 018;
36861 : 018;
36862 : 018;
36863 : 018;
36864 : 018;
36865 : 018;
36866 : 018;
36867 : 110;
36868 : 110;
36869 : 110;
36870 : 110;
36871 : 110;
36872 : 110;
36873 : 110;
36874 : 1D8;
36875 : 110;
36876 : 110;
36877 : 110;
36878 : 110;
36879 : 110;
36880 : 110;
36881 : 110;
36882 : 038;
36883 : 03F;
36884 : 018;
36885 : 018;
36886 : 018;
36887 : 018;
36888 : 018;
36889 : 018;
36890 : 018;
36891 : 018;
36892 : 018;
36893 : 018;
36894 : 018;
36895 : 018;
36896 : 018;
36897 : 018;
36898 : 018;
36899 : 018;
36900 : 018;
36901 : 018;
36902 : 018;
36903 : 018;
36904 : 018;
36905 : 018;
36906 : 018;
36907 : 018;
36908 : 018;
36909 : 018;
36910 : 018;
36911 : 018;
36912 : 018;
36913 : 018;
36914 : 018;
36915 : 018;
36916 : 018;
36917 : 018;
36918 : 03F;
36919 : 03F;
36920 : 03F;
36921 : 03F;
36922 : 03F;
36923 : 03F;
36924 : 03F;
36925 : 03F;
36926 : 03F;
36927 : 03F;
36928 : 03F;
36929 : 03F;
36930 : 03F;
36931 : 03F;
36932 : 03F;
36933 : 03F;
36934 : 03F;
36935 : 03F;
36936 : 03F;
36937 : 03F;
36938 : 03F;
36939 : 03F;
36940 : 03F;
36941 : 03F;
36942 : 03F;
36943 : 03F;
36944 : 03F;
36945 : 03F;
36946 : 03F;
36947 : 03F;
36948 : 03F;
36949 : 03F;
36950 : 03F;
36951 : 03F;
36952 : 03F;
36953 : 03F;
36954 : 03F;
36955 : 03F;
36956 : 03F;
36957 : 03F;
36958 : 03F;
36959 : 03F;
36960 : 03F;
36961 : 03F;
36962 : 03F;
36963 : 03F;
36964 : 03F;
36965 : 03F;
36966 : 03F;
36967 : 03F;
36968 : 03F;
36969 : 03F;
36970 : 03F;
36971 : 03F;
36972 : 03F;
36973 : 03F;
36974 : 03F;
36975 : 03F;
36976 : 03F;
36977 : 03F;
36978 : 03F;
36979 : 03F;
36980 : 03F;
36981 : 03F;
36982 : 03F;
36983 : 03F;
36984 : 03F;
36985 : 03F;
36986 : 03F;
36987 : 03F;
36988 : 03F;
36989 : 03F;
36990 : 03F;
36991 : 03F;
36992 : 03F;
36993 : 03F;
36994 : 03F;
36995 : 03F;
36996 : 03F;
36997 : 03F;
36998 : 03F;
36999 : 03F;
37000 : 03F;
37001 : 03F;
37002 : 03F;
37003 : 03F;
37004 : 03F;
37005 : 03F;
37006 : 03F;
37007 : 03F;
37008 : 03F;
37009 : 03F;
37010 : 03F;
37011 : 03F;
37012 : 03F;
37013 : 03F;
37014 : 03F;
37015 : 03F;
37016 : 03F;
37017 : 03F;
37018 : 110;
37019 : 110;
37020 : 03F;
37021 : 1DD;
37022 : 1DD;
37023 : 1DD;
37024 : 1DD;
37025 : 1DD;
37026 : 1DD;
37027 : 1DD;
37028 : 1DD;
37029 : 1DD;
37030 : 1DD;
37031 : 1DD;
37032 : 03F;
37033 : 03F;
37034 : 03F;
37035 : 03F;
37036 : 03F;
37037 : 03F;
37038 : 03F;
37039 : 03F;
37040 : 03F;
37041 : 03F;
37042 : 03F;
37043 : 03F;
37044 : 03F;
37045 : 03F;
37046 : 03F;
37047 : 03F;
37048 : 03F;
37049 : 03F;
37050 : 03F;
37051 : 03F;
37052 : 03F;
37053 : 03F;
37054 : 03F;
37055 : 03F;
37056 : 03F;
37057 : 03F;
37058 : 03F;
37059 : 03F;
37060 : 03F;
37061 : 03F;
37062 : 03F;
37063 : 03F;
37064 : 03F;
37065 : 03F;
37066 : 03F;
37067 : 03F;
37068 : 03F;
37069 : 03F;
37070 : 03F;
37071 : 03F;
37072 : 03F;
37073 : 03F;
37074 : 03F;
37075 : 03F;
37076 : 03F;
37077 : 03F;
37078 : 03F;
37079 : 03F;
37080 : 03F;
37081 : 03F;
37082 : 03F;
37083 : 03F;
37084 : 03F;
37085 : 03F;
37086 : 03F;
37087 : 03F;
37088 : 03F;
37089 : 03F;
37090 : 03F;
37091 : 03F;
37092 : 03F;
37093 : 03F;
37094 : 03F;
37095 : 03F;
37096 : 03F;
37097 : 03F;
37098 : 03F;
37099 : 03F;
37100 : 03F;
37101 : 03F;
37102 : 03F;
37103 : 03F;
37104 : 03F;
37105 : 03F;
37106 : 03F;
37107 : 03F;
37108 : 03F;
37109 : 03F;
37110 : 007;
37111 : 007;
37112 : 007;
37113 : 007;
37114 : 007;
37115 : 007;
37116 : 007;
37117 : 007;
37118 : 007;
37119 : 007;
37120 : 03F;
37121 : 03F;
37122 : 03F;
37123 : 03F;
37124 : 018;
37125 : 018;
37126 : 018;
37127 : 018;
37128 : 018;
37129 : 018;
37130 : 018;
37131 : 018;
37132 : 03F;
37133 : 03F;
37134 : 03F;
37135 : 03F;
37136 : 03F;
37137 : 03F;
37138 : 03F;
37139 : 03F;
37140 : 03F;
37141 : 03F;
37142 : 03F;
37143 : 03F;
37144 : 03F;
37145 : 03F;
37146 : 03F;
37147 : 03F;
37148 : 03F;
37149 : 03F;
37150 : 03F;
37151 : 03F;
37152 : 03F;
37153 : 03F;
37154 : 03F;
37155 : 03F;
37156 : 03F;
37157 : 03F;
37158 : 03F;
37159 : 03F;
37160 : 03F;
37161 : 03F;
37162 : 03F;
37163 : 007;
37164 : 007;
37165 : 007;
37166 : 007;
37167 : 007;
37168 : 007;
37169 : 007;
37170 : 007;
37171 : 018;
37172 : 018;
37173 : 018;
37174 : 018;
37175 : 018;
37176 : 018;
37177 : 018;
37178 : 018;
37179 : 018;
37180 : 018;
37181 : 018;
37182 : 018;
37183 : 018;
37184 : 018;
37185 : 018;
37186 : 018;
37187 : 038;
37188 : 110;
37189 : 110;
37190 : 110;
37191 : 110;
37192 : 110;
37193 : 1D8;
37194 : 1D8;
37195 : 110;
37196 : 110;
37197 : 110;
37198 : 110;
37199 : 110;
37200 : 110;
37201 : 110;
37202 : 038;
37203 : 038;
37204 : 038;
37205 : 038;
37206 : 038;
37207 : 038;
37208 : 038;
37209 : 038;
37210 : 038;
37211 : 018;
37212 : 018;
37213 : 018;
37214 : 018;
37215 : 018;
37216 : 018;
37217 : 018;
37218 : 018;
37219 : 018;
37220 : 018;
37221 : 018;
37222 : 018;
37223 : 018;
37224 : 018;
37225 : 018;
37226 : 018;
37227 : 018;
37228 : 018;
37229 : 018;
37230 : 018;
37231 : 018;
37232 : 018;
37233 : 018;
37234 : 018;
37235 : 018;
37236 : 018;
37237 : 018;
37238 : 018;
37239 : 018;
37240 : 03F;
37241 : 03F;
37242 : 03F;
37243 : 03F;
37244 : 03F;
37245 : 03F;
37246 : 03F;
37247 : 03F;
37248 : 03F;
37249 : 03F;
37250 : 03F;
37251 : 03F;
37252 : 03F;
37253 : 03F;
37254 : 03F;
37255 : 03F;
37256 : 03F;
37257 : 03F;
37258 : 03F;
37259 : 03F;
37260 : 03F;
37261 : 03F;
37262 : 03F;
37263 : 03F;
37264 : 03F;
37265 : 03F;
37266 : 03F;
37267 : 03F;
37268 : 03F;
37269 : 03F;
37270 : 03F;
37271 : 03F;
37272 : 03F;
37273 : 03F;
37274 : 03F;
37275 : 03F;
37276 : 03F;
37277 : 03F;
37278 : 03F;
37279 : 03F;
37280 : 03F;
37281 : 03F;
37282 : 03F;
37283 : 03F;
37284 : 03F;
37285 : 03F;
37286 : 03F;
37287 : 03F;
37288 : 03F;
37289 : 03F;
37290 : 03F;
37291 : 03F;
37292 : 03F;
37293 : 03F;
37294 : 03F;
37295 : 03F;
37296 : 03F;
37297 : 03F;
37298 : 03F;
37299 : 03F;
37300 : 03F;
37301 : 03F;
37302 : 03F;
37303 : 03F;
37304 : 03F;
37305 : 03F;
37306 : 03F;
37307 : 03F;
37308 : 03F;
37309 : 03F;
37310 : 03F;
37311 : 03F;
37312 : 03F;
37313 : 03F;
37314 : 03F;
37315 : 03F;
37316 : 03F;
37317 : 03F;
37318 : 03F;
37319 : 03F;
37320 : 03F;
37321 : 03F;
37322 : 03F;
37323 : 03F;
37324 : 03F;
37325 : 03F;
37326 : 03F;
37327 : 03F;
37328 : 03F;
37329 : 03F;
37330 : 03F;
37331 : 03F;
37332 : 03F;
37333 : 03F;
37334 : 03F;
37335 : 03F;
37336 : 03F;
37337 : 03F;
37338 : 110;
37339 : 110;
37340 : 03F;
37341 : 03F;
37342 : 03F;
37343 : 03F;
37344 : 03F;
37345 : 03F;
37346 : 03F;
37347 : 03F;
37348 : 03F;
37349 : 03F;
37350 : 03F;
37351 : 03F;
37352 : 03F;
37353 : 03F;
37354 : 03F;
37355 : 03F;
37356 : 03F;
37357 : 03F;
37358 : 03F;
37359 : 03F;
37360 : 03F;
37361 : 03F;
37362 : 03F;
37363 : 03F;
37364 : 03F;
37365 : 03F;
37366 : 03F;
37367 : 03F;
37368 : 03F;
37369 : 03F;
37370 : 03F;
37371 : 03F;
37372 : 03F;
37373 : 03F;
37374 : 03F;
37375 : 03F;
37376 : 03F;
37377 : 03F;
37378 : 03F;
37379 : 03F;
37380 : 03F;
37381 : 03F;
37382 : 03F;
37383 : 03F;
37384 : 03F;
37385 : 03F;
37386 : 03F;
37387 : 03F;
37388 : 03F;
37389 : 03F;
37390 : 03F;
37391 : 03F;
37392 : 03F;
37393 : 03F;
37394 : 03F;
37395 : 03F;
37396 : 03F;
37397 : 03F;
37398 : 03F;
37399 : 03F;
37400 : 03F;
37401 : 03F;
37402 : 03F;
37403 : 03F;
37404 : 03F;
37405 : 03F;
37406 : 03F;
37407 : 03F;
37408 : 03F;
37409 : 03F;
37410 : 03F;
37411 : 03F;
37412 : 03F;
37413 : 03F;
37414 : 03F;
37415 : 03F;
37416 : 03F;
37417 : 03F;
37418 : 03F;
37419 : 03F;
37420 : 03F;
37421 : 03F;
37422 : 03F;
37423 : 03F;
37424 : 03F;
37425 : 03F;
37426 : 03F;
37427 : 03F;
37428 : 03F;
37429 : 03F;
37430 : 03F;
37431 : 03F;
37432 : 03F;
37433 : 03F;
37434 : 03F;
37435 : 03F;
37436 : 03F;
37437 : 03F;
37438 : 03F;
37439 : 03F;
37440 : 03F;
37441 : 03F;
37442 : 03F;
37443 : 018;
37444 : 018;
37445 : 018;
37446 : 018;
37447 : 018;
37448 : 018;
37449 : 018;
37450 : 03F;
37451 : 03F;
37452 : 03F;
37453 : 03F;
37454 : 03F;
37455 : 03F;
37456 : 03F;
37457 : 03F;
37458 : 03F;
37459 : 03F;
37460 : 03F;
37461 : 03F;
37462 : 03F;
37463 : 03F;
37464 : 03F;
37465 : 03F;
37466 : 03F;
37467 : 03F;
37468 : 03F;
37469 : 03F;
37470 : 03F;
37471 : 03F;
37472 : 03F;
37473 : 03F;
37474 : 03F;
37475 : 03F;
37476 : 03F;
37477 : 03F;
37478 : 03F;
37479 : 03F;
37480 : 03F;
37481 : 03F;
37482 : 03F;
37483 : 03F;
37484 : 03F;
37485 : 03F;
37486 : 03F;
37487 : 03F;
37488 : 03F;
37489 : 03F;
37490 : 018;
37491 : 018;
37492 : 018;
37493 : 018;
37494 : 018;
37495 : 018;
37496 : 018;
37497 : 018;
37498 : 018;
37499 : 018;
37500 : 018;
37501 : 018;
37502 : 018;
37503 : 018;
37504 : 018;
37505 : 018;
37506 : 038;
37507 : 038;
37508 : 038;
37509 : 110;
37510 : 110;
37511 : 110;
37512 : 1D8;
37513 : 1D8;
37514 : 1D8;
37515 : 110;
37516 : 110;
37517 : 110;
37518 : 110;
37519 : 110;
37520 : 110;
37521 : 110;
37522 : 03F;
37523 : 03F;
37524 : 03F;
37525 : 03F;
37526 : 03F;
37527 : 03F;
37528 : 03F;
37529 : 018;
37530 : 038;
37531 : 038;
37532 : 038;
37533 : 038;
37534 : 038;
37535 : 038;
37536 : 038;
37537 : 038;
37538 : 038;
37539 : 038;
37540 : 018;
37541 : 018;
37542 : 018;
37543 : 018;
37544 : 018;
37545 : 018;
37546 : 018;
37547 : 018;
37548 : 018;
37549 : 018;
37550 : 018;
37551 : 018;
37552 : 018;
37553 : 018;
37554 : 018;
37555 : 018;
37556 : 018;
37557 : 018;
37558 : 018;
37559 : 018;
37560 : 018;
37561 : 018;
37562 : 03F;
37563 : 03F;
37564 : 03F;
37565 : 03F;
37566 : 03F;
37567 : 03F;
37568 : 03F;
37569 : 03F;
37570 : 03F;
37571 : 03F;
37572 : 03F;
37573 : 03F;
37574 : 03F;
37575 : 03F;
37576 : 03F;
37577 : 03F;
37578 : 03F;
37579 : 03F;
37580 : 03F;
37581 : 03F;
37582 : 03F;
37583 : 03F;
37584 : 03F;
37585 : 03F;
37586 : 03F;
37587 : 03F;
37588 : 1FF;
37589 : 1FF;
37590 : 1FF;
37591 : 1FF;
37592 : 1FF;
37593 : 1FF;
37594 : 1FF;
37595 : 1FF;
37596 : 1FF;
37597 : 1FF;
37598 : 1FF;
37599 : 1FF;
37600 : 1FF;
37601 : 1FF;
37602 : 1FF;
37603 : 03F;
37604 : 03F;
37605 : 03F;
37606 : 03F;
37607 : 03F;
37608 : 03F;
37609 : 03F;
37610 : 03F;
37611 : 03F;
37612 : 03F;
37613 : 03F;
37614 : 03F;
37615 : 03F;
37616 : 03F;
37617 : 03F;
37618 : 03F;
37619 : 03F;
37620 : 03F;
37621 : 03F;
37622 : 03F;
37623 : 03F;
37624 : 03F;
37625 : 03F;
37626 : 03F;
37627 : 03F;
37628 : 03F;
37629 : 03F;
37630 : 03F;
37631 : 03F;
37632 : 03F;
37633 : 03F;
37634 : 007;
37635 : 007;
37636 : 007;
37637 : 007;
37638 : 007;
37639 : 007;
37640 : 007;
37641 : 007;
37642 : 007;
37643 : 007;
37644 : 007;
37645 : 007;
37646 : 007;
37647 : 007;
37648 : 007;
37649 : 03F;
37650 : 03F;
37651 : 03F;
37652 : 03F;
37653 : 03F;
37654 : 03F;
37655 : 03F;
37656 : 03F;
37657 : 03F;
37658 : 110;
37659 : 110;
37660 : 03F;
37661 : 03F;
37662 : 03F;
37663 : 03F;
37664 : 03F;
37665 : 03F;
37666 : 03F;
37667 : 03F;
37668 : 03F;
37669 : 03F;
37670 : 03F;
37671 : 03F;
37672 : 03F;
37673 : 03F;
37674 : 03F;
37675 : 03F;
37676 : 03F;
37677 : 03F;
37678 : 03F;
37679 : 03F;
37680 : 03F;
37681 : 03F;
37682 : 03F;
37683 : 03F;
37684 : 03F;
37685 : 03F;
37686 : 03F;
37687 : 03F;
37688 : 03F;
37689 : 03F;
37690 : 03F;
37691 : 03F;
37692 : 03F;
37693 : 03F;
37694 : 03F;
37695 : 03F;
37696 : 03F;
37697 : 03F;
37698 : 03F;
37699 : 03F;
37700 : 03F;
37701 : 03F;
37702 : 03F;
37703 : 03F;
37704 : 03F;
37705 : 03F;
37706 : 03F;
37707 : 03F;
37708 : 03F;
37709 : 03F;
37710 : 03F;
37711 : 03F;
37712 : 03F;
37713 : 03F;
37714 : 03F;
37715 : 03F;
37716 : 03F;
37717 : 03F;
37718 : 03F;
37719 : 03F;
37720 : 03F;
37721 : 03F;
37722 : 03F;
37723 : 03F;
37724 : 03F;
37725 : 03F;
37726 : 03F;
37727 : 03F;
37728 : 03F;
37729 : 03F;
37730 : 03F;
37731 : 03F;
37732 : 03F;
37733 : 03F;
37734 : 03F;
37735 : 03F;
37736 : 03F;
37737 : 03F;
37738 : 03F;
37739 : 03F;
37740 : 03F;
37741 : 03F;
37742 : 03F;
37743 : 03F;
37744 : 03F;
37745 : 03F;
37746 : 03F;
37747 : 03F;
37748 : 03F;
37749 : 03F;
37750 : 03F;
37751 : 03F;
37752 : 03F;
37753 : 03F;
37754 : 03F;
37755 : 03F;
37756 : 03F;
37757 : 03F;
37758 : 03F;
37759 : 03F;
37760 : 03F;
37761 : 03F;
37762 : 018;
37763 : 018;
37764 : 018;
37765 : 018;
37766 : 018;
37767 : 018;
37768 : 03F;
37769 : 03F;
37770 : 03F;
37771 : 03F;
37772 : 03F;
37773 : 03F;
37774 : 03F;
37775 : 03F;
37776 : 03F;
37777 : 03F;
37778 : 03F;
37779 : 03F;
37780 : 03F;
37781 : 03F;
37782 : 03F;
37783 : 03F;
37784 : 03F;
37785 : 03F;
37786 : 03F;
37787 : 03F;
37788 : 03F;
37789 : 03F;
37790 : 03F;
37791 : 03F;
37792 : 03F;
37793 : 03F;
37794 : 03F;
37795 : 03F;
37796 : 03F;
37797 : 03F;
37798 : 03F;
37799 : 03F;
37800 : 03F;
37801 : 03F;
37802 : 03F;
37803 : 03F;
37804 : 03F;
37805 : 03F;
37806 : 03F;
37807 : 03F;
37808 : 03F;
37809 : 018;
37810 : 018;
37811 : 018;
37812 : 018;
37813 : 018;
37814 : 018;
37815 : 018;
37816 : 018;
37817 : 018;
37818 : 018;
37819 : 018;
37820 : 018;
37821 : 018;
37822 : 018;
37823 : 018;
37824 : 038;
37825 : 038;
37826 : 038;
37827 : 038;
37828 : 007;
37829 : 007;
37830 : 110;
37831 : 1D8;
37832 : 1D8;
37833 : 110;
37834 : 110;
37835 : 110;
37836 : 110;
37837 : 110;
37838 : 110;
37839 : 110;
37840 : 110;
37841 : 03F;
37842 : 03F;
37843 : 03F;
37844 : 03F;
37845 : 03F;
37846 : 03F;
37847 : 03F;
37848 : 03F;
37849 : 03F;
37850 : 03F;
37851 : 018;
37852 : 018;
37853 : 018;
37854 : 018;
37855 : 018;
37856 : 018;
37857 : 018;
37858 : 018;
37859 : 038;
37860 : 038;
37861 : 038;
37862 : 038;
37863 : 038;
37864 : 038;
37865 : 038;
37866 : 038;
37867 : 038;
37868 : 038;
37869 : 018;
37870 : 018;
37871 : 018;
37872 : 018;
37873 : 018;
37874 : 018;
37875 : 018;
37876 : 018;
37877 : 018;
37878 : 018;
37879 : 018;
37880 : 018;
37881 : 018;
37882 : 018;
37883 : 018;
37884 : 03F;
37885 : 03F;
37886 : 03F;
37887 : 03F;
37888 : 03F;
37889 : 03F;
37890 : 03F;
37891 : 03F;
37892 : 03F;
37893 : 03F;
37894 : 03F;
37895 : 03F;
37896 : 03F;
37897 : 03F;
37898 : 03F;
37899 : 03F;
37900 : 03F;
37901 : 03F;
37902 : 03F;
37903 : 03F;
37904 : 03F;
37905 : 03F;
37906 : 03F;
37907 : 03F;
37908 : 03F;
37909 : 03F;
37910 : 03F;
37911 : 03F;
37912 : 03F;
37913 : 03F;
37914 : 03F;
37915 : 03F;
37916 : 03F;
37917 : 03F;
37918 : 03F;
37919 : 03F;
37920 : 03F;
37921 : 03F;
37922 : 03F;
37923 : 03F;
37924 : 03F;
37925 : 03F;
37926 : 03F;
37927 : 03F;
37928 : 03F;
37929 : 03F;
37930 : 03F;
37931 : 03F;
37932 : 03F;
37933 : 03F;
37934 : 03F;
37935 : 03F;
37936 : 03F;
37937 : 03F;
37938 : 03F;
37939 : 03F;
37940 : 03F;
37941 : 03F;
37942 : 03F;
37943 : 03F;
37944 : 03F;
37945 : 03F;
37946 : 03F;
37947 : 03F;
37948 : 03F;
37949 : 03F;
37950 : 03F;
37951 : 03F;
37952 : 03F;
37953 : 03F;
37954 : 03F;
37955 : 03F;
37956 : 03F;
37957 : 03F;
37958 : 03F;
37959 : 03F;
37960 : 03F;
37961 : 03F;
37962 : 03F;
37963 : 03F;
37964 : 03F;
37965 : 03F;
37966 : 03F;
37967 : 03F;
37968 : 03F;
37969 : 03F;
37970 : 03F;
37971 : 03F;
37972 : 03F;
37973 : 03F;
37974 : 03F;
37975 : 03F;
37976 : 03F;
37977 : 03F;
37978 : 110;
37979 : 110;
37980 : 03F;
37981 : 03F;
37982 : 03F;
37983 : 03F;
37984 : 03F;
37985 : 03F;
37986 : 03F;
37987 : 03F;
37988 : 03F;
37989 : 03F;
37990 : 03F;
37991 : 03F;
37992 : 03F;
37993 : 03F;
37994 : 03F;
37995 : 03F;
37996 : 03F;
37997 : 03F;
37998 : 03F;
37999 : 03F;
38000 : 03F;
38001 : 03F;
38002 : 03F;
38003 : 03F;
38004 : 03F;
38005 : 03F;
38006 : 03F;
38007 : 03F;
38008 : 03F;
38009 : 03F;
38010 : 03F;
38011 : 03F;
38012 : 03F;
38013 : 03F;
38014 : 03F;
38015 : 03F;
38016 : 03F;
38017 : 03F;
38018 : 03F;
38019 : 03F;
38020 : 03F;
38021 : 03F;
38022 : 03F;
38023 : 03F;
38024 : 03F;
38025 : 03F;
38026 : 03F;
38027 : 03F;
38028 : 03F;
38029 : 03F;
38030 : 03F;
38031 : 03F;
38032 : 03F;
38033 : 03F;
38034 : 03F;
38035 : 03F;
38036 : 03F;
38037 : 03F;
38038 : 03F;
38039 : 03F;
38040 : 03F;
38041 : 03F;
38042 : 03F;
38043 : 03F;
38044 : 03F;
38045 : 03F;
38046 : 03F;
38047 : 03F;
38048 : 03F;
38049 : 03F;
38050 : 03F;
38051 : 03F;
38052 : 03F;
38053 : 03F;
38054 : 03F;
38055 : 03F;
38056 : 03F;
38057 : 03F;
38058 : 03F;
38059 : 03F;
38060 : 03F;
38061 : 03F;
38062 : 03F;
38063 : 03F;
38064 : 03F;
38065 : 03F;
38066 : 03F;
38067 : 03F;
38068 : 03F;
38069 : 03F;
38070 : 03F;
38071 : 03F;
38072 : 03F;
38073 : 03F;
38074 : 03F;
38075 : 03F;
38076 : 03F;
38077 : 03F;
38078 : 03F;
38079 : 03F;
38080 : 03F;
38081 : 018;
38082 : 018;
38083 : 018;
38084 : 018;
38085 : 03F;
38086 : 03F;
38087 : 03F;
38088 : 03F;
38089 : 03F;
38090 : 03F;
38091 : 03F;
38092 : 03F;
38093 : 03F;
38094 : 03F;
38095 : 03F;
38096 : 03F;
38097 : 03F;
38098 : 03F;
38099 : 03F;
38100 : 03F;
38101 : 03F;
38102 : 03F;
38103 : 03F;
38104 : 03F;
38105 : 03F;
38106 : 03F;
38107 : 03F;
38108 : 03F;
38109 : 03F;
38110 : 03F;
38111 : 03F;
38112 : 03F;
38113 : 03F;
38114 : 03F;
38115 : 03F;
38116 : 03F;
38117 : 03F;
38118 : 03F;
38119 : 03F;
38120 : 03F;
38121 : 03F;
38122 : 03F;
38123 : 03F;
38124 : 03F;
38125 : 03F;
38126 : 03F;
38127 : 03F;
38128 : 018;
38129 : 018;
38130 : 018;
38131 : 018;
38132 : 018;
38133 : 018;
38134 : 018;
38135 : 018;
38136 : 018;
38137 : 018;
38138 : 018;
38139 : 018;
38140 : 018;
38141 : 018;
38142 : 038;
38143 : 038;
38144 : 038;
38145 : 038;
38146 : 018;
38147 : 018;
38148 : 03F;
38149 : 03F;
38150 : 110;
38151 : 1D8;
38152 : 110;
38153 : 110;
38154 : 110;
38155 : 110;
38156 : 110;
38157 : 110;
38158 : 110;
38159 : 110;
38160 : 007;
38161 : 007;
38162 : 007;
38163 : 007;
38164 : 007;
38165 : 007;
38166 : 007;
38167 : 03F;
38168 : 03F;
38169 : 03F;
38170 : 03F;
38171 : 03F;
38172 : 03F;
38173 : 03F;
38174 : 018;
38175 : 018;
38176 : 018;
38177 : 018;
38178 : 018;
38179 : 018;
38180 : 018;
38181 : 018;
38182 : 018;
38183 : 018;
38184 : 018;
38185 : 018;
38186 : 018;
38187 : 038;
38188 : 038;
38189 : 038;
38190 : 018;
38191 : 018;
38192 : 018;
38193 : 018;
38194 : 018;
38195 : 018;
38196 : 018;
38197 : 018;
38198 : 018;
38199 : 018;
38200 : 018;
38201 : 018;
38202 : 018;
38203 : 018;
38204 : 018;
38205 : 018;
38206 : 03F;
38207 : 03F;
38208 : 03F;
38209 : 03F;
38210 : 03F;
38211 : 03F;
38212 : 03F;
38213 : 03F;
38214 : 03F;
38215 : 03F;
38216 : 03F;
38217 : 03F;
38218 : 03F;
38219 : 03F;
38220 : 03F;
38221 : 03F;
38222 : 03F;
38223 : 03F;
38224 : 03F;
38225 : 03F;
38226 : 03F;
38227 : 03F;
38228 : 03F;
38229 : 03F;
38230 : 03F;
38231 : 03F;
38232 : 03F;
38233 : 03F;
38234 : 03F;
38235 : 03F;
38236 : 03F;
38237 : 03F;
38238 : 03F;
38239 : 03F;
38240 : 03F;
38241 : 03F;
38242 : 03F;
38243 : 03F;
38244 : 03F;
38245 : 03F;
38246 : 03F;
38247 : 03F;
38248 : 03F;
38249 : 03F;
38250 : 03F;
38251 : 03F;
38252 : 03F;
38253 : 03F;
38254 : 03F;
38255 : 03F;
38256 : 03F;
38257 : 03F;
38258 : 03F;
38259 : 03F;
38260 : 03F;
38261 : 03F;
38262 : 03F;
38263 : 03F;
38264 : 03F;
38265 : 03F;
38266 : 03F;
38267 : 03F;
38268 : 03F;
38269 : 03F;
38270 : 03F;
38271 : 03F;
38272 : 03F;
38273 : 03F;
38274 : 03F;
38275 : 03F;
38276 : 03F;
38277 : 03F;
38278 : 03F;
38279 : 03F;
38280 : 110;
38281 : 110;
38282 : 110;
38283 : 110;
38284 : 110;
38285 : 110;
38286 : 110;
38287 : 110;
38288 : 110;
38289 : 110;
38290 : 110;
38291 : 110;
38292 : 110;
38293 : 110;
38294 : 110;
38295 : 110;
38296 : 110;
38297 : 110;
38298 : 110;
38299 : 110;
38300 : 110;
38301 : 110;
38302 : 110;
38303 : 110;
38304 : 110;
38305 : 110;
38306 : 110;
38307 : 110;
38308 : 110;
38309 : 110;
38310 : 110;
38311 : 110;
38312 : 110;
38313 : 110;
38314 : 110;
38315 : 110;
38316 : 03F;
38317 : 03F;
38318 : 03F;
38319 : 03F;
38320 : 03F;
38321 : 03F;
38322 : 03F;
38323 : 03F;
38324 : 03F;
38325 : 03F;
38326 : 03F;
38327 : 03F;
38328 : 03F;
38329 : 03F;
38330 : 03F;
38331 : 03F;
38332 : 03F;
38333 : 03F;
38334 : 03F;
38335 : 03F;
38336 : 03F;
38337 : 03F;
38338 : 03F;
38339 : 03F;
38340 : 03F;
38341 : 03F;
38342 : 03F;
38343 : 03F;
38344 : 03F;
38345 : 03F;
38346 : 03F;
38347 : 03F;
38348 : 03F;
38349 : 03F;
38350 : 03F;
38351 : 03F;
38352 : 03F;
38353 : 03F;
38354 : 03F;
38355 : 03F;
38356 : 03F;
38357 : 03F;
38358 : 03F;
38359 : 03F;
38360 : 03F;
38361 : 03F;
38362 : 03F;
38363 : 03F;
38364 : 03F;
38365 : 03F;
38366 : 03F;
38367 : 03F;
38368 : 03F;
38369 : 03F;
38370 : 03F;
38371 : 03F;
38372 : 03F;
38373 : 03F;
38374 : 03F;
38375 : 03F;
38376 : 03F;
38377 : 03F;
38378 : 03F;
38379 : 03F;
38380 : 03F;
38381 : 03F;
38382 : 03F;
38383 : 03F;
38384 : 03F;
38385 : 03F;
38386 : 03F;
38387 : 03F;
38388 : 03F;
38389 : 03F;
38390 : 03F;
38391 : 03F;
38392 : 03F;
38393 : 03F;
38394 : 03F;
38395 : 03F;
38396 : 03F;
38397 : 03F;
38398 : 03F;
38399 : 03F;
38400 : 03F;
38401 : 018;
38402 : 018;
38403 : 03F;
38404 : 03F;
38405 : 03F;
38406 : 03F;
38407 : 03F;
38408 : 03F;
38409 : 03F;
38410 : 03F;
38411 : 03F;
38412 : 03F;
38413 : 03F;
38414 : 03F;
38415 : 03F;
38416 : 03F;
38417 : 03F;
38418 : 03F;
38419 : 03F;
38420 : 03F;
38421 : 03F;
38422 : 03F;
38423 : 03F;
38424 : 03F;
38425 : 03F;
38426 : 03F;
38427 : 03F;
38428 : 03F;
38429 : 03F;
38430 : 03F;
38431 : 03F;
38432 : 03F;
38433 : 03F;
38434 : 03F;
38435 : 03F;
38436 : 03F;
38437 : 03F;
38438 : 03F;
38439 : 03F;
38440 : 03F;
38441 : 03F;
38442 : 03F;
38443 : 03F;
38444 : 03F;
38445 : 03F;
38446 : 03F;
38447 : 018;
38448 : 018;
38449 : 018;
38450 : 018;
38451 : 018;
38452 : 018;
38453 : 018;
38454 : 018;
38455 : 018;
38456 : 018;
38457 : 018;
38458 : 018;
38459 : 018;
38460 : 018;
38461 : 038;
38462 : 038;
38463 : 038;
38464 : 018;
38465 : 018;
38466 : 018;
38467 : 03F;
38468 : 03F;
38469 : 03F;
38470 : 110;
38471 : 110;
38472 : 110;
38473 : 110;
38474 : 110;
38475 : 110;
38476 : 110;
38477 : 110;
38478 : 110;
38479 : 03F;
38480 : 03F;
38481 : 03F;
38482 : 03F;
38483 : 03F;
38484 : 03F;
38485 : 03F;
38486 : 03F;
38487 : 03F;
38488 : 03F;
38489 : 03F;
38490 : 03F;
38491 : 03F;
38492 : 03F;
38493 : 03F;
38494 : 03F;
38495 : 03F;
38496 : 018;
38497 : 018;
38498 : 018;
38499 : 018;
38500 : 018;
38501 : 018;
38502 : 018;
38503 : 018;
38504 : 018;
38505 : 018;
38506 : 018;
38507 : 018;
38508 : 038;
38509 : 038;
38510 : 038;
38511 : 018;
38512 : 018;
38513 : 018;
38514 : 018;
38515 : 018;
38516 : 018;
38517 : 018;
38518 : 018;
38519 : 018;
38520 : 018;
38521 : 018;
38522 : 018;
38523 : 018;
38524 : 018;
38525 : 018;
38526 : 018;
38527 : 018;
38528 : 03F;
38529 : 03F;
38530 : 03F;
38531 : 03F;
38532 : 03F;
38533 : 03F;
38534 : 03F;
38535 : 03F;
38536 : 03F;
38537 : 03F;
38538 : 03F;
38539 : 03F;
38540 : 03F;
38541 : 03F;
38542 : 03F;
38543 : 03F;
38544 : 03F;
38545 : 03F;
38546 : 03F;
38547 : 03F;
38548 : 03F;
38549 : 03F;
38550 : 03F;
38551 : 03F;
38552 : 03F;
38553 : 03F;
38554 : 03F;
38555 : 03F;
38556 : 03F;
38557 : 03F;
38558 : 03F;
38559 : 03F;
38560 : 03F;
38561 : 03F;
38562 : 03F;
38563 : 03F;
38564 : 03F;
38565 : 03F;
38566 : 03F;
38567 : 03F;
38568 : 03F;
38569 : 03F;
38570 : 03F;
38571 : 03F;
38572 : 03F;
38573 : 03F;
38574 : 03F;
38575 : 03F;
38576 : 03F;
38577 : 03F;
38578 : 03F;
38579 : 03F;
38580 : 03F;
38581 : 03F;
38582 : 03F;
38583 : 03F;
38584 : 03F;
38585 : 03F;
38586 : 03F;
38587 : 03F;
38588 : 03F;
38589 : 03F;
38590 : 03F;
38591 : 03F;
38592 : 03F;
38593 : 03F;
38594 : 03F;
38595 : 03F;
38596 : 03F;
38597 : 03F;
38598 : 03F;
38599 : 03F;
38600 : 03F;
38601 : 110;
38602 : 110;
38603 : 110;
38604 : 110;
38605 : 110;
38606 : 110;
38607 : 110;
38608 : 110;
38609 : 110;
38610 : 110;
38611 : 110;
38612 : 110;
38613 : 110;
38614 : 110;
38615 : 110;
38616 : 110;
38617 : 110;
38618 : 110;
38619 : 110;
38620 : 110;
38621 : 110;
38622 : 110;
38623 : 110;
38624 : 110;
38625 : 110;
38626 : 110;
38627 : 110;
38628 : 110;
38629 : 110;
38630 : 110;
38631 : 110;
38632 : 110;
38633 : 110;
38634 : 110;
38635 : 03F;
38636 : 03F;
38637 : 03F;
38638 : 03F;
38639 : 03F;
38640 : 03F;
38641 : 03F;
38642 : 03F;
38643 : 03F;
38644 : 03F;
38645 : 03F;
38646 : 03F;
38647 : 03F;
38648 : 03F;
38649 : 03F;
38650 : 03F;
38651 : 03F;
38652 : 03F;
38653 : 03F;
38654 : 03F;
38655 : 03F;
38656 : 03F;
38657 : 03F;
38658 : 03F;
38659 : 03F;
38660 : 03F;
38661 : 03F;
38662 : 03F;
38663 : 03F;
38664 : 03F;
38665 : 03F;
38666 : 03F;
38667 : 03F;
38668 : 03F;
38669 : 03F;
38670 : 03F;
38671 : 03F;
38672 : 03F;
38673 : 03F;
38674 : 03F;
38675 : 03F;
38676 : 03F;
38677 : 03F;
38678 : 03F;
38679 : 03F;
38680 : 03F;
38681 : 03F;
38682 : 03F;
38683 : 03F;
38684 : 03F;
38685 : 03F;
38686 : 03F;
38687 : 03F;
38688 : 03F;
38689 : 03F;
38690 : 03F;
38691 : 03F;
38692 : 03F;
38693 : 03F;
38694 : 03F;
38695 : 03F;
38696 : 03F;
38697 : 03F;
38698 : 03F;
38699 : 03F;
38700 : 03F;
38701 : 03F;
38702 : 03F;
38703 : 03F;
38704 : 03F;
38705 : 03F;
38706 : 03F;
38707 : 03F;
38708 : 03F;
38709 : 03F;
38710 : 03F;
38711 : 03F;
38712 : 03F;
38713 : 03F;
38714 : 03F;
38715 : 03F;
38716 : 03F;
38717 : 03F;
38718 : 03F;
38719 : 03F;
38720 : 018;
38721 : 03F;
38722 : 03F;
38723 : 03F;
38724 : 03F;
38725 : 03F;
38726 : 03F;
38727 : 03F;
38728 : 03F;
38729 : 03F;
38730 : 03F;
38731 : 03F;
38732 : 03F;
38733 : 03F;
38734 : 03F;
38735 : 03F;
38736 : 03F;
38737 : 03F;
38738 : 03F;
38739 : 03F;
38740 : 03F;
38741 : 03F;
38742 : 007;
38743 : 007;
38744 : 007;
38745 : 007;
38746 : 007;
38747 : 007;
38748 : 007;
38749 : 007;
38750 : 007;
38751 : 007;
38752 : 007;
38753 : 007;
38754 : 007;
38755 : 007;
38756 : 007;
38757 : 03F;
38758 : 03F;
38759 : 03F;
38760 : 03F;
38761 : 03F;
38762 : 03F;
38763 : 03F;
38764 : 03F;
38765 : 03F;
38766 : 018;
38767 : 018;
38768 : 018;
38769 : 018;
38770 : 018;
38771 : 018;
38772 : 018;
38773 : 018;
38774 : 018;
38775 : 018;
38776 : 018;
38777 : 018;
38778 : 018;
38779 : 038;
38780 : 038;
38781 : 038;
38782 : 038;
38783 : 018;
38784 : 018;
38785 : 018;
38786 : 03F;
38787 : 03F;
38788 : 03F;
38789 : 03F;
38790 : 110;
38791 : 110;
38792 : 110;
38793 : 110;
38794 : 110;
38795 : 110;
38796 : 110;
38797 : 110;
38798 : 110;
38799 : 03F;
38800 : 03F;
38801 : 03F;
38802 : 03F;
38803 : 03F;
38804 : 03F;
38805 : 03F;
38806 : 03F;
38807 : 03F;
38808 : 03F;
38809 : 03F;
38810 : 03F;
38811 : 03F;
38812 : 03F;
38813 : 03F;
38814 : 03F;
38815 : 03F;
38816 : 03F;
38817 : 03F;
38818 : 03F;
38819 : 018;
38820 : 018;
38821 : 018;
38822 : 018;
38823 : 018;
38824 : 018;
38825 : 018;
38826 : 018;
38827 : 018;
38828 : 018;
38829 : 018;
38830 : 038;
38831 : 038;
38832 : 038;
38833 : 018;
38834 : 018;
38835 : 018;
38836 : 018;
38837 : 018;
38838 : 018;
38839 : 018;
38840 : 018;
38841 : 018;
38842 : 018;
38843 : 018;
38844 : 018;
38845 : 018;
38846 : 018;
38847 : 018;
38848 : 03F;
38849 : 03F;
38850 : 03F;
38851 : 03F;
38852 : 03F;
38853 : 03F;
38854 : 03F;
38855 : 03F;
38856 : 03F;
38857 : 03F;
38858 : 03F;
38859 : 03F;
38860 : 03F;
38861 : 03F;
38862 : 03F;
38863 : 03F;
38864 : 03F;
38865 : 03F;
38866 : 03F;
38867 : 03F;
38868 : 03F;
38869 : 03F;
38870 : 03F;
38871 : 03F;
38872 : 03F;
38873 : 03F;
38874 : 03F;
38875 : 03F;
38876 : 03F;
38877 : 03F;
38878 : 03F;
38879 : 03F;
38880 : 03F;
38881 : 03F;
38882 : 03F;
38883 : 03F;
38884 : 03F;
38885 : 03F;
38886 : 03F;
38887 : 03F;
38888 : 03F;
38889 : 03F;
38890 : 03F;
38891 : 03F;
38892 : 03F;
38893 : 03F;
38894 : 03F;
38895 : 03F;
38896 : 03F;
38897 : 03F;
38898 : 03F;
38899 : 03F;
38900 : 03F;
38901 : 03F;
38902 : 03F;
38903 : 03F;
38904 : 03F;
38905 : 03F;
38906 : 03F;
38907 : 03F;
38908 : 03F;
38909 : 03F;
38910 : 03F;
38911 : 03F;
38912 : 03F;
38913 : 03F;
38914 : 03F;
38915 : 03F;
38916 : 03F;
38917 : 03F;
38918 : 03F;
38919 : 03F;
38920 : 03F;
38921 : 03F;
38922 : 110;
38923 : 110;
38924 : 110;
38925 : 110;
38926 : 110;
38927 : 110;
38928 : 110;
38929 : 110;
38930 : 110;
38931 : 110;
38932 : 110;
38933 : 110;
38934 : 110;
38935 : 110;
38936 : 110;
38937 : 110;
38938 : 110;
38939 : 110;
38940 : 110;
38941 : 110;
38942 : 110;
38943 : 110;
38944 : 110;
38945 : 110;
38946 : 110;
38947 : 110;
38948 : 110;
38949 : 110;
38950 : 110;
38951 : 110;
38952 : 110;
38953 : 110;
38954 : 03F;
38955 : 03F;
38956 : 03F;
38957 : 03F;
38958 : 03F;
38959 : 03F;
38960 : 03F;
38961 : 03F;
38962 : 03F;
38963 : 03F;
38964 : 03F;
38965 : 03F;
38966 : 03F;
38967 : 03F;
38968 : 03F;
38969 : 03F;
38970 : 03F;
38971 : 03F;
38972 : 03F;
38973 : 03F;
38974 : 03F;
38975 : 03F;
38976 : 03F;
38977 : 03F;
38978 : 03F;
38979 : 03F;
38980 : 03F;
38981 : 03F;
38982 : 03F;
38983 : 03F;
38984 : 03F;
38985 : 03F;
38986 : 03F;
38987 : 03F;
38988 : 03F;
38989 : 03F;
38990 : 03F;
38991 : 03F;
38992 : 03F;
38993 : 03F;
38994 : 03F;
38995 : 03F;
38996 : 03F;
38997 : 03F;
38998 : 03F;
38999 : 03F;
39000 : 03F;
39001 : 03F;
39002 : 03F;
39003 : 03F;
39004 : 03F;
39005 : 03F;
39006 : 03F;
39007 : 03F;
39008 : 03F;
39009 : 03F;
39010 : 03F;
39011 : 03F;
39012 : 03F;
39013 : 03F;
39014 : 03F;
39015 : 03F;
39016 : 1FF;
39017 : 1FF;
39018 : 1FF;
39019 : 1FF;
39020 : 1FF;
39021 : 1FF;
39022 : 1FF;
39023 : 1FF;
39024 : 1FF;
39025 : 1FF;
39026 : 1FF;
39027 : 1FF;
39028 : 1FF;
39029 : 1FF;
39030 : 1FF;
39031 : 1FF;
39032 : 1FF;
39033 : 03F;
39034 : 03F;
39035 : 03F;
39036 : 03F;
39037 : 03F;
39038 : 03F;
39039 : 03F;
39040 : 03F;
39041 : 03F;
39042 : 03F;
39043 : 03F;
39044 : 03F;
39045 : 03F;
39046 : 03F;
39047 : 03F;
39048 : 03F;
39049 : 03F;
39050 : 03F;
39051 : 03F;
39052 : 03F;
39053 : 03F;
39054 : 03F;
39055 : 03F;
39056 : 03F;
39057 : 03F;
39058 : 03F;
39059 : 03F;
39060 : 03F;
39061 : 03F;
39062 : 03F;
39063 : 03F;
39064 : 03F;
39065 : 03F;
39066 : 03F;
39067 : 03F;
39068 : 03F;
39069 : 03F;
39070 : 03F;
39071 : 03F;
39072 : 03F;
39073 : 03F;
39074 : 03F;
39075 : 03F;
39076 : 03F;
39077 : 03F;
39078 : 03F;
39079 : 03F;
39080 : 03F;
39081 : 03F;
39082 : 03F;
39083 : 03F;
39084 : 03F;
39085 : 018;
39086 : 018;
39087 : 018;
39088 : 018;
39089 : 018;
39090 : 018;
39091 : 018;
39092 : 018;
39093 : 018;
39094 : 018;
39095 : 018;
39096 : 018;
39097 : 038;
39098 : 038;
39099 : 038;
39100 : 038;
39101 : 018;
39102 : 018;
39103 : 018;
39104 : 018;
39105 : 03F;
39106 : 03F;
39107 : 03F;
39108 : 03F;
39109 : 03F;
39110 : 110;
39111 : 110;
39112 : 110;
39113 : 110;
39114 : 110;
39115 : 110;
39116 : 110;
39117 : 110;
39118 : 110;
39119 : 03F;
39120 : 03F;
39121 : 03F;
39122 : 03F;
39123 : 03F;
39124 : 03F;
39125 : 03F;
39126 : 03F;
39127 : 03F;
39128 : 03F;
39129 : 03F;
39130 : 03F;
39131 : 03F;
39132 : 03F;
39133 : 03F;
39134 : 03F;
39135 : 03F;
39136 : 03F;
39137 : 03F;
39138 : 03F;
39139 : 03F;
39140 : 03F;
39141 : 018;
39142 : 018;
39143 : 018;
39144 : 018;
39145 : 018;
39146 : 018;
39147 : 018;
39148 : 018;
39149 : 018;
39150 : 018;
39151 : 038;
39152 : 038;
39153 : 038;
39154 : 018;
39155 : 018;
39156 : 018;
39157 : 018;
39158 : 018;
39159 : 018;
39160 : 018;
39161 : 018;
39162 : 018;
39163 : 018;
39164 : 018;
39165 : 018;
39166 : 018;
39167 : 018;
39168 : 018;
39169 : 03F;
39170 : 03F;
39171 : 03F;
39172 : 03F;
39173 : 03F;
39174 : 03F;
39175 : 03F;
39176 : 007;
39177 : 007;
39178 : 007;
39179 : 007;
39180 : 007;
39181 : 007;
39182 : 007;
39183 : 007;
39184 : 007;
39185 : 007;
39186 : 03F;
39187 : 03F;
39188 : 03F;
39189 : 03F;
39190 : 03F;
39191 : 03F;
39192 : 03F;
39193 : 03F;
39194 : 03F;
39195 : 03F;
39196 : 03F;
39197 : 03F;
39198 : 03F;
39199 : 03F;
39200 : 03F;
39201 : 03F;
39202 : 03F;
39203 : 03F;
39204 : 03F;
39205 : 03F;
39206 : 03F;
39207 : 03F;
39208 : 03F;
39209 : 03F;
39210 : 03F;
39211 : 03F;
39212 : 03F;
39213 : 03F;
39214 : 03F;
39215 : 03F;
39216 : 03F;
39217 : 03F;
39218 : 03F;
39219 : 03F;
39220 : 03F;
39221 : 03F;
39222 : 03F;
39223 : 03F;
39224 : 03F;
39225 : 03F;
39226 : 03F;
39227 : 03F;
39228 : 03F;
39229 : 03F;
39230 : 03F;
39231 : 03F;
39232 : 03F;
39233 : 03F;
39234 : 03F;
39235 : 03F;
39236 : 03F;
39237 : 03F;
39238 : 03F;
39239 : 03F;
39240 : 03F;
39241 : 03F;
39242 : 03F;
39243 : 03F;
39244 : 110;
39245 : 110;
39246 : 110;
39247 : 110;
39248 : 110;
39249 : 110;
39250 : 110;
39251 : 110;
39252 : 110;
39253 : 110;
39254 : 110;
39255 : 110;
39256 : 110;
39257 : 110;
39258 : 110;
39259 : 110;
39260 : 110;
39261 : 110;
39262 : 110;
39263 : 110;
39264 : 110;
39265 : 110;
39266 : 110;
39267 : 110;
39268 : 110;
39269 : 110;
39270 : 110;
39271 : 110;
39272 : 110;
39273 : 03F;
39274 : 03F;
39275 : 03F;
39276 : 03F;
39277 : 03F;
39278 : 03F;
39279 : 03F;
39280 : 03F;
39281 : 03F;
39282 : 03F;
39283 : 03F;
39284 : 03F;
39285 : 03F;
39286 : 03F;
39287 : 03F;
39288 : 03F;
39289 : 03F;
39290 : 03F;
39291 : 03F;
39292 : 03F;
39293 : 03F;
39294 : 03F;
39295 : 03F;
39296 : 03F;
39297 : 03F;
39298 : 03F;
39299 : 03F;
39300 : 03F;
39301 : 03F;
39302 : 03F;
39303 : 03F;
39304 : 03F;
39305 : 03F;
39306 : 03F;
39307 : 03F;
39308 : 03F;
39309 : 03F;
39310 : 03F;
39311 : 03F;
39312 : 03F;
39313 : 03F;
39314 : 03F;
39315 : 03F;
39316 : 03F;
39317 : 03F;
39318 : 03F;
39319 : 03F;
39320 : 03F;
39321 : 03F;
39322 : 03F;
39323 : 03F;
39324 : 03F;
39325 : 03F;
39326 : 03F;
39327 : 03F;
39328 : 03F;
39329 : 03F;
39330 : 03F;
39331 : 03F;
39332 : 03F;
39333 : 03F;
39334 : 03F;
39335 : 03F;
39336 : 03F;
39337 : 03F;
39338 : 03F;
39339 : 03F;
39340 : 03F;
39341 : 03F;
39342 : 03F;
39343 : 03F;
39344 : 03F;
39345 : 03F;
39346 : 03F;
39347 : 03F;
39348 : 03F;
39349 : 03F;
39350 : 03F;
39351 : 03F;
39352 : 03F;
39353 : 03F;
39354 : 03F;
39355 : 03F;
39356 : 03F;
39357 : 03F;
39358 : 03F;
39359 : 03F;
39360 : 03F;
39361 : 03F;
39362 : 03F;
39363 : 03F;
39364 : 03F;
39365 : 03F;
39366 : 03F;
39367 : 03F;
39368 : 03F;
39369 : 03F;
39370 : 03F;
39371 : 03F;
39372 : 03F;
39373 : 03F;
39374 : 03F;
39375 : 03F;
39376 : 03F;
39377 : 03F;
39378 : 03F;
39379 : 03F;
39380 : 03F;
39381 : 03F;
39382 : 03F;
39383 : 03F;
39384 : 03F;
39385 : 03F;
39386 : 03F;
39387 : 03F;
39388 : 03F;
39389 : 03F;
39390 : 03F;
39391 : 03F;
39392 : 03F;
39393 : 03F;
39394 : 03F;
39395 : 03F;
39396 : 03F;
39397 : 03F;
39398 : 03F;
39399 : 03F;
39400 : 03F;
39401 : 03F;
39402 : 03F;
39403 : 03F;
39404 : 018;
39405 : 018;
39406 : 018;
39407 : 018;
39408 : 018;
39409 : 018;
39410 : 018;
39411 : 018;
39412 : 018;
39413 : 018;
39414 : 018;
39415 : 018;
39416 : 038;
39417 : 038;
39418 : 038;
39419 : 018;
39420 : 018;
39421 : 018;
39422 : 018;
39423 : 018;
39424 : 03F;
39425 : 03F;
39426 : 03F;
39427 : 03F;
39428 : 03F;
39429 : 03F;
39430 : 110;
39431 : 1D8;
39432 : 110;
39433 : 110;
39434 : 110;
39435 : 110;
39436 : 110;
39437 : 110;
39438 : 110;
39439 : 03F;
39440 : 03F;
39441 : 03F;
39442 : 03F;
39443 : 03F;
39444 : 03F;
39445 : 03F;
39446 : 03F;
39447 : 03F;
39448 : 03F;
39449 : 03F;
39450 : 03F;
39451 : 03F;
39452 : 03F;
39453 : 03F;
39454 : 03F;
39455 : 03F;
39456 : 03F;
39457 : 03F;
39458 : 03F;
39459 : 03F;
39460 : 03F;
39461 : 03F;
39462 : 03F;
39463 : 03F;
39464 : 018;
39465 : 018;
39466 : 018;
39467 : 018;
39468 : 018;
39469 : 018;
39470 : 018;
39471 : 018;
39472 : 038;
39473 : 038;
39474 : 038;
39475 : 018;
39476 : 018;
39477 : 018;
39478 : 018;
39479 : 018;
39480 : 018;
39481 : 018;
39482 : 018;
39483 : 018;
39484 : 018;
39485 : 018;
39486 : 018;
39487 : 018;
39488 : 018;
39489 : 03F;
39490 : 03F;
39491 : 03F;
39492 : 03F;
39493 : 03F;
39494 : 03F;
39495 : 03F;
39496 : 03F;
39497 : 03F;
39498 : 03F;
39499 : 03F;
39500 : 03F;
39501 : 03F;
39502 : 03F;
39503 : 03F;
39504 : 03F;
39505 : 03F;
39506 : 03F;
39507 : 03F;
39508 : 03F;
39509 : 03F;
39510 : 03F;
39511 : 03F;
39512 : 03F;
39513 : 03F;
39514 : 03F;
39515 : 03F;
39516 : 03F;
39517 : 03F;
39518 : 03F;
39519 : 03F;
39520 : 03F;
39521 : 03F;
39522 : 03F;
39523 : 03F;
39524 : 03F;
39525 : 03F;
39526 : 03F;
39527 : 03F;
39528 : 03F;
39529 : 03F;
39530 : 03F;
39531 : 03F;
39532 : 03F;
39533 : 03F;
39534 : 03F;
39535 : 03F;
39536 : 03F;
39537 : 03F;
39538 : 03F;
39539 : 03F;
39540 : 03F;
39541 : 03F;
39542 : 03F;
39543 : 03F;
39544 : 03F;
39545 : 03F;
39546 : 03F;
39547 : 03F;
39548 : 03F;
39549 : 03F;
39550 : 03F;
39551 : 03F;
39552 : 03F;
39553 : 03F;
39554 : 03F;
39555 : 03F;
39556 : 03F;
39557 : 03F;
39558 : 03F;
39559 : 03F;
39560 : 03F;
39561 : 03F;
39562 : 03F;
39563 : 03F;
39564 : 03F;
39565 : 110;
39566 : 110;
39567 : 110;
39568 : 110;
39569 : 110;
39570 : 110;
39571 : 110;
39572 : 110;
39573 : 110;
39574 : 110;
39575 : 110;
39576 : 110;
39577 : 110;
39578 : 110;
39579 : 110;
39580 : 110;
39581 : 110;
39582 : 110;
39583 : 110;
39584 : 110;
39585 : 110;
39586 : 110;
39587 : 110;
39588 : 110;
39589 : 110;
39590 : 110;
39591 : 110;
39592 : 03F;
39593 : 03F;
39594 : 03F;
39595 : 03F;
39596 : 03F;
39597 : 03F;
39598 : 03F;
39599 : 03F;
39600 : 03F;
39601 : 03F;
39602 : 03F;
39603 : 03F;
39604 : 03F;
39605 : 03F;
39606 : 03F;
39607 : 03F;
39608 : 03F;
39609 : 03F;
39610 : 03F;
39611 : 03F;
39612 : 03F;
39613 : 03F;
39614 : 03F;
39615 : 03F;
39616 : 03F;
39617 : 03F;
39618 : 03F;
39619 : 03F;
39620 : 03F;
39621 : 03F;
39622 : 03F;
39623 : 03F;
39624 : 03F;
39625 : 03F;
39626 : 03F;
39627 : 03F;
39628 : 03F;
39629 : 03F;
39630 : 03F;
39631 : 03F;
39632 : 03F;
39633 : 03F;
39634 : 03F;
39635 : 03F;
39636 : 03F;
39637 : 03F;
39638 : 03F;
39639 : 03F;
39640 : 03F;
39641 : 03F;
39642 : 03F;
39643 : 03F;
39644 : 03F;
39645 : 03F;
39646 : 03F;
39647 : 03F;
39648 : 03F;
39649 : 03F;
39650 : 03F;
39651 : 03F;
39652 : 03F;
39653 : 03F;
39654 : 03F;
39655 : 03F;
39656 : 03F;
39657 : 03F;
39658 : 03F;
39659 : 03F;
39660 : 03F;
39661 : 03F;
39662 : 03F;
39663 : 03F;
39664 : 03F;
39665 : 03F;
39666 : 03F;
39667 : 03F;
39668 : 03F;
39669 : 03F;
39670 : 03F;
39671 : 03F;
39672 : 03F;
39673 : 03F;
39674 : 03F;
39675 : 03F;
39676 : 03F;
39677 : 03F;
39678 : 03F;
39679 : 03F;
39680 : 03F;
39681 : 03F;
39682 : 03F;
39683 : 03F;
39684 : 03F;
39685 : 03F;
39686 : 03F;
39687 : 03F;
39688 : 03F;
39689 : 03F;
39690 : 03F;
39691 : 03F;
39692 : 03F;
39693 : 03F;
39694 : 03F;
39695 : 03F;
39696 : 03F;
39697 : 03F;
39698 : 03F;
39699 : 03F;
39700 : 03F;
39701 : 03F;
39702 : 03F;
39703 : 03F;
39704 : 03F;
39705 : 03F;
39706 : 03F;
39707 : 03F;
39708 : 03F;
39709 : 03F;
39710 : 03F;
39711 : 03F;
39712 : 007;
39713 : 007;
39714 : 007;
39715 : 007;
39716 : 007;
39717 : 007;
39718 : 007;
39719 : 007;
39720 : 007;
39721 : 007;
39722 : 007;
39723 : 007;
39724 : 018;
39725 : 018;
39726 : 018;
39727 : 018;
39728 : 018;
39729 : 018;
39730 : 018;
39731 : 018;
39732 : 018;
39733 : 018;
39734 : 038;
39735 : 038;
39736 : 038;
39737 : 038;
39738 : 018;
39739 : 018;
39740 : 018;
39741 : 018;
39742 : 018;
39743 : 03F;
39744 : 03F;
39745 : 03F;
39746 : 03F;
39747 : 03F;
39748 : 03F;
39749 : 03F;
39750 : 1D8;
39751 : 1D8;
39752 : 1D8;
39753 : 110;
39754 : 110;
39755 : 110;
39756 : 110;
39757 : 110;
39758 : 110;
39759 : 03F;
39760 : 03F;
39761 : 03F;
39762 : 03F;
39763 : 03F;
39764 : 03F;
39765 : 03F;
39766 : 03F;
39767 : 03F;
39768 : 03F;
39769 : 03F;
39770 : 03F;
39771 : 03F;
39772 : 03F;
39773 : 03F;
39774 : 03F;
39775 : 03F;
39776 : 03F;
39777 : 03F;
39778 : 03F;
39779 : 03F;
39780 : 03F;
39781 : 03F;
39782 : 03F;
39783 : 03F;
39784 : 007;
39785 : 007;
39786 : 018;
39787 : 018;
39788 : 018;
39789 : 018;
39790 : 018;
39791 : 018;
39792 : 018;
39793 : 038;
39794 : 038;
39795 : 038;
39796 : 018;
39797 : 018;
39798 : 018;
39799 : 018;
39800 : 018;
39801 : 018;
39802 : 018;
39803 : 018;
39804 : 018;
39805 : 018;
39806 : 018;
39807 : 018;
39808 : 018;
39809 : 018;
39810 : 03F;
39811 : 03F;
39812 : 03F;
39813 : 03F;
39814 : 03F;
39815 : 03F;
39816 : 03F;
39817 : 03F;
39818 : 03F;
39819 : 03F;
39820 : 03F;
39821 : 03F;
39822 : 03F;
39823 : 03F;
39824 : 03F;
39825 : 03F;
39826 : 03F;
39827 : 03F;
39828 : 03F;
39829 : 03F;
39830 : 03F;
39831 : 03F;
39832 : 03F;
39833 : 03F;
39834 : 03F;
39835 : 03F;
39836 : 03F;
39837 : 03F;
39838 : 03F;
39839 : 03F;
39840 : 03F;
39841 : 03F;
39842 : 03F;
39843 : 03F;
39844 : 03F;
39845 : 03F;
39846 : 03F;
39847 : 03F;
39848 : 03F;
39849 : 03F;
39850 : 03F;
39851 : 03F;
39852 : 03F;
39853 : 03F;
39854 : 03F;
39855 : 03F;
39856 : 03F;
39857 : 03F;
39858 : 03F;
39859 : 03F;
39860 : 03F;
39861 : 03F;
39862 : 03F;
39863 : 03F;
39864 : 03F;
39865 : 03F;
39866 : 03F;
39867 : 03F;
39868 : 03F;
39869 : 03F;
39870 : 03F;
39871 : 03F;
39872 : 03F;
39873 : 03F;
39874 : 03F;
39875 : 03F;
39876 : 03F;
39877 : 03F;
39878 : 03F;
39879 : 03F;
39880 : 03F;
39881 : 03F;
39882 : 03F;
39883 : 03F;
39884 : 03F;
39885 : 03F;
39886 : 110;
39887 : 110;
39888 : 110;
39889 : 110;
39890 : 110;
39891 : 110;
39892 : 110;
39893 : 110;
39894 : 110;
39895 : 110;
39896 : 110;
39897 : 110;
39898 : 110;
39899 : 110;
39900 : 110;
39901 : 110;
39902 : 110;
39903 : 110;
39904 : 110;
39905 : 110;
39906 : 110;
39907 : 110;
39908 : 110;
39909 : 110;
39910 : 110;
39911 : 03F;
39912 : 03F;
39913 : 03F;
39914 : 03F;
39915 : 03F;
39916 : 03F;
39917 : 03F;
39918 : 03F;
39919 : 03F;
39920 : 03F;
39921 : 03F;
39922 : 03F;
39923 : 03F;
39924 : 03F;
39925 : 03F;
39926 : 03F;
39927 : 03F;
39928 : 03F;
39929 : 03F;
39930 : 03F;
39931 : 03F;
39932 : 03F;
39933 : 03F;
39934 : 03F;
39935 : 03F;
39936 : 03F;
39937 : 03F;
39938 : 03F;
39939 : 03F;
39940 : 03F;
39941 : 03F;
39942 : 03F;
39943 : 03F;
39944 : 03F;
39945 : 03F;
39946 : 03F;
39947 : 03F;
39948 : 03F;
39949 : 03F;
39950 : 03F;
39951 : 03F;
39952 : 03F;
39953 : 03F;
39954 : 03F;
39955 : 03F;
39956 : 03F;
39957 : 03F;
39958 : 03F;
39959 : 03F;
39960 : 03F;
39961 : 03F;
39962 : 03F;
39963 : 03F;
39964 : 03F;
39965 : 03F;
39966 : 03F;
39967 : 03F;
39968 : 03F;
39969 : 03F;
39970 : 03F;
39971 : 03F;
39972 : 03F;
39973 : 03F;
39974 : 03F;
39975 : 03F;
39976 : 03F;
39977 : 03F;
39978 : 03F;
39979 : 03F;
39980 : 03F;
39981 : 03F;
39982 : 03F;
39983 : 03F;
39984 : 03F;
39985 : 03F;
39986 : 03F;
39987 : 03F;
39988 : 03F;
39989 : 03F;
39990 : 03F;
39991 : 03F;
39992 : 03F;
39993 : 03F;
39994 : 03F;
39995 : 03F;
39996 : 03F;
39997 : 03F;
39998 : 03F;
39999 : 03F;
40000 : 03F;
40001 : 03F;
40002 : 03F;
40003 : 03F;
40004 : 03F;
40005 : 03F;
40006 : 03F;
40007 : 03F;
40008 : 03F;
40009 : 03F;
40010 : 03F;
40011 : 03F;
40012 : 03F;
40013 : 03F;
40014 : 03F;
40015 : 03F;
40016 : 03F;
40017 : 03F;
40018 : 03F;
40019 : 03F;
40020 : 03F;
40021 : 03F;
40022 : 03F;
40023 : 03F;
40024 : 03F;
40025 : 03F;
40026 : 03F;
40027 : 03F;
40028 : 03F;
40029 : 03F;
40030 : 03F;
40031 : 03F;
40032 : 03F;
40033 : 03F;
40034 : 03F;
40035 : 03F;
40036 : 03F;
40037 : 03F;
40038 : 03F;
40039 : 03F;
40040 : 03F;
40041 : 03F;
40042 : 03F;
40043 : 018;
40044 : 018;
40045 : 018;
40046 : 018;
40047 : 018;
40048 : 018;
40049 : 018;
40050 : 018;
40051 : 018;
40052 : 038;
40053 : 038;
40054 : 038;
40055 : 038;
40056 : 018;
40057 : 018;
40058 : 018;
40059 : 018;
40060 : 018;
40061 : 018;
40062 : 03F;
40063 : 03F;
40064 : 03F;
40065 : 03F;
40066 : 03F;
40067 : 03F;
40068 : 03F;
40069 : 110;
40070 : 1D8;
40071 : 1D8;
40072 : 1D8;
40073 : 1D8;
40074 : 1D8;
40075 : 110;
40076 : 110;
40077 : 110;
40078 : 110;
40079 : 03F;
40080 : 03F;
40081 : 03F;
40082 : 03F;
40083 : 03F;
40084 : 03F;
40085 : 03F;
40086 : 03F;
40087 : 03F;
40088 : 03F;
40089 : 03F;
40090 : 03F;
40091 : 03F;
40092 : 03F;
40093 : 03F;
40094 : 03F;
40095 : 03F;
40096 : 03F;
40097 : 03F;
40098 : 03F;
40099 : 03F;
40100 : 03F;
40101 : 03F;
40102 : 03F;
40103 : 03F;
40104 : 03F;
40105 : 03F;
40106 : 03F;
40107 : 03F;
40108 : 03F;
40109 : 018;
40110 : 018;
40111 : 018;
40112 : 018;
40113 : 018;
40114 : 018;
40115 : 038;
40116 : 038;
40117 : 038;
40118 : 018;
40119 : 018;
40120 : 018;
40121 : 018;
40122 : 018;
40123 : 018;
40124 : 018;
40125 : 018;
40126 : 018;
40127 : 018;
40128 : 018;
40129 : 018;
40130 : 03F;
40131 : 03F;
40132 : 03F;
40133 : 03F;
40134 : 03F;
40135 : 03F;
40136 : 03F;
40137 : 03F;
40138 : 03F;
40139 : 03F;
40140 : 03F;
40141 : 03F;
40142 : 03F;
40143 : 03F;
40144 : 03F;
40145 : 03F;
40146 : 03F;
40147 : 03F;
40148 : 03F;
40149 : 03F;
40150 : 03F;
40151 : 03F;
40152 : 03F;
40153 : 03F;
40154 : 03F;
40155 : 03F;
40156 : 03F;
40157 : 03F;
40158 : 03F;
40159 : 03F;
40160 : 03F;
40161 : 03F;
40162 : 03F;
40163 : 03F;
40164 : 03F;
40165 : 03F;
40166 : 03F;
40167 : 03F;
40168 : 03F;
40169 : 03F;
40170 : 03F;
40171 : 03F;
40172 : 03F;
40173 : 03F;
40174 : 03F;
40175 : 03F;
40176 : 03F;
40177 : 03F;
40178 : 03F;
40179 : 03F;
40180 : 03F;
40181 : 03F;
40182 : 03F;
40183 : 03F;
40184 : 03F;
40185 : 03F;
40186 : 03F;
40187 : 03F;
40188 : 03F;
40189 : 03F;
40190 : 03F;
40191 : 03F;
40192 : 03F;
40193 : 03F;
40194 : 03F;
40195 : 03F;
40196 : 03F;
40197 : 03F;
40198 : 03F;
40199 : 03F;
40200 : 03F;
40201 : 03F;
40202 : 03F;
40203 : 03F;
40204 : 03F;
40205 : 03F;
40206 : 03F;
40207 : 110;
40208 : 110;
40209 : 110;
40210 : 110;
40211 : 110;
40212 : 110;
40213 : 110;
40214 : 110;
40215 : 110;
40216 : 110;
40217 : 110;
40218 : 110;
40219 : 110;
40220 : 110;
40221 : 110;
40222 : 110;
40223 : 110;
40224 : 110;
40225 : 110;
40226 : 110;
40227 : 110;
40228 : 110;
40229 : 110;
40230 : 03F;
40231 : 03F;
40232 : 03F;
40233 : 03F;
40234 : 03F;
40235 : 03F;
40236 : 03F;
40237 : 03F;
40238 : 03F;
40239 : 03F;
40240 : 03F;
40241 : 03F;
40242 : 03F;
40243 : 03F;
40244 : 03F;
40245 : 03F;
40246 : 03F;
40247 : 03F;
40248 : 03F;
40249 : 03F;
40250 : 03F;
40251 : 03F;
40252 : 03F;
40253 : 03F;
40254 : 03F;
40255 : 03F;
40256 : 03F;
40257 : 03F;
40258 : 03F;
40259 : 03F;
40260 : 03F;
40261 : 03F;
40262 : 03F;
40263 : 03F;
40264 : 03F;
40265 : 03F;
40266 : 03F;
40267 : 03F;
40268 : 03F;
40269 : 03F;
40270 : 03F;
40271 : 03F;
40272 : 03F;
40273 : 03F;
40274 : 03F;
40275 : 03F;
40276 : 03F;
40277 : 03F;
40278 : 03F;
40279 : 03F;
40280 : 03F;
40281 : 03F;
40282 : 03F;
40283 : 03F;
40284 : 03F;
40285 : 03F;
40286 : 03F;
40287 : 03F;
40288 : 03F;
40289 : 03F;
40290 : 03F;
40291 : 03F;
40292 : 03F;
40293 : 03F;
40294 : 03F;
40295 : 03F;
40296 : 03F;
40297 : 03F;
40298 : 03F;
40299 : 03F;
40300 : 03F;
40301 : 03F;
40302 : 03F;
40303 : 03F;
40304 : 03F;
40305 : 03F;
40306 : 03F;
40307 : 03F;
40308 : 03F;
40309 : 03F;
40310 : 03F;
40311 : 03F;
40312 : 03F;
40313 : 03F;
40314 : 03F;
40315 : 03F;
40316 : 03F;
40317 : 03F;
40318 : 03F;
40319 : 03F;
40320 : 03F;
40321 : 03F;
40322 : 03F;
40323 : 03F;
40324 : 03F;
40325 : 03F;
40326 : 03F;
40327 : 03F;
40328 : 03F;
40329 : 03F;
40330 : 03F;
40331 : 03F;
40332 : 007;
40333 : 007;
40334 : 007;
40335 : 007;
40336 : 007;
40337 : 007;
40338 : 007;
40339 : 007;
40340 : 007;
40341 : 007;
40342 : 03F;
40343 : 03F;
40344 : 03F;
40345 : 03F;
40346 : 03F;
40347 : 03F;
40348 : 03F;
40349 : 03F;
40350 : 03F;
40351 : 03F;
40352 : 03F;
40353 : 03F;
40354 : 03F;
40355 : 03F;
40356 : 03F;
40357 : 03F;
40358 : 03F;
40359 : 03F;
40360 : 03F;
40361 : 03F;
40362 : 018;
40363 : 018;
40364 : 018;
40365 : 018;
40366 : 018;
40367 : 018;
40368 : 018;
40369 : 018;
40370 : 018;
40371 : 038;
40372 : 038;
40373 : 038;
40374 : 018;
40375 : 018;
40376 : 018;
40377 : 018;
40378 : 018;
40379 : 018;
40380 : 03F;
40381 : 03F;
40382 : 03F;
40383 : 03F;
40384 : 03F;
40385 : 03F;
40386 : 03F;
40387 : 03F;
40388 : 03F;
40389 : 110;
40390 : 1D8;
40391 : 1D8;
40392 : 1D8;
40393 : 1D8;
40394 : 1D8;
40395 : 110;
40396 : 110;
40397 : 110;
40398 : 110;
40399 : 03F;
40400 : 03F;
40401 : 03F;
40402 : 03F;
40403 : 03F;
40404 : 03F;
40405 : 03F;
40406 : 007;
40407 : 007;
40408 : 007;
40409 : 007;
40410 : 03F;
40411 : 03F;
40412 : 03F;
40413 : 03F;
40414 : 03F;
40415 : 03F;
40416 : 03F;
40417 : 03F;
40418 : 03F;
40419 : 03F;
40420 : 03F;
40421 : 03F;
40422 : 03F;
40423 : 03F;
40424 : 03F;
40425 : 03F;
40426 : 03F;
40427 : 03F;
40428 : 03F;
40429 : 03F;
40430 : 03F;
40431 : 018;
40432 : 018;
40433 : 018;
40434 : 018;
40435 : 018;
40436 : 038;
40437 : 038;
40438 : 038;
40439 : 018;
40440 : 018;
40441 : 018;
40442 : 018;
40443 : 018;
40444 : 018;
40445 : 018;
40446 : 018;
40447 : 018;
40448 : 018;
40449 : 018;
40450 : 03F;
40451 : 03F;
40452 : 03F;
40453 : 03F;
40454 : 03F;
40455 : 03F;
40456 : 03F;
40457 : 03F;
40458 : 03F;
40459 : 03F;
40460 : 03F;
40461 : 03F;
40462 : 03F;
40463 : 03F;
40464 : 03F;
40465 : 03F;
40466 : 03F;
40467 : 03F;
40468 : 03F;
40469 : 03F;
40470 : 03F;
40471 : 03F;
40472 : 03F;
40473 : 03F;
40474 : 03F;
40475 : 03F;
40476 : 03F;
40477 : 03F;
40478 : 03F;
40479 : 03F;
40480 : 03F;
40481 : 03F;
40482 : 03F;
40483 : 03F;
40484 : 03F;
40485 : 03F;
40486 : 03F;
40487 : 03F;
40488 : 03F;
40489 : 03F;
40490 : 03F;
40491 : 03F;
40492 : 03F;
40493 : 03F;
40494 : 03F;
40495 : 03F;
40496 : 03F;
40497 : 03F;
40498 : 03F;
40499 : 03F;
40500 : 03F;
40501 : 03F;
40502 : 03F;
40503 : 03F;
40504 : 03F;
40505 : 03F;
40506 : 03F;
40507 : 03F;
40508 : 03F;
40509 : 03F;
40510 : 03F;
40511 : 03F;
40512 : 03F;
40513 : 03F;
40514 : 03F;
40515 : 03F;
40516 : 03F;
40517 : 03F;
40518 : 03F;
40519 : 03F;
40520 : 03F;
40521 : 03F;
40522 : 03F;
40523 : 03F;
40524 : 03F;
40525 : 03F;
40526 : 1FF;
40527 : 1FF;
40528 : 1FF;
40529 : 1FF;
40530 : 1FF;
40531 : 1FF;
40532 : 03F;
40533 : 03F;
40534 : 03F;
40535 : 03F;
40536 : 03F;
40537 : 03F;
40538 : 03F;
40539 : 03F;
40540 : 03F;
40541 : 03F;
40542 : 03F;
40543 : 03F;
40544 : 03F;
40545 : 03F;
40546 : 03F;
40547 : 03F;
40548 : 03F;
40549 : 03F;
40550 : 03F;
40551 : 03F;
40552 : 03F;
40553 : 03F;
40554 : 03F;
40555 : 03F;
40556 : 03F;
40557 : 03F;
40558 : 03F;
40559 : 03F;
40560 : 03F;
40561 : 03F;
40562 : 03F;
40563 : 03F;
40564 : 03F;
40565 : 03F;
40566 : 03F;
40567 : 03F;
40568 : 03F;
40569 : 03F;
40570 : 03F;
40571 : 03F;
40572 : 03F;
40573 : 03F;
40574 : 03F;
40575 : 03F;
40576 : 03F;
40577 : 03F;
40578 : 03F;
40579 : 03F;
40580 : 03F;
40581 : 03F;
40582 : 03F;
40583 : 03F;
40584 : 03F;
40585 : 03F;
40586 : 03F;
40587 : 03F;
40588 : 03F;
40589 : 03F;
40590 : 03F;
40591 : 03F;
40592 : 03F;
40593 : 03F;
40594 : 03F;
40595 : 03F;
40596 : 03F;
40597 : 03F;
40598 : 03F;
40599 : 03F;
40600 : 03F;
40601 : 03F;
40602 : 03F;
40603 : 03F;
40604 : 03F;
40605 : 03F;
40606 : 03F;
40607 : 03F;
40608 : 03F;
40609 : 03F;
40610 : 03F;
40611 : 03F;
40612 : 03F;
40613 : 03F;
40614 : 03F;
40615 : 03F;
40616 : 03F;
40617 : 03F;
40618 : 03F;
40619 : 03F;
40620 : 03F;
40621 : 03F;
40622 : 03F;
40623 : 03F;
40624 : 03F;
40625 : 03F;
40626 : 03F;
40627 : 03F;
40628 : 03F;
40629 : 03F;
40630 : 03F;
40631 : 03F;
40632 : 03F;
40633 : 03F;
40634 : 03F;
40635 : 03F;
40636 : 03F;
40637 : 03F;
40638 : 03F;
40639 : 03F;
40640 : 03F;
40641 : 03F;
40642 : 03F;
40643 : 03F;
40644 : 03F;
40645 : 03F;
40646 : 03F;
40647 : 03F;
40648 : 03F;
40649 : 03F;
40650 : 03F;
40651 : 03F;
40652 : 03F;
40653 : 03F;
40654 : 03F;
40655 : 03F;
40656 : 03F;
40657 : 03F;
40658 : 03F;
40659 : 03F;
40660 : 03F;
40661 : 03F;
40662 : 03F;
40663 : 03F;
40664 : 03F;
40665 : 03F;
40666 : 03F;
40667 : 03F;
40668 : 03F;
40669 : 03F;
40670 : 03F;
40671 : 03F;
40672 : 03F;
40673 : 03F;
40674 : 03F;
40675 : 03F;
40676 : 03F;
40677 : 03F;
40678 : 03F;
40679 : 03F;
40680 : 03F;
40681 : 018;
40682 : 018;
40683 : 018;
40684 : 018;
40685 : 018;
40686 : 018;
40687 : 018;
40688 : 018;
40689 : 038;
40690 : 038;
40691 : 038;
40692 : 038;
40693 : 018;
40694 : 018;
40695 : 018;
40696 : 018;
40697 : 018;
40698 : 018;
40699 : 03F;
40700 : 03F;
40701 : 03F;
40702 : 03F;
40703 : 03F;
40704 : 03F;
40705 : 03F;
40706 : 03F;
40707 : 03F;
40708 : 03F;
40709 : 110;
40710 : 1D8;
40711 : 1D8;
40712 : 1D8;
40713 : 1D8;
40714 : 1D8;
40715 : 110;
40716 : 110;
40717 : 110;
40718 : 110;
40719 : 03F;
40720 : 03F;
40721 : 03F;
40722 : 03F;
40723 : 03F;
40724 : 03F;
40725 : 03F;
40726 : 03F;
40727 : 03F;
40728 : 03F;
40729 : 03F;
40730 : 03F;
40731 : 03F;
40732 : 03F;
40733 : 03F;
40734 : 03F;
40735 : 03F;
40736 : 03F;
40737 : 03F;
40738 : 03F;
40739 : 03F;
40740 : 03F;
40741 : 03F;
40742 : 03F;
40743 : 03F;
40744 : 03F;
40745 : 03F;
40746 : 03F;
40747 : 03F;
40748 : 03F;
40749 : 03F;
40750 : 03F;
40751 : 03F;
40752 : 03F;
40753 : 03F;
40754 : 018;
40755 : 018;
40756 : 018;
40757 : 038;
40758 : 038;
40759 : 038;
40760 : 018;
40761 : 018;
40762 : 018;
40763 : 018;
40764 : 018;
40765 : 018;
40766 : 018;
40767 : 018;
40768 : 018;
40769 : 018;
40770 : 018;
40771 : 03F;
40772 : 03F;
40773 : 03F;
40774 : 03F;
40775 : 03F;
40776 : 03F;
40777 : 03F;
40778 : 03F;
40779 : 03F;
40780 : 03F;
40781 : 03F;
40782 : 03F;
40783 : 03F;
40784 : 03F;
40785 : 03F;
40786 : 03F;
40787 : 03F;
40788 : 03F;
40789 : 03F;
40790 : 03F;
40791 : 03F;
40792 : 03F;
40793 : 03F;
40794 : 03F;
40795 : 03F;
40796 : 03F;
40797 : 03F;
40798 : 03F;
40799 : 03F;
40800 : 03F;
40801 : 03F;
40802 : 03F;
40803 : 03F;
40804 : 03F;
40805 : 03F;
40806 : 03F;
40807 : 03F;
40808 : 03F;
40809 : 03F;
40810 : 03F;
40811 : 03F;
40812 : 03F;
40813 : 03F;
40814 : 03F;
40815 : 03F;
40816 : 03F;
40817 : 03F;
40818 : 03F;
40819 : 03F;
40820 : 03F;
40821 : 03F;
40822 : 03F;
40823 : 03F;
40824 : 03F;
40825 : 03F;
40826 : 03F;
40827 : 03F;
40828 : 03F;
40829 : 03F;
40830 : 03F;
40831 : 03F;
40832 : 03F;
40833 : 03F;
40834 : 03F;
40835 : 03F;
40836 : 03F;
40837 : 03F;
40838 : 03F;
40839 : 03F;
40840 : 03F;
40841 : 03F;
40842 : 03F;
40843 : 03F;
40844 : 03F;
40845 : 03F;
40846 : 03F;
40847 : 03F;
40848 : 03F;
40849 : 03F;
40850 : 03F;
40851 : 03F;
40852 : 03F;
40853 : 03F;
40854 : 03F;
40855 : 03F;
40856 : 03F;
40857 : 03F;
40858 : 03F;
40859 : 03F;
40860 : 03F;
40861 : 03F;
40862 : 03F;
40863 : 03F;
40864 : 03F;
40865 : 03F;
40866 : 03F;
40867 : 03F;
40868 : 03F;
40869 : 03F;
40870 : 03F;
40871 : 03F;
40872 : 03F;
40873 : 03F;
40874 : 03F;
40875 : 03F;
40876 : 03F;
40877 : 03F;
40878 : 03F;
40879 : 03F;
40880 : 03F;
40881 : 03F;
40882 : 03F;
40883 : 03F;
40884 : 03F;
40885 : 03F;
40886 : 03F;
40887 : 03F;
40888 : 03F;
40889 : 03F;
40890 : 03F;
40891 : 03F;
40892 : 03F;
40893 : 03F;
40894 : 03F;
40895 : 03F;
40896 : 03F;
40897 : 03F;
40898 : 03F;
40899 : 03F;
40900 : 03F;
40901 : 03F;
40902 : 03F;
40903 : 03F;
40904 : 03F;
40905 : 03F;
40906 : 03F;
40907 : 03F;
40908 : 03F;
40909 : 03F;
40910 : 03F;
40911 : 03F;
40912 : 03F;
40913 : 03F;
40914 : 03F;
40915 : 03F;
40916 : 03F;
40917 : 03F;
40918 : 03F;
40919 : 03F;
40920 : 03F;
40921 : 03F;
40922 : 03F;
40923 : 03F;
40924 : 03F;
40925 : 03F;
40926 : 03F;
40927 : 03F;
40928 : 03F;
40929 : 03F;
40930 : 03F;
40931 : 03F;
40932 : 03F;
40933 : 03F;
40934 : 03F;
40935 : 03F;
40936 : 03F;
40937 : 03F;
40938 : 03F;
40939 : 03F;
40940 : 03F;
40941 : 03F;
40942 : 03F;
40943 : 03F;
40944 : 03F;
40945 : 03F;
40946 : 03F;
40947 : 03F;
40948 : 03F;
40949 : 03F;
40950 : 03F;
40951 : 03F;
40952 : 03F;
40953 : 03F;
40954 : 03F;
40955 : 03F;
40956 : 03F;
40957 : 03F;
40958 : 03F;
40959 : 03F;
40960 : 03F;
40961 : 03F;
40962 : 03F;
40963 : 03F;
40964 : 03F;
40965 : 03F;
40966 : 03F;
40967 : 03F;
40968 : 03F;
40969 : 03F;
40970 : 03F;
40971 : 03F;
40972 : 03F;
40973 : 03F;
40974 : 03F;
40975 : 03F;
40976 : 03F;
40977 : 03F;
40978 : 03F;
40979 : 03F;
40980 : 03F;
40981 : 03F;
40982 : 03F;
40983 : 03F;
40984 : 03F;
40985 : 03F;
40986 : 03F;
40987 : 03F;
40988 : 03F;
40989 : 03F;
40990 : 03F;
40991 : 03F;
40992 : 03F;
40993 : 03F;
40994 : 03F;
40995 : 03F;
40996 : 03F;
40997 : 03F;
40998 : 03F;
40999 : 03F;
41000 : 018;
41001 : 018;
41002 : 018;
41003 : 018;
41004 : 018;
41005 : 018;
41006 : 018;
41007 : 018;
41008 : 038;
41009 : 038;
41010 : 038;
41011 : 018;
41012 : 018;
41013 : 018;
41014 : 018;
41015 : 018;
41016 : 018;
41017 : 018;
41018 : 03F;
41019 : 03F;
41020 : 03F;
41021 : 03F;
41022 : 03F;
41023 : 03F;
41024 : 03F;
41025 : 03F;
41026 : 03F;
41027 : 03F;
41028 : 03F;
41029 : 110;
41030 : 1D8;
41031 : 1D8;
41032 : 1D8;
41033 : 1D8;
41034 : 1D8;
41035 : 110;
41036 : 110;
41037 : 110;
41038 : 110;
41039 : 03F;
41040 : 03F;
41041 : 03F;
41042 : 03F;
41043 : 03F;
41044 : 03F;
41045 : 03F;
41046 : 03F;
41047 : 03F;
41048 : 03F;
41049 : 03F;
41050 : 03F;
41051 : 03F;
41052 : 03F;
41053 : 03F;
41054 : 03F;
41055 : 03F;
41056 : 03F;
41057 : 03F;
41058 : 03F;
41059 : 03F;
41060 : 03F;
41061 : 03F;
41062 : 03F;
41063 : 03F;
41064 : 03F;
41065 : 03F;
41066 : 03F;
41067 : 03F;
41068 : 03F;
41069 : 03F;
41070 : 03F;
41071 : 03F;
41072 : 03F;
41073 : 03F;
41074 : 03F;
41075 : 03F;
41076 : 018;
41077 : 018;
41078 : 038;
41079 : 038;
41080 : 038;
41081 : 018;
41082 : 018;
41083 : 018;
41084 : 018;
41085 : 018;
41086 : 018;
41087 : 018;
41088 : 018;
41089 : 018;
41090 : 018;
41091 : 03F;
41092 : 03F;
41093 : 03F;
41094 : 03F;
41095 : 03F;
41096 : 03F;
41097 : 03F;
41098 : 03F;
41099 : 03F;
41100 : 03F;
41101 : 03F;
41102 : 03F;
41103 : 03F;
41104 : 03F;
41105 : 03F;
41106 : 03F;
41107 : 03F;
41108 : 03F;
41109 : 03F;
41110 : 03F;
41111 : 03F;
41112 : 03F;
41113 : 03F;
41114 : 03F;
41115 : 03F;
41116 : 03F;
41117 : 03F;
41118 : 03F;
41119 : 03F;
41120 : 03F;
41121 : 03F;
41122 : 03F;
41123 : 03F;
41124 : 03F;
41125 : 03F;
41126 : 03F;
41127 : 03F;
41128 : 03F;
41129 : 03F;
41130 : 03F;
41131 : 03F;
41132 : 03F;
41133 : 03F;
41134 : 03F;
41135 : 03F;
41136 : 03F;
41137 : 03F;
41138 : 03F;
41139 : 03F;
41140 : 03F;
41141 : 03F;
41142 : 03F;
41143 : 03F;
41144 : 03F;
41145 : 03F;
41146 : 03F;
41147 : 03F;
41148 : 03F;
41149 : 03F;
41150 : 03F;
41151 : 03F;
41152 : 03F;
41153 : 03F;
41154 : 03F;
41155 : 03F;
41156 : 03F;
41157 : 03F;
41158 : 03F;
41159 : 03F;
41160 : 03F;
41161 : 03F;
41162 : 03F;
41163 : 03F;
41164 : 03F;
41165 : 03F;
41166 : 03F;
41167 : 03F;
41168 : 03F;
41169 : 03F;
41170 : 03F;
41171 : 1FF;
41172 : 1FF;
41173 : 1FF;
41174 : 1FF;
41175 : 1FF;
41176 : 1FF;
41177 : 1FF;
41178 : 1FF;
41179 : 1FF;
41180 : 1FF;
41181 : 1FF;
41182 : 1FF;
41183 : 1FF;
41184 : 1FF;
41185 : 1FF;
41186 : 1FF;
41187 : 1FF;
41188 : 1FF;
41189 : 1FF;
41190 : 1FF;
41191 : 1FF;
41192 : 1FF;
41193 : 1FF;
41194 : 1FF;
41195 : 1FF;
41196 : 1FF;
41197 : 03F;
41198 : 03F;
41199 : 03F;
41200 : 03F;
41201 : 03F;
41202 : 03F;
41203 : 03F;
41204 : 03F;
41205 : 03F;
41206 : 03F;
41207 : 03F;
41208 : 03F;
41209 : 03F;
41210 : 03F;
41211 : 03F;
41212 : 03F;
41213 : 03F;
41214 : 03F;
41215 : 03F;
41216 : 03F;
41217 : 03F;
41218 : 03F;
41219 : 03F;
41220 : 03F;
41221 : 03F;
41222 : 03F;
41223 : 03F;
41224 : 03F;
41225 : 03F;
41226 : 03F;
41227 : 03F;
41228 : 03F;
41229 : 03F;
41230 : 03F;
41231 : 03F;
41232 : 03F;
41233 : 03F;
41234 : 03F;
41235 : 03F;
41236 : 03F;
41237 : 03F;
41238 : 03F;
41239 : 03F;
41240 : 03F;
41241 : 03F;
41242 : 03F;
41243 : 03F;
41244 : 03F;
41245 : 03F;
41246 : 03F;
41247 : 03F;
41248 : 03F;
41249 : 03F;
41250 : 03F;
41251 : 03F;
41252 : 03F;
41253 : 03F;
41254 : 03F;
41255 : 03F;
41256 : 03F;
41257 : 03F;
41258 : 03F;
41259 : 03F;
41260 : 03F;
41261 : 03F;
41262 : 03F;
41263 : 03F;
41264 : 03F;
41265 : 03F;
41266 : 03F;
41267 : 03F;
41268 : 03F;
41269 : 03F;
41270 : 03F;
41271 : 03F;
41272 : 03F;
41273 : 03F;
41274 : 03F;
41275 : 03F;
41276 : 03F;
41277 : 03F;
41278 : 03F;
41279 : 03F;
41280 : 03F;
41281 : 03F;
41282 : 03F;
41283 : 03F;
41284 : 03F;
41285 : 03F;
41286 : 03F;
41287 : 03F;
41288 : 03F;
41289 : 03F;
41290 : 03F;
41291 : 03F;
41292 : 03F;
41293 : 03F;
41294 : 03F;
41295 : 03F;
41296 : 03F;
41297 : 03F;
41298 : 03F;
41299 : 03F;
41300 : 03F;
41301 : 03F;
41302 : 03F;
41303 : 03F;
41304 : 03F;
41305 : 03F;
41306 : 03F;
41307 : 03F;
41308 : 03F;
41309 : 03F;
41310 : 03F;
41311 : 03F;
41312 : 03F;
41313 : 03F;
41314 : 03F;
41315 : 03F;
41316 : 03F;
41317 : 03F;
41318 : 03F;
41319 : 018;
41320 : 018;
41321 : 018;
41322 : 018;
41323 : 018;
41324 : 018;
41325 : 018;
41326 : 018;
41327 : 018;
41328 : 038;
41329 : 038;
41330 : 018;
41331 : 018;
41332 : 018;
41333 : 018;
41334 : 018;
41335 : 018;
41336 : 03F;
41337 : 03F;
41338 : 03F;
41339 : 03F;
41340 : 03F;
41341 : 03F;
41342 : 03F;
41343 : 03F;
41344 : 03F;
41345 : 03F;
41346 : 03F;
41347 : 03F;
41348 : 03F;
41349 : 110;
41350 : 1D8;
41351 : 1D8;
41352 : 1D8;
41353 : 1D8;
41354 : 1D8;
41355 : 110;
41356 : 110;
41357 : 110;
41358 : 110;
41359 : 03F;
41360 : 03F;
41361 : 03F;
41362 : 03F;
41363 : 03F;
41364 : 03F;
41365 : 03F;
41366 : 03F;
41367 : 03F;
41368 : 007;
41369 : 007;
41370 : 007;
41371 : 007;
41372 : 007;
41373 : 007;
41374 : 03F;
41375 : 03F;
41376 : 03F;
41377 : 03F;
41378 : 03F;
41379 : 03F;
41380 : 03F;
41381 : 03F;
41382 : 03F;
41383 : 03F;
41384 : 03F;
41385 : 03F;
41386 : 03F;
41387 : 03F;
41388 : 03F;
41389 : 03F;
41390 : 03F;
41391 : 03F;
41392 : 03F;
41393 : 03F;
41394 : 03F;
41395 : 03F;
41396 : 03F;
41397 : 018;
41398 : 018;
41399 : 018;
41400 : 038;
41401 : 038;
41402 : 038;
41403 : 018;
41404 : 018;
41405 : 018;
41406 : 018;
41407 : 018;
41408 : 018;
41409 : 018;
41410 : 018;
41411 : 018;
41412 : 03F;
41413 : 03F;
41414 : 03F;
41415 : 03F;
41416 : 03F;
41417 : 03F;
41418 : 03F;
41419 : 03F;
41420 : 03F;
41421 : 03F;
41422 : 03F;
41423 : 03F;
41424 : 03F;
41425 : 03F;
41426 : 03F;
41427 : 03F;
41428 : 03F;
41429 : 03F;
41430 : 03F;
41431 : 03F;
41432 : 03F;
41433 : 03F;
41434 : 03F;
41435 : 03F;
41436 : 03F;
41437 : 03F;
41438 : 03F;
41439 : 03F;
41440 : 03F;
41441 : 03F;
41442 : 03F;
41443 : 03F;
41444 : 03F;
41445 : 03F;
41446 : 03F;
41447 : 03F;
41448 : 03F;
41449 : 03F;
41450 : 03F;
41451 : 03F;
41452 : 03F;
41453 : 03F;
41454 : 03F;
41455 : 03F;
41456 : 03F;
41457 : 03F;
41458 : 03F;
41459 : 03F;
41460 : 03F;
41461 : 03F;
41462 : 03F;
41463 : 03F;
41464 : 03F;
41465 : 03F;
41466 : 03F;
41467 : 03F;
41468 : 03F;
41469 : 03F;
41470 : 03F;
41471 : 03F;
41472 : 03F;
41473 : 03F;
41474 : 03F;
41475 : 03F;
41476 : 03F;
41477 : 03F;
41478 : 03F;
41479 : 03F;
41480 : 03F;
41481 : 03F;
41482 : 03F;
41483 : 03F;
41484 : 03F;
41485 : 03F;
41486 : 03F;
41487 : 03F;
41488 : 03F;
41489 : 03F;
41490 : 03F;
41491 : 03F;
41492 : 03F;
41493 : 03F;
41494 : 03F;
41495 : 03F;
41496 : 03F;
41497 : 03F;
41498 : 03F;
41499 : 03F;
41500 : 03F;
41501 : 03F;
41502 : 03F;
41503 : 03F;
41504 : 03F;
41505 : 03F;
41506 : 03F;
41507 : 03F;
41508 : 03F;
41509 : 03F;
41510 : 03F;
41511 : 03F;
41512 : 03F;
41513 : 03F;
41514 : 03F;
41515 : 03F;
41516 : 03F;
41517 : 03F;
41518 : 03F;
41519 : 03F;
41520 : 03F;
41521 : 03F;
41522 : 03F;
41523 : 03F;
41524 : 03F;
41525 : 03F;
41526 : 03F;
41527 : 03F;
41528 : 03F;
41529 : 03F;
41530 : 03F;
41531 : 03F;
41532 : 03F;
41533 : 03F;
41534 : 03F;
41535 : 03F;
41536 : 03F;
41537 : 03F;
41538 : 03F;
41539 : 03F;
41540 : 03F;
41541 : 03F;
41542 : 03F;
41543 : 03F;
41544 : 03F;
41545 : 03F;
41546 : 03F;
41547 : 03F;
41548 : 03F;
41549 : 03F;
41550 : 03F;
41551 : 03F;
41552 : 03F;
41553 : 03F;
41554 : 03F;
41555 : 03F;
41556 : 03F;
41557 : 03F;
41558 : 03F;
41559 : 03F;
41560 : 03F;
41561 : 03F;
41562 : 03F;
41563 : 03F;
41564 : 03F;
41565 : 03F;
41566 : 03F;
41567 : 03F;
41568 : 03F;
41569 : 03F;
41570 : 03F;
41571 : 03F;
41572 : 03F;
41573 : 03F;
41574 : 03F;
41575 : 03F;
41576 : 03F;
41577 : 03F;
41578 : 03F;
41579 : 03F;
41580 : 03F;
41581 : 03F;
41582 : 03F;
41583 : 007;
41584 : 007;
41585 : 007;
41586 : 007;
41587 : 007;
41588 : 007;
41589 : 007;
41590 : 007;
41591 : 007;
41592 : 007;
41593 : 007;
41594 : 007;
41595 : 03F;
41596 : 03F;
41597 : 03F;
41598 : 03F;
41599 : 03F;
41600 : 03F;
41601 : 03F;
41602 : 03F;
41603 : 03F;
41604 : 03F;
41605 : 03F;
41606 : 03F;
41607 : 03F;
41608 : 03F;
41609 : 03F;
41610 : 03F;
41611 : 03F;
41612 : 03F;
41613 : 03F;
41614 : 03F;
41615 : 03F;
41616 : 03F;
41617 : 03F;
41618 : 03F;
41619 : 03F;
41620 : 03F;
41621 : 03F;
41622 : 03F;
41623 : 03F;
41624 : 03F;
41625 : 03F;
41626 : 03F;
41627 : 03F;
41628 : 03F;
41629 : 03F;
41630 : 03F;
41631 : 03F;
41632 : 03F;
41633 : 03F;
41634 : 03F;
41635 : 03F;
41636 : 03F;
41637 : 03F;
41638 : 018;
41639 : 018;
41640 : 018;
41641 : 018;
41642 : 018;
41643 : 018;
41644 : 018;
41645 : 018;
41646 : 018;
41647 : 038;
41648 : 038;
41649 : 018;
41650 : 018;
41651 : 018;
41652 : 018;
41653 : 018;
41654 : 018;
41655 : 03F;
41656 : 03F;
41657 : 03F;
41658 : 03F;
41659 : 03F;
41660 : 03F;
41661 : 03F;
41662 : 03F;
41663 : 03F;
41664 : 03F;
41665 : 03F;
41666 : 03F;
41667 : 03F;
41668 : 03F;
41669 : 110;
41670 : 1D8;
41671 : 1D8;
41672 : 1D8;
41673 : 1D8;
41674 : 1D8;
41675 : 110;
41676 : 110;
41677 : 110;
41678 : 110;
41679 : 03F;
41680 : 03F;
41681 : 03F;
41682 : 03F;
41683 : 03F;
41684 : 03F;
41685 : 03F;
41686 : 03F;
41687 : 03F;
41688 : 03F;
41689 : 03F;
41690 : 03F;
41691 : 03F;
41692 : 03F;
41693 : 03F;
41694 : 03F;
41695 : 03F;
41696 : 03F;
41697 : 03F;
41698 : 03F;
41699 : 03F;
41700 : 03F;
41701 : 03F;
41702 : 03F;
41703 : 03F;
41704 : 03F;
41705 : 03F;
41706 : 03F;
41707 : 03F;
41708 : 03F;
41709 : 03F;
41710 : 03F;
41711 : 03F;
41712 : 03F;
41713 : 03F;
41714 : 03F;
41715 : 03F;
41716 : 03F;
41717 : 03F;
41718 : 03F;
41719 : 018;
41720 : 018;
41721 : 038;
41722 : 038;
41723 : 038;
41724 : 018;
41725 : 018;
41726 : 018;
41727 : 018;
41728 : 018;
41729 : 018;
41730 : 018;
41731 : 018;
41732 : 03F;
41733 : 03F;
41734 : 03F;
41735 : 03F;
41736 : 03F;
41737 : 03F;
41738 : 03F;
41739 : 03F;
41740 : 03F;
41741 : 03F;
41742 : 03F;
41743 : 03F;
41744 : 03F;
41745 : 03F;
41746 : 03F;
41747 : 03F;
41748 : 03F;
41749 : 03F;
41750 : 03F;
41751 : 03F;
41752 : 03F;
41753 : 03F;
41754 : 03F;
41755 : 03F;
41756 : 03F;
41757 : 03F;
41758 : 03F;
41759 : 03F;
41760 : 03F;
41761 : 03F;
41762 : 03F;
41763 : 03F;
41764 : 03F;
41765 : 03F;
41766 : 03F;
41767 : 03F;
41768 : 03F;
41769 : 03F;
41770 : 03F;
41771 : 03F;
41772 : 03F;
41773 : 03F;
41774 : 03F;
41775 : 03F;
41776 : 03F;
41777 : 03F;
41778 : 03F;
41779 : 03F;
41780 : 03F;
41781 : 03F;
41782 : 03F;
41783 : 03F;
41784 : 03F;
41785 : 03F;
41786 : 03F;
41787 : 03F;
41788 : 03F;
41789 : 03F;
41790 : 03F;
41791 : 03F;
41792 : 03F;
41793 : 03F;
41794 : 03F;
41795 : 03F;
41796 : 03F;
41797 : 03F;
41798 : 03F;
41799 : 03F;
41800 : 03F;
41801 : 03F;
41802 : 03F;
41803 : 03F;
41804 : 03F;
41805 : 03F;
41806 : 03F;
41807 : 03F;
41808 : 03F;
41809 : 03F;
41810 : 03F;
41811 : 03F;
41812 : 03F;
41813 : 03F;
41814 : 03F;
41815 : 03F;
41816 : 03F;
41817 : 03F;
41818 : 03F;
41819 : 03F;
41820 : 03F;
41821 : 03F;
41822 : 03F;
41823 : 03F;
41824 : 03F;
41825 : 03F;
41826 : 03F;
41827 : 03F;
41828 : 03F;
41829 : 03F;
41830 : 03F;
41831 : 03F;
41832 : 03F;
41833 : 03F;
41834 : 03F;
41835 : 03F;
41836 : 03F;
41837 : 03F;
41838 : 03F;
41839 : 03F;
41840 : 03F;
41841 : 03F;
41842 : 03F;
41843 : 03F;
41844 : 03F;
41845 : 03F;
41846 : 03F;
41847 : 03F;
41848 : 03F;
41849 : 03F;
41850 : 03F;
41851 : 03F;
41852 : 03F;
41853 : 03F;
41854 : 03F;
41855 : 03F;
41856 : 03F;
41857 : 03F;
41858 : 03F;
41859 : 03F;
41860 : 03F;
41861 : 03F;
41862 : 03F;
41863 : 03F;
41864 : 03F;
41865 : 03F;
41866 : 03F;
41867 : 03F;
41868 : 03F;
41869 : 03F;
41870 : 03F;
41871 : 03F;
41872 : 03F;
41873 : 03F;
41874 : 03F;
41875 : 03F;
41876 : 03F;
41877 : 03F;
41878 : 03F;
41879 : 03F;
41880 : 03F;
41881 : 03F;
41882 : 03F;
41883 : 03F;
41884 : 03F;
41885 : 03F;
41886 : 03F;
41887 : 03F;
41888 : 03F;
41889 : 03F;
41890 : 03F;
41891 : 03F;
41892 : 03F;
41893 : 03F;
41894 : 03F;
41895 : 03F;
41896 : 03F;
41897 : 03F;
41898 : 03F;
41899 : 03F;
41900 : 03F;
41901 : 03F;
41902 : 03F;
41903 : 03F;
41904 : 03F;
41905 : 03F;
41906 : 03F;
41907 : 03F;
41908 : 03F;
41909 : 03F;
41910 : 03F;
41911 : 03F;
41912 : 03F;
41913 : 03F;
41914 : 03F;
41915 : 03F;
41916 : 03F;
41917 : 03F;
41918 : 03F;
41919 : 03F;
41920 : 03F;
41921 : 03F;
41922 : 03F;
41923 : 03F;
41924 : 03F;
41925 : 03F;
41926 : 03F;
41927 : 03F;
41928 : 03F;
41929 : 03F;
41930 : 03F;
41931 : 03F;
41932 : 03F;
41933 : 03F;
41934 : 03F;
41935 : 03F;
41936 : 03F;
41937 : 03F;
41938 : 03F;
41939 : 03F;
41940 : 03F;
41941 : 03F;
41942 : 03F;
41943 : 03F;
41944 : 03F;
41945 : 03F;
41946 : 03F;
41947 : 03F;
41948 : 03F;
41949 : 03F;
41950 : 03F;
41951 : 03F;
41952 : 03F;
41953 : 03F;
41954 : 03F;
41955 : 03F;
41956 : 03F;
41957 : 018;
41958 : 018;
41959 : 018;
41960 : 018;
41961 : 018;
41962 : 018;
41963 : 018;
41964 : 018;
41965 : 018;
41966 : 038;
41967 : 038;
41968 : 038;
41969 : 018;
41970 : 018;
41971 : 018;
41972 : 018;
41973 : 018;
41974 : 03F;
41975 : 03F;
41976 : 03F;
41977 : 03F;
41978 : 03F;
41979 : 03F;
41980 : 03F;
41981 : 03F;
41982 : 03F;
41983 : 03F;
41984 : 03F;
41985 : 03F;
41986 : 03F;
41987 : 03F;
41988 : 03F;
41989 : 1D8;
41990 : 1D8;
41991 : 1D8;
41992 : 1D8;
41993 : 1D8;
41994 : 1D8;
41995 : 110;
41996 : 110;
41997 : 110;
41998 : 03F;
41999 : 03F;
42000 : 03F;
42001 : 03F;
42002 : 03F;
42003 : 03F;
42004 : 03F;
42005 : 03F;
42006 : 007;
42007 : 007;
42008 : 007;
42009 : 007;
42010 : 007;
42011 : 007;
42012 : 007;
42013 : 007;
42014 : 007;
42015 : 007;
42016 : 007;
42017 : 007;
42018 : 007;
42019 : 007;
42020 : 007;
42021 : 007;
42022 : 03F;
42023 : 03F;
42024 : 03F;
42025 : 03F;
42026 : 03F;
42027 : 03F;
42028 : 03F;
42029 : 03F;
42030 : 03F;
42031 : 03F;
42032 : 03F;
42033 : 03F;
42034 : 03F;
42035 : 03F;
42036 : 03F;
42037 : 03F;
42038 : 03F;
42039 : 03F;
42040 : 018;
42041 : 018;
42042 : 038;
42043 : 038;
42044 : 038;
42045 : 018;
42046 : 018;
42047 : 018;
42048 : 018;
42049 : 018;
42050 : 018;
42051 : 018;
42052 : 03F;
42053 : 03F;
42054 : 03F;
42055 : 03F;
42056 : 03F;
42057 : 03F;
42058 : 03F;
42059 : 03F;
42060 : 03F;
42061 : 03F;
42062 : 03F;
42063 : 03F;
42064 : 03F;
42065 : 03F;
42066 : 03F;
42067 : 03F;
42068 : 03F;
42069 : 03F;
42070 : 03F;
42071 : 03F;
42072 : 03F;
42073 : 03F;
42074 : 03F;
42075 : 03F;
42076 : 03F;
42077 : 03F;
42078 : 03F;
42079 : 03F;
42080 : 03F;
42081 : 03F;
42082 : 03F;
42083 : 03F;
42084 : 03F;
42085 : 03F;
42086 : 03F;
42087 : 03F;
42088 : 03F;
42089 : 03F;
42090 : 03F;
42091 : 03F;
42092 : 03F;
42093 : 03F;
42094 : 03F;
42095 : 03F;
42096 : 03F;
42097 : 03F;
42098 : 03F;
42099 : 03F;
42100 : 03F;
42101 : 03F;
42102 : 03F;
42103 : 03F;
42104 : 03F;
42105 : 03F;
42106 : 03F;
42107 : 03F;
42108 : 03F;
42109 : 03F;
42110 : 03F;
42111 : 03F;
42112 : 03F;
42113 : 03F;
42114 : 03F;
42115 : 03F;
42116 : 03F;
42117 : 03F;
42118 : 03F;
42119 : 03F;
42120 : 03F;
42121 : 03F;
42122 : 03F;
42123 : 03F;
42124 : 03F;
42125 : 03F;
42126 : 03F;
42127 : 03F;
42128 : 03F;
42129 : 03F;
42130 : 03F;
42131 : 03F;
42132 : 03F;
42133 : 03F;
42134 : 03F;
42135 : 03F;
42136 : 03F;
42137 : 03F;
42138 : 03F;
42139 : 03F;
42140 : 03F;
42141 : 03F;
42142 : 03F;
42143 : 03F;
42144 : 03F;
42145 : 03F;
42146 : 03F;
42147 : 03F;
42148 : 03F;
42149 : 03F;
42150 : 03F;
42151 : 03F;
42152 : 03F;
42153 : 03F;
42154 : 03F;
42155 : 03F;
42156 : 03F;
42157 : 03F;
42158 : 03F;
42159 : 03F;
42160 : 03F;
42161 : 03F;
42162 : 03F;
42163 : 03F;
42164 : 03F;
42165 : 03F;
42166 : 03F;
42167 : 03F;
42168 : 03F;
42169 : 03F;
42170 : 03F;
42171 : 03F;
42172 : 03F;
42173 : 03F;
42174 : 03F;
42175 : 03F;
42176 : 03F;
42177 : 03F;
42178 : 03F;
42179 : 03F;
42180 : 03F;
42181 : 03F;
42182 : 03F;
42183 : 03F;
42184 : 03F;
42185 : 03F;
42186 : 03F;
42187 : 03F;
42188 : 03F;
42189 : 03F;
42190 : 03F;
42191 : 03F;
42192 : 03F;
42193 : 03F;
42194 : 03F;
42195 : 03F;
42196 : 03F;
42197 : 03F;
42198 : 03F;
42199 : 03F;
42200 : 03F;
42201 : 03F;
42202 : 03F;
42203 : 03F;
42204 : 03F;
42205 : 03F;
42206 : 03F;
42207 : 03F;
42208 : 03F;
42209 : 03F;
42210 : 03F;
42211 : 03F;
42212 : 03F;
42213 : 03F;
42214 : 03F;
42215 : 03F;
42216 : 03F;
42217 : 03F;
42218 : 03F;
42219 : 03F;
42220 : 03F;
42221 : 03F;
42222 : 03F;
42223 : 03F;
42224 : 03F;
42225 : 03F;
42226 : 03F;
42227 : 03F;
42228 : 03F;
42229 : 03F;
42230 : 03F;
42231 : 03F;
42232 : 03F;
42233 : 03F;
42234 : 03F;
42235 : 03F;
42236 : 03F;
42237 : 03F;
42238 : 03F;
42239 : 03F;
42240 : 03F;
42241 : 03F;
42242 : 03F;
42243 : 03F;
42244 : 03F;
42245 : 03F;
42246 : 03F;
42247 : 03F;
42248 : 03F;
42249 : 03F;
42250 : 03F;
42251 : 03F;
42252 : 03F;
42253 : 03F;
42254 : 03F;
42255 : 03F;
42256 : 03F;
42257 : 03F;
42258 : 03F;
42259 : 03F;
42260 : 03F;
42261 : 03F;
42262 : 03F;
42263 : 03F;
42264 : 03F;
42265 : 03F;
42266 : 03F;
42267 : 03F;
42268 : 03F;
42269 : 03F;
42270 : 03F;
42271 : 03F;
42272 : 03F;
42273 : 03F;
42274 : 03F;
42275 : 03F;
42276 : 018;
42277 : 018;
42278 : 018;
42279 : 018;
42280 : 018;
42281 : 018;
42282 : 018;
42283 : 018;
42284 : 018;
42285 : 038;
42286 : 038;
42287 : 038;
42288 : 018;
42289 : 018;
42290 : 018;
42291 : 018;
42292 : 018;
42293 : 03F;
42294 : 03F;
42295 : 03F;
42296 : 03F;
42297 : 03F;
42298 : 03F;
42299 : 03F;
42300 : 03F;
42301 : 03F;
42302 : 03F;
42303 : 03F;
42304 : 03F;
42305 : 03F;
42306 : 03F;
42307 : 03F;
42308 : 03F;
42309 : 1D8;
42310 : 1D8;
42311 : 1D8;
42312 : 1D8;
42313 : 1D8;
42314 : 1D8;
42315 : 110;
42316 : 110;
42317 : 110;
42318 : 03F;
42319 : 03F;
42320 : 03F;
42321 : 03F;
42322 : 03F;
42323 : 03F;
42324 : 03F;
42325 : 03F;
42326 : 03F;
42327 : 03F;
42328 : 03F;
42329 : 03F;
42330 : 03F;
42331 : 03F;
42332 : 03F;
42333 : 03F;
42334 : 03F;
42335 : 03F;
42336 : 03F;
42337 : 03F;
42338 : 03F;
42339 : 03F;
42340 : 03F;
42341 : 03F;
42342 : 03F;
42343 : 03F;
42344 : 03F;
42345 : 03F;
42346 : 03F;
42347 : 03F;
42348 : 03F;
42349 : 03F;
42350 : 03F;
42351 : 03F;
42352 : 03F;
42353 : 03F;
42354 : 03F;
42355 : 03F;
42356 : 03F;
42357 : 03F;
42358 : 03F;
42359 : 03F;
42360 : 03F;
42361 : 018;
42362 : 018;
42363 : 038;
42364 : 038;
42365 : 038;
42366 : 018;
42367 : 018;
42368 : 018;
42369 : 018;
42370 : 018;
42371 : 018;
42372 : 018;
42373 : 03F;
42374 : 03F;
42375 : 03F;
42376 : 03F;
42377 : 03F;
42378 : 03F;
42379 : 03F;
42380 : 03F;
42381 : 03F;
42382 : 03F;
42383 : 03F;
42384 : 03F;
42385 : 03F;
42386 : 03F;
42387 : 03F;
42388 : 03F;
42389 : 03F;
42390 : 03F;
42391 : 03F;
42392 : 03F;
42393 : 03F;
42394 : 03F;
42395 : 03F;
42396 : 03F;
42397 : 03F;
42398 : 03F;
42399 : 03F;
42400 : 03F;
42401 : 03F;
42402 : 03F;
42403 : 03F;
42404 : 03F;
42405 : 03F;
42406 : 03F;
42407 : 03F;
42408 : 03F;
42409 : 03F;
42410 : 03F;
42411 : 03F;
42412 : 03F;
42413 : 03F;
42414 : 03F;
42415 : 03F;
42416 : 03F;
42417 : 03F;
42418 : 03F;
42419 : 03F;
42420 : 03F;
42421 : 007;
42422 : 007;
42423 : 007;
42424 : 007;
42425 : 007;
42426 : 007;
42427 : 03F;
42428 : 03F;
42429 : 03F;
42430 : 03F;
42431 : 03F;
42432 : 03F;
42433 : 03F;
42434 : 03F;
42435 : 03F;
42436 : 03F;
42437 : 03F;
42438 : 03F;
42439 : 03F;
42440 : 03F;
42441 : 03F;
42442 : 03F;
42443 : 03F;
42444 : 03F;
42445 : 03F;
42446 : 03F;
42447 : 03F;
42448 : 03F;
42449 : 03F;
42450 : 03F;
42451 : 03F;
42452 : 03F;
42453 : 03F;
42454 : 03F;
42455 : 03F;
42456 : 03F;
42457 : 03F;
42458 : 03F;
42459 : 03F;
42460 : 03F;
42461 : 03F;
42462 : 03F;
42463 : 03F;
42464 : 03F;
42465 : 03F;
42466 : 03F;
42467 : 03F;
42468 : 03F;
42469 : 03F;
42470 : 03F;
42471 : 03F;
42472 : 03F;
42473 : 03F;
42474 : 03F;
42475 : 03F;
42476 : 03F;
42477 : 03F;
42478 : 03F;
42479 : 03F;
42480 : 03F;
42481 : 03F;
42482 : 03F;
42483 : 03F;
42484 : 03F;
42485 : 03F;
42486 : 03F;
42487 : 03F;
42488 : 03F;
42489 : 03F;
42490 : 03F;
42491 : 03F;
42492 : 03F;
42493 : 03F;
42494 : 03F;
42495 : 03F;
42496 : 03F;
42497 : 03F;
42498 : 03F;
42499 : 03F;
42500 : 03F;
42501 : 03F;
42502 : 03F;
42503 : 03F;
42504 : 03F;
42505 : 03F;
42506 : 03F;
42507 : 03F;
42508 : 03F;
42509 : 03F;
42510 : 03F;
42511 : 03F;
42512 : 03F;
42513 : 03F;
42514 : 03F;
42515 : 03F;
42516 : 03F;
42517 : 03F;
42518 : 03F;
42519 : 03F;
42520 : 03F;
42521 : 03F;
42522 : 03F;
42523 : 03F;
42524 : 03F;
42525 : 03F;
42526 : 03F;
42527 : 03F;
42528 : 03F;
42529 : 03F;
42530 : 03F;
42531 : 03F;
42532 : 03F;
42533 : 03F;
42534 : 03F;
42535 : 03F;
42536 : 03F;
42537 : 03F;
42538 : 03F;
42539 : 03F;
42540 : 03F;
42541 : 03F;
42542 : 03F;
42543 : 03F;
42544 : 03F;
42545 : 03F;
42546 : 03F;
42547 : 03F;
42548 : 03F;
42549 : 03F;
42550 : 03F;
42551 : 03F;
42552 : 03F;
42553 : 03F;
42554 : 03F;
42555 : 03F;
42556 : 03F;
42557 : 03F;
42558 : 03F;
42559 : 03F;
42560 : 03F;
42561 : 03F;
42562 : 03F;
42563 : 03F;
42564 : 03F;
42565 : 03F;
42566 : 03F;
42567 : 03F;
42568 : 03F;
42569 : 03F;
42570 : 03F;
42571 : 03F;
42572 : 03F;
42573 : 03F;
42574 : 03F;
42575 : 03F;
42576 : 03F;
42577 : 03F;
42578 : 03F;
42579 : 03F;
42580 : 03F;
42581 : 03F;
42582 : 03F;
42583 : 03F;
42584 : 03F;
42585 : 03F;
42586 : 03F;
42587 : 03F;
42588 : 03F;
42589 : 03F;
42590 : 03F;
42591 : 03F;
42592 : 03F;
42593 : 03F;
42594 : 03F;
42595 : 03F;
42596 : 018;
42597 : 018;
42598 : 018;
42599 : 018;
42600 : 018;
42601 : 018;
42602 : 018;
42603 : 018;
42604 : 018;
42605 : 038;
42606 : 038;
42607 : 018;
42608 : 018;
42609 : 018;
42610 : 018;
42611 : 03F;
42612 : 03F;
42613 : 03F;
42614 : 03F;
42615 : 03F;
42616 : 03F;
42617 : 03F;
42618 : 03F;
42619 : 03F;
42620 : 03F;
42621 : 03F;
42622 : 03F;
42623 : 03F;
42624 : 03F;
42625 : 03F;
42626 : 03F;
42627 : 03F;
42628 : 03F;
42629 : 1D8;
42630 : 1D8;
42631 : 1D8;
42632 : 1D8;
42633 : 1D8;
42634 : 1D8;
42635 : 110;
42636 : 110;
42637 : 110;
42638 : 03F;
42639 : 03F;
42640 : 03F;
42641 : 03F;
42642 : 03F;
42643 : 03F;
42644 : 03F;
42645 : 03F;
42646 : 03F;
42647 : 03F;
42648 : 03F;
42649 : 03F;
42650 : 03F;
42651 : 03F;
42652 : 03F;
42653 : 03F;
42654 : 03F;
42655 : 03F;
42656 : 03F;
42657 : 03F;
42658 : 03F;
42659 : 03F;
42660 : 03F;
42661 : 03F;
42662 : 03F;
42663 : 03F;
42664 : 03F;
42665 : 03F;
42666 : 03F;
42667 : 03F;
42668 : 03F;
42669 : 03F;
42670 : 03F;
42671 : 03F;
42672 : 03F;
42673 : 03F;
42674 : 03F;
42675 : 03F;
42676 : 03F;
42677 : 03F;
42678 : 03F;
42679 : 03F;
42680 : 03F;
42681 : 03F;
42682 : 03F;
42683 : 018;
42684 : 018;
42685 : 038;
42686 : 038;
42687 : 038;
42688 : 018;
42689 : 018;
42690 : 018;
42691 : 018;
42692 : 018;
42693 : 03F;
42694 : 03F;
42695 : 03F;
42696 : 03F;
42697 : 03F;
42698 : 03F;
42699 : 03F;
42700 : 03F;
42701 : 03F;
42702 : 03F;
42703 : 03F;
42704 : 03F;
42705 : 03F;
42706 : 03F;
42707 : 03F;
42708 : 03F;
42709 : 03F;
42710 : 03F;
42711 : 03F;
42712 : 03F;
42713 : 03F;
42714 : 03F;
42715 : 03F;
42716 : 03F;
42717 : 03F;
42718 : 03F;
42719 : 03F;
42720 : 03F;
42721 : 03F;
42722 : 03F;
42723 : 03F;
42724 : 03F;
42725 : 03F;
42726 : 03F;
42727 : 03F;
42728 : 03F;
42729 : 03F;
42730 : 03F;
42731 : 03F;
42732 : 03F;
42733 : 03F;
42734 : 03F;
42735 : 03F;
42736 : 03F;
42737 : 03F;
42738 : 03F;
42739 : 03F;
42740 : 03F;
42741 : 03F;
42742 : 03F;
42743 : 03F;
42744 : 03F;
42745 : 03F;
42746 : 03F;
42747 : 03F;
42748 : 03F;
42749 : 03F;
42750 : 03F;
42751 : 03F;
42752 : 03F;
42753 : 03F;
42754 : 03F;
42755 : 03F;
42756 : 03F;
42757 : 03F;
42758 : 03F;
42759 : 03F;
42760 : 03F;
42761 : 03F;
42762 : 03F;
42763 : 03F;
42764 : 03F;
42765 : 03F;
42766 : 03F;
42767 : 03F;
42768 : 03F;
42769 : 03F;
42770 : 03F;
42771 : 03F;
42772 : 03F;
42773 : 03F;
42774 : 03F;
42775 : 03F;
42776 : 03F;
42777 : 03F;
42778 : 03F;
42779 : 03F;
42780 : 03F;
42781 : 03F;
42782 : 03F;
42783 : 03F;
42784 : 03F;
42785 : 03F;
42786 : 03F;
42787 : 03F;
42788 : 03F;
42789 : 03F;
42790 : 03F;
42791 : 03F;
42792 : 03F;
42793 : 03F;
42794 : 03F;
42795 : 03F;
42796 : 03F;
42797 : 03F;
42798 : 03F;
42799 : 03F;
42800 : 03F;
42801 : 03F;
42802 : 03F;
42803 : 03F;
42804 : 03F;
42805 : 03F;
42806 : 03F;
42807 : 03F;
42808 : 03F;
42809 : 03F;
42810 : 03F;
42811 : 03F;
42812 : 03F;
42813 : 03F;
42814 : 03F;
42815 : 03F;
42816 : 03F;
42817 : 03F;
42818 : 03F;
42819 : 03F;
42820 : 03F;
42821 : 03F;
42822 : 03F;
42823 : 03F;
42824 : 03F;
42825 : 03F;
42826 : 03F;
42827 : 03F;
42828 : 03F;
42829 : 03F;
42830 : 03F;
42831 : 03F;
42832 : 03F;
42833 : 03F;
42834 : 03F;
42835 : 03F;
42836 : 03F;
42837 : 03F;
42838 : 03F;
42839 : 03F;
42840 : 03F;
42841 : 03F;
42842 : 03F;
42843 : 03F;
42844 : 007;
42845 : 007;
42846 : 007;
42847 : 007;
42848 : 007;
42849 : 007;
42850 : 007;
42851 : 007;
42852 : 007;
42853 : 007;
42854 : 007;
42855 : 007;
42856 : 007;
42857 : 007;
42858 : 007;
42859 : 03F;
42860 : 03F;
42861 : 03F;
42862 : 03F;
42863 : 03F;
42864 : 03F;
42865 : 03F;
42866 : 03F;
42867 : 03F;
42868 : 03F;
42869 : 03F;
42870 : 03F;
42871 : 03F;
42872 : 03F;
42873 : 03F;
42874 : 03F;
42875 : 03F;
42876 : 03F;
42877 : 03F;
42878 : 03F;
42879 : 03F;
42880 : 03F;
42881 : 03F;
42882 : 03F;
42883 : 03F;
42884 : 03F;
42885 : 03F;
42886 : 03F;
42887 : 03F;
42888 : 03F;
42889 : 03F;
42890 : 03F;
42891 : 03F;
42892 : 03F;
42893 : 03F;
42894 : 03F;
42895 : 03F;
42896 : 03F;
42897 : 03F;
42898 : 03F;
42899 : 03F;
42900 : 03F;
42901 : 03F;
42902 : 03F;
42903 : 03F;
42904 : 03F;
42905 : 03F;
42906 : 03F;
42907 : 03F;
42908 : 03F;
42909 : 03F;
42910 : 03F;
42911 : 03F;
42912 : 03F;
42913 : 03F;
42914 : 03F;
42915 : 03F;
42916 : 018;
42917 : 018;
42918 : 018;
42919 : 018;
42920 : 018;
42921 : 018;
42922 : 018;
42923 : 018;
42924 : 038;
42925 : 038;
42926 : 018;
42927 : 018;
42928 : 018;
42929 : 018;
42930 : 03F;
42931 : 03F;
42932 : 03F;
42933 : 03F;
42934 : 03F;
42935 : 03F;
42936 : 03F;
42937 : 03F;
42938 : 03F;
42939 : 03F;
42940 : 03F;
42941 : 03F;
42942 : 03F;
42943 : 03F;
42944 : 03F;
42945 : 03F;
42946 : 03F;
42947 : 03F;
42948 : 110;
42949 : 1D8;
42950 : 1D8;
42951 : 1D8;
42952 : 1D8;
42953 : 1D8;
42954 : 1D8;
42955 : 110;
42956 : 110;
42957 : 110;
42958 : 03F;
42959 : 03F;
42960 : 03F;
42961 : 03F;
42962 : 03F;
42963 : 03F;
42964 : 03F;
42965 : 03F;
42966 : 03F;
42967 : 03F;
42968 : 03F;
42969 : 03F;
42970 : 03F;
42971 : 03F;
42972 : 03F;
42973 : 03F;
42974 : 03F;
42975 : 03F;
42976 : 03F;
42977 : 03F;
42978 : 03F;
42979 : 03F;
42980 : 03F;
42981 : 03F;
42982 : 03F;
42983 : 03F;
42984 : 03F;
42985 : 03F;
42986 : 03F;
42987 : 03F;
42988 : 03F;
42989 : 03F;
42990 : 03F;
42991 : 03F;
42992 : 03F;
42993 : 03F;
42994 : 03F;
42995 : 03F;
42996 : 03F;
42997 : 03F;
42998 : 03F;
42999 : 03F;
43000 : 03F;
43001 : 03F;
43002 : 03F;
43003 : 03F;
43004 : 018;
43005 : 018;
43006 : 038;
43007 : 038;
43008 : 038;
43009 : 018;
43010 : 018;
43011 : 018;
43012 : 018;
43013 : 03F;
43014 : 03F;
43015 : 03F;
43016 : 03F;
43017 : 03F;
43018 : 03F;
43019 : 03F;
43020 : 03F;
43021 : 03F;
43022 : 03F;
43023 : 03F;
43024 : 03F;
43025 : 03F;
43026 : 03F;
43027 : 03F;
43028 : 03F;
43029 : 03F;
43030 : 03F;
43031 : 03F;
43032 : 03F;
43033 : 03F;
43034 : 03F;
43035 : 03F;
43036 : 03F;
43037 : 03F;
43038 : 03F;
43039 : 03F;
43040 : 03F;
43041 : 03F;
43042 : 03F;
43043 : 03F;
43044 : 03F;
43045 : 03F;
43046 : 03F;
43047 : 03F;
43048 : 03F;
43049 : 03F;
43050 : 03F;
43051 : 03F;
43052 : 03F;
43053 : 03F;
43054 : 03F;
43055 : 03F;
43056 : 03F;
43057 : 03F;
43058 : 03F;
43059 : 03F;
43060 : 03F;
43061 : 03F;
43062 : 03F;
43063 : 03F;
43064 : 03F;
43065 : 03F;
43066 : 03F;
43067 : 03F;
43068 : 03F;
43069 : 03F;
43070 : 03F;
43071 : 03F;
43072 : 03F;
43073 : 03F;
43074 : 03F;
43075 : 03F;
43076 : 03F;
43077 : 03F;
43078 : 03F;
43079 : 03F;
43080 : 03F;
43081 : 03F;
43082 : 03F;
43083 : 03F;
43084 : 03F;
43085 : 03F;
43086 : 03F;
43087 : 03F;
43088 : 03F;
43089 : 03F;
43090 : 03F;
43091 : 03F;
43092 : 03F;
43093 : 03F;
43094 : 03F;
43095 : 03F;
43096 : 03F;
43097 : 03F;
43098 : 03F;
43099 : 03F;
43100 : 03F;
43101 : 03F;
43102 : 03F;
43103 : 03F;
43104 : 03F;
43105 : 03F;
43106 : 03F;
43107 : 03F;
43108 : 03F;
43109 : 03F;
43110 : 03F;
43111 : 03F;
43112 : 03F;
43113 : 03F;
43114 : 03F;
43115 : 03F;
43116 : 03F;
43117 : 03F;
43118 : 03F;
43119 : 03F;
43120 : 03F;
43121 : 03F;
43122 : 03F;
43123 : 03F;
43124 : 03F;
43125 : 03F;
43126 : 03F;
43127 : 03F;
43128 : 03F;
43129 : 03F;
43130 : 03F;
43131 : 03F;
43132 : 03F;
43133 : 03F;
43134 : 03F;
43135 : 03F;
43136 : 03F;
43137 : 03F;
43138 : 03F;
43139 : 03F;
43140 : 03F;
43141 : 03F;
43142 : 03F;
43143 : 03F;
43144 : 03F;
43145 : 03F;
43146 : 03F;
43147 : 03F;
43148 : 03F;
43149 : 03F;
43150 : 03F;
43151 : 03F;
43152 : 03F;
43153 : 03F;
43154 : 03F;
43155 : 03F;
43156 : 03F;
43157 : 03F;
43158 : 03F;
43159 : 03F;
43160 : 03F;
43161 : 03F;
43162 : 03F;
43163 : 03F;
43164 : 03F;
43165 : 03F;
43166 : 03F;
43167 : 03F;
43168 : 03F;
43169 : 03F;
43170 : 03F;
43171 : 03F;
43172 : 03F;
43173 : 03F;
43174 : 03F;
43175 : 03F;
43176 : 03F;
43177 : 03F;
43178 : 03F;
43179 : 03F;
43180 : 03F;
43181 : 03F;
43182 : 03F;
43183 : 03F;
43184 : 03F;
43185 : 03F;
43186 : 03F;
43187 : 03F;
43188 : 03F;
43189 : 03F;
43190 : 03F;
43191 : 03F;
43192 : 03F;
43193 : 03F;
43194 : 03F;
43195 : 03F;
43196 : 03F;
43197 : 03F;
43198 : 03F;
43199 : 03F;
43200 : 03F;
43201 : 03F;
43202 : 03F;
43203 : 03F;
43204 : 03F;
43205 : 03F;
43206 : 03F;
43207 : 03F;
43208 : 03F;
43209 : 03F;
43210 : 03F;
43211 : 03F;
43212 : 03F;
43213 : 03F;
43214 : 03F;
43215 : 03F;
43216 : 03F;
43217 : 03F;
43218 : 03F;
43219 : 03F;
43220 : 03F;
43221 : 03F;
43222 : 03F;
43223 : 03F;
43224 : 03F;
43225 : 03F;
43226 : 03F;
43227 : 03F;
43228 : 03F;
43229 : 03F;
43230 : 03F;
43231 : 03F;
43232 : 03F;
43233 : 03F;
43234 : 03F;
43235 : 018;
43236 : 018;
43237 : 018;
43238 : 018;
43239 : 018;
43240 : 018;
43241 : 018;
43242 : 018;
43243 : 038;
43244 : 038;
43245 : 038;
43246 : 018;
43247 : 018;
43248 : 018;
43249 : 03F;
43250 : 03F;
43251 : 03F;
43252 : 03F;
43253 : 03F;
43254 : 03F;
43255 : 03F;
43256 : 03F;
43257 : 03F;
43258 : 03F;
43259 : 03F;
43260 : 03F;
43261 : 03F;
43262 : 03F;
43263 : 03F;
43264 : 03F;
43265 : 03F;
43266 : 03F;
43267 : 03F;
43268 : 110;
43269 : 1D8;
43270 : 1D8;
43271 : 1D8;
43272 : 1D8;
43273 : 1D8;
43274 : 1D8;
43275 : 110;
43276 : 110;
43277 : 110;
43278 : 03F;
43279 : 03F;
43280 : 03F;
43281 : 03F;
43282 : 03F;
43283 : 03F;
43284 : 03F;
43285 : 03F;
43286 : 03F;
43287 : 03F;
43288 : 03F;
43289 : 03F;
43290 : 03F;
43291 : 03F;
43292 : 03F;
43293 : 03F;
43294 : 03F;
43295 : 03F;
43296 : 03F;
43297 : 03F;
43298 : 03F;
43299 : 03F;
43300 : 03F;
43301 : 03F;
43302 : 03F;
43303 : 03F;
43304 : 03F;
43305 : 03F;
43306 : 03F;
43307 : 03F;
43308 : 03F;
43309 : 03F;
43310 : 03F;
43311 : 03F;
43312 : 03F;
43313 : 03F;
43314 : 03F;
43315 : 03F;
43316 : 03F;
43317 : 03F;
43318 : 03F;
43319 : 03F;
43320 : 03F;
43321 : 03F;
43322 : 03F;
43323 : 03F;
43324 : 03F;
43325 : 018;
43326 : 018;
43327 : 038;
43328 : 018;
43329 : 018;
43330 : 018;
43331 : 018;
43332 : 018;
43333 : 018;
43334 : 03F;
43335 : 03F;
43336 : 03F;
43337 : 03F;
43338 : 03F;
43339 : 03F;
43340 : 03F;
43341 : 03F;
43342 : 03F;
43343 : 03F;
43344 : 03F;
43345 : 03F;
43346 : 03F;
43347 : 03F;
43348 : 03F;
43349 : 03F;
43350 : 03F;
43351 : 03F;
43352 : 03F;
43353 : 03F;
43354 : 03F;
43355 : 03F;
43356 : 03F;
43357 : 03F;
43358 : 03F;
43359 : 03F;
43360 : 03F;
43361 : 03F;
43362 : 03F;
43363 : 03F;
43364 : 03F;
43365 : 03F;
43366 : 03F;
43367 : 03F;
43368 : 03F;
43369 : 03F;
43370 : 03F;
43371 : 03F;
43372 : 03F;
43373 : 03F;
43374 : 03F;
43375 : 03F;
43376 : 03F;
43377 : 03F;
43378 : 03F;
43379 : 03F;
43380 : 03F;
43381 : 03F;
43382 : 03F;
43383 : 03F;
43384 : 03F;
43385 : 03F;
43386 : 03F;
43387 : 03F;
43388 : 03F;
43389 : 03F;
43390 : 03F;
43391 : 03F;
43392 : 03F;
43393 : 03F;
43394 : 03F;
43395 : 03F;
43396 : 03F;
43397 : 03F;
43398 : 03F;
43399 : 03F;
43400 : 03F;
43401 : 03F;
43402 : 03F;
43403 : 03F;
43404 : 03F;
43405 : 03F;
43406 : 03F;
43407 : 03F;
43408 : 03F;
43409 : 03F;
43410 : 03F;
43411 : 03F;
43412 : 03F;
43413 : 03F;
43414 : 03F;
43415 : 03F;
43416 : 03F;
43417 : 03F;
43418 : 03F;
43419 : 03F;
43420 : 03F;
43421 : 03F;
43422 : 03F;
43423 : 03F;
43424 : 03F;
43425 : 03F;
43426 : 03F;
43427 : 03F;
43428 : 03F;
43429 : 03F;
43430 : 03F;
43431 : 03F;
43432 : 03F;
43433 : 03F;
43434 : 03F;
43435 : 03F;
43436 : 03F;
43437 : 03F;
43438 : 03F;
43439 : 03F;
43440 : 03F;
43441 : 03F;
43442 : 03F;
43443 : 03F;
43444 : 03F;
43445 : 03F;
43446 : 03F;
43447 : 03F;
43448 : 03F;
43449 : 03F;
43450 : 03F;
43451 : 03F;
43452 : 03F;
43453 : 03F;
43454 : 03F;
43455 : 03F;
43456 : 03F;
43457 : 03F;
43458 : 03F;
43459 : 03F;
43460 : 03F;
43461 : 03F;
43462 : 03F;
43463 : 03F;
43464 : 03F;
43465 : 03F;
43466 : 03F;
43467 : 03F;
43468 : 03F;
43469 : 03F;
43470 : 03F;
43471 : 03F;
43472 : 03F;
43473 : 03F;
43474 : 03F;
43475 : 03F;
43476 : 03F;
43477 : 03F;
43478 : 1FF;
43479 : 1FF;
43480 : 1FF;
43481 : 1FF;
43482 : 1FF;
43483 : 1FF;
43484 : 1FF;
43485 : 1FF;
43486 : 1FF;
43487 : 1FF;
43488 : 1FF;
43489 : 1FF;
43490 : 03F;
43491 : 03F;
43492 : 03F;
43493 : 03F;
43494 : 03F;
43495 : 03F;
43496 : 03F;
43497 : 03F;
43498 : 03F;
43499 : 03F;
43500 : 03F;
43501 : 03F;
43502 : 03F;
43503 : 03F;
43504 : 03F;
43505 : 03F;
43506 : 03F;
43507 : 03F;
43508 : 03F;
43509 : 03F;
43510 : 03F;
43511 : 03F;
43512 : 03F;
43513 : 03F;
43514 : 03F;
43515 : 03F;
43516 : 03F;
43517 : 03F;
43518 : 03F;
43519 : 03F;
43520 : 03F;
43521 : 03F;
43522 : 03F;
43523 : 03F;
43524 : 03F;
43525 : 03F;
43526 : 03F;
43527 : 03F;
43528 : 03F;
43529 : 03F;
43530 : 03F;
43531 : 03F;
43532 : 03F;
43533 : 03F;
43534 : 03F;
43535 : 03F;
43536 : 03F;
43537 : 03F;
43538 : 03F;
43539 : 03F;
43540 : 03F;
43541 : 03F;
43542 : 03F;
43543 : 03F;
43544 : 03F;
43545 : 03F;
43546 : 03F;
43547 : 03F;
43548 : 03F;
43549 : 03F;
43550 : 03F;
43551 : 03F;
43552 : 03F;
43553 : 03F;
43554 : 03F;
43555 : 018;
43556 : 018;
43557 : 018;
43558 : 018;
43559 : 018;
43560 : 018;
43561 : 018;
43562 : 038;
43563 : 038;
43564 : 038;
43565 : 018;
43566 : 018;
43567 : 03F;
43568 : 03F;
43569 : 03F;
43570 : 03F;
43571 : 03F;
43572 : 03F;
43573 : 03F;
43574 : 03F;
43575 : 03F;
43576 : 03F;
43577 : 03F;
43578 : 03F;
43579 : 03F;
43580 : 03F;
43581 : 03F;
43582 : 03F;
43583 : 03F;
43584 : 03F;
43585 : 03F;
43586 : 03F;
43587 : 03F;
43588 : 110;
43589 : 1D8;
43590 : 1D8;
43591 : 1D8;
43592 : 1D8;
43593 : 1D8;
43594 : 1D8;
43595 : 110;
43596 : 110;
43597 : 110;
43598 : 03F;
43599 : 03F;
43600 : 03F;
43601 : 03F;
43602 : 03F;
43603 : 03F;
43604 : 03F;
43605 : 03F;
43606 : 03F;
43607 : 03F;
43608 : 03F;
43609 : 03F;
43610 : 03F;
43611 : 03F;
43612 : 03F;
43613 : 03F;
43614 : 03F;
43615 : 03F;
43616 : 03F;
43617 : 03F;
43618 : 03F;
43619 : 03F;
43620 : 03F;
43621 : 03F;
43622 : 03F;
43623 : 03F;
43624 : 03F;
43625 : 03F;
43626 : 03F;
43627 : 03F;
43628 : 03F;
43629 : 03F;
43630 : 03F;
43631 : 03F;
43632 : 03F;
43633 : 03F;
43634 : 03F;
43635 : 03F;
43636 : 03F;
43637 : 03F;
43638 : 03F;
43639 : 03F;
43640 : 03F;
43641 : 03F;
43642 : 03F;
43643 : 03F;
43644 : 03F;
43645 : 03F;
43646 : 03F;
43647 : 018;
43648 : 018;
43649 : 018;
43650 : 018;
43651 : 018;
43652 : 018;
43653 : 018;
43654 : 03F;
43655 : 03F;
43656 : 03F;
43657 : 03F;
43658 : 03F;
43659 : 03F;
43660 : 03F;
43661 : 03F;
43662 : 03F;
43663 : 03F;
43664 : 03F;
43665 : 03F;
43666 : 03F;
43667 : 03F;
43668 : 03F;
43669 : 03F;
43670 : 03F;
43671 : 03F;
43672 : 03F;
43673 : 03F;
43674 : 03F;
43675 : 03F;
43676 : 03F;
43677 : 03F;
43678 : 03F;
43679 : 03F;
43680 : 03F;
43681 : 03F;
43682 : 03F;
43683 : 03F;
43684 : 03F;
43685 : 03F;
43686 : 03F;
43687 : 03F;
43688 : 03F;
43689 : 03F;
43690 : 03F;
43691 : 03F;
43692 : 03F;
43693 : 03F;
43694 : 03F;
43695 : 03F;
43696 : 03F;
43697 : 03F;
43698 : 03F;
43699 : 03F;
43700 : 03F;
43701 : 03F;
43702 : 03F;
43703 : 03F;
43704 : 03F;
43705 : 03F;
43706 : 03F;
43707 : 03F;
43708 : 03F;
43709 : 03F;
43710 : 03F;
43711 : 03F;
43712 : 03F;
43713 : 03F;
43714 : 03F;
43715 : 03F;
43716 : 03F;
43717 : 03F;
43718 : 03F;
43719 : 03F;
43720 : 03F;
43721 : 03F;
43722 : 03F;
43723 : 03F;
43724 : 03F;
43725 : 03F;
43726 : 03F;
43727 : 03F;
43728 : 03F;
43729 : 03F;
43730 : 03F;
43731 : 03F;
43732 : 03F;
43733 : 03F;
43734 : 03F;
43735 : 03F;
43736 : 03F;
43737 : 03F;
43738 : 03F;
43739 : 03F;
43740 : 03F;
43741 : 03F;
43742 : 03F;
43743 : 03F;
43744 : 03F;
43745 : 03F;
43746 : 03F;
43747 : 03F;
43748 : 03F;
43749 : 03F;
43750 : 03F;
43751 : 03F;
43752 : 03F;
43753 : 03F;
43754 : 03F;
43755 : 03F;
43756 : 03F;
43757 : 03F;
43758 : 03F;
43759 : 03F;
43760 : 03F;
43761 : 03F;
43762 : 03F;
43763 : 03F;
43764 : 03F;
43765 : 03F;
43766 : 03F;
43767 : 03F;
43768 : 03F;
43769 : 03F;
43770 : 03F;
43771 : 03F;
43772 : 03F;
43773 : 03F;
43774 : 03F;
43775 : 03F;
43776 : 03F;
43777 : 03F;
43778 : 03F;
43779 : 03F;
43780 : 03F;
43781 : 03F;
43782 : 03F;
43783 : 03F;
43784 : 03F;
43785 : 03F;
43786 : 03F;
43787 : 03F;
43788 : 03F;
43789 : 03F;
43790 : 03F;
43791 : 03F;
43792 : 03F;
43793 : 03F;
43794 : 03F;
43795 : 03F;
43796 : 03F;
43797 : 03F;
43798 : 03F;
43799 : 03F;
43800 : 03F;
43801 : 03F;
43802 : 03F;
43803 : 03F;
43804 : 03F;
43805 : 03F;
43806 : 03F;
43807 : 03F;
43808 : 03F;
43809 : 03F;
43810 : 03F;
43811 : 03F;
43812 : 03F;
43813 : 03F;
43814 : 03F;
43815 : 03F;
43816 : 03F;
43817 : 03F;
43818 : 03F;
43819 : 03F;
43820 : 03F;
43821 : 03F;
43822 : 03F;
43823 : 03F;
43824 : 03F;
43825 : 03F;
43826 : 03F;
43827 : 03F;
43828 : 03F;
43829 : 03F;
43830 : 03F;
43831 : 03F;
43832 : 03F;
43833 : 03F;
43834 : 03F;
43835 : 03F;
43836 : 03F;
43837 : 03F;
43838 : 03F;
43839 : 03F;
43840 : 03F;
43841 : 03F;
43842 : 03F;
43843 : 03F;
43844 : 03F;
43845 : 03F;
43846 : 03F;
43847 : 03F;
43848 : 03F;
43849 : 03F;
43850 : 03F;
43851 : 03F;
43852 : 03F;
43853 : 03F;
43854 : 03F;
43855 : 03F;
43856 : 03F;
43857 : 03F;
43858 : 03F;
43859 : 03F;
43860 : 03F;
43861 : 03F;
43862 : 03F;
43863 : 03F;
43864 : 03F;
43865 : 03F;
43866 : 03F;
43867 : 03F;
43868 : 03F;
43869 : 03F;
43870 : 03F;
43871 : 03F;
43872 : 03F;
43873 : 03F;
43874 : 03F;
43875 : 018;
43876 : 018;
43877 : 018;
43878 : 018;
43879 : 018;
43880 : 018;
43881 : 018;
43882 : 038;
43883 : 038;
43884 : 018;
43885 : 018;
43886 : 03F;
43887 : 03F;
43888 : 03F;
43889 : 03F;
43890 : 03F;
43891 : 03F;
43892 : 03F;
43893 : 03F;
43894 : 03F;
43895 : 03F;
43896 : 03F;
43897 : 03F;
43898 : 03F;
43899 : 03F;
43900 : 03F;
43901 : 03F;
43902 : 03F;
43903 : 03F;
43904 : 03F;
43905 : 03F;
43906 : 03F;
43907 : 03F;
43908 : 110;
43909 : 1D8;
43910 : 110;
43911 : 1D8;
43912 : 1D8;
43913 : 1D8;
43914 : 110;
43915 : 110;
43916 : 110;
43917 : 110;
43918 : 03F;
43919 : 03F;
43920 : 03F;
43921 : 03F;
43922 : 03F;
43923 : 03F;
43924 : 03F;
43925 : 03F;
43926 : 03F;
43927 : 03F;
43928 : 03F;
43929 : 03F;
43930 : 03F;
43931 : 03F;
43932 : 03F;
43933 : 03F;
43934 : 03F;
43935 : 03F;
43936 : 03F;
43937 : 03F;
43938 : 03F;
43939 : 03F;
43940 : 03F;
43941 : 03F;
43942 : 03F;
43943 : 03F;
43944 : 03F;
43945 : 03F;
43946 : 03F;
43947 : 03F;
43948 : 03F;
43949 : 03F;
43950 : 03F;
43951 : 03F;
43952 : 03F;
43953 : 03F;
43954 : 03F;
43955 : 03F;
43956 : 03F;
43957 : 03F;
43958 : 03F;
43959 : 03F;
43960 : 03F;
43961 : 03F;
43962 : 03F;
43963 : 03F;
43964 : 03F;
43965 : 03F;
43966 : 03F;
43967 : 03F;
43968 : 018;
43969 : 018;
43970 : 018;
43971 : 018;
43972 : 018;
43973 : 018;
43974 : 018;
43975 : 03F;
43976 : 03F;
43977 : 03F;
43978 : 03F;
43979 : 03F;
43980 : 03F;
43981 : 03F;
43982 : 03F;
43983 : 03F;
43984 : 03F;
43985 : 03F;
43986 : 03F;
43987 : 03F;
43988 : 03F;
43989 : 03F;
43990 : 03F;
43991 : 03F;
43992 : 03F;
43993 : 03F;
43994 : 03F;
43995 : 03F;
43996 : 03F;
43997 : 03F;
43998 : 03F;
43999 : 03F;
44000 : 03F;
44001 : 03F;
44002 : 03F;
44003 : 03F;
44004 : 03F;
44005 : 03F;
44006 : 03F;
44007 : 03F;
44008 : 03F;
44009 : 03F;
44010 : 03F;
44011 : 03F;
44012 : 03F;
44013 : 03F;
44014 : 03F;
44015 : 03F;
44016 : 03F;
44017 : 03F;
44018 : 03F;
44019 : 03F;
44020 : 03F;
44021 : 03F;
44022 : 03F;
44023 : 03F;
44024 : 03F;
44025 : 03F;
44026 : 03F;
44027 : 03F;
44028 : 03F;
44029 : 03F;
44030 : 03F;
44031 : 03F;
44032 : 03F;
44033 : 03F;
44034 : 03F;
44035 : 03F;
44036 : 03F;
44037 : 03F;
44038 : 03F;
44039 : 03F;
44040 : 03F;
44041 : 03F;
44042 : 03F;
44043 : 03F;
44044 : 03F;
44045 : 03F;
44046 : 03F;
44047 : 03F;
44048 : 03F;
44049 : 03F;
44050 : 03F;
44051 : 03F;
44052 : 03F;
44053 : 03F;
44054 : 03F;
44055 : 03F;
44056 : 03F;
44057 : 03F;
44058 : 03F;
44059 : 03F;
44060 : 03F;
44061 : 03F;
44062 : 03F;
44063 : 03F;
44064 : 03F;
44065 : 03F;
44066 : 03F;
44067 : 03F;
44068 : 03F;
44069 : 03F;
44070 : 03F;
44071 : 03F;
44072 : 03F;
44073 : 03F;
44074 : 03F;
44075 : 03F;
44076 : 03F;
44077 : 03F;
44078 : 03F;
44079 : 03F;
44080 : 03F;
44081 : 03F;
44082 : 03F;
44083 : 03F;
44084 : 03F;
44085 : 03F;
44086 : 03F;
44087 : 03F;
44088 : 03F;
44089 : 03F;
44090 : 03F;
44091 : 03F;
44092 : 03F;
44093 : 03F;
44094 : 03F;
44095 : 03F;
44096 : 03F;
44097 : 03F;
44098 : 03F;
44099 : 03F;
44100 : 03F;
44101 : 03F;
44102 : 03F;
44103 : 03F;
44104 : 03F;
44105 : 03F;
44106 : 03F;
44107 : 03F;
44108 : 03F;
44109 : 03F;
44110 : 03F;
44111 : 03F;
44112 : 03F;
44113 : 03F;
44114 : 03F;
44115 : 03F;
44116 : 03F;
44117 : 03F;
44118 : 03F;
44119 : 03F;
44120 : 03F;
44121 : 03F;
44122 : 03F;
44123 : 03F;
44124 : 03F;
44125 : 03F;
44126 : 03F;
44127 : 03F;
44128 : 03F;
44129 : 03F;
44130 : 03F;
44131 : 03F;
44132 : 03F;
44133 : 03F;
44134 : 03F;
44135 : 03F;
44136 : 03F;
44137 : 03F;
44138 : 03F;
44139 : 03F;
44140 : 03F;
44141 : 03F;
44142 : 03F;
44143 : 03F;
44144 : 03F;
44145 : 03F;
44146 : 03F;
44147 : 03F;
44148 : 03F;
44149 : 03F;
44150 : 03F;
44151 : 03F;
44152 : 03F;
44153 : 03F;
44154 : 03F;
44155 : 03F;
44156 : 03F;
44157 : 03F;
44158 : 03F;
44159 : 03F;
44160 : 03F;
44161 : 03F;
44162 : 03F;
44163 : 03F;
44164 : 03F;
44165 : 03F;
44166 : 03F;
44167 : 03F;
44168 : 03F;
44169 : 03F;
44170 : 03F;
44171 : 03F;
44172 : 03F;
44173 : 03F;
44174 : 03F;
44175 : 03F;
44176 : 03F;
44177 : 03F;
44178 : 03F;
44179 : 03F;
44180 : 03F;
44181 : 03F;
44182 : 03F;
44183 : 03F;
44184 : 03F;
44185 : 03F;
44186 : 03F;
44187 : 03F;
44188 : 03F;
44189 : 03F;
44190 : 03F;
44191 : 03F;
44192 : 03F;
44193 : 03F;
44194 : 03F;
44195 : 018;
44196 : 018;
44197 : 018;
44198 : 018;
44199 : 018;
44200 : 018;
44201 : 038;
44202 : 038;
44203 : 018;
44204 : 018;
44205 : 03F;
44206 : 03F;
44207 : 03F;
44208 : 03F;
44209 : 03F;
44210 : 03F;
44211 : 03F;
44212 : 03F;
44213 : 03F;
44214 : 03F;
44215 : 03F;
44216 : 03F;
44217 : 03F;
44218 : 03F;
44219 : 03F;
44220 : 03F;
44221 : 03F;
44222 : 03F;
44223 : 03F;
44224 : 03F;
44225 : 03F;
44226 : 03F;
44227 : 03F;
44228 : 1D8;
44229 : 1D8;
44230 : 1D8;
44231 : 110;
44232 : 110;
44233 : 1D8;
44234 : 110;
44235 : 110;
44236 : 110;
44237 : 110;
44238 : 03F;
44239 : 03F;
44240 : 03F;
44241 : 03F;
44242 : 03F;
44243 : 03F;
44244 : 03F;
44245 : 03F;
44246 : 03F;
44247 : 03F;
44248 : 03F;
44249 : 03F;
44250 : 03F;
44251 : 03F;
44252 : 03F;
44253 : 03F;
44254 : 03F;
44255 : 03F;
44256 : 03F;
44257 : 03F;
44258 : 03F;
44259 : 03F;
44260 : 03F;
44261 : 03F;
44262 : 03F;
44263 : 007;
44264 : 007;
44265 : 007;
44266 : 007;
44267 : 03F;
44268 : 03F;
44269 : 03F;
44270 : 03F;
44271 : 03F;
44272 : 03F;
44273 : 03F;
44274 : 03F;
44275 : 03F;
44276 : 03F;
44277 : 03F;
44278 : 03F;
44279 : 03F;
44280 : 03F;
44281 : 03F;
44282 : 03F;
44283 : 03F;
44284 : 03F;
44285 : 03F;
44286 : 03F;
44287 : 03F;
44288 : 03F;
44289 : 018;
44290 : 018;
44291 : 018;
44292 : 018;
44293 : 018;
44294 : 018;
44295 : 03F;
44296 : 03F;
44297 : 03F;
44298 : 03F;
44299 : 03F;
44300 : 03F;
44301 : 03F;
44302 : 03F;
44303 : 03F;
44304 : 03F;
44305 : 03F;
44306 : 03F;
44307 : 03F;
44308 : 03F;
44309 : 03F;
44310 : 03F;
44311 : 03F;
44312 : 03F;
44313 : 03F;
44314 : 03F;
44315 : 03F;
44316 : 03F;
44317 : 03F;
44318 : 03F;
44319 : 03F;
44320 : 03F;
44321 : 03F;
44322 : 03F;
44323 : 03F;
44324 : 03F;
44325 : 03F;
44326 : 03F;
44327 : 03F;
44328 : 03F;
44329 : 03F;
44330 : 03F;
44331 : 03F;
44332 : 03F;
44333 : 03F;
44334 : 03F;
44335 : 03F;
44336 : 03F;
44337 : 03F;
44338 : 03F;
44339 : 03F;
44340 : 03F;
44341 : 03F;
44342 : 03F;
44343 : 03F;
44344 : 03F;
44345 : 03F;
44346 : 03F;
44347 : 03F;
44348 : 03F;
44349 : 03F;
44350 : 03F;
44351 : 03F;
44352 : 03F;
44353 : 03F;
44354 : 03F;
44355 : 03F;
44356 : 03F;
44357 : 03F;
44358 : 03F;
44359 : 03F;
44360 : 03F;
44361 : 03F;
44362 : 03F;
44363 : 03F;
44364 : 03F;
44365 : 03F;
44366 : 03F;
44367 : 03F;
44368 : 03F;
44369 : 03F;
44370 : 03F;
44371 : 03F;
44372 : 03F;
44373 : 03F;
44374 : 03F;
44375 : 03F;
44376 : 03F;
44377 : 03F;
44378 : 03F;
44379 : 03F;
44380 : 03F;
44381 : 03F;
44382 : 03F;
44383 : 03F;
44384 : 03F;
44385 : 03F;
44386 : 03F;
44387 : 03F;
44388 : 03F;
44389 : 03F;
44390 : 03F;
44391 : 03F;
44392 : 03F;
44393 : 03F;
44394 : 03F;
44395 : 03F;
44396 : 03F;
44397 : 03F;
44398 : 03F;
44399 : 03F;
44400 : 03F;
44401 : 03F;
44402 : 03F;
44403 : 03F;
44404 : 03F;
44405 : 03F;
44406 : 03F;
44407 : 03F;
44408 : 03F;
44409 : 03F;
44410 : 03F;
44411 : 03F;
44412 : 03F;
44413 : 03F;
44414 : 03F;
44415 : 03F;
44416 : 03F;
44417 : 03F;
44418 : 03F;
44419 : 03F;
44420 : 03F;
44421 : 03F;
44422 : 03F;
44423 : 03F;
44424 : 03F;
44425 : 03F;
44426 : 03F;
44427 : 03F;
44428 : 03F;
44429 : 03F;
44430 : 03F;
44431 : 03F;
44432 : 03F;
44433 : 03F;
44434 : 03F;
44435 : 03F;
44436 : 03F;
44437 : 03F;
44438 : 03F;
44439 : 03F;
44440 : 03F;
44441 : 03F;
44442 : 03F;
44443 : 03F;
44444 : 03F;
44445 : 03F;
44446 : 03F;
44447 : 03F;
44448 : 03F;
44449 : 03F;
44450 : 03F;
44451 : 03F;
44452 : 03F;
44453 : 03F;
44454 : 03F;
44455 : 03F;
44456 : 03F;
44457 : 03F;
44458 : 03F;
44459 : 03F;
44460 : 03F;
44461 : 03F;
44462 : 03F;
44463 : 03F;
44464 : 03F;
44465 : 03F;
44466 : 03F;
44467 : 03F;
44468 : 03F;
44469 : 03F;
44470 : 03F;
44471 : 1FF;
44472 : 1FF;
44473 : 1FF;
44474 : 1FF;
44475 : 03F;
44476 : 03F;
44477 : 03F;
44478 : 03F;
44479 : 03F;
44480 : 03F;
44481 : 03F;
44482 : 03F;
44483 : 007;
44484 : 007;
44485 : 007;
44486 : 007;
44487 : 007;
44488 : 007;
44489 : 007;
44490 : 007;
44491 : 007;
44492 : 007;
44493 : 007;
44494 : 007;
44495 : 03F;
44496 : 03F;
44497 : 03F;
44498 : 03F;
44499 : 03F;
44500 : 03F;
44501 : 03F;
44502 : 03F;
44503 : 03F;
44504 : 03F;
44505 : 03F;
44506 : 03F;
44507 : 03F;
44508 : 03F;
44509 : 03F;
44510 : 03F;
44511 : 03F;
44512 : 03F;
44513 : 03F;
44514 : 018;
44515 : 018;
44516 : 018;
44517 : 018;
44518 : 018;
44519 : 018;
44520 : 038;
44521 : 038;
44522 : 038;
44523 : 018;
44524 : 03F;
44525 : 03F;
44526 : 03F;
44527 : 03F;
44528 : 03F;
44529 : 03F;
44530 : 03F;
44531 : 03F;
44532 : 03F;
44533 : 03F;
44534 : 03F;
44535 : 03F;
44536 : 03F;
44537 : 03F;
44538 : 03F;
44539 : 03F;
44540 : 03F;
44541 : 03F;
44542 : 03F;
44543 : 03F;
44544 : 03F;
44545 : 03F;
44546 : 03F;
44547 : 03F;
44548 : 1D8;
44549 : 1D8;
44550 : 1D8;
44551 : 1D8;
44552 : 1D8;
44553 : 110;
44554 : 110;
44555 : 110;
44556 : 110;
44557 : 110;
44558 : 03F;
44559 : 03F;
44560 : 03F;
44561 : 03F;
44562 : 03F;
44563 : 03F;
44564 : 03F;
44565 : 03F;
44566 : 03F;
44567 : 03F;
44568 : 03F;
44569 : 03F;
44570 : 03F;
44571 : 03F;
44572 : 03F;
44573 : 03F;
44574 : 03F;
44575 : 03F;
44576 : 03F;
44577 : 03F;
44578 : 03F;
44579 : 03F;
44580 : 03F;
44581 : 03F;
44582 : 03F;
44583 : 03F;
44584 : 03F;
44585 : 03F;
44586 : 03F;
44587 : 03F;
44588 : 03F;
44589 : 03F;
44590 : 03F;
44591 : 03F;
44592 : 03F;
44593 : 03F;
44594 : 03F;
44595 : 03F;
44596 : 03F;
44597 : 03F;
44598 : 03F;
44599 : 03F;
44600 : 03F;
44601 : 03F;
44602 : 03F;
44603 : 03F;
44604 : 03F;
44605 : 03F;
44606 : 03F;
44607 : 03F;
44608 : 03F;
44609 : 03F;
44610 : 03F;
44611 : 018;
44612 : 018;
44613 : 018;
44614 : 018;
44615 : 03F;
44616 : 03F;
44617 : 03F;
44618 : 03F;
44619 : 03F;
44620 : 03F;
44621 : 03F;
44622 : 03F;
44623 : 007;
44624 : 007;
44625 : 007;
44626 : 007;
44627 : 007;
44628 : 007;
44629 : 007;
44630 : 007;
44631 : 007;
44632 : 007;
44633 : 007;
44634 : 007;
44635 : 007;
44636 : 007;
44637 : 007;
44638 : 007;
44639 : 03F;
44640 : 03F;
44641 : 03F;
44642 : 03F;
44643 : 03F;
44644 : 03F;
44645 : 03F;
44646 : 03F;
44647 : 03F;
44648 : 03F;
44649 : 03F;
44650 : 03F;
44651 : 03F;
44652 : 03F;
44653 : 03F;
44654 : 03F;
44655 : 03F;
44656 : 03F;
44657 : 03F;
44658 : 03F;
44659 : 03F;
44660 : 03F;
44661 : 03F;
44662 : 03F;
44663 : 03F;
44664 : 03F;
44665 : 03F;
44666 : 03F;
44667 : 03F;
44668 : 03F;
44669 : 03F;
44670 : 03F;
44671 : 03F;
44672 : 03F;
44673 : 03F;
44674 : 03F;
44675 : 03F;
44676 : 03F;
44677 : 03F;
44678 : 03F;
44679 : 03F;
44680 : 03F;
44681 : 03F;
44682 : 03F;
44683 : 03F;
44684 : 03F;
44685 : 03F;
44686 : 03F;
44687 : 03F;
44688 : 03F;
44689 : 03F;
44690 : 03F;
44691 : 03F;
44692 : 03F;
44693 : 03F;
44694 : 03F;
44695 : 03F;
44696 : 03F;
44697 : 03F;
44698 : 03F;
44699 : 03F;
44700 : 03F;
44701 : 03F;
44702 : 03F;
44703 : 03F;
44704 : 03F;
44705 : 03F;
44706 : 03F;
44707 : 03F;
44708 : 03F;
44709 : 03F;
44710 : 03F;
44711 : 03F;
44712 : 03F;
44713 : 03F;
44714 : 03F;
44715 : 03F;
44716 : 03F;
44717 : 03F;
44718 : 03F;
44719 : 03F;
44720 : 03F;
44721 : 03F;
44722 : 03F;
44723 : 03F;
44724 : 03F;
44725 : 03F;
44726 : 03F;
44727 : 03F;
44728 : 03F;
44729 : 03F;
44730 : 03F;
44731 : 03F;
44732 : 03F;
44733 : 03F;
44734 : 03F;
44735 : 03F;
44736 : 03F;
44737 : 03F;
44738 : 03F;
44739 : 03F;
44740 : 03F;
44741 : 03F;
44742 : 03F;
44743 : 03F;
44744 : 03F;
44745 : 03F;
44746 : 03F;
44747 : 03F;
44748 : 03F;
44749 : 03F;
44750 : 03F;
44751 : 03F;
44752 : 03F;
44753 : 03F;
44754 : 03F;
44755 : 03F;
44756 : 03F;
44757 : 03F;
44758 : 03F;
44759 : 03F;
44760 : 03F;
44761 : 03F;
44762 : 03F;
44763 : 03F;
44764 : 03F;
44765 : 03F;
44766 : 03F;
44767 : 03F;
44768 : 03F;
44769 : 03F;
44770 : 03F;
44771 : 03F;
44772 : 03F;
44773 : 03F;
44774 : 03F;
44775 : 03F;
44776 : 03F;
44777 : 03F;
44778 : 03F;
44779 : 03F;
44780 : 03F;
44781 : 03F;
44782 : 03F;
44783 : 03F;
44784 : 03F;
44785 : 03F;
44786 : 03F;
44787 : 03F;
44788 : 03F;
44789 : 03F;
44790 : 03F;
44791 : 03F;
44792 : 03F;
44793 : 03F;
44794 : 03F;
44795 : 03F;
44796 : 03F;
44797 : 03F;
44798 : 03F;
44799 : 03F;
44800 : 03F;
44801 : 03F;
44802 : 03F;
44803 : 03F;
44804 : 03F;
44805 : 03F;
44806 : 03F;
44807 : 03F;
44808 : 03F;
44809 : 03F;
44810 : 03F;
44811 : 03F;
44812 : 03F;
44813 : 03F;
44814 : 03F;
44815 : 03F;
44816 : 03F;
44817 : 03F;
44818 : 03F;
44819 : 03F;
44820 : 03F;
44821 : 03F;
44822 : 03F;
44823 : 03F;
44824 : 03F;
44825 : 03F;
44826 : 03F;
44827 : 03F;
44828 : 03F;
44829 : 03F;
44830 : 03F;
44831 : 03F;
44832 : 03F;
44833 : 03F;
44834 : 018;
44835 : 018;
44836 : 018;
44837 : 018;
44838 : 018;
44839 : 038;
44840 : 038;
44841 : 038;
44842 : 018;
44843 : 018;
44844 : 03F;
44845 : 03F;
44846 : 03F;
44847 : 03F;
44848 : 03F;
44849 : 03F;
44850 : 03F;
44851 : 03F;
44852 : 03F;
44853 : 03F;
44854 : 03F;
44855 : 03F;
44856 : 03F;
44857 : 03F;
44858 : 03F;
44859 : 03F;
44860 : 03F;
44861 : 03F;
44862 : 03F;
44863 : 03F;
44864 : 03F;
44865 : 03F;
44866 : 03F;
44867 : 03F;
44868 : 1D8;
44869 : 1D8;
44870 : 1D8;
44871 : 1D8;
44872 : 1D8;
44873 : 1D8;
44874 : 110;
44875 : 110;
44876 : 110;
44877 : 03F;
44878 : 03F;
44879 : 03F;
44880 : 03F;
44881 : 03F;
44882 : 03F;
44883 : 03F;
44884 : 03F;
44885 : 03F;
44886 : 03F;
44887 : 03F;
44888 : 03F;
44889 : 03F;
44890 : 03F;
44891 : 03F;
44892 : 03F;
44893 : 03F;
44894 : 03F;
44895 : 03F;
44896 : 03F;
44897 : 03F;
44898 : 03F;
44899 : 03F;
44900 : 03F;
44901 : 03F;
44902 : 03F;
44903 : 03F;
44904 : 03F;
44905 : 03F;
44906 : 03F;
44907 : 03F;
44908 : 03F;
44909 : 03F;
44910 : 03F;
44911 : 03F;
44912 : 03F;
44913 : 03F;
44914 : 03F;
44915 : 03F;
44916 : 03F;
44917 : 03F;
44918 : 03F;
44919 : 03F;
44920 : 03F;
44921 : 03F;
44922 : 03F;
44923 : 03F;
44924 : 03F;
44925 : 03F;
44926 : 03F;
44927 : 03F;
44928 : 03F;
44929 : 03F;
44930 : 03F;
44931 : 03F;
44932 : 018;
44933 : 018;
44934 : 018;
44935 : 018;
44936 : 03F;
44937 : 03F;
44938 : 03F;
44939 : 03F;
44940 : 03F;
44941 : 03F;
44942 : 03F;
44943 : 03F;
44944 : 03F;
44945 : 03F;
44946 : 03F;
44947 : 03F;
44948 : 03F;
44949 : 03F;
44950 : 03F;
44951 : 03F;
44952 : 03F;
44953 : 03F;
44954 : 03F;
44955 : 03F;
44956 : 03F;
44957 : 03F;
44958 : 03F;
44959 : 03F;
44960 : 03F;
44961 : 03F;
44962 : 03F;
44963 : 03F;
44964 : 03F;
44965 : 03F;
44966 : 03F;
44967 : 03F;
44968 : 03F;
44969 : 03F;
44970 : 03F;
44971 : 03F;
44972 : 03F;
44973 : 03F;
44974 : 03F;
44975 : 03F;
44976 : 03F;
44977 : 03F;
44978 : 03F;
44979 : 03F;
44980 : 03F;
44981 : 03F;
44982 : 03F;
44983 : 03F;
44984 : 03F;
44985 : 03F;
44986 : 03F;
44987 : 03F;
44988 : 03F;
44989 : 03F;
44990 : 03F;
44991 : 03F;
44992 : 03F;
44993 : 03F;
44994 : 03F;
44995 : 03F;
44996 : 03F;
44997 : 03F;
44998 : 03F;
44999 : 03F;
45000 : 03F;
45001 : 03F;
45002 : 03F;
45003 : 03F;
45004 : 03F;
45005 : 03F;
45006 : 03F;
45007 : 03F;
45008 : 03F;
45009 : 03F;
45010 : 03F;
45011 : 03F;
45012 : 03F;
45013 : 03F;
45014 : 03F;
45015 : 03F;
45016 : 03F;
45017 : 03F;
45018 : 03F;
45019 : 03F;
45020 : 03F;
45021 : 03F;
45022 : 03F;
45023 : 03F;
45024 : 03F;
45025 : 03F;
45026 : 03F;
45027 : 03F;
45028 : 03F;
45029 : 03F;
45030 : 03F;
45031 : 03F;
45032 : 03F;
45033 : 03F;
45034 : 03F;
45035 : 03F;
45036 : 03F;
45037 : 03F;
45038 : 03F;
45039 : 03F;
45040 : 03F;
45041 : 03F;
45042 : 03F;
45043 : 03F;
45044 : 03F;
45045 : 03F;
45046 : 03F;
45047 : 03F;
45048 : 03F;
45049 : 03F;
45050 : 03F;
45051 : 03F;
45052 : 03F;
45053 : 03F;
45054 : 007;
45055 : 007;
45056 : 007;
45057 : 007;
45058 : 007;
45059 : 007;
45060 : 007;
45061 : 007;
45062 : 007;
45063 : 007;
45064 : 007;
45065 : 007;
45066 : 007;
45067 : 007;
45068 : 007;
45069 : 03F;
45070 : 03F;
45071 : 03F;
45072 : 03F;
45073 : 03F;
45074 : 03F;
45075 : 03F;
45076 : 03F;
45077 : 03F;
45078 : 03F;
45079 : 03F;
45080 : 03F;
45081 : 03F;
45082 : 03F;
45083 : 03F;
45084 : 03F;
45085 : 03F;
45086 : 03F;
45087 : 03F;
45088 : 03F;
45089 : 03F;
45090 : 03F;
45091 : 03F;
45092 : 03F;
45093 : 03F;
45094 : 03F;
45095 : 03F;
45096 : 03F;
45097 : 03F;
45098 : 03F;
45099 : 03F;
45100 : 03F;
45101 : 03F;
45102 : 03F;
45103 : 03F;
45104 : 03F;
45105 : 03F;
45106 : 03F;
45107 : 03F;
45108 : 03F;
45109 : 03F;
45110 : 03F;
45111 : 03F;
45112 : 03F;
45113 : 03F;
45114 : 03F;
45115 : 03F;
45116 : 03F;
45117 : 03F;
45118 : 03F;
45119 : 03F;
45120 : 03F;
45121 : 03F;
45122 : 03F;
45123 : 03F;
45124 : 03F;
45125 : 03F;
45126 : 03F;
45127 : 03F;
45128 : 03F;
45129 : 03F;
45130 : 03F;
45131 : 03F;
45132 : 03F;
45133 : 03F;
45134 : 03F;
45135 : 03F;
45136 : 03F;
45137 : 03F;
45138 : 03F;
45139 : 03F;
45140 : 03F;
45141 : 03F;
45142 : 03F;
45143 : 03F;
45144 : 03F;
45145 : 03F;
45146 : 03F;
45147 : 03F;
45148 : 03F;
45149 : 03F;
45150 : 03F;
45151 : 03F;
45152 : 03F;
45153 : 03F;
45154 : 018;
45155 : 018;
45156 : 018;
45157 : 018;
45158 : 018;
45159 : 038;
45160 : 038;
45161 : 018;
45162 : 018;
45163 : 03F;
45164 : 03F;
45165 : 03F;
45166 : 03F;
45167 : 03F;
45168 : 03F;
45169 : 03F;
45170 : 03F;
45171 : 03F;
45172 : 03F;
45173 : 03F;
45174 : 03F;
45175 : 03F;
45176 : 03F;
45177 : 03F;
45178 : 03F;
45179 : 03F;
45180 : 03F;
45181 : 03F;
45182 : 03F;
45183 : 03F;
45184 : 03F;
45185 : 03F;
45186 : 03F;
45187 : 110;
45188 : 1D8;
45189 : 1D8;
45190 : 1D8;
45191 : 1D8;
45192 : 1D8;
45193 : 1D8;
45194 : 110;
45195 : 110;
45196 : 110;
45197 : 03F;
45198 : 03F;
45199 : 03F;
45200 : 03F;
45201 : 03F;
45202 : 03F;
45203 : 03F;
45204 : 03F;
45205 : 03F;
45206 : 03F;
45207 : 03F;
45208 : 03F;
45209 : 03F;
45210 : 03F;
45211 : 03F;
45212 : 03F;
45213 : 03F;
45214 : 03F;
45215 : 03F;
45216 : 03F;
45217 : 03F;
45218 : 03F;
45219 : 03F;
45220 : 03F;
45221 : 03F;
45222 : 03F;
45223 : 03F;
45224 : 03F;
45225 : 03F;
45226 : 03F;
45227 : 03F;
45228 : 03F;
45229 : 03F;
45230 : 03F;
45231 : 03F;
45232 : 03F;
45233 : 03F;
45234 : 03F;
45235 : 03F;
45236 : 03F;
45237 : 03F;
45238 : 03F;
45239 : 03F;
45240 : 03F;
45241 : 03F;
45242 : 03F;
45243 : 03F;
45244 : 03F;
45245 : 03F;
45246 : 03F;
45247 : 03F;
45248 : 03F;
45249 : 03F;
45250 : 03F;
45251 : 03F;
45252 : 03F;
45253 : 018;
45254 : 018;
45255 : 018;
45256 : 03F;
45257 : 03F;
45258 : 03F;
45259 : 03F;
45260 : 03F;
45261 : 03F;
45262 : 03F;
45263 : 03F;
45264 : 03F;
45265 : 03F;
45266 : 03F;
45267 : 03F;
45268 : 03F;
45269 : 03F;
45270 : 03F;
45271 : 03F;
45272 : 03F;
45273 : 03F;
45274 : 03F;
45275 : 03F;
45276 : 03F;
45277 : 03F;
45278 : 03F;
45279 : 03F;
45280 : 03F;
45281 : 03F;
45282 : 03F;
45283 : 03F;
45284 : 03F;
45285 : 03F;
45286 : 03F;
45287 : 03F;
45288 : 03F;
45289 : 03F;
45290 : 03F;
45291 : 03F;
45292 : 03F;
45293 : 03F;
45294 : 03F;
45295 : 03F;
45296 : 03F;
45297 : 03F;
45298 : 03F;
45299 : 03F;
45300 : 03F;
45301 : 03F;
45302 : 03F;
45303 : 03F;
45304 : 03F;
45305 : 03F;
45306 : 03F;
45307 : 03F;
45308 : 03F;
45309 : 03F;
45310 : 03F;
45311 : 03F;
45312 : 03F;
45313 : 03F;
45314 : 03F;
45315 : 03F;
45316 : 03F;
45317 : 03F;
45318 : 03F;
45319 : 03F;
45320 : 03F;
45321 : 03F;
45322 : 03F;
45323 : 03F;
45324 : 03F;
45325 : 03F;
45326 : 03F;
45327 : 03F;
45328 : 03F;
45329 : 03F;
45330 : 03F;
45331 : 03F;
45332 : 03F;
45333 : 03F;
45334 : 03F;
45335 : 03F;
45336 : 03F;
45337 : 03F;
45338 : 03F;
45339 : 03F;
45340 : 03F;
45341 : 03F;
45342 : 03F;
45343 : 03F;
45344 : 03F;
45345 : 03F;
45346 : 03F;
45347 : 03F;
45348 : 03F;
45349 : 03F;
45350 : 03F;
45351 : 03F;
45352 : 03F;
45353 : 03F;
45354 : 03F;
45355 : 03F;
45356 : 03F;
45357 : 03F;
45358 : 03F;
45359 : 03F;
45360 : 03F;
45361 : 03F;
45362 : 03F;
45363 : 03F;
45364 : 03F;
45365 : 03F;
45366 : 03F;
45367 : 03F;
45368 : 03F;
45369 : 03F;
45370 : 03F;
45371 : 03F;
45372 : 03F;
45373 : 03F;
45374 : 03F;
45375 : 03F;
45376 : 03F;
45377 : 03F;
45378 : 03F;
45379 : 03F;
45380 : 03F;
45381 : 03F;
45382 : 03F;
45383 : 03F;
45384 : 03F;
45385 : 03F;
45386 : 03F;
45387 : 03F;
45388 : 03F;
45389 : 03F;
45390 : 03F;
45391 : 03F;
45392 : 03F;
45393 : 03F;
45394 : 03F;
45395 : 03F;
45396 : 03F;
45397 : 03F;
45398 : 03F;
45399 : 03F;
45400 : 03F;
45401 : 03F;
45402 : 03F;
45403 : 03F;
45404 : 03F;
45405 : 03F;
45406 : 03F;
45407 : 03F;
45408 : 03F;
45409 : 03F;
45410 : 03F;
45411 : 03F;
45412 : 03F;
45413 : 03F;
45414 : 03F;
45415 : 03F;
45416 : 03F;
45417 : 03F;
45418 : 03F;
45419 : 03F;
45420 : 03F;
45421 : 03F;
45422 : 03F;
45423 : 03F;
45424 : 03F;
45425 : 03F;
45426 : 03F;
45427 : 03F;
45428 : 03F;
45429 : 03F;
45430 : 03F;
45431 : 03F;
45432 : 03F;
45433 : 03F;
45434 : 03F;
45435 : 03F;
45436 : 03F;
45437 : 03F;
45438 : 03F;
45439 : 03F;
45440 : 03F;
45441 : 03F;
45442 : 03F;
45443 : 03F;
45444 : 03F;
45445 : 03F;
45446 : 03F;
45447 : 03F;
45448 : 03F;
45449 : 03F;
45450 : 03F;
45451 : 03F;
45452 : 03F;
45453 : 03F;
45454 : 03F;
45455 : 03F;
45456 : 03F;
45457 : 03F;
45458 : 03F;
45459 : 03F;
45460 : 03F;
45461 : 03F;
45462 : 007;
45463 : 007;
45464 : 007;
45465 : 007;
45466 : 007;
45467 : 007;
45468 : 007;
45469 : 007;
45470 : 007;
45471 : 007;
45472 : 007;
45473 : 007;
45474 : 018;
45475 : 018;
45476 : 018;
45477 : 018;
45478 : 038;
45479 : 038;
45480 : 018;
45481 : 018;
45482 : 03F;
45483 : 03F;
45484 : 03F;
45485 : 03F;
45486 : 03F;
45487 : 03F;
45488 : 03F;
45489 : 03F;
45490 : 03F;
45491 : 03F;
45492 : 03F;
45493 : 03F;
45494 : 03F;
45495 : 03F;
45496 : 03F;
45497 : 03F;
45498 : 03F;
45499 : 03F;
45500 : 03F;
45501 : 03F;
45502 : 03F;
45503 : 03F;
45504 : 03F;
45505 : 03F;
45506 : 03F;
45507 : 110;
45508 : 1D8;
45509 : 1D8;
45510 : 1D8;
45511 : 1D8;
45512 : 1D8;
45513 : 1D8;
45514 : 110;
45515 : 110;
45516 : 110;
45517 : 03F;
45518 : 03F;
45519 : 03F;
45520 : 03F;
45521 : 03F;
45522 : 03F;
45523 : 03F;
45524 : 03F;
45525 : 03F;
45526 : 03F;
45527 : 03F;
45528 : 03F;
45529 : 03F;
45530 : 03F;
45531 : 03F;
45532 : 03F;
45533 : 03F;
45534 : 03F;
45535 : 03F;
45536 : 03F;
45537 : 03F;
45538 : 03F;
45539 : 03F;
45540 : 03F;
45541 : 03F;
45542 : 03F;
45543 : 03F;
45544 : 03F;
45545 : 03F;
45546 : 03F;
45547 : 03F;
45548 : 03F;
45549 : 03F;
45550 : 03F;
45551 : 03F;
45552 : 03F;
45553 : 03F;
45554 : 03F;
45555 : 03F;
45556 : 03F;
45557 : 03F;
45558 : 03F;
45559 : 03F;
45560 : 03F;
45561 : 03F;
45562 : 03F;
45563 : 03F;
45564 : 03F;
45565 : 03F;
45566 : 03F;
45567 : 03F;
45568 : 03F;
45569 : 03F;
45570 : 03F;
45571 : 03F;
45572 : 03F;
45573 : 03F;
45574 : 03F;
45575 : 018;
45576 : 018;
45577 : 03F;
45578 : 03F;
45579 : 03F;
45580 : 03F;
45581 : 03F;
45582 : 03F;
45583 : 03F;
45584 : 03F;
45585 : 03F;
45586 : 03F;
45587 : 03F;
45588 : 03F;
45589 : 03F;
45590 : 03F;
45591 : 03F;
45592 : 03F;
45593 : 03F;
45594 : 03F;
45595 : 03F;
45596 : 03F;
45597 : 03F;
45598 : 03F;
45599 : 03F;
45600 : 03F;
45601 : 03F;
45602 : 03F;
45603 : 03F;
45604 : 03F;
45605 : 03F;
45606 : 03F;
45607 : 03F;
45608 : 03F;
45609 : 03F;
45610 : 03F;
45611 : 03F;
45612 : 03F;
45613 : 03F;
45614 : 03F;
45615 : 03F;
45616 : 03F;
45617 : 03F;
45618 : 03F;
45619 : 03F;
45620 : 03F;
45621 : 03F;
45622 : 03F;
45623 : 03F;
45624 : 03F;
45625 : 03F;
45626 : 03F;
45627 : 03F;
45628 : 03F;
45629 : 03F;
45630 : 03F;
45631 : 03F;
45632 : 03F;
45633 : 03F;
45634 : 03F;
45635 : 03F;
45636 : 03F;
45637 : 03F;
45638 : 03F;
45639 : 03F;
45640 : 03F;
45641 : 03F;
45642 : 03F;
45643 : 03F;
45644 : 03F;
45645 : 03F;
45646 : 03F;
45647 : 03F;
45648 : 03F;
45649 : 03F;
45650 : 03F;
45651 : 03F;
45652 : 03F;
45653 : 03F;
45654 : 03F;
45655 : 03F;
45656 : 03F;
45657 : 03F;
45658 : 03F;
45659 : 03F;
45660 : 03F;
45661 : 03F;
45662 : 03F;
45663 : 03F;
45664 : 03F;
45665 : 03F;
45666 : 03F;
45667 : 03F;
45668 : 03F;
45669 : 03F;
45670 : 03F;
45671 : 03F;
45672 : 03F;
45673 : 03F;
45674 : 03F;
45675 : 03F;
45676 : 03F;
45677 : 03F;
45678 : 03F;
45679 : 03F;
45680 : 03F;
45681 : 03F;
45682 : 03F;
45683 : 03F;
45684 : 03F;
45685 : 03F;
45686 : 03F;
45687 : 03F;
45688 : 03F;
45689 : 03F;
45690 : 03F;
45691 : 03F;
45692 : 03F;
45693 : 03F;
45694 : 03F;
45695 : 03F;
45696 : 03F;
45697 : 03F;
45698 : 03F;
45699 : 03F;
45700 : 03F;
45701 : 03F;
45702 : 03F;
45703 : 03F;
45704 : 03F;
45705 : 03F;
45706 : 03F;
45707 : 03F;
45708 : 03F;
45709 : 03F;
45710 : 03F;
45711 : 03F;
45712 : 03F;
45713 : 03F;
45714 : 03F;
45715 : 03F;
45716 : 03F;
45717 : 03F;
45718 : 03F;
45719 : 03F;
45720 : 03F;
45721 : 03F;
45722 : 03F;
45723 : 03F;
45724 : 03F;
45725 : 03F;
45726 : 03F;
45727 : 03F;
45728 : 03F;
45729 : 03F;
45730 : 03F;
45731 : 03F;
45732 : 03F;
45733 : 03F;
45734 : 03F;
45735 : 03F;
45736 : 03F;
45737 : 03F;
45738 : 03F;
45739 : 007;
45740 : 007;
45741 : 007;
45742 : 007;
45743 : 007;
45744 : 007;
45745 : 007;
45746 : 007;
45747 : 007;
45748 : 007;
45749 : 007;
45750 : 03F;
45751 : 03F;
45752 : 03F;
45753 : 03F;
45754 : 03F;
45755 : 03F;
45756 : 03F;
45757 : 03F;
45758 : 03F;
45759 : 03F;
45760 : 03F;
45761 : 03F;
45762 : 03F;
45763 : 03F;
45764 : 03F;
45765 : 03F;
45766 : 03F;
45767 : 03F;
45768 : 03F;
45769 : 03F;
45770 : 03F;
45771 : 03F;
45772 : 03F;
45773 : 03F;
45774 : 03F;
45775 : 03F;
45776 : 03F;
45777 : 03F;
45778 : 03F;
45779 : 03F;
45780 : 03F;
45781 : 03F;
45782 : 03F;
45783 : 03F;
45784 : 03F;
45785 : 03F;
45786 : 03F;
45787 : 03F;
45788 : 03F;
45789 : 03F;
45790 : 03F;
45791 : 03F;
45792 : 03F;
45793 : 03F;
45794 : 018;
45795 : 018;
45796 : 018;
45797 : 038;
45798 : 038;
45799 : 038;
45800 : 018;
45801 : 03F;
45802 : 03F;
45803 : 03F;
45804 : 03F;
45805 : 03F;
45806 : 03F;
45807 : 03F;
45808 : 03F;
45809 : 03F;
45810 : 03F;
45811 : 03F;
45812 : 03F;
45813 : 03F;
45814 : 03F;
45815 : 03F;
45816 : 03F;
45817 : 03F;
45818 : 03F;
45819 : 03F;
45820 : 03F;
45821 : 03F;
45822 : 03F;
45823 : 03F;
45824 : 03F;
45825 : 03F;
45826 : 03F;
45827 : 110;
45828 : 1D8;
45829 : 1D8;
45830 : 1D8;
45831 : 1D8;
45832 : 1D8;
45833 : 110;
45834 : 110;
45835 : 110;
45836 : 110;
45837 : 03F;
45838 : 03F;
45839 : 03F;
45840 : 03F;
45841 : 03F;
45842 : 03F;
45843 : 03F;
45844 : 03F;
45845 : 03F;
45846 : 03F;
45847 : 03F;
45848 : 03F;
45849 : 03F;
45850 : 03F;
45851 : 03F;
45852 : 03F;
45853 : 03F;
45854 : 03F;
45855 : 03F;
45856 : 03F;
45857 : 03F;
45858 : 03F;
45859 : 03F;
45860 : 03F;
45861 : 03F;
45862 : 03F;
45863 : 03F;
45864 : 03F;
45865 : 03F;
45866 : 03F;
45867 : 03F;
45868 : 03F;
45869 : 03F;
45870 : 03F;
45871 : 03F;
45872 : 03F;
45873 : 03F;
45874 : 03F;
45875 : 03F;
45876 : 03F;
45877 : 03F;
45878 : 03F;
45879 : 03F;
45880 : 03F;
45881 : 03F;
45882 : 03F;
45883 : 03F;
45884 : 03F;
45885 : 03F;
45886 : 03F;
45887 : 03F;
45888 : 03F;
45889 : 03F;
45890 : 03F;
45891 : 03F;
45892 : 03F;
45893 : 03F;
45894 : 03F;
45895 : 03F;
45896 : 018;
45897 : 03F;
45898 : 03F;
45899 : 03F;
45900 : 03F;
45901 : 03F;
45902 : 03F;
45903 : 03F;
45904 : 03F;
45905 : 03F;
45906 : 03F;
45907 : 03F;
45908 : 03F;
45909 : 03F;
45910 : 03F;
45911 : 03F;
45912 : 03F;
45913 : 03F;
45914 : 03F;
45915 : 03F;
45916 : 03F;
45917 : 03F;
45918 : 03F;
45919 : 03F;
45920 : 03F;
45921 : 03F;
45922 : 03F;
45923 : 03F;
45924 : 03F;
45925 : 03F;
45926 : 03F;
45927 : 03F;
45928 : 03F;
45929 : 03F;
45930 : 03F;
45931 : 03F;
45932 : 03F;
45933 : 03F;
45934 : 03F;
45935 : 03F;
45936 : 03F;
45937 : 03F;
45938 : 03F;
45939 : 03F;
45940 : 03F;
45941 : 03F;
45942 : 03F;
45943 : 03F;
45944 : 03F;
45945 : 03F;
45946 : 03F;
45947 : 03F;
45948 : 03F;
45949 : 03F;
45950 : 03F;
45951 : 03F;
45952 : 03F;
45953 : 03F;
45954 : 03F;
45955 : 03F;
45956 : 03F;
45957 : 03F;
45958 : 03F;
45959 : 03F;
45960 : 03F;
45961 : 03F;
45962 : 03F;
45963 : 03F;
45964 : 03F;
45965 : 03F;
45966 : 03F;
45967 : 03F;
45968 : 03F;
45969 : 03F;
45970 : 03F;
45971 : 03F;
45972 : 03F;
45973 : 03F;
45974 : 03F;
45975 : 03F;
45976 : 03F;
45977 : 03F;
45978 : 03F;
45979 : 03F;
45980 : 03F;
45981 : 03F;
45982 : 03F;
45983 : 03F;
45984 : 03F;
45985 : 03F;
45986 : 03F;
45987 : 03F;
45988 : 03F;
45989 : 03F;
45990 : 03F;
45991 : 03F;
45992 : 03F;
45993 : 03F;
45994 : 03F;
45995 : 03F;
45996 : 03F;
45997 : 1FF;
45998 : 1FF;
45999 : 1FF;
46000 : 1FF;
46001 : 1FF;
46002 : 1FF;
46003 : 1FF;
46004 : 1FF;
46005 : 03F;
46006 : 03F;
46007 : 03F;
46008 : 03F;
46009 : 03F;
46010 : 03F;
46011 : 03F;
46012 : 03F;
46013 : 03F;
46014 : 03F;
46015 : 03F;
46016 : 03F;
46017 : 03F;
46018 : 03F;
46019 : 03F;
46020 : 03F;
46021 : 03F;
46022 : 03F;
46023 : 03F;
46024 : 03F;
46025 : 03F;
46026 : 03F;
46027 : 03F;
46028 : 03F;
46029 : 03F;
46030 : 03F;
46031 : 03F;
46032 : 03F;
46033 : 03F;
46034 : 03F;
46035 : 03F;
46036 : 03F;
46037 : 03F;
46038 : 03F;
46039 : 03F;
46040 : 03F;
46041 : 03F;
46042 : 03F;
46043 : 03F;
46044 : 03F;
46045 : 03F;
46046 : 007;
46047 : 007;
46048 : 007;
46049 : 007;
46050 : 007;
46051 : 007;
46052 : 03F;
46053 : 03F;
46054 : 03F;
46055 : 03F;
46056 : 03F;
46057 : 03F;
46058 : 03F;
46059 : 03F;
46060 : 03F;
46061 : 03F;
46062 : 03F;
46063 : 03F;
46064 : 03F;
46065 : 03F;
46066 : 03F;
46067 : 03F;
46068 : 03F;
46069 : 03F;
46070 : 03F;
46071 : 03F;
46072 : 03F;
46073 : 03F;
46074 : 03F;
46075 : 1FF;
46076 : 1FF;
46077 : 1FF;
46078 : 1FF;
46079 : 1FF;
46080 : 03F;
46081 : 03F;
46082 : 03F;
46083 : 03F;
46084 : 03F;
46085 : 03F;
46086 : 03F;
46087 : 03F;
46088 : 03F;
46089 : 03F;
46090 : 03F;
46091 : 03F;
46092 : 03F;
46093 : 03F;
46094 : 03F;
46095 : 03F;
46096 : 03F;
46097 : 03F;
46098 : 03F;
46099 : 03F;
46100 : 03F;
46101 : 03F;
46102 : 03F;
46103 : 03F;
46104 : 03F;
46105 : 03F;
46106 : 03F;
46107 : 03F;
46108 : 03F;
46109 : 03F;
46110 : 03F;
46111 : 03F;
46112 : 03F;
46113 : 018;
46114 : 018;
46115 : 018;
46116 : 018;
46117 : 018;
46118 : 038;
46119 : 018;
46120 : 03F;
46121 : 03F;
46122 : 03F;
46123 : 03F;
46124 : 03F;
46125 : 03F;
46126 : 03F;
46127 : 03F;
46128 : 03F;
46129 : 03F;
46130 : 03F;
46131 : 03F;
46132 : 03F;
46133 : 03F;
46134 : 03F;
46135 : 03F;
46136 : 03F;
46137 : 03F;
46138 : 03F;
46139 : 03F;
46140 : 03F;
46141 : 03F;
46142 : 03F;
46143 : 03F;
46144 : 03F;
46145 : 03F;
46146 : 03F;
46147 : 1D8;
46148 : 1D8;
46149 : 1D8;
46150 : 1D8;
46151 : 1D8;
46152 : 1D8;
46153 : 110;
46154 : 110;
46155 : 110;
46156 : 110;
46157 : 03F;
46158 : 03F;
46159 : 03F;
46160 : 03F;
46161 : 03F;
46162 : 03F;
46163 : 03F;
46164 : 03F;
46165 : 03F;
46166 : 03F;
46167 : 03F;
46168 : 03F;
46169 : 03F;
46170 : 03F;
46171 : 03F;
46172 : 03F;
46173 : 03F;
46174 : 03F;
46175 : 03F;
46176 : 03F;
46177 : 03F;
46178 : 03F;
46179 : 03F;
46180 : 03F;
46181 : 03F;
46182 : 03F;
46183 : 03F;
46184 : 03F;
46185 : 03F;
46186 : 03F;
46187 : 03F;
46188 : 03F;
46189 : 03F;
46190 : 03F;
46191 : 03F;
46192 : 03F;
46193 : 03F;
46194 : 03F;
46195 : 03F;
46196 : 03F;
46197 : 03F;
46198 : 03F;
46199 : 03F;
46200 : 03F;
46201 : 03F;
46202 : 03F;
46203 : 03F;
46204 : 03F;
46205 : 03F;
46206 : 03F;
46207 : 03F;
46208 : 03F;
46209 : 03F;
46210 : 03F;
46211 : 03F;
46212 : 03F;
46213 : 03F;
46214 : 03F;
46215 : 03F;
46216 : 03F;
46217 : 03F;
46218 : 03F;
46219 : 03F;
46220 : 03F;
46221 : 03F;
46222 : 03F;
46223 : 03F;
46224 : 03F;
46225 : 03F;
46226 : 03F;
46227 : 03F;
46228 : 03F;
46229 : 03F;
46230 : 03F;
46231 : 03F;
46232 : 03F;
46233 : 03F;
46234 : 03F;
46235 : 03F;
46236 : 03F;
46237 : 03F;
46238 : 03F;
46239 : 03F;
46240 : 03F;
46241 : 03F;
46242 : 03F;
46243 : 03F;
46244 : 03F;
46245 : 03F;
46246 : 03F;
46247 : 03F;
46248 : 03F;
46249 : 03F;
46250 : 03F;
46251 : 03F;
46252 : 03F;
46253 : 03F;
46254 : 03F;
46255 : 03F;
46256 : 03F;
46257 : 03F;
46258 : 03F;
46259 : 03F;
46260 : 03F;
46261 : 03F;
46262 : 03F;
46263 : 03F;
46264 : 03F;
46265 : 03F;
46266 : 03F;
46267 : 03F;
46268 : 03F;
46269 : 03F;
46270 : 03F;
46271 : 03F;
46272 : 03F;
46273 : 03F;
46274 : 03F;
46275 : 03F;
46276 : 03F;
46277 : 03F;
46278 : 03F;
46279 : 03F;
46280 : 03F;
46281 : 03F;
46282 : 03F;
46283 : 03F;
46284 : 03F;
46285 : 03F;
46286 : 03F;
46287 : 03F;
46288 : 03F;
46289 : 03F;
46290 : 03F;
46291 : 03F;
46292 : 03F;
46293 : 03F;
46294 : 03F;
46295 : 03F;
46296 : 03F;
46297 : 03F;
46298 : 03F;
46299 : 03F;
46300 : 03F;
46301 : 03F;
46302 : 03F;
46303 : 03F;
46304 : 03F;
46305 : 03F;
46306 : 03F;
46307 : 03F;
46308 : 03F;
46309 : 03F;
46310 : 03F;
46311 : 03F;
46312 : 03F;
46313 : 03F;
46314 : 03F;
46315 : 03F;
46316 : 03F;
46317 : 03F;
46318 : 03F;
46319 : 03F;
46320 : 03F;
46321 : 03F;
46322 : 03F;
46323 : 03F;
46324 : 03F;
46325 : 03F;
46326 : 03F;
46327 : 03F;
46328 : 03F;
46329 : 03F;
46330 : 03F;
46331 : 03F;
46332 : 03F;
46333 : 03F;
46334 : 03F;
46335 : 03F;
46336 : 03F;
46337 : 03F;
46338 : 03F;
46339 : 03F;
46340 : 03F;
46341 : 03F;
46342 : 03F;
46343 : 03F;
46344 : 03F;
46345 : 03F;
46346 : 03F;
46347 : 03F;
46348 : 03F;
46349 : 03F;
46350 : 03F;
46351 : 03F;
46352 : 03F;
46353 : 03F;
46354 : 03F;
46355 : 03F;
46356 : 03F;
46357 : 03F;
46358 : 03F;
46359 : 03F;
46360 : 03F;
46361 : 03F;
46362 : 03F;
46363 : 03F;
46364 : 03F;
46365 : 03F;
46366 : 03F;
46367 : 03F;
46368 : 03F;
46369 : 03F;
46370 : 03F;
46371 : 03F;
46372 : 03F;
46373 : 03F;
46374 : 03F;
46375 : 03F;
46376 : 03F;
46377 : 03F;
46378 : 03F;
46379 : 03F;
46380 : 03F;
46381 : 03F;
46382 : 03F;
46383 : 03F;
46384 : 03F;
46385 : 03F;
46386 : 03F;
46387 : 1FF;
46388 : 1FF;
46389 : 1FF;
46390 : 1FF;
46391 : 1FF;
46392 : 1FF;
46393 : 1FF;
46394 : 1FF;
46395 : 1FF;
46396 : 1FF;
46397 : 1FF;
46398 : 1FF;
46399 : 1FF;
46400 : 03F;
46401 : 03F;
46402 : 03F;
46403 : 03F;
46404 : 03F;
46405 : 03F;
46406 : 03F;
46407 : 03F;
46408 : 03F;
46409 : 03F;
46410 : 03F;
46411 : 03F;
46412 : 03F;
46413 : 03F;
46414 : 03F;
46415 : 03F;
46416 : 03F;
46417 : 03F;
46418 : 03F;
46419 : 03F;
46420 : 03F;
46421 : 03F;
46422 : 03F;
46423 : 03F;
46424 : 03F;
46425 : 03F;
46426 : 03F;
46427 : 03F;
46428 : 03F;
46429 : 03F;
46430 : 03F;
46431 : 03F;
46432 : 03F;
46433 : 018;
46434 : 018;
46435 : 018;
46436 : 018;
46437 : 018;
46438 : 018;
46439 : 03F;
46440 : 03F;
46441 : 03F;
46442 : 03F;
46443 : 03F;
46444 : 03F;
46445 : 03F;
46446 : 03F;
46447 : 03F;
46448 : 03F;
46449 : 03F;
46450 : 03F;
46451 : 03F;
46452 : 03F;
46453 : 03F;
46454 : 03F;
46455 : 03F;
46456 : 03F;
46457 : 03F;
46458 : 03F;
46459 : 03F;
46460 : 03F;
46461 : 03F;
46462 : 03F;
46463 : 03F;
46464 : 03F;
46465 : 03F;
46466 : 03F;
46467 : 1D8;
46468 : 1D8;
46469 : 1D8;
46470 : 1D8;
46471 : 1D8;
46472 : 1D8;
46473 : 110;
46474 : 110;
46475 : 110;
46476 : 110;
46477 : 03F;
46478 : 03F;
46479 : 03F;
46480 : 03F;
46481 : 03F;
46482 : 03F;
46483 : 03F;
46484 : 03F;
46485 : 03F;
46486 : 03F;
46487 : 03F;
46488 : 03F;
46489 : 03F;
46490 : 03F;
46491 : 03F;
46492 : 03F;
46493 : 03F;
46494 : 03F;
46495 : 03F;
46496 : 03F;
46497 : 03F;
46498 : 03F;
46499 : 03F;
46500 : 03F;
46501 : 03F;
46502 : 03F;
46503 : 03F;
46504 : 03F;
46505 : 03F;
46506 : 007;
46507 : 007;
46508 : 007;
46509 : 007;
46510 : 007;
46511 : 007;
46512 : 007;
46513 : 007;
46514 : 03F;
46515 : 03F;
46516 : 03F;
46517 : 03F;
46518 : 03F;
46519 : 03F;
46520 : 03F;
46521 : 03F;
46522 : 03F;
46523 : 03F;
46524 : 03F;
46525 : 03F;
46526 : 03F;
46527 : 03F;
46528 : 03F;
46529 : 03F;
46530 : 03F;
46531 : 03F;
46532 : 03F;
46533 : 03F;
46534 : 03F;
46535 : 03F;
46536 : 03F;
46537 : 03F;
46538 : 03F;
46539 : 03F;
46540 : 03F;
46541 : 03F;
46542 : 03F;
46543 : 03F;
46544 : 03F;
46545 : 03F;
46546 : 03F;
46547 : 03F;
46548 : 03F;
46549 : 03F;
46550 : 03F;
46551 : 03F;
46552 : 03F;
46553 : 03F;
46554 : 03F;
46555 : 03F;
46556 : 03F;
46557 : 03F;
46558 : 03F;
46559 : 03F;
46560 : 03F;
46561 : 03F;
46562 : 03F;
46563 : 03F;
46564 : 03F;
46565 : 03F;
46566 : 03F;
46567 : 03F;
46568 : 03F;
46569 : 03F;
46570 : 03F;
46571 : 03F;
46572 : 03F;
46573 : 03F;
46574 : 03F;
46575 : 03F;
46576 : 03F;
46577 : 03F;
46578 : 03F;
46579 : 03F;
46580 : 03F;
46581 : 03F;
46582 : 03F;
46583 : 03F;
46584 : 03F;
46585 : 03F;
46586 : 03F;
46587 : 03F;
46588 : 03F;
46589 : 03F;
46590 : 03F;
46591 : 03F;
46592 : 03F;
46593 : 03F;
46594 : 03F;
46595 : 03F;
46596 : 03F;
46597 : 03F;
46598 : 03F;
46599 : 03F;
46600 : 03F;
46601 : 03F;
46602 : 03F;
46603 : 03F;
46604 : 03F;
46605 : 03F;
46606 : 03F;
46607 : 03F;
46608 : 03F;
46609 : 03F;
46610 : 03F;
46611 : 03F;
46612 : 03F;
46613 : 03F;
46614 : 03F;
46615 : 03F;
46616 : 03F;
46617 : 03F;
46618 : 03F;
46619 : 03F;
46620 : 03F;
46621 : 03F;
46622 : 03F;
46623 : 03F;
46624 : 03F;
46625 : 03F;
46626 : 03F;
46627 : 03F;
46628 : 03F;
46629 : 03F;
46630 : 03F;
46631 : 03F;
46632 : 03F;
46633 : 03F;
46634 : 03F;
46635 : 03F;
46636 : 03F;
46637 : 03F;
46638 : 03F;
46639 : 03F;
46640 : 03F;
46641 : 03F;
46642 : 03F;
46643 : 03F;
46644 : 03F;
46645 : 03F;
46646 : 03F;
46647 : 03F;
46648 : 03F;
46649 : 03F;
46650 : 03F;
46651 : 03F;
46652 : 03F;
46653 : 03F;
46654 : 03F;
46655 : 03F;
46656 : 03F;
46657 : 03F;
46658 : 03F;
46659 : 03F;
46660 : 03F;
46661 : 03F;
46662 : 03F;
46663 : 03F;
46664 : 03F;
46665 : 03F;
46666 : 03F;
46667 : 03F;
46668 : 03F;
46669 : 03F;
46670 : 03F;
46671 : 03F;
46672 : 03F;
46673 : 03F;
46674 : 03F;
46675 : 03F;
46676 : 03F;
46677 : 03F;
46678 : 03F;
46679 : 007;
46680 : 007;
46681 : 007;
46682 : 007;
46683 : 007;
46684 : 03F;
46685 : 03F;
46686 : 03F;
46687 : 007;
46688 : 007;
46689 : 007;
46690 : 007;
46691 : 007;
46692 : 007;
46693 : 007;
46694 : 007;
46695 : 007;
46696 : 007;
46697 : 007;
46698 : 007;
46699 : 007;
46700 : 03F;
46701 : 1FF;
46702 : 1FF;
46703 : 1FF;
46704 : 1FF;
46705 : 1FF;
46706 : 1FF;
46707 : 1FF;
46708 : 1FF;
46709 : 1FF;
46710 : 1FF;
46711 : 1FF;
46712 : 1FF;
46713 : 1FF;
46714 : 1FF;
46715 : 1FF;
46716 : 1FF;
46717 : 1FF;
46718 : 1FF;
46719 : 1FF;
46720 : 03F;
46721 : 03F;
46722 : 03F;
46723 : 03F;
46724 : 03F;
46725 : 03F;
46726 : 03F;
46727 : 03F;
46728 : 03F;
46729 : 03F;
46730 : 03F;
46731 : 03F;
46732 : 03F;
46733 : 03F;
46734 : 03F;
46735 : 03F;
46736 : 03F;
46737 : 03F;
46738 : 03F;
46739 : 03F;
46740 : 03F;
46741 : 03F;
46742 : 03F;
46743 : 03F;
46744 : 03F;
46745 : 03F;
46746 : 03F;
46747 : 03F;
46748 : 03F;
46749 : 03F;
46750 : 03F;
46751 : 03F;
46752 : 03F;
46753 : 018;
46754 : 018;
46755 : 018;
46756 : 018;
46757 : 018;
46758 : 018;
46759 : 03F;
46760 : 03F;
46761 : 03F;
46762 : 03F;
46763 : 03F;
46764 : 03F;
46765 : 03F;
46766 : 03F;
46767 : 03F;
46768 : 03F;
46769 : 03F;
46770 : 03F;
46771 : 03F;
46772 : 03F;
46773 : 03F;
46774 : 03F;
46775 : 03F;
46776 : 03F;
46777 : 03F;
46778 : 03F;
46779 : 03F;
46780 : 03F;
46781 : 03F;
46782 : 03F;
46783 : 03F;
46784 : 03F;
46785 : 03F;
46786 : 110;
46787 : 1D8;
46788 : 1D8;
46789 : 1D8;
46790 : 1D8;
46791 : 1D8;
46792 : 1D8;
46793 : 110;
46794 : 110;
46795 : 110;
46796 : 03F;
46797 : 03F;
46798 : 03F;
46799 : 03F;
46800 : 03F;
46801 : 03F;
46802 : 03F;
46803 : 03F;
46804 : 03F;
46805 : 03F;
46806 : 03F;
46807 : 03F;
46808 : 03F;
46809 : 03F;
46810 : 03F;
46811 : 03F;
46812 : 03F;
46813 : 03F;
46814 : 03F;
46815 : 03F;
46816 : 03F;
46817 : 03F;
46818 : 03F;
46819 : 03F;
46820 : 03F;
46821 : 03F;
46822 : 03F;
46823 : 03F;
46824 : 03F;
46825 : 03F;
46826 : 03F;
46827 : 03F;
46828 : 03F;
46829 : 03F;
46830 : 03F;
46831 : 03F;
46832 : 03F;
46833 : 03F;
46834 : 03F;
46835 : 03F;
46836 : 03F;
46837 : 03F;
46838 : 03F;
46839 : 03F;
46840 : 03F;
46841 : 03F;
46842 : 03F;
46843 : 03F;
46844 : 03F;
46845 : 03F;
46846 : 03F;
46847 : 03F;
46848 : 03F;
46849 : 03F;
46850 : 03F;
46851 : 03F;
46852 : 03F;
46853 : 03F;
46854 : 03F;
46855 : 03F;
46856 : 03F;
46857 : 03F;
46858 : 03F;
46859 : 03F;
46860 : 03F;
46861 : 03F;
46862 : 03F;
46863 : 03F;
46864 : 03F;
46865 : 03F;
46866 : 03F;
46867 : 03F;
46868 : 03F;
46869 : 03F;
46870 : 03F;
46871 : 03F;
46872 : 03F;
46873 : 03F;
46874 : 03F;
46875 : 03F;
46876 : 03F;
46877 : 03F;
46878 : 03F;
46879 : 03F;
46880 : 03F;
46881 : 03F;
46882 : 03F;
46883 : 03F;
46884 : 03F;
46885 : 03F;
46886 : 03F;
46887 : 03F;
46888 : 03F;
46889 : 03F;
46890 : 03F;
46891 : 03F;
46892 : 03F;
46893 : 03F;
46894 : 03F;
46895 : 03F;
46896 : 03F;
46897 : 03F;
46898 : 03F;
46899 : 03F;
46900 : 03F;
46901 : 03F;
46902 : 03F;
46903 : 03F;
46904 : 03F;
46905 : 03F;
46906 : 03F;
46907 : 03F;
46908 : 03F;
46909 : 03F;
46910 : 03F;
46911 : 03F;
46912 : 03F;
46913 : 03F;
46914 : 03F;
46915 : 03F;
46916 : 03F;
46917 : 03F;
46918 : 03F;
46919 : 03F;
46920 : 03F;
46921 : 03F;
46922 : 03F;
46923 : 03F;
46924 : 03F;
46925 : 03F;
46926 : 03F;
46927 : 03F;
46928 : 03F;
46929 : 03F;
46930 : 03F;
46931 : 03F;
46932 : 03F;
46933 : 03F;
46934 : 03F;
46935 : 03F;
46936 : 03F;
46937 : 03F;
46938 : 03F;
46939 : 03F;
46940 : 03F;
46941 : 03F;
46942 : 03F;
46943 : 03F;
46944 : 03F;
46945 : 03F;
46946 : 03F;
46947 : 03F;
46948 : 03F;
46949 : 03F;
46950 : 03F;
46951 : 03F;
46952 : 03F;
46953 : 03F;
46954 : 03F;
46955 : 03F;
46956 : 03F;
46957 : 03F;
46958 : 03F;
46959 : 03F;
46960 : 03F;
46961 : 03F;
46962 : 03F;
46963 : 03F;
46964 : 03F;
46965 : 03F;
46966 : 03F;
46967 : 03F;
46968 : 03F;
46969 : 03F;
46970 : 03F;
46971 : 03F;
46972 : 03F;
46973 : 03F;
46974 : 03F;
46975 : 03F;
46976 : 03F;
46977 : 03F;
46978 : 03F;
46979 : 03F;
46980 : 03F;
46981 : 03F;
46982 : 03F;
46983 : 03F;
46984 : 03F;
46985 : 03F;
46986 : 03F;
46987 : 03F;
46988 : 03F;
46989 : 03F;
46990 : 03F;
46991 : 03F;
46992 : 03F;
46993 : 03F;
46994 : 03F;
46995 : 03F;
46996 : 03F;
46997 : 03F;
46998 : 03F;
46999 : 03F;
47000 : 03F;
47001 : 03F;
47002 : 03F;
47003 : 03F;
47004 : 03F;
47005 : 03F;
47006 : 03F;
47007 : 03F;
47008 : 03F;
47009 : 03F;
47010 : 03F;
47011 : 03F;
47012 : 03F;
47013 : 03F;
47014 : 03F;
47015 : 03F;
47016 : 1FF;
47017 : 1FF;
47018 : 1FF;
47019 : 1FF;
47020 : 1FF;
47021 : 1FF;
47022 : 1FF;
47023 : 1FF;
47024 : 1FF;
47025 : 1FF;
47026 : 1FF;
47027 : 1FF;
47028 : 1FF;
47029 : 1FF;
47030 : 1FF;
47031 : 1FF;
47032 : 1FF;
47033 : 1FF;
47034 : 1FF;
47035 : 1FF;
47036 : 1FF;
47037 : 1FF;
47038 : 1FF;
47039 : 1FF;
47040 : 03F;
47041 : 03F;
47042 : 03F;
47043 : 03F;
47044 : 03F;
47045 : 03F;
47046 : 03F;
47047 : 03F;
47048 : 03F;
47049 : 03F;
47050 : 03F;
47051 : 03F;
47052 : 03F;
47053 : 03F;
47054 : 03F;
47055 : 03F;
47056 : 03F;
47057 : 03F;
47058 : 03F;
47059 : 03F;
47060 : 03F;
47061 : 03F;
47062 : 03F;
47063 : 03F;
47064 : 03F;
47065 : 03F;
47066 : 03F;
47067 : 03F;
47068 : 03F;
47069 : 03F;
47070 : 03F;
47071 : 03F;
47072 : 03F;
47073 : 018;
47074 : 018;
47075 : 018;
47076 : 018;
47077 : 018;
47078 : 03F;
47079 : 03F;
47080 : 03F;
47081 : 03F;
47082 : 03F;
47083 : 03F;
47084 : 03F;
47085 : 03F;
47086 : 03F;
47087 : 03F;
47088 : 03F;
47089 : 03F;
47090 : 03F;
47091 : 03F;
47092 : 03F;
47093 : 03F;
47094 : 03F;
47095 : 03F;
47096 : 03F;
47097 : 03F;
47098 : 03F;
47099 : 03F;
47100 : 03F;
47101 : 03F;
47102 : 03F;
47103 : 03F;
47104 : 03F;
47105 : 03F;
47106 : 110;
47107 : 1D8;
47108 : 1D8;
47109 : 1D8;
47110 : 1D8;
47111 : 1D8;
47112 : 1D8;
47113 : 110;
47114 : 110;
47115 : 110;
47116 : 03F;
47117 : 03F;
47118 : 03F;
47119 : 03F;
47120 : 03F;
47121 : 03F;
47122 : 03F;
47123 : 03F;
47124 : 03F;
47125 : 03F;
47126 : 03F;
47127 : 03F;
47128 : 03F;
47129 : 03F;
47130 : 03F;
47131 : 03F;
47132 : 03F;
47133 : 03F;
47134 : 03F;
47135 : 03F;
47136 : 03F;
47137 : 03F;
47138 : 03F;
47139 : 03F;
47140 : 03F;
47141 : 03F;
47142 : 03F;
47143 : 03F;
47144 : 03F;
47145 : 03F;
47146 : 03F;
47147 : 007;
47148 : 007;
47149 : 007;
47150 : 007;
47151 : 007;
47152 : 007;
47153 : 007;
47154 : 03F;
47155 : 03F;
47156 : 03F;
47157 : 03F;
47158 : 03F;
47159 : 03F;
47160 : 03F;
47161 : 03F;
47162 : 03F;
47163 : 03F;
47164 : 03F;
47165 : 03F;
47166 : 03F;
47167 : 03F;
47168 : 03F;
47169 : 03F;
47170 : 03F;
47171 : 03F;
47172 : 03F;
47173 : 03F;
47174 : 03F;
47175 : 03F;
47176 : 03F;
47177 : 03F;
47178 : 03F;
47179 : 03F;
47180 : 03F;
47181 : 03F;
47182 : 03F;
47183 : 03F;
47184 : 03F;
47185 : 03F;
47186 : 03F;
47187 : 03F;
47188 : 03F;
47189 : 03F;
47190 : 03F;
47191 : 03F;
47192 : 03F;
47193 : 03F;
47194 : 03F;
47195 : 03F;
47196 : 03F;
47197 : 03F;
47198 : 03F;
47199 : 03F;
47200 : 03F;
47201 : 03F;
47202 : 03F;
47203 : 03F;
47204 : 03F;
47205 : 03F;
47206 : 03F;
47207 : 03F;
47208 : 03F;
47209 : 03F;
47210 : 03F;
47211 : 03F;
47212 : 03F;
47213 : 03F;
47214 : 03F;
47215 : 03F;
47216 : 03F;
47217 : 03F;
47218 : 03F;
47219 : 03F;
47220 : 03F;
47221 : 03F;
47222 : 03F;
47223 : 03F;
47224 : 03F;
47225 : 03F;
47226 : 03F;
47227 : 03F;
47228 : 03F;
47229 : 03F;
47230 : 03F;
47231 : 03F;
47232 : 03F;
47233 : 03F;
47234 : 03F;
47235 : 03F;
47236 : 03F;
47237 : 03F;
47238 : 03F;
47239 : 03F;
47240 : 03F;
47241 : 03F;
47242 : 03F;
47243 : 03F;
47244 : 03F;
47245 : 03F;
47246 : 03F;
47247 : 03F;
47248 : 03F;
47249 : 03F;
47250 : 03F;
47251 : 03F;
47252 : 03F;
47253 : 03F;
47254 : 03F;
47255 : 03F;
47256 : 03F;
47257 : 03F;
47258 : 03F;
47259 : 03F;
47260 : 03F;
47261 : 03F;
47262 : 03F;
47263 : 03F;
47264 : 03F;
47265 : 03F;
47266 : 03F;
47267 : 03F;
47268 : 03F;
47269 : 03F;
47270 : 03F;
47271 : 03F;
47272 : 03F;
47273 : 03F;
47274 : 03F;
47275 : 03F;
47276 : 03F;
47277 : 03F;
47278 : 03F;
47279 : 03F;
47280 : 03F;
47281 : 03F;
47282 : 03F;
47283 : 03F;
47284 : 03F;
47285 : 03F;
47286 : 03F;
47287 : 03F;
47288 : 03F;
47289 : 03F;
47290 : 03F;
47291 : 03F;
47292 : 03F;
47293 : 03F;
47294 : 03F;
47295 : 03F;
47296 : 03F;
47297 : 03F;
47298 : 03F;
47299 : 03F;
47300 : 03F;
47301 : 03F;
47302 : 03F;
47303 : 03F;
47304 : 03F;
47305 : 03F;
47306 : 03F;
47307 : 03F;
47308 : 03F;
47309 : 03F;
47310 : 03F;
47311 : 03F;
47312 : 03F;
47313 : 03F;
47314 : 03F;
47315 : 03F;
47316 : 03F;
47317 : 03F;
47318 : 03F;
47319 : 03F;
47320 : 03F;
47321 : 03F;
47322 : 03F;
47323 : 03F;
47324 : 03F;
47325 : 03F;
47326 : 03F;
47327 : 03F;
47328 : 03F;
47329 : 03F;
47330 : 03F;
47331 : 03F;
47332 : 1FF;
47333 : 1FF;
47334 : 1FF;
47335 : 1FF;
47336 : 1FF;
47337 : 1FF;
47338 : 1FF;
47339 : 1FF;
47340 : 1FF;
47341 : 1FF;
47342 : 1FF;
47343 : 1FF;
47344 : 1FF;
47345 : 1FF;
47346 : 1FF;
47347 : 1FF;
47348 : 1FF;
47349 : 1FF;
47350 : 1FF;
47351 : 1FF;
47352 : 1FF;
47353 : 1FF;
47354 : 1FF;
47355 : 1DD;
47356 : 1DD;
47357 : 1DD;
47358 : 1DD;
47359 : 1DD;
47360 : 03F;
47361 : 03F;
47362 : 1FF;
47363 : 1FF;
47364 : 1FF;
47365 : 1FF;
47366 : 03F;
47367 : 03F;
47368 : 03F;
47369 : 03F;
47370 : 03F;
47371 : 03F;
47372 : 03F;
47373 : 03F;
47374 : 03F;
47375 : 03F;
47376 : 03F;
47377 : 03F;
47378 : 03F;
47379 : 03F;
47380 : 03F;
47381 : 03F;
47382 : 03F;
47383 : 03F;
47384 : 03F;
47385 : 03F;
47386 : 03F;
47387 : 03F;
47388 : 03F;
47389 : 03F;
47390 : 03F;
47391 : 03F;
47392 : 018;
47393 : 018;
47394 : 018;
47395 : 018;
47396 : 018;
47397 : 03F;
47398 : 03F;
47399 : 03F;
47400 : 03F;
47401 : 03F;
47402 : 03F;
47403 : 03F;
47404 : 03F;
47405 : 03F;
47406 : 03F;
47407 : 03F;
47408 : 03F;
47409 : 03F;
47410 : 03F;
47411 : 03F;
47412 : 03F;
47413 : 03F;
47414 : 03F;
47415 : 03F;
47416 : 03F;
47417 : 03F;
47418 : 03F;
47419 : 03F;
47420 : 03F;
47421 : 03F;
47422 : 03F;
47423 : 03F;
47424 : 03F;
47425 : 03F;
47426 : 1D8;
47427 : 1D8;
47428 : 1D8;
47429 : 1D8;
47430 : 1D8;
47431 : 1D8;
47432 : 110;
47433 : 110;
47434 : 110;
47435 : 110;
47436 : 03F;
47437 : 03F;
47438 : 03F;
47439 : 03F;
47440 : 03F;
47441 : 03F;
47442 : 03F;
47443 : 03F;
47444 : 03F;
47445 : 03F;
47446 : 03F;
47447 : 03F;
47448 : 03F;
47449 : 03F;
47450 : 03F;
47451 : 03F;
47452 : 03F;
47453 : 03F;
47454 : 03F;
47455 : 03F;
47456 : 03F;
47457 : 03F;
47458 : 03F;
47459 : 03F;
47460 : 03F;
47461 : 03F;
47462 : 03F;
47463 : 03F;
47464 : 03F;
47465 : 03F;
47466 : 03F;
47467 : 03F;
47468 : 03F;
47469 : 03F;
47470 : 03F;
47471 : 03F;
47472 : 03F;
47473 : 03F;
47474 : 03F;
47475 : 03F;
47476 : 03F;
47477 : 03F;
47478 : 03F;
47479 : 03F;
47480 : 03F;
47481 : 03F;
47482 : 03F;
47483 : 03F;
47484 : 03F;
47485 : 03F;
47486 : 03F;
47487 : 03F;
47488 : 03F;
47489 : 03F;
47490 : 03F;
47491 : 03F;
47492 : 03F;
47493 : 03F;
47494 : 03F;
47495 : 03F;
47496 : 03F;
47497 : 03F;
47498 : 03F;
47499 : 03F;
47500 : 03F;
47501 : 03F;
47502 : 03F;
47503 : 03F;
47504 : 03F;
47505 : 03F;
47506 : 03F;
47507 : 03F;
47508 : 03F;
47509 : 03F;
47510 : 03F;
47511 : 03F;
47512 : 03F;
47513 : 03F;
47514 : 03F;
47515 : 03F;
47516 : 03F;
47517 : 03F;
47518 : 03F;
47519 : 03F;
47520 : 03F;
47521 : 03F;
47522 : 03F;
47523 : 03F;
47524 : 03F;
47525 : 03F;
47526 : 03F;
47527 : 03F;
47528 : 03F;
47529 : 03F;
47530 : 03F;
47531 : 03F;
47532 : 03F;
47533 : 03F;
47534 : 03F;
47535 : 03F;
47536 : 03F;
47537 : 03F;
47538 : 03F;
47539 : 03F;
47540 : 03F;
47541 : 03F;
47542 : 03F;
47543 : 03F;
47544 : 03F;
47545 : 03F;
47546 : 03F;
47547 : 03F;
47548 : 03F;
47549 : 03F;
47550 : 03F;
47551 : 03F;
47552 : 03F;
47553 : 03F;
47554 : 03F;
47555 : 03F;
47556 : 03F;
47557 : 03F;
47558 : 03F;
47559 : 03F;
47560 : 03F;
47561 : 03F;
47562 : 03F;
47563 : 03F;
47564 : 03F;
47565 : 03F;
47566 : 03F;
47567 : 03F;
47568 : 03F;
47569 : 03F;
47570 : 03F;
47571 : 03F;
47572 : 03F;
47573 : 03F;
47574 : 03F;
47575 : 03F;
47576 : 03F;
47577 : 03F;
47578 : 03F;
47579 : 03F;
47580 : 03F;
47581 : 03F;
47582 : 03F;
47583 : 03F;
47584 : 03F;
47585 : 03F;
47586 : 03F;
47587 : 03F;
47588 : 03F;
47589 : 03F;
47590 : 03F;
47591 : 03F;
47592 : 03F;
47593 : 03F;
47594 : 03F;
47595 : 03F;
47596 : 03F;
47597 : 03F;
47598 : 03F;
47599 : 03F;
47600 : 03F;
47601 : 03F;
47602 : 03F;
47603 : 03F;
47604 : 03F;
47605 : 03F;
47606 : 03F;
47607 : 03F;
47608 : 03F;
47609 : 03F;
47610 : 03F;
47611 : 03F;
47612 : 03F;
47613 : 03F;
47614 : 03F;
47615 : 03F;
47616 : 03F;
47617 : 03F;
47618 : 03F;
47619 : 03F;
47620 : 03F;
47621 : 03F;
47622 : 03F;
47623 : 03F;
47624 : 03F;
47625 : 03F;
47626 : 03F;
47627 : 03F;
47628 : 03F;
47629 : 03F;
47630 : 03F;
47631 : 03F;
47632 : 03F;
47633 : 03F;
47634 : 03F;
47635 : 03F;
47636 : 03F;
47637 : 03F;
47638 : 03F;
47639 : 03F;
47640 : 03F;
47641 : 03F;
47642 : 03F;
47643 : 03F;
47644 : 03F;
47645 : 03F;
47646 : 03F;
47647 : 03F;
47648 : 1FF;
47649 : 1FF;
47650 : 1FF;
47651 : 1FF;
47652 : 1FF;
47653 : 1FF;
47654 : 1FF;
47655 : 1FF;
47656 : 1FF;
47657 : 1FF;
47658 : 1FF;
47659 : 1FF;
47660 : 1FF;
47661 : 1FF;
47662 : 1FF;
47663 : 1FF;
47664 : 1FF;
47665 : 1FF;
47666 : 1FF;
47667 : 1DD;
47668 : 1DD;
47669 : 1DD;
47670 : 1DD;
47671 : 1DD;
47672 : 1DD;
47673 : 1DD;
47674 : 1DD;
47675 : 1DD;
47676 : 1DD;
47677 : 1DD;
47678 : 1DD;
47679 : 1DD;
47680 : 03F;
47681 : 03F;
47682 : 03F;
47683 : 03F;
47684 : 03F;
47685 : 03F;
47686 : 03F;
47687 : 03F;
47688 : 03F;
47689 : 03F;
47690 : 03F;
47691 : 03F;
47692 : 03F;
47693 : 03F;
47694 : 03F;
47695 : 03F;
47696 : 03F;
47697 : 03F;
47698 : 03F;
47699 : 03F;
47700 : 03F;
47701 : 03F;
47702 : 03F;
47703 : 03F;
47704 : 03F;
47705 : 03F;
47706 : 03F;
47707 : 03F;
47708 : 03F;
47709 : 03F;
47710 : 03F;
47711 : 03F;
47712 : 018;
47713 : 018;
47714 : 018;
47715 : 018;
47716 : 03F;
47717 : 03F;
47718 : 03F;
47719 : 03F;
47720 : 03F;
47721 : 03F;
47722 : 03F;
47723 : 03F;
47724 : 03F;
47725 : 03F;
47726 : 03F;
47727 : 03F;
47728 : 03F;
47729 : 03F;
47730 : 03F;
47731 : 03F;
47732 : 03F;
47733 : 03F;
47734 : 03F;
47735 : 03F;
47736 : 03F;
47737 : 03F;
47738 : 03F;
47739 : 03F;
47740 : 03F;
47741 : 03F;
47742 : 03F;
47743 : 03F;
47744 : 03F;
47745 : 03F;
47746 : 1D8;
47747 : 110;
47748 : 1D8;
47749 : 1D8;
47750 : 1D8;
47751 : 1D8;
47752 : 110;
47753 : 110;
47754 : 110;
47755 : 110;
47756 : 03F;
47757 : 03F;
47758 : 03F;
47759 : 03F;
47760 : 03F;
47761 : 03F;
47762 : 03F;
47763 : 03F;
47764 : 03F;
47765 : 03F;
47766 : 03F;
47767 : 03F;
47768 : 03F;
47769 : 03F;
47770 : 03F;
47771 : 03F;
47772 : 03F;
47773 : 03F;
47774 : 03F;
47775 : 03F;
47776 : 03F;
47777 : 03F;
47778 : 03F;
47779 : 03F;
47780 : 03F;
47781 : 007;
47782 : 007;
47783 : 007;
47784 : 007;
47785 : 007;
47786 : 03F;
47787 : 03F;
47788 : 03F;
47789 : 03F;
47790 : 03F;
47791 : 03F;
47792 : 03F;
47793 : 03F;
47794 : 03F;
47795 : 03F;
47796 : 03F;
47797 : 03F;
47798 : 03F;
47799 : 03F;
47800 : 03F;
47801 : 03F;
47802 : 03F;
47803 : 03F;
47804 : 03F;
47805 : 03F;
47806 : 03F;
47807 : 03F;
47808 : 03F;
47809 : 03F;
47810 : 03F;
47811 : 03F;
47812 : 03F;
47813 : 03F;
47814 : 03F;
47815 : 03F;
47816 : 03F;
47817 : 03F;
47818 : 03F;
47819 : 03F;
47820 : 03F;
47821 : 03F;
47822 : 03F;
47823 : 03F;
47824 : 03F;
47825 : 03F;
47826 : 03F;
47827 : 03F;
47828 : 03F;
47829 : 03F;
47830 : 03F;
47831 : 03F;
47832 : 03F;
47833 : 03F;
47834 : 03F;
47835 : 03F;
47836 : 03F;
47837 : 03F;
47838 : 03F;
47839 : 03F;
47840 : 03F;
47841 : 03F;
47842 : 03F;
47843 : 03F;
47844 : 03F;
47845 : 03F;
47846 : 03F;
47847 : 03F;
47848 : 03F;
47849 : 03F;
47850 : 03F;
47851 : 03F;
47852 : 03F;
47853 : 03F;
47854 : 03F;
47855 : 03F;
47856 : 03F;
47857 : 03F;
47858 : 03F;
47859 : 03F;
47860 : 03F;
47861 : 03F;
47862 : 03F;
47863 : 03F;
47864 : 03F;
47865 : 03F;
47866 : 03F;
47867 : 03F;
47868 : 03F;
47869 : 03F;
47870 : 03F;
47871 : 03F;
47872 : 03F;
47873 : 03F;
47874 : 03F;
47875 : 03F;
47876 : 03F;
47877 : 03F;
47878 : 03F;
47879 : 03F;
47880 : 03F;
47881 : 03F;
47882 : 03F;
47883 : 03F;
47884 : 03F;
47885 : 03F;
47886 : 03F;
47887 : 03F;
47888 : 03F;
47889 : 03F;
47890 : 03F;
47891 : 03F;
47892 : 03F;
47893 : 03F;
47894 : 03F;
47895 : 03F;
47896 : 03F;
47897 : 03F;
47898 : 03F;
47899 : 03F;
47900 : 03F;
47901 : 03F;
47902 : 03F;
47903 : 03F;
47904 : 03F;
47905 : 03F;
47906 : 03F;
47907 : 03F;
47908 : 03F;
47909 : 03F;
47910 : 03F;
47911 : 03F;
47912 : 03F;
47913 : 03F;
47914 : 03F;
47915 : 03F;
47916 : 03F;
47917 : 03F;
47918 : 03F;
47919 : 03F;
47920 : 03F;
47921 : 03F;
47922 : 03F;
47923 : 03F;
47924 : 03F;
47925 : 03F;
47926 : 03F;
47927 : 03F;
47928 : 03F;
47929 : 03F;
47930 : 03F;
47931 : 03F;
47932 : 03F;
47933 : 03F;
47934 : 03F;
47935 : 03F;
47936 : 03F;
47937 : 03F;
47938 : 03F;
47939 : 03F;
47940 : 03F;
47941 : 03F;
47942 : 03F;
47943 : 03F;
47944 : 03F;
47945 : 03F;
47946 : 03F;
47947 : 03F;
47948 : 03F;
47949 : 03F;
47950 : 03F;
47951 : 03F;
47952 : 03F;
47953 : 03F;
47954 : 03F;
47955 : 03F;
47956 : 03F;
47957 : 03F;
47958 : 03F;
47959 : 03F;
47960 : 03F;
47961 : 03F;
47962 : 03F;
47963 : 03F;
47964 : 03F;
47965 : 1FF;
47966 : 1FF;
47967 : 1FF;
47968 : 1FF;
47969 : 1FF;
47970 : 1FF;
47971 : 1FF;
47972 : 1FF;
47973 : 1FF;
47974 : 1FF;
47975 : 1FF;
47976 : 1FF;
47977 : 1FF;
47978 : 1FF;
47979 : 1FF;
47980 : 1FF;
47981 : 1DD;
47982 : 1DD;
47983 : 1DD;
47984 : 1DD;
47985 : 1DD;
47986 : 1DD;
47987 : 1DD;
47988 : 1DD;
47989 : 1DD;
47990 : 1DD;
47991 : 1DD;
47992 : 1DD;
47993 : 1DD;
47994 : 1DD;
47995 : 1DD;
47996 : 1DD;
47997 : 1DD;
47998 : 1DD;
47999 : 1DD;
48000 : 03F;
48001 : 03F;
48002 : 03F;
48003 : 03F;
48004 : 03F;
48005 : 03F;
48006 : 03F;
48007 : 03F;
48008 : 03F;
48009 : 03F;
48010 : 03F;
48011 : 03F;
48012 : 03F;
48013 : 03F;
48014 : 03F;
48015 : 03F;
48016 : 03F;
48017 : 03F;
48018 : 03F;
48019 : 03F;
48020 : 03F;
48021 : 03F;
48022 : 03F;
48023 : 03F;
48024 : 03F;
48025 : 03F;
48026 : 03F;
48027 : 03F;
48028 : 03F;
48029 : 03F;
48030 : 03F;
48031 : 03F;
48032 : 018;
48033 : 018;
48034 : 018;
48035 : 03F;
48036 : 03F;
48037 : 03F;
48038 : 03F;
48039 : 03F;
48040 : 03F;
48041 : 03F;
48042 : 03F;
48043 : 03F;
48044 : 03F;
48045 : 03F;
48046 : 03F;
48047 : 03F;
48048 : 03F;
48049 : 03F;
48050 : 03F;
48051 : 03F;
48052 : 03F;
48053 : 03F;
48054 : 03F;
48055 : 03F;
48056 : 03F;
48057 : 03F;
48058 : 03F;
48059 : 03F;
48060 : 03F;
48061 : 03F;
48062 : 03F;
48063 : 03F;
48064 : 03F;
48065 : 03F;
48066 : 1D8;
48067 : 1D8;
48068 : 110;
48069 : 110;
48070 : 1D8;
48071 : 1D8;
48072 : 110;
48073 : 110;
48074 : 110;
48075 : 110;
48076 : 03F;
48077 : 03F;
48078 : 03F;
48079 : 03F;
48080 : 03F;
48081 : 03F;
48082 : 03F;
48083 : 03F;
48084 : 03F;
48085 : 03F;
48086 : 03F;
48087 : 03F;
48088 : 03F;
48089 : 03F;
48090 : 03F;
48091 : 03F;
48092 : 03F;
48093 : 03F;
48094 : 03F;
48095 : 03F;
48096 : 03F;
48097 : 03F;
48098 : 03F;
48099 : 03F;
48100 : 03F;
48101 : 03F;
48102 : 03F;
48103 : 03F;
48104 : 03F;
48105 : 03F;
48106 : 03F;
48107 : 03F;
48108 : 03F;
48109 : 03F;
48110 : 03F;
48111 : 03F;
48112 : 03F;
48113 : 03F;
48114 : 03F;
48115 : 03F;
48116 : 03F;
48117 : 03F;
48118 : 03F;
48119 : 03F;
48120 : 03F;
48121 : 03F;
48122 : 03F;
48123 : 03F;
48124 : 03F;
48125 : 03F;
48126 : 03F;
48127 : 03F;
48128 : 03F;
48129 : 03F;
48130 : 03F;
48131 : 03F;
48132 : 03F;
48133 : 03F;
48134 : 03F;
48135 : 03F;
48136 : 03F;
48137 : 03F;
48138 : 03F;
48139 : 03F;
48140 : 03F;
48141 : 03F;
48142 : 03F;
48143 : 03F;
48144 : 03F;
48145 : 03F;
48146 : 03F;
48147 : 03F;
48148 : 03F;
48149 : 03F;
48150 : 03F;
48151 : 03F;
48152 : 03F;
48153 : 03F;
48154 : 03F;
48155 : 03F;
48156 : 03F;
48157 : 03F;
48158 : 03F;
48159 : 03F;
48160 : 03F;
48161 : 03F;
48162 : 03F;
48163 : 03F;
48164 : 03F;
48165 : 03F;
48166 : 03F;
48167 : 03F;
48168 : 03F;
48169 : 03F;
48170 : 03F;
48171 : 03F;
48172 : 03F;
48173 : 03F;
48174 : 03F;
48175 : 03F;
48176 : 03F;
48177 : 03F;
48178 : 03F;
48179 : 03F;
48180 : 03F;
48181 : 03F;
48182 : 03F;
48183 : 03F;
48184 : 03F;
48185 : 03F;
48186 : 03F;
48187 : 03F;
48188 : 03F;
48189 : 03F;
48190 : 03F;
48191 : 03F;
48192 : 03F;
48193 : 03F;
48194 : 03F;
48195 : 03F;
48196 : 03F;
48197 : 03F;
48198 : 03F;
48199 : 03F;
48200 : 03F;
48201 : 03F;
48202 : 03F;
48203 : 03F;
48204 : 03F;
48205 : 03F;
48206 : 03F;
48207 : 03F;
48208 : 03F;
48209 : 03F;
48210 : 03F;
48211 : 03F;
48212 : 03F;
48213 : 03F;
48214 : 03F;
48215 : 03F;
48216 : 03F;
48217 : 03F;
48218 : 03F;
48219 : 03F;
48220 : 03F;
48221 : 03F;
48222 : 03F;
48223 : 03F;
48224 : 03F;
48225 : 03F;
48226 : 03F;
48227 : 03F;
48228 : 03F;
48229 : 03F;
48230 : 03F;
48231 : 007;
48232 : 007;
48233 : 007;
48234 : 007;
48235 : 007;
48236 : 007;
48237 : 03F;
48238 : 03F;
48239 : 03F;
48240 : 03F;
48241 : 03F;
48242 : 03F;
48243 : 03F;
48244 : 03F;
48245 : 03F;
48246 : 03F;
48247 : 03F;
48248 : 03F;
48249 : 03F;
48250 : 03F;
48251 : 03F;
48252 : 1FF;
48253 : 03F;
48254 : 03F;
48255 : 03F;
48256 : 03F;
48257 : 03F;
48258 : 03F;
48259 : 03F;
48260 : 03F;
48261 : 03F;
48262 : 03F;
48263 : 03F;
48264 : 03F;
48265 : 03F;
48266 : 03F;
48267 : 03F;
48268 : 03F;
48269 : 03F;
48270 : 03F;
48271 : 03F;
48272 : 03F;
48273 : 03F;
48274 : 03F;
48275 : 03F;
48276 : 03F;
48277 : 03F;
48278 : 03F;
48279 : 03F;
48280 : 03F;
48281 : 1FF;
48282 : 1FF;
48283 : 1FF;
48284 : 1FF;
48285 : 1FF;
48286 : 1FF;
48287 : 1FF;
48288 : 1FF;
48289 : 1FF;
48290 : 1FF;
48291 : 1FF;
48292 : 1FF;
48293 : 1FF;
48294 : 1FF;
48295 : 1FF;
48296 : 1DD;
48297 : 1DD;
48298 : 1DD;
48299 : 1DD;
48300 : 1DD;
48301 : 1DD;
48302 : 1DD;
48303 : 1DD;
48304 : 1DD;
48305 : 1DD;
48306 : 1DD;
48307 : 1DD;
48308 : 1DD;
48309 : 1DD;
48310 : 1DD;
48311 : 1DD;
48312 : 1DD;
48313 : 1DD;
48314 : 1DD;
48315 : 1DD;
48316 : 1DD;
48317 : 1DD;
48318 : 1DD;
48319 : 1DD;
48320 : 03F;
48321 : 03F;
48322 : 03F;
48323 : 03F;
48324 : 03F;
48325 : 03F;
48326 : 03F;
48327 : 03F;
48328 : 03F;
48329 : 03F;
48330 : 03F;
48331 : 03F;
48332 : 03F;
48333 : 03F;
48334 : 03F;
48335 : 03F;
48336 : 03F;
48337 : 03F;
48338 : 03F;
48339 : 03F;
48340 : 03F;
48341 : 03F;
48342 : 03F;
48343 : 03F;
48344 : 03F;
48345 : 03F;
48346 : 03F;
48347 : 03F;
48348 : 03F;
48349 : 03F;
48350 : 03F;
48351 : 03F;
48352 : 018;
48353 : 018;
48354 : 03F;
48355 : 03F;
48356 : 03F;
48357 : 03F;
48358 : 03F;
48359 : 03F;
48360 : 03F;
48361 : 03F;
48362 : 03F;
48363 : 03F;
48364 : 03F;
48365 : 03F;
48366 : 03F;
48367 : 03F;
48368 : 03F;
48369 : 03F;
48370 : 03F;
48371 : 03F;
48372 : 03F;
48373 : 03F;
48374 : 03F;
48375 : 03F;
48376 : 03F;
48377 : 03F;
48378 : 03F;
48379 : 03F;
48380 : 03F;
48381 : 03F;
48382 : 03F;
48383 : 03F;
48384 : 03F;
48385 : 03F;
48386 : 1D8;
48387 : 1D8;
48388 : 1D8;
48389 : 1D8;
48390 : 110;
48391 : 110;
48392 : 110;
48393 : 110;
48394 : 110;
48395 : 03F;
48396 : 03F;
48397 : 03F;
48398 : 03F;
48399 : 03F;
48400 : 03F;
48401 : 03F;
48402 : 03F;
48403 : 03F;
48404 : 03F;
48405 : 03F;
48406 : 03F;
48407 : 03F;
48408 : 03F;
48409 : 03F;
48410 : 03F;
48411 : 03F;
48412 : 03F;
48413 : 03F;
48414 : 03F;
48415 : 03F;
48416 : 03F;
48417 : 03F;
48418 : 03F;
48419 : 03F;
48420 : 03F;
48421 : 03F;
48422 : 03F;
48423 : 03F;
48424 : 03F;
48425 : 03F;
48426 : 03F;
48427 : 03F;
48428 : 03F;
48429 : 03F;
48430 : 03F;
48431 : 03F;
48432 : 03F;
48433 : 03F;
48434 : 03F;
48435 : 03F;
48436 : 03F;
48437 : 03F;
48438 : 03F;
48439 : 03F;
48440 : 03F;
48441 : 03F;
48442 : 03F;
48443 : 03F;
48444 : 03F;
48445 : 03F;
48446 : 03F;
48447 : 03F;
48448 : 03F;
48449 : 03F;
48450 : 03F;
48451 : 03F;
48452 : 03F;
48453 : 03F;
48454 : 03F;
48455 : 03F;
48456 : 03F;
48457 : 03F;
48458 : 03F;
48459 : 03F;
48460 : 03F;
48461 : 03F;
48462 : 03F;
48463 : 03F;
48464 : 03F;
48465 : 03F;
48466 : 03F;
48467 : 03F;
48468 : 03F;
48469 : 03F;
48470 : 03F;
48471 : 03F;
48472 : 03F;
48473 : 03F;
48474 : 03F;
48475 : 03F;
48476 : 03F;
48477 : 03F;
48478 : 03F;
48479 : 03F;
48480 : 03F;
48481 : 03F;
48482 : 03F;
48483 : 03F;
48484 : 03F;
48485 : 03F;
48486 : 03F;
48487 : 03F;
48488 : 03F;
48489 : 03F;
48490 : 03F;
48491 : 03F;
48492 : 03F;
48493 : 03F;
48494 : 03F;
48495 : 03F;
48496 : 03F;
48497 : 03F;
48498 : 03F;
48499 : 03F;
48500 : 03F;
48501 : 03F;
48502 : 03F;
48503 : 03F;
48504 : 03F;
48505 : 03F;
48506 : 03F;
48507 : 03F;
48508 : 03F;
48509 : 03F;
48510 : 03F;
48511 : 03F;
48512 : 03F;
48513 : 03F;
48514 : 03F;
48515 : 03F;
48516 : 03F;
48517 : 03F;
48518 : 03F;
48519 : 03F;
48520 : 03F;
48521 : 03F;
48522 : 03F;
48523 : 03F;
48524 : 03F;
48525 : 03F;
48526 : 03F;
48527 : 03F;
48528 : 03F;
48529 : 03F;
48530 : 03F;
48531 : 03F;
48532 : 03F;
48533 : 03F;
48534 : 03F;
48535 : 03F;
48536 : 03F;
48537 : 03F;
48538 : 03F;
48539 : 03F;
48540 : 03F;
48541 : 03F;
48542 : 03F;
48543 : 03F;
48544 : 03F;
48545 : 03F;
48546 : 03F;
48547 : 03F;
48548 : 03F;
48549 : 03F;
48550 : 03F;
48551 : 03F;
48552 : 03F;
48553 : 03F;
48554 : 03F;
48555 : 03F;
48556 : 03F;
48557 : 03F;
48558 : 03F;
48559 : 03F;
48560 : 03F;
48561 : 03F;
48562 : 03F;
48563 : 03F;
48564 : 03F;
48565 : 03F;
48566 : 03F;
48567 : 03F;
48568 : 1C0;
48569 : 1C0;
48570 : 1C0;
48571 : 1FF;
48572 : 1FF;
48573 : 1FF;
48574 : 1C0;
48575 : 1C0;
48576 : 03F;
48577 : 03F;
48578 : 03F;
48579 : 03F;
48580 : 03F;
48581 : 03F;
48582 : 03F;
48583 : 03F;
48584 : 03F;
48585 : 03F;
48586 : 03F;
48587 : 03F;
48588 : 03F;
48589 : 03F;
48590 : 03F;
48591 : 03F;
48592 : 03F;
48593 : 03F;
48594 : 03F;
48595 : 03F;
48596 : 03F;
48597 : 03F;
48598 : 1FF;
48599 : 1FF;
48600 : 1FF;
48601 : 1FF;
48602 : 1FF;
48603 : 1FF;
48604 : 1FF;
48605 : 1FF;
48606 : 1FF;
48607 : 1FF;
48608 : 1FF;
48609 : 1FF;
48610 : 1FF;
48611 : 1FF;
48612 : 1DD;
48613 : 1DD;
48614 : 1DD;
48615 : 1DD;
48616 : 1DD;
48617 : 1DD;
48618 : 1DD;
48619 : 1DD;
48620 : 1DD;
48621 : 1DD;
48622 : 1DD;
48623 : 1DD;
48624 : 1DD;
48625 : 1DD;
48626 : 1DD;
48627 : 1DD;
48628 : 1DD;
48629 : 1DD;
48630 : 1DD;
48631 : 1DD;
48632 : 1DD;
48633 : 1DD;
48634 : 1DD;
48635 : 1DD;
48636 : 1DD;
48637 : 1DD;
48638 : 1DD;
48639 : 1DD;
48640 : 03F;
48641 : 03F;
48642 : 03F;
48643 : 03F;
48644 : 03F;
48645 : 03F;
48646 : 03F;
48647 : 03F;
48648 : 03F;
48649 : 03F;
48650 : 03F;
48651 : 03F;
48652 : 03F;
48653 : 03F;
48654 : 03F;
48655 : 03F;
48656 : 03F;
48657 : 03F;
48658 : 03F;
48659 : 03F;
48660 : 03F;
48661 : 03F;
48662 : 03F;
48663 : 03F;
48664 : 03F;
48665 : 03F;
48666 : 03F;
48667 : 03F;
48668 : 03F;
48669 : 03F;
48670 : 03F;
48671 : 018;
48672 : 018;
48673 : 018;
48674 : 03F;
48675 : 03F;
48676 : 03F;
48677 : 03F;
48678 : 03F;
48679 : 03F;
48680 : 03F;
48681 : 03F;
48682 : 03F;
48683 : 03F;
48684 : 03F;
48685 : 03F;
48686 : 03F;
48687 : 03F;
48688 : 03F;
48689 : 03F;
48690 : 03F;
48691 : 03F;
48692 : 03F;
48693 : 03F;
48694 : 03F;
48695 : 03F;
48696 : 03F;
48697 : 03F;
48698 : 03F;
48699 : 03F;
48700 : 03F;
48701 : 03F;
48702 : 03F;
48703 : 03F;
48704 : 03F;
48705 : 110;
48706 : 1D8;
48707 : 1D8;
48708 : 1D8;
48709 : 1D8;
48710 : 1D8;
48711 : 1D8;
48712 : 110;
48713 : 110;
48714 : 110;
48715 : 03F;
48716 : 03F;
48717 : 03F;
48718 : 03F;
48719 : 03F;
48720 : 03F;
48721 : 03F;
48722 : 03F;
48723 : 03F;
48724 : 03F;
48725 : 03F;
48726 : 03F;
48727 : 03F;
48728 : 03F;
48729 : 03F;
48730 : 03F;
48731 : 03F;
48732 : 03F;
48733 : 03F;
48734 : 03F;
48735 : 03F;
48736 : 03F;
48737 : 03F;
48738 : 03F;
48739 : 03F;
48740 : 03F;
48741 : 03F;
48742 : 03F;
48743 : 03F;
48744 : 03F;
48745 : 03F;
48746 : 03F;
48747 : 03F;
48748 : 03F;
48749 : 03F;
48750 : 03F;
48751 : 03F;
48752 : 03F;
48753 : 007;
48754 : 007;
48755 : 007;
48756 : 007;
48757 : 007;
48758 : 007;
48759 : 007;
48760 : 007;
48761 : 03F;
48762 : 03F;
48763 : 03F;
48764 : 03F;
48765 : 03F;
48766 : 03F;
48767 : 03F;
48768 : 03F;
48769 : 03F;
48770 : 03F;
48771 : 03F;
48772 : 03F;
48773 : 03F;
48774 : 03F;
48775 : 03F;
48776 : 03F;
48777 : 03F;
48778 : 03F;
48779 : 03F;
48780 : 03F;
48781 : 03F;
48782 : 03F;
48783 : 03F;
48784 : 03F;
48785 : 03F;
48786 : 03F;
48787 : 03F;
48788 : 03F;
48789 : 03F;
48790 : 03F;
48791 : 03F;
48792 : 03F;
48793 : 03F;
48794 : 03F;
48795 : 03F;
48796 : 03F;
48797 : 03F;
48798 : 03F;
48799 : 03F;
48800 : 03F;
48801 : 03F;
48802 : 03F;
48803 : 03F;
48804 : 03F;
48805 : 03F;
48806 : 03F;
48807 : 03F;
48808 : 03F;
48809 : 03F;
48810 : 03F;
48811 : 03F;
48812 : 03F;
48813 : 03F;
48814 : 03F;
48815 : 03F;
48816 : 03F;
48817 : 03F;
48818 : 03F;
48819 : 03F;
48820 : 03F;
48821 : 03F;
48822 : 03F;
48823 : 03F;
48824 : 03F;
48825 : 03F;
48826 : 03F;
48827 : 03F;
48828 : 03F;
48829 : 03F;
48830 : 03F;
48831 : 03F;
48832 : 03F;
48833 : 03F;
48834 : 03F;
48835 : 03F;
48836 : 03F;
48837 : 03F;
48838 : 03F;
48839 : 03F;
48840 : 03F;
48841 : 03F;
48842 : 03F;
48843 : 03F;
48844 : 03F;
48845 : 03F;
48846 : 03F;
48847 : 03F;
48848 : 03F;
48849 : 03F;
48850 : 03F;
48851 : 03F;
48852 : 03F;
48853 : 03F;
48854 : 03F;
48855 : 03F;
48856 : 03F;
48857 : 03F;
48858 : 03F;
48859 : 03F;
48860 : 03F;
48861 : 03F;
48862 : 03F;
48863 : 03F;
48864 : 03F;
48865 : 03F;
48866 : 03F;
48867 : 03F;
48868 : 03F;
48869 : 03F;
48870 : 03F;
48871 : 03F;
48872 : 03F;
48873 : 03F;
48874 : 03F;
48875 : 03F;
48876 : 03F;
48877 : 03F;
48878 : 03F;
48879 : 03F;
48880 : 03F;
48881 : 03F;
48882 : 03F;
48883 : 1C0;
48884 : 1C0;
48885 : 1C0;
48886 : 1C0;
48887 : 1C0;
48888 : 1C0;
48889 : 1FF;
48890 : 1FF;
48891 : 1FF;
48892 : 1FF;
48893 : 1FF;
48894 : 1FF;
48895 : 1C0;
48896 : 1C0;
48897 : 1C0;
48898 : 1C0;
48899 : 1C0;
48900 : 03F;
48901 : 03F;
48902 : 03F;
48903 : 03F;
48904 : 03F;
48905 : 03F;
48906 : 03F;
48907 : 03F;
48908 : 03F;
48909 : 03F;
48910 : 03F;
48911 : 03F;
48912 : 03F;
48913 : 03F;
48914 : 1FF;
48915 : 1FF;
48916 : 1FF;
48917 : 1FF;
48918 : 1FF;
48919 : 1FF;
48920 : 1FF;
48921 : 1FF;
48922 : 1FF;
48923 : 1FF;
48924 : 1FF;
48925 : 1FF;
48926 : 1FF;
48927 : 1FF;
48928 : 1DD;
48929 : 1DD;
48930 : 1DD;
48931 : 1DD;
48932 : 1DD;
48933 : 1DD;
48934 : 1DD;
48935 : 1DD;
48936 : 1DD;
48937 : 1DD;
48938 : 1DD;
48939 : 1DD;
48940 : 1DD;
48941 : 1DD;
48942 : 1DD;
48943 : 1DD;
48944 : 1DD;
48945 : 1DD;
48946 : 1DD;
48947 : 1DD;
48948 : 1DD;
48949 : 1DD;
48950 : 1DD;
48951 : 1DD;
48952 : 1DD;
48953 : 1DD;
48954 : 1DD;
48955 : 1DD;
48956 : 1DD;
48957 : 1DD;
48958 : 1DD;
48959 : 1DD;
48960 : 03F;
48961 : 03F;
48962 : 03F;
48963 : 03F;
48964 : 03F;
48965 : 03F;
48966 : 03F;
48967 : 03F;
48968 : 03F;
48969 : 03F;
48970 : 03F;
48971 : 03F;
48972 : 03F;
48973 : 03F;
48974 : 03F;
48975 : 03F;
48976 : 03F;
48977 : 03F;
48978 : 03F;
48979 : 03F;
48980 : 03F;
48981 : 03F;
48982 : 03F;
48983 : 03F;
48984 : 03F;
48985 : 03F;
48986 : 03F;
48987 : 03F;
48988 : 03F;
48989 : 03F;
48990 : 03F;
48991 : 018;
48992 : 018;
48993 : 03F;
48994 : 03F;
48995 : 03F;
48996 : 03F;
48997 : 03F;
48998 : 03F;
48999 : 03F;
49000 : 03F;
49001 : 03F;
49002 : 03F;
49003 : 03F;
49004 : 03F;
49005 : 03F;
49006 : 03F;
49007 : 03F;
49008 : 03F;
49009 : 03F;
49010 : 03F;
49011 : 03F;
49012 : 03F;
49013 : 03F;
49014 : 03F;
49015 : 03F;
49016 : 03F;
49017 : 03F;
49018 : 03F;
49019 : 03F;
49020 : 03F;
49021 : 03F;
49022 : 03F;
49023 : 03F;
49024 : 03F;
49025 : 1D8;
49026 : 1D8;
49027 : 1D8;
49028 : 1D8;
49029 : 1D8;
49030 : 1D8;
49031 : 110;
49032 : 110;
49033 : 110;
49034 : 110;
49035 : 03F;
49036 : 03F;
49037 : 03F;
49038 : 03F;
49039 : 03F;
49040 : 03F;
49041 : 03F;
49042 : 03F;
49043 : 03F;
49044 : 03F;
49045 : 03F;
49046 : 03F;
49047 : 03F;
49048 : 03F;
49049 : 03F;
49050 : 03F;
49051 : 03F;
49052 : 03F;
49053 : 03F;
49054 : 03F;
49055 : 03F;
49056 : 03F;
49057 : 03F;
49058 : 03F;
49059 : 03F;
49060 : 03F;
49061 : 03F;
49062 : 03F;
49063 : 03F;
49064 : 03F;
49065 : 03F;
49066 : 03F;
49067 : 03F;
49068 : 03F;
49069 : 03F;
49070 : 03F;
49071 : 03F;
49072 : 03F;
49073 : 03F;
49074 : 03F;
49075 : 03F;
49076 : 03F;
49077 : 03F;
49078 : 03F;
49079 : 03F;
49080 : 03F;
49081 : 03F;
49082 : 03F;
49083 : 03F;
49084 : 03F;
49085 : 03F;
49086 : 03F;
49087 : 03F;
49088 : 03F;
49089 : 03F;
49090 : 03F;
49091 : 03F;
49092 : 03F;
49093 : 03F;
49094 : 03F;
49095 : 03F;
49096 : 03F;
49097 : 03F;
49098 : 03F;
49099 : 03F;
49100 : 03F;
49101 : 03F;
49102 : 03F;
49103 : 03F;
49104 : 03F;
49105 : 03F;
49106 : 03F;
49107 : 03F;
49108 : 03F;
49109 : 03F;
49110 : 03F;
49111 : 03F;
49112 : 03F;
49113 : 03F;
49114 : 03F;
49115 : 03F;
49116 : 03F;
49117 : 03F;
49118 : 03F;
49119 : 03F;
49120 : 03F;
49121 : 03F;
49122 : 03F;
49123 : 03F;
49124 : 03F;
49125 : 03F;
49126 : 03F;
49127 : 03F;
49128 : 03F;
49129 : 03F;
49130 : 03F;
49131 : 03F;
49132 : 03F;
49133 : 03F;
49134 : 03F;
49135 : 03F;
49136 : 03F;
49137 : 03F;
49138 : 03F;
49139 : 03F;
49140 : 03F;
49141 : 03F;
49142 : 03F;
49143 : 03F;
49144 : 03F;
49145 : 03F;
49146 : 03F;
49147 : 03F;
49148 : 03F;
49149 : 03F;
49150 : 03F;
49151 : 03F;
49152 : 03F;
49153 : 03F;
49154 : 03F;
49155 : 03F;
49156 : 03F;
49157 : 03F;
49158 : 03F;
49159 : 03F;
49160 : 03F;
49161 : 03F;
49162 : 03F;
49163 : 03F;
49164 : 03F;
49165 : 03F;
49166 : 03F;
49167 : 03F;
49168 : 03F;
49169 : 03F;
49170 : 03F;
49171 : 03F;
49172 : 03F;
49173 : 03F;
49174 : 03F;
49175 : 03F;
49176 : 03F;
49177 : 03F;
49178 : 03F;
49179 : 03F;
49180 : 03F;
49181 : 03F;
49182 : 03F;
49183 : 03F;
49184 : 03F;
49185 : 03F;
49186 : 03F;
49187 : 03F;
49188 : 03F;
49189 : 03F;
49190 : 03F;
49191 : 03F;
49192 : 03F;
49193 : 03F;
49194 : 03F;
49195 : 03F;
49196 : 03F;
49197 : 03F;
49198 : 03F;
49199 : 1C0;
49200 : 1C0;
49201 : 1C0;
49202 : 1C0;
49203 : 1C0;
49204 : 1C0;
49205 : 1C0;
49206 : 1C0;
49207 : 1C0;
49208 : 1FF;
49209 : 1FF;
49210 : 1FF;
49211 : 1FF;
49212 : 1FF;
49213 : 1FF;
49214 : 1FF;
49215 : 1FF;
49216 : 1C0;
49217 : 1C0;
49218 : 1C0;
49219 : 1C0;
49220 : 1C0;
49221 : 1C0;
49222 : 1C0;
49223 : 03F;
49224 : 03F;
49225 : 03F;
49226 : 03F;
49227 : 03F;
49228 : 03F;
49229 : 03F;
49230 : 03F;
49231 : 1FF;
49232 : 1FF;
49233 : 1FF;
49234 : 1FF;
49235 : 1FF;
49236 : 1FF;
49237 : 1FF;
49238 : 1FF;
49239 : 1FF;
49240 : 1FF;
49241 : 1FF;
49242 : 1FF;
49243 : 1FF;
49244 : 1FF;
49245 : 1DD;
49246 : 1DD;
49247 : 1DD;
49248 : 1DD;
49249 : 1DD;
49250 : 1DD;
49251 : 1DD;
49252 : 1DD;
49253 : 1DD;
49254 : 1DD;
49255 : 1DD;
49256 : 1DD;
49257 : 1DD;
49258 : 1DD;
49259 : 1DD;
49260 : 1DD;
49261 : 1DD;
49262 : 1DD;
49263 : 1DD;
49264 : 1DD;
49265 : 1DD;
49266 : 1DD;
49267 : 1DD;
49268 : 1DD;
49269 : 1DD;
49270 : 1DD;
49271 : 1DD;
49272 : 1DD;
49273 : 1DD;
49274 : 1DD;
49275 : 1DD;
49276 : 1DD;
49277 : 1DD;
49278 : 1DD;
49279 : 1DD;
49280 : 03F;
49281 : 03F;
49282 : 03F;
49283 : 03F;
49284 : 03F;
49285 : 03F;
49286 : 03F;
49287 : 03F;
49288 : 03F;
49289 : 03F;
49290 : 03F;
49291 : 03F;
49292 : 03F;
49293 : 03F;
49294 : 03F;
49295 : 03F;
49296 : 03F;
49297 : 03F;
49298 : 03F;
49299 : 03F;
49300 : 03F;
49301 : 03F;
49302 : 03F;
49303 : 03F;
49304 : 03F;
49305 : 03F;
49306 : 03F;
49307 : 03F;
49308 : 03F;
49309 : 03F;
49310 : 03F;
49311 : 018;
49312 : 03F;
49313 : 03F;
49314 : 03F;
49315 : 03F;
49316 : 03F;
49317 : 03F;
49318 : 03F;
49319 : 03F;
49320 : 03F;
49321 : 03F;
49322 : 03F;
49323 : 03F;
49324 : 03F;
49325 : 03F;
49326 : 03F;
49327 : 03F;
49328 : 03F;
49329 : 03F;
49330 : 03F;
49331 : 03F;
49332 : 03F;
49333 : 03F;
49334 : 03F;
49335 : 03F;
49336 : 03F;
49337 : 03F;
49338 : 03F;
49339 : 03F;
49340 : 03F;
49341 : 03F;
49342 : 03F;
49343 : 03F;
49344 : 03F;
49345 : 1D8;
49346 : 1D8;
49347 : 1D8;
49348 : 1D8;
49349 : 1D8;
49350 : 1D8;
49351 : 110;
49352 : 110;
49353 : 110;
49354 : 110;
49355 : 03F;
49356 : 03F;
49357 : 03F;
49358 : 03F;
49359 : 03F;
49360 : 03F;
49361 : 03F;
49362 : 03F;
49363 : 03F;
49364 : 03F;
49365 : 03F;
49366 : 03F;
49367 : 03F;
49368 : 03F;
49369 : 03F;
49370 : 03F;
49371 : 03F;
49372 : 03F;
49373 : 03F;
49374 : 03F;
49375 : 03F;
49376 : 03F;
49377 : 03F;
49378 : 03F;
49379 : 03F;
49380 : 03F;
49381 : 03F;
49382 : 03F;
49383 : 03F;
49384 : 03F;
49385 : 03F;
49386 : 03F;
49387 : 03F;
49388 : 03F;
49389 : 03F;
49390 : 03F;
49391 : 03F;
49392 : 03F;
49393 : 03F;
49394 : 03F;
49395 : 03F;
49396 : 03F;
49397 : 03F;
49398 : 03F;
49399 : 03F;
49400 : 03F;
49401 : 03F;
49402 : 03F;
49403 : 03F;
49404 : 1FF;
49405 : 1FF;
49406 : 1FF;
49407 : 1FF;
49408 : 1FF;
49409 : 1FF;
49410 : 1FF;
49411 : 03F;
49412 : 03F;
49413 : 03F;
49414 : 03F;
49415 : 03F;
49416 : 03F;
49417 : 03F;
49418 : 03F;
49419 : 03F;
49420 : 03F;
49421 : 03F;
49422 : 03F;
49423 : 03F;
49424 : 03F;
49425 : 03F;
49426 : 03F;
49427 : 03F;
49428 : 03F;
49429 : 03F;
49430 : 03F;
49431 : 03F;
49432 : 03F;
49433 : 03F;
49434 : 03F;
49435 : 03F;
49436 : 03F;
49437 : 03F;
49438 : 03F;
49439 : 03F;
49440 : 03F;
49441 : 03F;
49442 : 03F;
49443 : 03F;
49444 : 03F;
49445 : 03F;
49446 : 03F;
49447 : 03F;
49448 : 03F;
49449 : 03F;
49450 : 03F;
49451 : 03F;
49452 : 03F;
49453 : 03F;
49454 : 03F;
49455 : 03F;
49456 : 03F;
49457 : 03F;
49458 : 03F;
49459 : 03F;
49460 : 03F;
49461 : 03F;
49462 : 03F;
49463 : 03F;
49464 : 03F;
49465 : 03F;
49466 : 03F;
49467 : 03F;
49468 : 03F;
49469 : 03F;
49470 : 03F;
49471 : 03F;
49472 : 03F;
49473 : 03F;
49474 : 03F;
49475 : 03F;
49476 : 03F;
49477 : 03F;
49478 : 03F;
49479 : 03F;
49480 : 03F;
49481 : 03F;
49482 : 03F;
49483 : 03F;
49484 : 03F;
49485 : 03F;
49486 : 03F;
49487 : 03F;
49488 : 03F;
49489 : 03F;
49490 : 03F;
49491 : 03F;
49492 : 03F;
49493 : 03F;
49494 : 03F;
49495 : 03F;
49496 : 03F;
49497 : 03F;
49498 : 03F;
49499 : 03F;
49500 : 03F;
49501 : 03F;
49502 : 03F;
49503 : 03F;
49504 : 03F;
49505 : 03F;
49506 : 03F;
49507 : 03F;
49508 : 03F;
49509 : 03F;
49510 : 03F;
49511 : 03F;
49512 : 03F;
49513 : 03F;
49514 : 03F;
49515 : 03F;
49516 : 03F;
49517 : 1C0;
49518 : 1C0;
49519 : 1C0;
49520 : 1C0;
49521 : 1C0;
49522 : 1C0;
49523 : 1C0;
49524 : 1C0;
49525 : 1C0;
49526 : 1FF;
49527 : 1FF;
49528 : 1FF;
49529 : 1FF;
49530 : 1FF;
49531 : 1FF;
49532 : 1FF;
49533 : 1FF;
49534 : 1FF;
49535 : 1FF;
49536 : 1FF;
49537 : 1C0;
49538 : 1C0;
49539 : 1C0;
49540 : 1C0;
49541 : 1C0;
49542 : 1C0;
49543 : 1C0;
49544 : 1C0;
49545 : 1C0;
49546 : 1C0;
49547 : 03F;
49548 : 1FF;
49549 : 1FF;
49550 : 1FF;
49551 : 1FF;
49552 : 1FF;
49553 : 1FF;
49554 : 1FF;
49555 : 1FF;
49556 : 1FF;
49557 : 1FF;
49558 : 1FF;
49559 : 1FF;
49560 : 1FF;
49561 : 1DD;
49562 : 1DD;
49563 : 1DD;
49564 : 1DD;
49565 : 1DD;
49566 : 1DD;
49567 : 1DD;
49568 : 1DD;
49569 : 1DD;
49570 : 1DD;
49571 : 1DD;
49572 : 1DD;
49573 : 1DD;
49574 : 1DD;
49575 : 1DD;
49576 : 1DD;
49577 : 1DD;
49578 : 1DD;
49579 : 1DD;
49580 : 1DD;
49581 : 1DD;
49582 : 1DD;
49583 : 1DD;
49584 : 1DD;
49585 : 1DD;
49586 : 1DD;
49587 : 1DD;
49588 : 1DD;
49589 : 1DD;
49590 : 1DD;
49591 : 1DD;
49592 : 1DD;
49593 : 1DD;
49594 : 1DD;
49595 : 1D8;
49596 : 1D8;
49597 : 1D8;
49598 : 1D8;
49599 : 1D8;
49600 : 03F;
49601 : 03F;
49602 : 03F;
49603 : 03F;
49604 : 03F;
49605 : 03F;
49606 : 03F;
49607 : 03F;
49608 : 03F;
49609 : 03F;
49610 : 03F;
49611 : 03F;
49612 : 03F;
49613 : 03F;
49614 : 03F;
49615 : 03F;
49616 : 03F;
49617 : 03F;
49618 : 03F;
49619 : 03F;
49620 : 03F;
49621 : 03F;
49622 : 03F;
49623 : 03F;
49624 : 03F;
49625 : 03F;
49626 : 03F;
49627 : 03F;
49628 : 03F;
49629 : 03F;
49630 : 03F;
49631 : 03F;
49632 : 03F;
49633 : 03F;
49634 : 03F;
49635 : 03F;
49636 : 03F;
49637 : 03F;
49638 : 03F;
49639 : 03F;
49640 : 03F;
49641 : 03F;
49642 : 03F;
49643 : 03F;
49644 : 03F;
49645 : 03F;
49646 : 03F;
49647 : 03F;
49648 : 03F;
49649 : 03F;
49650 : 03F;
49651 : 03F;
49652 : 03F;
49653 : 03F;
49654 : 03F;
49655 : 03F;
49656 : 03F;
49657 : 03F;
49658 : 03F;
49659 : 03F;
49660 : 03F;
49661 : 03F;
49662 : 03F;
49663 : 03F;
49664 : 03F;
49665 : 1D8;
49666 : 1D8;
49667 : 1D8;
49668 : 1D8;
49669 : 1D8;
49670 : 1D8;
49671 : 110;
49672 : 110;
49673 : 110;
49674 : 110;
49675 : 03F;
49676 : 03F;
49677 : 03F;
49678 : 03F;
49679 : 03F;
49680 : 03F;
49681 : 03F;
49682 : 03F;
49683 : 03F;
49684 : 03F;
49685 : 03F;
49686 : 03F;
49687 : 03F;
49688 : 03F;
49689 : 03F;
49690 : 03F;
49691 : 03F;
49692 : 03F;
49693 : 03F;
49694 : 03F;
49695 : 03F;
49696 : 03F;
49697 : 03F;
49698 : 03F;
49699 : 03F;
49700 : 03F;
49701 : 03F;
49702 : 03F;
49703 : 03F;
49704 : 03F;
49705 : 03F;
49706 : 03F;
49707 : 03F;
49708 : 03F;
49709 : 03F;
49710 : 03F;
49711 : 03F;
49712 : 03F;
49713 : 03F;
49714 : 03F;
49715 : 03F;
49716 : 03F;
49717 : 03F;
49718 : 03F;
49719 : 03F;
49720 : 03F;
49721 : 03F;
49722 : 03F;
49723 : 03F;
49724 : 03F;
49725 : 03F;
49726 : 03F;
49727 : 03F;
49728 : 03F;
49729 : 03F;
49730 : 03F;
49731 : 03F;
49732 : 03F;
49733 : 03F;
49734 : 03F;
49735 : 03F;
49736 : 03F;
49737 : 03F;
49738 : 03F;
49739 : 03F;
49740 : 03F;
49741 : 03F;
49742 : 03F;
49743 : 03F;
49744 : 03F;
49745 : 03F;
49746 : 03F;
49747 : 03F;
49748 : 03F;
49749 : 03F;
49750 : 03F;
49751 : 03F;
49752 : 03F;
49753 : 03F;
49754 : 03F;
49755 : 03F;
49756 : 03F;
49757 : 03F;
49758 : 03F;
49759 : 03F;
49760 : 03F;
49761 : 03F;
49762 : 03F;
49763 : 03F;
49764 : 03F;
49765 : 03F;
49766 : 03F;
49767 : 03F;
49768 : 03F;
49769 : 03F;
49770 : 03F;
49771 : 03F;
49772 : 03F;
49773 : 03F;
49774 : 03F;
49775 : 03F;
49776 : 03F;
49777 : 03F;
49778 : 03F;
49779 : 03F;
49780 : 03F;
49781 : 03F;
49782 : 03F;
49783 : 03F;
49784 : 03F;
49785 : 03F;
49786 : 03F;
49787 : 03F;
49788 : 03F;
49789 : 03F;
49790 : 03F;
49791 : 03F;
49792 : 03F;
49793 : 03F;
49794 : 03F;
49795 : 03F;
49796 : 03F;
49797 : 03F;
49798 : 03F;
49799 : 03F;
49800 : 03F;
49801 : 03F;
49802 : 03F;
49803 : 03F;
49804 : 03F;
49805 : 03F;
49806 : 03F;
49807 : 03F;
49808 : 03F;
49809 : 03F;
49810 : 03F;
49811 : 03F;
49812 : 03F;
49813 : 03F;
49814 : 03F;
49815 : 03F;
49816 : 03F;
49817 : 03F;
49818 : 03F;
49819 : 03F;
49820 : 03F;
49821 : 03F;
49822 : 03F;
49823 : 03F;
49824 : 03F;
49825 : 03F;
49826 : 03F;
49827 : 03F;
49828 : 03F;
49829 : 03F;
49830 : 03F;
49831 : 03F;
49832 : 03F;
49833 : 03F;
49834 : 03F;
49835 : 03F;
49836 : 1C0;
49837 : 1C0;
49838 : 1C0;
49839 : 1C0;
49840 : 1C0;
49841 : 1C0;
49842 : 1C0;
49843 : 1C0;
49844 : 1C0;
49845 : 1FF;
49846 : 1FF;
49847 : 1FF;
49848 : 1FF;
49849 : 1FF;
49850 : 1FF;
49851 : 1FF;
49852 : 1FF;
49853 : 1FF;
49854 : 1FF;
49855 : 1FF;
49856 : 1FF;
49857 : 1FF;
49858 : 1C0;
49859 : 1C0;
49860 : 1C0;
49861 : 1C0;
49862 : 1C0;
49863 : 1C0;
49864 : 1C0;
49865 : 1C0;
49866 : 1C0;
49867 : 1C0;
49868 : 1C0;
49869 : 1C0;
49870 : 1FF;
49871 : 1FF;
49872 : 1FF;
49873 : 1FF;
49874 : 1FF;
49875 : 1FF;
49876 : 1FF;
49877 : 1FF;
49878 : 1DD;
49879 : 1DD;
49880 : 1DD;
49881 : 1DD;
49882 : 1DD;
49883 : 1DD;
49884 : 1DD;
49885 : 1DD;
49886 : 1DD;
49887 : 1DD;
49888 : 1DD;
49889 : 1DD;
49890 : 1DD;
49891 : 1DD;
49892 : 1DD;
49893 : 1DD;
49894 : 1DD;
49895 : 1DD;
49896 : 1DD;
49897 : 1DD;
49898 : 1DD;
49899 : 1DD;
49900 : 1DD;
49901 : 1DD;
49902 : 1DD;
49903 : 1DD;
49904 : 1DD;
49905 : 1DD;
49906 : 1DD;
49907 : 1D8;
49908 : 1D8;
49909 : 1D8;
49910 : 1D8;
49911 : 1D8;
49912 : 1D8;
49913 : 1D8;
49914 : 1D8;
49915 : 1D8;
49916 : 1D8;
49917 : 1D8;
49918 : 1D8;
49919 : 1D8;
49920 : 03F;
49921 : 03F;
49922 : 03F;
49923 : 03F;
49924 : 03F;
49925 : 03F;
49926 : 03F;
49927 : 03F;
49928 : 03F;
49929 : 03F;
49930 : 03F;
49931 : 03F;
49932 : 03F;
49933 : 03F;
49934 : 03F;
49935 : 03F;
49936 : 03F;
49937 : 03F;
49938 : 03F;
49939 : 03F;
49940 : 03F;
49941 : 03F;
49942 : 03F;
49943 : 03F;
49944 : 03F;
49945 : 03F;
49946 : 03F;
49947 : 03F;
49948 : 03F;
49949 : 03F;
49950 : 03F;
49951 : 03F;
49952 : 03F;
49953 : 03F;
49954 : 03F;
49955 : 03F;
49956 : 03F;
49957 : 03F;
49958 : 03F;
49959 : 03F;
49960 : 03F;
49961 : 03F;
49962 : 03F;
49963 : 03F;
49964 : 03F;
49965 : 03F;
49966 : 03F;
49967 : 03F;
49968 : 03F;
49969 : 03F;
49970 : 03F;
49971 : 03F;
49972 : 03F;
49973 : 03F;
49974 : 03F;
49975 : 03F;
49976 : 03F;
49977 : 03F;
49978 : 03F;
49979 : 03F;
49980 : 03F;
49981 : 03F;
49982 : 03F;
49983 : 03F;
49984 : 03F;
49985 : 1D8;
49986 : 1D8;
49987 : 1D8;
49988 : 1D8;
49989 : 1D8;
49990 : 1D8;
49991 : 110;
49992 : 110;
49993 : 110;
49994 : 03F;
49995 : 03F;
49996 : 03F;
49997 : 03F;
49998 : 03F;
49999 : 03F;
50000 : 03F;
50001 : 03F;
50002 : 03F;
50003 : 03F;
50004 : 03F;
50005 : 03F;
50006 : 03F;
50007 : 03F;
50008 : 03F;
50009 : 03F;
50010 : 007;
50011 : 007;
50012 : 007;
50013 : 007;
50014 : 007;
50015 : 007;
50016 : 007;
50017 : 007;
50018 : 007;
50019 : 007;
50020 : 007;
50021 : 03F;
50022 : 03F;
50023 : 03F;
50024 : 03F;
50025 : 03F;
50026 : 03F;
50027 : 03F;
50028 : 03F;
50029 : 03F;
50030 : 03F;
50031 : 03F;
50032 : 03F;
50033 : 03F;
50034 : 03F;
50035 : 03F;
50036 : 03F;
50037 : 03F;
50038 : 03F;
50039 : 03F;
50040 : 03F;
50041 : 03F;
50042 : 03F;
50043 : 03F;
50044 : 03F;
50045 : 03F;
50046 : 03F;
50047 : 03F;
50048 : 03F;
50049 : 03F;
50050 : 03F;
50051 : 03F;
50052 : 03F;
50053 : 03F;
50054 : 03F;
50055 : 03F;
50056 : 03F;
50057 : 03F;
50058 : 03F;
50059 : 03F;
50060 : 03F;
50061 : 03F;
50062 : 03F;
50063 : 03F;
50064 : 03F;
50065 : 03F;
50066 : 03F;
50067 : 03F;
50068 : 03F;
50069 : 03F;
50070 : 03F;
50071 : 03F;
50072 : 03F;
50073 : 03F;
50074 : 03F;
50075 : 03F;
50076 : 03F;
50077 : 03F;
50078 : 03F;
50079 : 03F;
50080 : 03F;
50081 : 03F;
50082 : 03F;
50083 : 03F;
50084 : 03F;
50085 : 03F;
50086 : 03F;
50087 : 03F;
50088 : 03F;
50089 : 03F;
50090 : 03F;
50091 : 03F;
50092 : 03F;
50093 : 03F;
50094 : 03F;
50095 : 03F;
50096 : 03F;
50097 : 03F;
50098 : 03F;
50099 : 03F;
50100 : 03F;
50101 : 03F;
50102 : 03F;
50103 : 03F;
50104 : 03F;
50105 : 03F;
50106 : 03F;
50107 : 03F;
50108 : 03F;
50109 : 03F;
50110 : 03F;
50111 : 03F;
50112 : 03F;
50113 : 03F;
50114 : 03F;
50115 : 03F;
50116 : 03F;
50117 : 03F;
50118 : 03F;
50119 : 03F;
50120 : 03F;
50121 : 03F;
50122 : 03F;
50123 : 03F;
50124 : 03F;
50125 : 03F;
50126 : 03F;
50127 : 03F;
50128 : 03F;
50129 : 03F;
50130 : 03F;
50131 : 03F;
50132 : 03F;
50133 : 03F;
50134 : 03F;
50135 : 03F;
50136 : 03F;
50137 : 03F;
50138 : 03F;
50139 : 03F;
50140 : 03F;
50141 : 03F;
50142 : 03F;
50143 : 03F;
50144 : 03F;
50145 : 03F;
50146 : 03F;
50147 : 03F;
50148 : 03F;
50149 : 03F;
50150 : 03F;
50151 : 03F;
50152 : 03F;
50153 : 03F;
50154 : 1C0;
50155 : 1C0;
50156 : 1C0;
50157 : 1C0;
50158 : 1C0;
50159 : 1C0;
50160 : 1C0;
50161 : 1C0;
50162 : 1C0;
50163 : 1FF;
50164 : 1FF;
50165 : 1FF;
50166 : 1FF;
50167 : 1FF;
50168 : 1FF;
50169 : 1FF;
50170 : 1FF;
50171 : 1FF;
50172 : 1FF;
50173 : 1FF;
50174 : 1FF;
50175 : 1FF;
50176 : 1FF;
50177 : 1FF;
50178 : 1FF;
50179 : 1FF;
50180 : 1C0;
50181 : 1C0;
50182 : 1C0;
50183 : 1C0;
50184 : 1C0;
50185 : 1C0;
50186 : 1C0;
50187 : 1C0;
50188 : 1C0;
50189 : 1C0;
50190 : 1C0;
50191 : 1FF;
50192 : 1FF;
50193 : 1FF;
50194 : 1DD;
50195 : 1DD;
50196 : 1DD;
50197 : 1DD;
50198 : 1DD;
50199 : 1DD;
50200 : 1DD;
50201 : 1DD;
50202 : 1DD;
50203 : 1DD;
50204 : 1DD;
50205 : 1DD;
50206 : 1DD;
50207 : 1DD;
50208 : 1DD;
50209 : 1DD;
50210 : 1DD;
50211 : 1DD;
50212 : 1DD;
50213 : 1DD;
50214 : 1DD;
50215 : 1DD;
50216 : 1DD;
50217 : 1DD;
50218 : 1DD;
50219 : 1DD;
50220 : 1DD;
50221 : 1D8;
50222 : 1D8;
50223 : 1D8;
50224 : 1D8;
50225 : 1D8;
50226 : 1D8;
50227 : 1D8;
50228 : 1D8;
50229 : 1D8;
50230 : 1D8;
50231 : 1D8;
50232 : 1D8;
50233 : 1D8;
50234 : 1D8;
50235 : 1D8;
50236 : 1D8;
50237 : 1D8;
50238 : 1D8;
50239 : 1D8;
50240 : 03F;
50241 : 03F;
50242 : 03F;
50243 : 03F;
50244 : 03F;
50245 : 03F;
50246 : 03F;
50247 : 03F;
50248 : 03F;
50249 : 03F;
50250 : 03F;
50251 : 03F;
50252 : 03F;
50253 : 03F;
50254 : 03F;
50255 : 03F;
50256 : 03F;
50257 : 03F;
50258 : 03F;
50259 : 03F;
50260 : 03F;
50261 : 03F;
50262 : 03F;
50263 : 03F;
50264 : 03F;
50265 : 03F;
50266 : 03F;
50267 : 03F;
50268 : 03F;
50269 : 03F;
50270 : 03F;
50271 : 03F;
50272 : 03F;
50273 : 03F;
50274 : 03F;
50275 : 03F;
50276 : 03F;
50277 : 03F;
50278 : 03F;
50279 : 03F;
50280 : 03F;
50281 : 03F;
50282 : 03F;
50283 : 03F;
50284 : 03F;
50285 : 03F;
50286 : 03F;
50287 : 03F;
50288 : 03F;
50289 : 03F;
50290 : 03F;
50291 : 03F;
50292 : 03F;
50293 : 03F;
50294 : 03F;
50295 : 03F;
50296 : 03F;
50297 : 03F;
50298 : 03F;
50299 : 03F;
50300 : 03F;
50301 : 03F;
50302 : 03F;
50303 : 03F;
50304 : 110;
50305 : 1D8;
50306 : 1D8;
50307 : 1D8;
50308 : 1D8;
50309 : 1D8;
50310 : 1D8;
50311 : 110;
50312 : 110;
50313 : 110;
50314 : 03F;
50315 : 03F;
50316 : 03F;
50317 : 03F;
50318 : 03F;
50319 : 03F;
50320 : 03F;
50321 : 03F;
50322 : 03F;
50323 : 03F;
50324 : 03F;
50325 : 03F;
50326 : 03F;
50327 : 03F;
50328 : 03F;
50329 : 03F;
50330 : 03F;
50331 : 03F;
50332 : 03F;
50333 : 03F;
50334 : 03F;
50335 : 03F;
50336 : 03F;
50337 : 03F;
50338 : 03F;
50339 : 03F;
50340 : 03F;
50341 : 03F;
50342 : 03F;
50343 : 03F;
50344 : 03F;
50345 : 03F;
50346 : 03F;
50347 : 03F;
50348 : 03F;
50349 : 03F;
50350 : 03F;
50351 : 03F;
50352 : 03F;
50353 : 03F;
50354 : 03F;
50355 : 03F;
50356 : 03F;
50357 : 03F;
50358 : 03F;
50359 : 03F;
50360 : 03F;
50361 : 03F;
50362 : 03F;
50363 : 03F;
50364 : 03F;
50365 : 03F;
50366 : 03F;
50367 : 03F;
50368 : 03F;
50369 : 03F;
50370 : 03F;
50371 : 03F;
50372 : 03F;
50373 : 03F;
50374 : 03F;
50375 : 03F;
50376 : 03F;
50377 : 03F;
50378 : 03F;
50379 : 03F;
50380 : 03F;
50381 : 03F;
50382 : 03F;
50383 : 03F;
50384 : 03F;
50385 : 03F;
50386 : 03F;
50387 : 03F;
50388 : 03F;
50389 : 03F;
50390 : 03F;
50391 : 03F;
50392 : 03F;
50393 : 03F;
50394 : 03F;
50395 : 03F;
50396 : 03F;
50397 : 03F;
50398 : 03F;
50399 : 03F;
50400 : 03F;
50401 : 03F;
50402 : 03F;
50403 : 03F;
50404 : 03F;
50405 : 03F;
50406 : 03F;
50407 : 03F;
50408 : 03F;
50409 : 03F;
50410 : 03F;
50411 : 03F;
50412 : 03F;
50413 : 03F;
50414 : 03F;
50415 : 03F;
50416 : 03F;
50417 : 03F;
50418 : 03F;
50419 : 03F;
50420 : 03F;
50421 : 03F;
50422 : 03F;
50423 : 03F;
50424 : 03F;
50425 : 03F;
50426 : 03F;
50427 : 03F;
50428 : 03F;
50429 : 03F;
50430 : 03F;
50431 : 03F;
50432 : 03F;
50433 : 03F;
50434 : 03F;
50435 : 03F;
50436 : 03F;
50437 : 03F;
50438 : 03F;
50439 : 03F;
50440 : 03F;
50441 : 03F;
50442 : 03F;
50443 : 03F;
50444 : 03F;
50445 : 03F;
50446 : 03F;
50447 : 03F;
50448 : 03F;
50449 : 03F;
50450 : 03F;
50451 : 03F;
50452 : 03F;
50453 : 03F;
50454 : 03F;
50455 : 03F;
50456 : 03F;
50457 : 03F;
50458 : 03F;
50459 : 03F;
50460 : 03F;
50461 : 03F;
50462 : 03F;
50463 : 03F;
50464 : 03F;
50465 : 03F;
50466 : 03F;
50467 : 03F;
50468 : 03F;
50469 : 03F;
50470 : 03F;
50471 : 03F;
50472 : 03F;
50473 : 1C0;
50474 : 1C0;
50475 : 1C0;
50476 : 1C0;
50477 : 1C0;
50478 : 1C0;
50479 : 1C0;
50480 : 1C0;
50481 : 1C0;
50482 : 1FF;
50483 : 1FF;
50484 : 1FF;
50485 : 1FF;
50486 : 1FF;
50487 : 1FF;
50488 : 1FF;
50489 : 1FF;
50490 : 1FF;
50491 : 1FF;
50492 : 1FF;
50493 : 1FF;
50494 : 1FF;
50495 : 1FF;
50496 : 1FF;
50497 : 1FF;
50498 : 1FF;
50499 : 1FF;
50500 : 1FF;
50501 : 1C0;
50502 : 1C0;
50503 : 1C0;
50504 : 1C0;
50505 : 1C0;
50506 : 1C0;
50507 : 1C0;
50508 : 1C0;
50509 : 1C0;
50510 : 1C0;
50511 : 1C0;
50512 : 1DD;
50513 : 1DD;
50514 : 1DD;
50515 : 1DD;
50516 : 1DD;
50517 : 1DD;
50518 : 1DD;
50519 : 1DD;
50520 : 1DD;
50521 : 1DD;
50522 : 1DD;
50523 : 1DD;
50524 : 1DD;
50525 : 1DD;
50526 : 1DD;
50527 : 1DD;
50528 : 1DD;
50529 : 1DD;
50530 : 1DD;
50531 : 1DD;
50532 : 1DD;
50533 : 1DD;
50534 : 1DD;
50535 : 1DD;
50536 : 1D8;
50537 : 1D8;
50538 : 1D8;
50539 : 1D8;
50540 : 1D8;
50541 : 1D8;
50542 : 1D8;
50543 : 1D8;
50544 : 1D8;
50545 : 1D8;
50546 : 1D8;
50547 : 1D8;
50548 : 1D8;
50549 : 1D8;
50550 : 1D8;
50551 : 1D8;
50552 : 1D8;
50553 : 1D8;
50554 : 1D8;
50555 : 1D8;
50556 : 1D8;
50557 : 1D8;
50558 : 1D8;
50559 : 1D8;
50560 : 03F;
50561 : 03F;
50562 : 03F;
50563 : 03F;
50564 : 03F;
50565 : 03F;
50566 : 03F;
50567 : 03F;
50568 : 03F;
50569 : 03F;
50570 : 03F;
50571 : 03F;
50572 : 03F;
50573 : 03F;
50574 : 03F;
50575 : 03F;
50576 : 03F;
50577 : 03F;
50578 : 03F;
50579 : 03F;
50580 : 03F;
50581 : 03F;
50582 : 03F;
50583 : 03F;
50584 : 03F;
50585 : 03F;
50586 : 03F;
50587 : 03F;
50588 : 03F;
50589 : 03F;
50590 : 03F;
50591 : 03F;
50592 : 03F;
50593 : 03F;
50594 : 03F;
50595 : 03F;
50596 : 03F;
50597 : 03F;
50598 : 03F;
50599 : 03F;
50600 : 03F;
50601 : 03F;
50602 : 03F;
50603 : 03F;
50604 : 03F;
50605 : 03F;
50606 : 03F;
50607 : 03F;
50608 : 03F;
50609 : 03F;
50610 : 03F;
50611 : 03F;
50612 : 03F;
50613 : 03F;
50614 : 03F;
50615 : 03F;
50616 : 03F;
50617 : 03F;
50618 : 03F;
50619 : 03F;
50620 : 03F;
50621 : 03F;
50622 : 03F;
50623 : 03F;
50624 : 1D8;
50625 : 1D8;
50626 : 1D8;
50627 : 1D8;
50628 : 1D8;
50629 : 1D8;
50630 : 1D8;
50631 : 110;
50632 : 110;
50633 : 110;
50634 : 03F;
50635 : 03F;
50636 : 03F;
50637 : 03F;
50638 : 03F;
50639 : 03F;
50640 : 03F;
50641 : 03F;
50642 : 03F;
50643 : 03F;
50644 : 03F;
50645 : 03F;
50646 : 03F;
50647 : 03F;
50648 : 03F;
50649 : 03F;
50650 : 03F;
50651 : 03F;
50652 : 03F;
50653 : 03F;
50654 : 03F;
50655 : 03F;
50656 : 03F;
50657 : 03F;
50658 : 03F;
50659 : 03F;
50660 : 03F;
50661 : 03F;
50662 : 03F;
50663 : 03F;
50664 : 03F;
50665 : 03F;
50666 : 03F;
50667 : 03F;
50668 : 03F;
50669 : 03F;
50670 : 03F;
50671 : 03F;
50672 : 03F;
50673 : 03F;
50674 : 03F;
50675 : 03F;
50676 : 03F;
50677 : 03F;
50678 : 03F;
50679 : 03F;
50680 : 03F;
50681 : 03F;
50682 : 03F;
50683 : 03F;
50684 : 03F;
50685 : 03F;
50686 : 03F;
50687 : 03F;
50688 : 03F;
50689 : 03F;
50690 : 03F;
50691 : 03F;
50692 : 03F;
50693 : 03F;
50694 : 03F;
50695 : 03F;
50696 : 03F;
50697 : 03F;
50698 : 03F;
50699 : 03F;
50700 : 03F;
50701 : 03F;
50702 : 03F;
50703 : 03F;
50704 : 03F;
50705 : 03F;
50706 : 03F;
50707 : 03F;
50708 : 03F;
50709 : 03F;
50710 : 03F;
50711 : 03F;
50712 : 03F;
50713 : 03F;
50714 : 03F;
50715 : 03F;
50716 : 03F;
50717 : 03F;
50718 : 03F;
50719 : 03F;
50720 : 03F;
50721 : 03F;
50722 : 03F;
50723 : 03F;
50724 : 03F;
50725 : 03F;
50726 : 03F;
50727 : 03F;
50728 : 03F;
50729 : 03F;
50730 : 03F;
50731 : 03F;
50732 : 03F;
50733 : 03F;
50734 : 03F;
50735 : 03F;
50736 : 03F;
50737 : 03F;
50738 : 03F;
50739 : 03F;
50740 : 03F;
50741 : 03F;
50742 : 03F;
50743 : 03F;
50744 : 03F;
50745 : 03F;
50746 : 03F;
50747 : 03F;
50748 : 03F;
50749 : 03F;
50750 : 03F;
50751 : 03F;
50752 : 03F;
50753 : 007;
50754 : 007;
50755 : 007;
50756 : 007;
50757 : 007;
50758 : 007;
50759 : 03F;
50760 : 03F;
50761 : 03F;
50762 : 03F;
50763 : 03F;
50764 : 03F;
50765 : 03F;
50766 : 03F;
50767 : 03F;
50768 : 03F;
50769 : 03F;
50770 : 03F;
50771 : 03F;
50772 : 03F;
50773 : 03F;
50774 : 03F;
50775 : 03F;
50776 : 03F;
50777 : 03F;
50778 : 03F;
50779 : 03F;
50780 : 03F;
50781 : 03F;
50782 : 03F;
50783 : 03F;
50784 : 03F;
50785 : 03F;
50786 : 03F;
50787 : 03F;
50788 : 03F;
50789 : 03F;
50790 : 03F;
50791 : 1C0;
50792 : 1C0;
50793 : 1C0;
50794 : 1C0;
50795 : 1C0;
50796 : 1C0;
50797 : 1C0;
50798 : 1C0;
50799 : 1C0;
50800 : 1FF;
50801 : 1FF;
50802 : 1FF;
50803 : 1FF;
50804 : 1FF;
50805 : 1FF;
50806 : 1FF;
50807 : 1FF;
50808 : 1FF;
50809 : 1FF;
50810 : 1FF;
50811 : 1FF;
50812 : 1FF;
50813 : 1FF;
50814 : 1FF;
50815 : 1FF;
50816 : 1FF;
50817 : 1FF;
50818 : 1FF;
50819 : 1FF;
50820 : 1FF;
50821 : 1FF;
50822 : 1C0;
50823 : 1C0;
50824 : 1C0;
50825 : 1C0;
50826 : 1C0;
50827 : 1C0;
50828 : 1C0;
50829 : 1C0;
50830 : 1C0;
50831 : 1C0;
50832 : 1C0;
50833 : 1C0;
50834 : 1DD;
50835 : 1DD;
50836 : 1DD;
50837 : 1DD;
50838 : 1DD;
50839 : 1DD;
50840 : 1DD;
50841 : 1DD;
50842 : 1DD;
50843 : 1DD;
50844 : 1DD;
50845 : 1DD;
50846 : 1DD;
50847 : 1DD;
50848 : 1DD;
50849 : 1DD;
50850 : 1DD;
50851 : 1DD;
50852 : 1D8;
50853 : 1D8;
50854 : 1D8;
50855 : 1D8;
50856 : 1D8;
50857 : 1D8;
50858 : 1D8;
50859 : 1D8;
50860 : 1D8;
50861 : 1D8;
50862 : 1D8;
50863 : 1D8;
50864 : 1D8;
50865 : 1D8;
50866 : 1D8;
50867 : 1D8;
50868 : 1D8;
50869 : 1D8;
50870 : 1D8;
50871 : 1D8;
50872 : 1D8;
50873 : 1D8;
50874 : 1D8;
50875 : 1D8;
50876 : 1D8;
50877 : 1D8;
50878 : 1D8;
50879 : 1D8;
50880 : 03F;
50881 : 03F;
50882 : 03F;
50883 : 03F;
50884 : 03F;
50885 : 03F;
50886 : 03F;
50887 : 03F;
50888 : 03F;
50889 : 03F;
50890 : 03F;
50891 : 03F;
50892 : 03F;
50893 : 03F;
50894 : 03F;
50895 : 03F;
50896 : 03F;
50897 : 03F;
50898 : 03F;
50899 : 03F;
50900 : 03F;
50901 : 03F;
50902 : 03F;
50903 : 03F;
50904 : 03F;
50905 : 03F;
50906 : 03F;
50907 : 03F;
50908 : 03F;
50909 : 03F;
50910 : 03F;
50911 : 03F;
50912 : 03F;
50913 : 03F;
50914 : 03F;
50915 : 03F;
50916 : 03F;
50917 : 03F;
50918 : 03F;
50919 : 03F;
50920 : 03F;
50921 : 03F;
50922 : 03F;
50923 : 1FF;
50924 : 1FF;
50925 : 1FF;
50926 : 1FF;
50927 : 1FF;
50928 : 1FF;
50929 : 1FF;
50930 : 1FF;
50931 : 1FF;
50932 : 1FF;
50933 : 1FF;
50934 : 1FF;
50935 : 03F;
50936 : 03F;
50937 : 03F;
50938 : 03F;
50939 : 03F;
50940 : 03F;
50941 : 03F;
50942 : 03F;
50943 : 03F;
50944 : 1D8;
50945 : 1D8;
50946 : 1D8;
50947 : 1D8;
50948 : 1D8;
50949 : 1D8;
50950 : 110;
50951 : 110;
50952 : 110;
50953 : 110;
50954 : 03F;
50955 : 03F;
50956 : 03F;
50957 : 03F;
50958 : 03F;
50959 : 03F;
50960 : 03F;
50961 : 03F;
50962 : 03F;
50963 : 03F;
50964 : 03F;
50965 : 03F;
50966 : 03F;
50967 : 03F;
50968 : 03F;
50969 : 03F;
50970 : 03F;
50971 : 03F;
50972 : 03F;
50973 : 03F;
50974 : 03F;
50975 : 03F;
50976 : 03F;
50977 : 03F;
50978 : 03F;
50979 : 03F;
50980 : 03F;
50981 : 03F;
50982 : 03F;
50983 : 03F;
50984 : 03F;
50985 : 03F;
50986 : 03F;
50987 : 03F;
50988 : 03F;
50989 : 03F;
50990 : 03F;
50991 : 03F;
50992 : 03F;
50993 : 03F;
50994 : 03F;
50995 : 03F;
50996 : 03F;
50997 : 03F;
50998 : 03F;
50999 : 03F;
51000 : 03F;
51001 : 03F;
51002 : 03F;
51003 : 03F;
51004 : 03F;
51005 : 03F;
51006 : 03F;
51007 : 03F;
51008 : 03F;
51009 : 03F;
51010 : 03F;
51011 : 03F;
51012 : 03F;
51013 : 03F;
51014 : 03F;
51015 : 03F;
51016 : 03F;
51017 : 03F;
51018 : 03F;
51019 : 03F;
51020 : 03F;
51021 : 03F;
51022 : 03F;
51023 : 03F;
51024 : 03F;
51025 : 03F;
51026 : 03F;
51027 : 03F;
51028 : 03F;
51029 : 03F;
51030 : 03F;
51031 : 03F;
51032 : 03F;
51033 : 03F;
51034 : 03F;
51035 : 03F;
51036 : 03F;
51037 : 03F;
51038 : 03F;
51039 : 03F;
51040 : 03F;
51041 : 03F;
51042 : 03F;
51043 : 03F;
51044 : 03F;
51045 : 03F;
51046 : 03F;
51047 : 03F;
51048 : 03F;
51049 : 03F;
51050 : 03F;
51051 : 03F;
51052 : 03F;
51053 : 03F;
51054 : 03F;
51055 : 03F;
51056 : 03F;
51057 : 03F;
51058 : 03F;
51059 : 03F;
51060 : 03F;
51061 : 03F;
51062 : 03F;
51063 : 03F;
51064 : 03F;
51065 : 03F;
51066 : 03F;
51067 : 03F;
51068 : 03F;
51069 : 03F;
51070 : 007;
51071 : 007;
51072 : 007;
51073 : 007;
51074 : 007;
51075 : 007;
51076 : 007;
51077 : 03F;
51078 : 03F;
51079 : 03F;
51080 : 03F;
51081 : 03F;
51082 : 03F;
51083 : 03F;
51084 : 03F;
51085 : 03F;
51086 : 03F;
51087 : 03F;
51088 : 03F;
51089 : 03F;
51090 : 03F;
51091 : 03F;
51092 : 03F;
51093 : 03F;
51094 : 03F;
51095 : 03F;
51096 : 03F;
51097 : 03F;
51098 : 03F;
51099 : 03F;
51100 : 03F;
51101 : 03F;
51102 : 03F;
51103 : 03F;
51104 : 03F;
51105 : 03F;
51106 : 03F;
51107 : 03F;
51108 : 03F;
51109 : 1C0;
51110 : 1C0;
51111 : 1C0;
51112 : 1C0;
51113 : 1C0;
51114 : 1C0;
51115 : 1C0;
51116 : 1C0;
51117 : 1C0;
51118 : 1C0;
51119 : 1C0;
51120 : 1FF;
51121 : 1FF;
51122 : 1FF;
51123 : 1FF;
51124 : 1FF;
51125 : 1FF;
51126 : 1FF;
51127 : 1FF;
51128 : 1FF;
51129 : 1FF;
51130 : 1FF;
51131 : 1FF;
51132 : 1FF;
51133 : 1FF;
51134 : 1FF;
51135 : 1FF;
51136 : 1FF;
51137 : 1FF;
51138 : 1FF;
51139 : 1FF;
51140 : 1FF;
51141 : 1FF;
51142 : 1FF;
51143 : 1C0;
51144 : 1C0;
51145 : 1C0;
51146 : 1C0;
51147 : 1C0;
51148 : 1C0;
51149 : 1C0;
51150 : 1C0;
51151 : 1C0;
51152 : 1C0;
51153 : 1C0;
51154 : 1C0;
51155 : 1DD;
51156 : 1DD;
51157 : 1DD;
51158 : 1DD;
51159 : 1DD;
51160 : 1DD;
51161 : 1DD;
51162 : 1DD;
51163 : 1DD;
51164 : 1DD;
51165 : 1DD;
51166 : 1DD;
51167 : 1DD;
51168 : 1D8;
51169 : 1D8;
51170 : 1D8;
51171 : 1D8;
51172 : 1D8;
51173 : 1D8;
51174 : 1D8;
51175 : 1D8;
51176 : 1D8;
51177 : 1D8;
51178 : 1D8;
51179 : 1D8;
51180 : 1D8;
51181 : 1D8;
51182 : 1D8;
51183 : 1D8;
51184 : 1D8;
51185 : 1D8;
51186 : 1D8;
51187 : 1D8;
51188 : 1D8;
51189 : 1D8;
51190 : 1D8;
51191 : 1D8;
51192 : 1D8;
51193 : 1D8;
51194 : 1D8;
51195 : 1D8;
51196 : 1D8;
51197 : 1D8;
51198 : 1D8;
51199 : 1D8;
51200 : 1FF;
51201 : 1FF;
51202 : 1FF;
51203 : 03F;
51204 : 03F;
51205 : 03F;
51206 : 03F;
51207 : 03F;
51208 : 03F;
51209 : 03F;
51210 : 03F;
51211 : 03F;
51212 : 03F;
51213 : 03F;
51214 : 03F;
51215 : 03F;
51216 : 03F;
51217 : 03F;
51218 : 03F;
51219 : 03F;
51220 : 03F;
51221 : 03F;
51222 : 03F;
51223 : 03F;
51224 : 03F;
51225 : 03F;
51226 : 03F;
51227 : 03F;
51228 : 03F;
51229 : 03F;
51230 : 03F;
51231 : 03F;
51232 : 03F;
51233 : 03F;
51234 : 03F;
51235 : 03F;
51236 : 03F;
51237 : 03F;
51238 : 03F;
51239 : 03F;
51240 : 03F;
51241 : 03F;
51242 : 03F;
51243 : 03F;
51244 : 03F;
51245 : 03F;
51246 : 03F;
51247 : 03F;
51248 : 03F;
51249 : 03F;
51250 : 03F;
51251 : 03F;
51252 : 03F;
51253 : 03F;
51254 : 03F;
51255 : 03F;
51256 : 03F;
51257 : 03F;
51258 : 03F;
51259 : 03F;
51260 : 03F;
51261 : 03F;
51262 : 03F;
51263 : 03F;
51264 : 1D8;
51265 : 1D8;
51266 : 1D8;
51267 : 1D8;
51268 : 1D8;
51269 : 1D8;
51270 : 110;
51271 : 110;
51272 : 110;
51273 : 110;
51274 : 03F;
51275 : 03F;
51276 : 03F;
51277 : 03F;
51278 : 03F;
51279 : 03F;
51280 : 03F;
51281 : 03F;
51282 : 03F;
51283 : 03F;
51284 : 03F;
51285 : 03F;
51286 : 03F;
51287 : 03F;
51288 : 03F;
51289 : 03F;
51290 : 03F;
51291 : 03F;
51292 : 03F;
51293 : 03F;
51294 : 03F;
51295 : 03F;
51296 : 03F;
51297 : 03F;
51298 : 03F;
51299 : 03F;
51300 : 03F;
51301 : 03F;
51302 : 03F;
51303 : 03F;
51304 : 03F;
51305 : 03F;
51306 : 03F;
51307 : 03F;
51308 : 03F;
51309 : 03F;
51310 : 03F;
51311 : 03F;
51312 : 03F;
51313 : 03F;
51314 : 03F;
51315 : 03F;
51316 : 03F;
51317 : 03F;
51318 : 03F;
51319 : 03F;
51320 : 03F;
51321 : 03F;
51322 : 03F;
51323 : 03F;
51324 : 03F;
51325 : 03F;
51326 : 03F;
51327 : 03F;
51328 : 03F;
51329 : 03F;
51330 : 03F;
51331 : 03F;
51332 : 03F;
51333 : 03F;
51334 : 03F;
51335 : 03F;
51336 : 03F;
51337 : 03F;
51338 : 03F;
51339 : 03F;
51340 : 03F;
51341 : 03F;
51342 : 03F;
51343 : 03F;
51344 : 03F;
51345 : 03F;
51346 : 03F;
51347 : 03F;
51348 : 03F;
51349 : 03F;
51350 : 03F;
51351 : 03F;
51352 : 03F;
51353 : 03F;
51354 : 03F;
51355 : 03F;
51356 : 03F;
51357 : 03F;
51358 : 03F;
51359 : 03F;
51360 : 03F;
51361 : 03F;
51362 : 03F;
51363 : 03F;
51364 : 03F;
51365 : 03F;
51366 : 03F;
51367 : 03F;
51368 : 03F;
51369 : 03F;
51370 : 03F;
51371 : 03F;
51372 : 03F;
51373 : 03F;
51374 : 03F;
51375 : 03F;
51376 : 03F;
51377 : 03F;
51378 : 03F;
51379 : 03F;
51380 : 03F;
51381 : 03F;
51382 : 03F;
51383 : 03F;
51384 : 03F;
51385 : 03F;
51386 : 03F;
51387 : 03F;
51388 : 03F;
51389 : 03F;
51390 : 03F;
51391 : 03F;
51392 : 03F;
51393 : 03F;
51394 : 03F;
51395 : 03F;
51396 : 03F;
51397 : 03F;
51398 : 03F;
51399 : 03F;
51400 : 03F;
51401 : 03F;
51402 : 03F;
51403 : 03F;
51404 : 03F;
51405 : 03F;
51406 : 03F;
51407 : 03F;
51408 : 03F;
51409 : 03F;
51410 : 03F;
51411 : 03F;
51412 : 03F;
51413 : 03F;
51414 : 03F;
51415 : 03F;
51416 : 03F;
51417 : 03F;
51418 : 03F;
51419 : 03F;
51420 : 03F;
51421 : 03F;
51422 : 03F;
51423 : 03F;
51424 : 03F;
51425 : 03F;
51426 : 03F;
51427 : 03F;
51428 : 1C0;
51429 : 1C0;
51430 : 1C0;
51431 : 1C0;
51432 : 1C0;
51433 : 1C0;
51434 : 1C0;
51435 : 1C0;
51436 : 1C0;
51437 : 1C0;
51438 : 1C0;
51439 : 1FF;
51440 : 1FF;
51441 : 1FF;
51442 : 1FF;
51443 : 1FF;
51444 : 1FF;
51445 : 1FF;
51446 : 1FF;
51447 : 1FF;
51448 : 1FF;
51449 : 1FF;
51450 : 1FF;
51451 : 1FF;
51452 : 1FF;
51453 : 1FF;
51454 : 1FF;
51455 : 1FF;
51456 : 1FF;
51457 : 1FF;
51458 : 1FF;
51459 : 1FF;
51460 : 1FF;
51461 : 1FF;
51462 : 1FF;
51463 : 1FF;
51464 : 1C0;
51465 : 1C0;
51466 : 1C0;
51467 : 1C0;
51468 : 1C0;
51469 : 1C0;
51470 : 1C0;
51471 : 1C0;
51472 : 1C0;
51473 : 1C0;
51474 : 1C0;
51475 : 1C0;
51476 : 1DD;
51477 : 1DD;
51478 : 1DD;
51479 : 1DD;
51480 : 1DD;
51481 : 1DD;
51482 : 1DD;
51483 : 1DD;
51484 : 1DD;
51485 : 1D8;
51486 : 1D8;
51487 : 1D8;
51488 : 1D8;
51489 : 1D8;
51490 : 1D8;
51491 : 1D8;
51492 : 1D8;
51493 : 1D8;
51494 : 1D8;
51495 : 1D8;
51496 : 1D8;
51497 : 1D8;
51498 : 1D8;
51499 : 1D8;
51500 : 1D8;
51501 : 1D8;
51502 : 1D8;
51503 : 1D8;
51504 : 1D8;
51505 : 1D8;
51506 : 1D8;
51507 : 1D8;
51508 : 1D8;
51509 : 1D8;
51510 : 1D8;
51511 : 1D8;
51512 : 1D8;
51513 : 1D8;
51514 : 1D8;
51515 : 1D8;
51516 : 1D8;
51517 : 1D8;
51518 : 1D8;
51519 : 1D8;
51520 : 1FF;
51521 : 1FF;
51522 : 1FF;
51523 : 1FF;
51524 : 1FF;
51525 : 1FF;
51526 : 03F;
51527 : 03F;
51528 : 03F;
51529 : 03F;
51530 : 03F;
51531 : 03F;
51532 : 03F;
51533 : 03F;
51534 : 03F;
51535 : 03F;
51536 : 03F;
51537 : 03F;
51538 : 03F;
51539 : 03F;
51540 : 03F;
51541 : 03F;
51542 : 03F;
51543 : 03F;
51544 : 03F;
51545 : 03F;
51546 : 03F;
51547 : 03F;
51548 : 03F;
51549 : 03F;
51550 : 03F;
51551 : 03F;
51552 : 03F;
51553 : 03F;
51554 : 03F;
51555 : 03F;
51556 : 03F;
51557 : 03F;
51558 : 03F;
51559 : 03F;
51560 : 03F;
51561 : 03F;
51562 : 03F;
51563 : 03F;
51564 : 03F;
51565 : 03F;
51566 : 03F;
51567 : 03F;
51568 : 03F;
51569 : 03F;
51570 : 03F;
51571 : 03F;
51572 : 03F;
51573 : 03F;
51574 : 03F;
51575 : 03F;
51576 : 03F;
51577 : 03F;
51578 : 03F;
51579 : 03F;
51580 : 03F;
51581 : 03F;
51582 : 03F;
51583 : 03F;
51584 : 110;
51585 : 1D8;
51586 : 1D8;
51587 : 1D8;
51588 : 1D8;
51589 : 1D8;
51590 : 110;
51591 : 110;
51592 : 110;
51593 : 110;
51594 : 03F;
51595 : 03F;
51596 : 03F;
51597 : 03F;
51598 : 03F;
51599 : 03F;
51600 : 03F;
51601 : 03F;
51602 : 03F;
51603 : 03F;
51604 : 03F;
51605 : 03F;
51606 : 03F;
51607 : 03F;
51608 : 03F;
51609 : 03F;
51610 : 03F;
51611 : 03F;
51612 : 03F;
51613 : 03F;
51614 : 03F;
51615 : 03F;
51616 : 03F;
51617 : 03F;
51618 : 03F;
51619 : 03F;
51620 : 03F;
51621 : 03F;
51622 : 03F;
51623 : 03F;
51624 : 03F;
51625 : 03F;
51626 : 03F;
51627 : 03F;
51628 : 03F;
51629 : 03F;
51630 : 03F;
51631 : 03F;
51632 : 03F;
51633 : 03F;
51634 : 03F;
51635 : 03F;
51636 : 03F;
51637 : 03F;
51638 : 03F;
51639 : 03F;
51640 : 03F;
51641 : 03F;
51642 : 03F;
51643 : 03F;
51644 : 03F;
51645 : 03F;
51646 : 03F;
51647 : 03F;
51648 : 03F;
51649 : 03F;
51650 : 03F;
51651 : 03F;
51652 : 03F;
51653 : 03F;
51654 : 03F;
51655 : 03F;
51656 : 03F;
51657 : 03F;
51658 : 03F;
51659 : 03F;
51660 : 03F;
51661 : 03F;
51662 : 03F;
51663 : 03F;
51664 : 03F;
51665 : 03F;
51666 : 03F;
51667 : 03F;
51668 : 03F;
51669 : 03F;
51670 : 03F;
51671 : 03F;
51672 : 03F;
51673 : 03F;
51674 : 03F;
51675 : 03F;
51676 : 03F;
51677 : 03F;
51678 : 03F;
51679 : 03F;
51680 : 03F;
51681 : 03F;
51682 : 03F;
51683 : 03F;
51684 : 03F;
51685 : 03F;
51686 : 03F;
51687 : 03F;
51688 : 03F;
51689 : 03F;
51690 : 03F;
51691 : 03F;
51692 : 03F;
51693 : 03F;
51694 : 03F;
51695 : 03F;
51696 : 03F;
51697 : 03F;
51698 : 03F;
51699 : 03F;
51700 : 03F;
51701 : 03F;
51702 : 03F;
51703 : 03F;
51704 : 03F;
51705 : 03F;
51706 : 03F;
51707 : 03F;
51708 : 03F;
51709 : 03F;
51710 : 03F;
51711 : 03F;
51712 : 03F;
51713 : 03F;
51714 : 03F;
51715 : 03F;
51716 : 03F;
51717 : 03F;
51718 : 03F;
51719 : 03F;
51720 : 03F;
51721 : 03F;
51722 : 03F;
51723 : 03F;
51724 : 03F;
51725 : 007;
51726 : 007;
51727 : 007;
51728 : 007;
51729 : 007;
51730 : 007;
51731 : 007;
51732 : 007;
51733 : 007;
51734 : 03F;
51735 : 03F;
51736 : 03F;
51737 : 03F;
51738 : 03F;
51739 : 03F;
51740 : 03F;
51741 : 03F;
51742 : 03F;
51743 : 03F;
51744 : 03F;
51745 : 03F;
51746 : 1C0;
51747 : 1C0;
51748 : 1C0;
51749 : 1C0;
51750 : 1C0;
51751 : 1C0;
51752 : 1C0;
51753 : 1C0;
51754 : 1C0;
51755 : 1C0;
51756 : 1C0;
51757 : 1C0;
51758 : 1C0;
51759 : 1FF;
51760 : 1FF;
51761 : 1FF;
51762 : 1FF;
51763 : 1FF;
51764 : 1FF;
51765 : 1FF;
51766 : 1FF;
51767 : 1FF;
51768 : 1FF;
51769 : 1FF;
51770 : 1FF;
51771 : 1FF;
51772 : 1FF;
51773 : 1FF;
51774 : 1FF;
51775 : 1FF;
51776 : 1FF;
51777 : 1FF;
51778 : 1FF;
51779 : 1FF;
51780 : 1FF;
51781 : 1FF;
51782 : 1FF;
51783 : 1FF;
51784 : 1C0;
51785 : 1C0;
51786 : 1C0;
51787 : 1C0;
51788 : 1C0;
51789 : 1C0;
51790 : 1C0;
51791 : 1C0;
51792 : 1C0;
51793 : 1C0;
51794 : 1C0;
51795 : 1C0;
51796 : 1C0;
51797 : 1DD;
51798 : 1DD;
51799 : 1DD;
51800 : 1DD;
51801 : 1D8;
51802 : 1D8;
51803 : 1D8;
51804 : 1D8;
51805 : 1D8;
51806 : 1D8;
51807 : 1D8;
51808 : 1D8;
51809 : 1D8;
51810 : 1D8;
51811 : 1D8;
51812 : 1D8;
51813 : 1D8;
51814 : 1D8;
51815 : 1D8;
51816 : 1D8;
51817 : 1D8;
51818 : 1D8;
51819 : 1D8;
51820 : 1D8;
51821 : 1D8;
51822 : 1D8;
51823 : 1D8;
51824 : 1D8;
51825 : 1D8;
51826 : 1D8;
51827 : 1D8;
51828 : 1D8;
51829 : 1D8;
51830 : 1D8;
51831 : 1D8;
51832 : 1D8;
51833 : 1D8;
51834 : 1D8;
51835 : 1F8;
51836 : 1F8;
51837 : 1F8;
51838 : 1F8;
51839 : 1F8;
51840 : 1FF;
51841 : 1FF;
51842 : 1FF;
51843 : 1FF;
51844 : 1FF;
51845 : 1FF;
51846 : 1FF;
51847 : 1FF;
51848 : 1FF;
51849 : 03F;
51850 : 03F;
51851 : 03F;
51852 : 03F;
51853 : 03F;
51854 : 03F;
51855 : 03F;
51856 : 03F;
51857 : 03F;
51858 : 03F;
51859 : 03F;
51860 : 03F;
51861 : 03F;
51862 : 03F;
51863 : 03F;
51864 : 03F;
51865 : 03F;
51866 : 03F;
51867 : 03F;
51868 : 03F;
51869 : 03F;
51870 : 03F;
51871 : 03F;
51872 : 03F;
51873 : 03F;
51874 : 03F;
51875 : 03F;
51876 : 03F;
51877 : 03F;
51878 : 03F;
51879 : 03F;
51880 : 03F;
51881 : 03F;
51882 : 03F;
51883 : 03F;
51884 : 03F;
51885 : 03F;
51886 : 03F;
51887 : 03F;
51888 : 03F;
51889 : 03F;
51890 : 03F;
51891 : 03F;
51892 : 03F;
51893 : 03F;
51894 : 03F;
51895 : 03F;
51896 : 03F;
51897 : 03F;
51898 : 03F;
51899 : 03F;
51900 : 03F;
51901 : 03F;
51902 : 03F;
51903 : 1D8;
51904 : 1D8;
51905 : 110;
51906 : 110;
51907 : 1D8;
51908 : 1D8;
51909 : 1D8;
51910 : 110;
51911 : 110;
51912 : 110;
51913 : 03F;
51914 : 03F;
51915 : 03F;
51916 : 03F;
51917 : 03F;
51918 : 03F;
51919 : 03F;
51920 : 03F;
51921 : 03F;
51922 : 03F;
51923 : 03F;
51924 : 03F;
51925 : 03F;
51926 : 03F;
51927 : 03F;
51928 : 03F;
51929 : 03F;
51930 : 03F;
51931 : 03F;
51932 : 03F;
51933 : 03F;
51934 : 03F;
51935 : 03F;
51936 : 03F;
51937 : 03F;
51938 : 03F;
51939 : 03F;
51940 : 03F;
51941 : 03F;
51942 : 03F;
51943 : 03F;
51944 : 03F;
51945 : 03F;
51946 : 03F;
51947 : 03F;
51948 : 03F;
51949 : 03F;
51950 : 03F;
51951 : 03F;
51952 : 03F;
51953 : 03F;
51954 : 03F;
51955 : 03F;
51956 : 03F;
51957 : 03F;
51958 : 03F;
51959 : 03F;
51960 : 03F;
51961 : 03F;
51962 : 03F;
51963 : 03F;
51964 : 03F;
51965 : 03F;
51966 : 03F;
51967 : 03F;
51968 : 03F;
51969 : 03F;
51970 : 03F;
51971 : 03F;
51972 : 03F;
51973 : 03F;
51974 : 03F;
51975 : 03F;
51976 : 03F;
51977 : 03F;
51978 : 03F;
51979 : 03F;
51980 : 03F;
51981 : 03F;
51982 : 03F;
51983 : 03F;
51984 : 03F;
51985 : 03F;
51986 : 03F;
51987 : 03F;
51988 : 03F;
51989 : 03F;
51990 : 03F;
51991 : 03F;
51992 : 03F;
51993 : 03F;
51994 : 03F;
51995 : 03F;
51996 : 03F;
51997 : 03F;
51998 : 03F;
51999 : 03F;
52000 : 03F;
52001 : 03F;
52002 : 03F;
52003 : 03F;
52004 : 03F;
52005 : 03F;
52006 : 03F;
52007 : 03F;
52008 : 03F;
52009 : 03F;
52010 : 03F;
52011 : 03F;
52012 : 03F;
52013 : 03F;
52014 : 03F;
52015 : 03F;
52016 : 03F;
52017 : 03F;
52018 : 03F;
52019 : 03F;
52020 : 03F;
52021 : 03F;
52022 : 03F;
52023 : 03F;
52024 : 03F;
52025 : 03F;
52026 : 03F;
52027 : 03F;
52028 : 03F;
52029 : 03F;
52030 : 03F;
52031 : 03F;
52032 : 03F;
52033 : 03F;
52034 : 03F;
52035 : 03F;
52036 : 03F;
52037 : 03F;
52038 : 03F;
52039 : 03F;
52040 : 03F;
52041 : 03F;
52042 : 03F;
52043 : 03F;
52044 : 03F;
52045 : 03F;
52046 : 03F;
52047 : 03F;
52048 : 03F;
52049 : 03F;
52050 : 03F;
52051 : 03F;
52052 : 03F;
52053 : 03F;
52054 : 03F;
52055 : 03F;
52056 : 03F;
52057 : 03F;
52058 : 03F;
52059 : 03F;
52060 : 03F;
52061 : 03F;
52062 : 03F;
52063 : 03F;
52064 : 03F;
52065 : 03F;
52066 : 1C0;
52067 : 1C0;
52068 : 1C0;
52069 : 1C0;
52070 : 1C0;
52071 : 1C0;
52072 : 1C0;
52073 : 1C0;
52074 : 1C0;
52075 : 1C0;
52076 : 1C0;
52077 : 1C0;
52078 : 1C0;
52079 : 1FF;
52080 : 1FF;
52081 : 1FF;
52082 : 1FF;
52083 : 1FF;
52084 : 1FF;
52085 : 1FF;
52086 : 1FF;
52087 : 1FF;
52088 : 1FF;
52089 : 1FF;
52090 : 1FF;
52091 : 1FF;
52092 : 1FF;
52093 : 1FF;
52094 : 1FF;
52095 : 1FF;
52096 : 1FF;
52097 : 1FF;
52098 : 1FF;
52099 : 1FF;
52100 : 1FF;
52101 : 1FF;
52102 : 1FF;
52103 : 1FF;
52104 : 1FF;
52105 : 1C0;
52106 : 1C0;
52107 : 1C0;
52108 : 1C0;
52109 : 1C0;
52110 : 1C0;
52111 : 1C0;
52112 : 1C0;
52113 : 1C0;
52114 : 1C0;
52115 : 1C0;
52116 : 1C0;
52117 : 1C0;
52118 : 1D8;
52119 : 1D8;
52120 : 1D8;
52121 : 1D8;
52122 : 1D8;
52123 : 1D8;
52124 : 1D8;
52125 : 1D8;
52126 : 1D8;
52127 : 1D8;
52128 : 1D8;
52129 : 1D8;
52130 : 1D8;
52131 : 1D8;
52132 : 1D8;
52133 : 1D8;
52134 : 1D8;
52135 : 1D8;
52136 : 1D8;
52137 : 1D8;
52138 : 1D8;
52139 : 1D8;
52140 : 1D8;
52141 : 1D8;
52142 : 1D8;
52143 : 1D8;
52144 : 1D8;
52145 : 1D8;
52146 : 1D8;
52147 : 1F8;
52148 : 1F8;
52149 : 1F8;
52150 : 1F8;
52151 : 1F8;
52152 : 1F8;
52153 : 1F8;
52154 : 1F8;
52155 : 1F8;
52156 : 1F8;
52157 : 1F8;
52158 : 1F8;
52159 : 1F8;
52160 : 1FF;
52161 : 1FF;
52162 : 1FF;
52163 : 1FF;
52164 : 1FF;
52165 : 1FF;
52166 : 1FF;
52167 : 1FF;
52168 : 1FF;
52169 : 1FF;
52170 : 1FF;
52171 : 1FF;
52172 : 1FF;
52173 : 03F;
52174 : 03F;
52175 : 03F;
52176 : 03F;
52177 : 03F;
52178 : 03F;
52179 : 03F;
52180 : 03F;
52181 : 03F;
52182 : 03F;
52183 : 03F;
52184 : 03F;
52185 : 03F;
52186 : 03F;
52187 : 03F;
52188 : 03F;
52189 : 03F;
52190 : 03F;
52191 : 03F;
52192 : 03F;
52193 : 03F;
52194 : 03F;
52195 : 03F;
52196 : 03F;
52197 : 03F;
52198 : 03F;
52199 : 03F;
52200 : 03F;
52201 : 03F;
52202 : 03F;
52203 : 03F;
52204 : 03F;
52205 : 03F;
52206 : 03F;
52207 : 03F;
52208 : 03F;
52209 : 03F;
52210 : 03F;
52211 : 03F;
52212 : 03F;
52213 : 03F;
52214 : 03F;
52215 : 03F;
52216 : 03F;
52217 : 03F;
52218 : 03F;
52219 : 03F;
52220 : 03F;
52221 : 03F;
52222 : 03F;
52223 : 1D8;
52224 : 1D8;
52225 : 1D8;
52226 : 1D8;
52227 : 110;
52228 : 110;
52229 : 110;
52230 : 110;
52231 : 110;
52232 : 110;
52233 : 03F;
52234 : 03F;
52235 : 03F;
52236 : 03F;
52237 : 03F;
52238 : 03F;
52239 : 03F;
52240 : 03F;
52241 : 03F;
52242 : 03F;
52243 : 03F;
52244 : 03F;
52245 : 03F;
52246 : 03F;
52247 : 03F;
52248 : 03F;
52249 : 03F;
52250 : 03F;
52251 : 03F;
52252 : 03F;
52253 : 03F;
52254 : 03F;
52255 : 03F;
52256 : 03F;
52257 : 03F;
52258 : 03F;
52259 : 03F;
52260 : 03F;
52261 : 03F;
52262 : 03F;
52263 : 03F;
52264 : 03F;
52265 : 03F;
52266 : 03F;
52267 : 03F;
52268 : 03F;
52269 : 03F;
52270 : 03F;
52271 : 03F;
52272 : 03F;
52273 : 03F;
52274 : 03F;
52275 : 03F;
52276 : 03F;
52277 : 03F;
52278 : 03F;
52279 : 03F;
52280 : 03F;
52281 : 03F;
52282 : 03F;
52283 : 03F;
52284 : 03F;
52285 : 03F;
52286 : 03F;
52287 : 03F;
52288 : 03F;
52289 : 03F;
52290 : 03F;
52291 : 03F;
52292 : 03F;
52293 : 03F;
52294 : 03F;
52295 : 03F;
52296 : 03F;
52297 : 03F;
52298 : 03F;
52299 : 03F;
52300 : 03F;
52301 : 03F;
52302 : 03F;
52303 : 03F;
52304 : 03F;
52305 : 03F;
52306 : 03F;
52307 : 03F;
52308 : 03F;
52309 : 03F;
52310 : 03F;
52311 : 03F;
52312 : 03F;
52313 : 03F;
52314 : 03F;
52315 : 03F;
52316 : 03F;
52317 : 03F;
52318 : 03F;
52319 : 03F;
52320 : 03F;
52321 : 03F;
52322 : 03F;
52323 : 03F;
52324 : 03F;
52325 : 03F;
52326 : 03F;
52327 : 03F;
52328 : 03F;
52329 : 03F;
52330 : 03F;
52331 : 03F;
52332 : 03F;
52333 : 03F;
52334 : 03F;
52335 : 03F;
52336 : 03F;
52337 : 03F;
52338 : 03F;
52339 : 03F;
52340 : 03F;
52341 : 03F;
52342 : 03F;
52343 : 03F;
52344 : 03F;
52345 : 03F;
52346 : 03F;
52347 : 03F;
52348 : 03F;
52349 : 03F;
52350 : 03F;
52351 : 03F;
52352 : 03F;
52353 : 03F;
52354 : 03F;
52355 : 03F;
52356 : 03F;
52357 : 03F;
52358 : 03F;
52359 : 03F;
52360 : 03F;
52361 : 03F;
52362 : 03F;
52363 : 03F;
52364 : 03F;
52365 : 03F;
52366 : 03F;
52367 : 03F;
52368 : 03F;
52369 : 03F;
52370 : 03F;
52371 : 03F;
52372 : 03F;
52373 : 03F;
52374 : 03F;
52375 : 03F;
52376 : 03F;
52377 : 03F;
52378 : 03F;
52379 : 03F;
52380 : 03F;
52381 : 03F;
52382 : 03F;
52383 : 03F;
52384 : 03F;
52385 : 1C0;
52386 : 1C0;
52387 : 1C0;
52388 : 1C0;
52389 : 1C0;
52390 : 1C0;
52391 : 1C0;
52392 : 1C0;
52393 : 1C0;
52394 : 1C0;
52395 : 1C0;
52396 : 1C0;
52397 : 1C0;
52398 : 1C0;
52399 : 1FF;
52400 : 1FF;
52401 : 1FF;
52402 : 1FF;
52403 : 1FF;
52404 : 1FF;
52405 : 1FF;
52406 : 1FF;
52407 : 1FF;
52408 : 1FF;
52409 : 1FF;
52410 : 1FF;
52411 : 1FF;
52412 : 1FF;
52413 : 1FF;
52414 : 1FF;
52415 : 1FF;
52416 : 1FF;
52417 : 1FF;
52418 : 1FF;
52419 : 1FF;
52420 : 1FF;
52421 : 1FF;
52422 : 1FF;
52423 : 1FF;
52424 : 1FF;
52425 : 1C0;
52426 : 1C0;
52427 : 1C0;
52428 : 1C0;
52429 : 1C0;
52430 : 1C0;
52431 : 1C0;
52432 : 1C0;
52433 : 1C0;
52434 : 1C0;
52435 : 1C0;
52436 : 1C0;
52437 : 1C0;
52438 : 1C0;
52439 : 1D8;
52440 : 1D8;
52441 : 1D8;
52442 : 1D8;
52443 : 1D8;
52444 : 1D8;
52445 : 1D8;
52446 : 1D8;
52447 : 1D8;
52448 : 1D8;
52449 : 1D8;
52450 : 1D8;
52451 : 1D8;
52452 : 1D8;
52453 : 1D8;
52454 : 1D8;
52455 : 1D8;
52456 : 1D8;
52457 : 1D8;
52458 : 1D8;
52459 : 1D8;
52460 : 1D8;
52461 : 1F8;
52462 : 1F8;
52463 : 1F8;
52464 : 1F8;
52465 : 1F8;
52466 : 1F8;
52467 : 1F8;
52468 : 1F8;
52469 : 1F8;
52470 : 1F8;
52471 : 1F8;
52472 : 1F8;
52473 : 1F8;
52474 : 1F8;
52475 : 1F8;
52476 : 1F8;
52477 : 1F8;
52478 : 1F8;
52479 : 1F8;
52480 : 1DD;
52481 : 1DD;
52482 : 1DD;
52483 : 1FF;
52484 : 1FF;
52485 : 1FF;
52486 : 1FF;
52487 : 1FF;
52488 : 1FF;
52489 : 1FF;
52490 : 1FF;
52491 : 1FF;
52492 : 1FF;
52493 : 1FF;
52494 : 1FF;
52495 : 1FF;
52496 : 03F;
52497 : 03F;
52498 : 03F;
52499 : 03F;
52500 : 03F;
52501 : 03F;
52502 : 03F;
52503 : 03F;
52504 : 03F;
52505 : 03F;
52506 : 03F;
52507 : 03F;
52508 : 03F;
52509 : 03F;
52510 : 03F;
52511 : 03F;
52512 : 03F;
52513 : 03F;
52514 : 03F;
52515 : 03F;
52516 : 03F;
52517 : 03F;
52518 : 03F;
52519 : 03F;
52520 : 03F;
52521 : 03F;
52522 : 03F;
52523 : 03F;
52524 : 03F;
52525 : 03F;
52526 : 03F;
52527 : 03F;
52528 : 03F;
52529 : 03F;
52530 : 03F;
52531 : 03F;
52532 : 03F;
52533 : 03F;
52534 : 03F;
52535 : 03F;
52536 : 03F;
52537 : 03F;
52538 : 03F;
52539 : 03F;
52540 : 03F;
52541 : 03F;
52542 : 03F;
52543 : 1D8;
52544 : 1D8;
52545 : 1D8;
52546 : 1D8;
52547 : 1D8;
52548 : 1D8;
52549 : 110;
52550 : 110;
52551 : 110;
52552 : 110;
52553 : 03F;
52554 : 03F;
52555 : 03F;
52556 : 03F;
52557 : 03F;
52558 : 03F;
52559 : 03F;
52560 : 03F;
52561 : 03F;
52562 : 03F;
52563 : 03F;
52564 : 03F;
52565 : 03F;
52566 : 03F;
52567 : 03F;
52568 : 03F;
52569 : 03F;
52570 : 03F;
52571 : 03F;
52572 : 03F;
52573 : 03F;
52574 : 03F;
52575 : 03F;
52576 : 03F;
52577 : 03F;
52578 : 03F;
52579 : 03F;
52580 : 03F;
52581 : 03F;
52582 : 03F;
52583 : 03F;
52584 : 03F;
52585 : 03F;
52586 : 03F;
52587 : 03F;
52588 : 03F;
52589 : 03F;
52590 : 03F;
52591 : 03F;
52592 : 03F;
52593 : 03F;
52594 : 03F;
52595 : 03F;
52596 : 03F;
52597 : 03F;
52598 : 03F;
52599 : 03F;
52600 : 03F;
52601 : 03F;
52602 : 03F;
52603 : 03F;
52604 : 03F;
52605 : 03F;
52606 : 03F;
52607 : 03F;
52608 : 03F;
52609 : 03F;
52610 : 03F;
52611 : 03F;
52612 : 03F;
52613 : 03F;
52614 : 03F;
52615 : 03F;
52616 : 03F;
52617 : 03F;
52618 : 03F;
52619 : 03F;
52620 : 03F;
52621 : 03F;
52622 : 03F;
52623 : 03F;
52624 : 03F;
52625 : 03F;
52626 : 03F;
52627 : 03F;
52628 : 03F;
52629 : 03F;
52630 : 03F;
52631 : 03F;
52632 : 03F;
52633 : 03F;
52634 : 03F;
52635 : 03F;
52636 : 03F;
52637 : 03F;
52638 : 03F;
52639 : 03F;
52640 : 03F;
52641 : 03F;
52642 : 03F;
52643 : 03F;
52644 : 03F;
52645 : 03F;
52646 : 03F;
52647 : 03F;
52648 : 03F;
52649 : 03F;
52650 : 03F;
52651 : 03F;
52652 : 03F;
52653 : 03F;
52654 : 03F;
52655 : 03F;
52656 : 03F;
52657 : 03F;
52658 : 03F;
52659 : 03F;
52660 : 03F;
52661 : 03F;
52662 : 03F;
52663 : 03F;
52664 : 03F;
52665 : 03F;
52666 : 03F;
52667 : 03F;
52668 : 03F;
52669 : 03F;
52670 : 03F;
52671 : 03F;
52672 : 03F;
52673 : 03F;
52674 : 03F;
52675 : 03F;
52676 : 03F;
52677 : 03F;
52678 : 03F;
52679 : 03F;
52680 : 03F;
52681 : 03F;
52682 : 03F;
52683 : 03F;
52684 : 03F;
52685 : 03F;
52686 : 03F;
52687 : 03F;
52688 : 03F;
52689 : 03F;
52690 : 03F;
52691 : 03F;
52692 : 03F;
52693 : 03F;
52694 : 03F;
52695 : 03F;
52696 : 03F;
52697 : 03F;
52698 : 03F;
52699 : 03F;
52700 : 03F;
52701 : 03F;
52702 : 03F;
52703 : 03F;
52704 : 03F;
52705 : 1C0;
52706 : 1C0;
52707 : 1C0;
52708 : 1C0;
52709 : 1C0;
52710 : 1C0;
52711 : 1C0;
52712 : 1C0;
52713 : 1C0;
52714 : 1C0;
52715 : 1C0;
52716 : 1C0;
52717 : 1C0;
52718 : 1FF;
52719 : 1FF;
52720 : 1FF;
52721 : 1FF;
52722 : 1FF;
52723 : 1FF;
52724 : 1FF;
52725 : 1FF;
52726 : 1FF;
52727 : 1FF;
52728 : 1FF;
52729 : 1FF;
52730 : 1FF;
52731 : 1FF;
52732 : 1FF;
52733 : 1FF;
52734 : 1FF;
52735 : 1FF;
52736 : 1FF;
52737 : 1FF;
52738 : 1FF;
52739 : 1FF;
52740 : 1FF;
52741 : 1FF;
52742 : 1FF;
52743 : 1FF;
52744 : 1FF;
52745 : 1FF;
52746 : 1C0;
52747 : 1C0;
52748 : 1C0;
52749 : 1C0;
52750 : 1C0;
52751 : 1C0;
52752 : 1C0;
52753 : 1C0;
52754 : 1C0;
52755 : 1C0;
52756 : 1C0;
52757 : 1C0;
52758 : 1C0;
52759 : 1C0;
52760 : 1C0;
52761 : 1D8;
52762 : 1D8;
52763 : 1D8;
52764 : 1D8;
52765 : 1D8;
52766 : 1D8;
52767 : 1D8;
52768 : 1D8;
52769 : 1D8;
52770 : 1D8;
52771 : 1D8;
52772 : 1D8;
52773 : 1D8;
52774 : 1D8;
52775 : 1D8;
52776 : 1F8;
52777 : 1F8;
52778 : 1F8;
52779 : 1F8;
52780 : 1F8;
52781 : 1F8;
52782 : 1F8;
52783 : 1F8;
52784 : 1F8;
52785 : 1F8;
52786 : 1F8;
52787 : 1F8;
52788 : 1F8;
52789 : 1F8;
52790 : 1F8;
52791 : 1F8;
52792 : 1F8;
52793 : 1F8;
52794 : 1F8;
52795 : 1F8;
52796 : 1F8;
52797 : 1F8;
52798 : 1F8;
52799 : 1F8;
52800 : 1DD;
52801 : 1DD;
52802 : 1DD;
52803 : 1DD;
52804 : 1DD;
52805 : 1DD;
52806 : 1FF;
52807 : 1FF;
52808 : 1FF;
52809 : 1FF;
52810 : 1FF;
52811 : 1FF;
52812 : 1FF;
52813 : 1FF;
52814 : 1FF;
52815 : 1FF;
52816 : 1FF;
52817 : 1FF;
52818 : 1FF;
52819 : 03F;
52820 : 03F;
52821 : 03F;
52822 : 03F;
52823 : 03F;
52824 : 03F;
52825 : 03F;
52826 : 03F;
52827 : 03F;
52828 : 03F;
52829 : 03F;
52830 : 03F;
52831 : 03F;
52832 : 03F;
52833 : 007;
52834 : 007;
52835 : 007;
52836 : 007;
52837 : 007;
52838 : 007;
52839 : 007;
52840 : 007;
52841 : 03F;
52842 : 03F;
52843 : 03F;
52844 : 03F;
52845 : 03F;
52846 : 03F;
52847 : 03F;
52848 : 03F;
52849 : 03F;
52850 : 03F;
52851 : 03F;
52852 : 03F;
52853 : 03F;
52854 : 03F;
52855 : 03F;
52856 : 03F;
52857 : 03F;
52858 : 03F;
52859 : 03F;
52860 : 03F;
52861 : 03F;
52862 : 03F;
52863 : 1D8;
52864 : 1D8;
52865 : 1D8;
52866 : 1D8;
52867 : 1D8;
52868 : 1D8;
52869 : 110;
52870 : 110;
52871 : 110;
52872 : 110;
52873 : 03F;
52874 : 03F;
52875 : 03F;
52876 : 03F;
52877 : 03F;
52878 : 03F;
52879 : 03F;
52880 : 03F;
52881 : 03F;
52882 : 03F;
52883 : 03F;
52884 : 03F;
52885 : 03F;
52886 : 03F;
52887 : 03F;
52888 : 03F;
52889 : 03F;
52890 : 03F;
52891 : 03F;
52892 : 03F;
52893 : 03F;
52894 : 03F;
52895 : 03F;
52896 : 03F;
52897 : 03F;
52898 : 03F;
52899 : 03F;
52900 : 03F;
52901 : 03F;
52902 : 03F;
52903 : 03F;
52904 : 03F;
52905 : 03F;
52906 : 03F;
52907 : 03F;
52908 : 03F;
52909 : 03F;
52910 : 03F;
52911 : 03F;
52912 : 03F;
52913 : 03F;
52914 : 03F;
52915 : 03F;
52916 : 03F;
52917 : 03F;
52918 : 03F;
52919 : 03F;
52920 : 03F;
52921 : 03F;
52922 : 03F;
52923 : 03F;
52924 : 03F;
52925 : 03F;
52926 : 03F;
52927 : 03F;
52928 : 03F;
52929 : 03F;
52930 : 03F;
52931 : 03F;
52932 : 03F;
52933 : 03F;
52934 : 03F;
52935 : 03F;
52936 : 03F;
52937 : 03F;
52938 : 03F;
52939 : 03F;
52940 : 03F;
52941 : 03F;
52942 : 03F;
52943 : 03F;
52944 : 03F;
52945 : 03F;
52946 : 03F;
52947 : 03F;
52948 : 03F;
52949 : 03F;
52950 : 03F;
52951 : 03F;
52952 : 03F;
52953 : 03F;
52954 : 03F;
52955 : 03F;
52956 : 03F;
52957 : 03F;
52958 : 03F;
52959 : 03F;
52960 : 03F;
52961 : 03F;
52962 : 03F;
52963 : 03F;
52964 : 03F;
52965 : 03F;
52966 : 03F;
52967 : 03F;
52968 : 03F;
52969 : 03F;
52970 : 03F;
52971 : 03F;
52972 : 03F;
52973 : 03F;
52974 : 03F;
52975 : 03F;
52976 : 03F;
52977 : 03F;
52978 : 03F;
52979 : 03F;
52980 : 03F;
52981 : 03F;
52982 : 03F;
52983 : 03F;
52984 : 03F;
52985 : 03F;
52986 : 03F;
52987 : 03F;
52988 : 03F;
52989 : 03F;
52990 : 03F;
52991 : 03F;
52992 : 03F;
52993 : 03F;
52994 : 03F;
52995 : 03F;
52996 : 03F;
52997 : 03F;
52998 : 03F;
52999 : 03F;
53000 : 03F;
53001 : 03F;
53002 : 03F;
53003 : 03F;
53004 : 03F;
53005 : 03F;
53006 : 03F;
53007 : 03F;
53008 : 03F;
53009 : 03F;
53010 : 03F;
53011 : 03F;
53012 : 03F;
53013 : 03F;
53014 : 03F;
53015 : 03F;
53016 : 03F;
53017 : 03F;
53018 : 03F;
53019 : 03F;
53020 : 03F;
53021 : 03F;
53022 : 03F;
53023 : 1FF;
53024 : 1C0;
53025 : 1C0;
53026 : 1C0;
53027 : 1C0;
53028 : 1C0;
53029 : 1C0;
53030 : 1C0;
53031 : 1C0;
53032 : 1C0;
53033 : 1C0;
53034 : 1C0;
53035 : 1C0;
53036 : 1C0;
53037 : 1C0;
53038 : 1FF;
53039 : 1FF;
53040 : 1FF;
53041 : 1FF;
53042 : 1FF;
53043 : 1FF;
53044 : 1FF;
53045 : 1FF;
53046 : 1FF;
53047 : 1FF;
53048 : 1FF;
53049 : 1FF;
53050 : 1FF;
53051 : 1FF;
53052 : 1FF;
53053 : 1FF;
53054 : 1FF;
53055 : 1FF;
53056 : 1FF;
53057 : 1FF;
53058 : 1FF;
53059 : 1FF;
53060 : 1FF;
53061 : 1FF;
53062 : 1FF;
53063 : 1FF;
53064 : 1FF;
53065 : 1FF;
53066 : 1C0;
53067 : 1C0;
53068 : 1C0;
53069 : 1C0;
53070 : 1C0;
53071 : 1C0;
53072 : 1C0;
53073 : 1C0;
53074 : 1C0;
53075 : 1C0;
53076 : 1C0;
53077 : 1C0;
53078 : 1C0;
53079 : 1C0;
53080 : 1C0;
53081 : 1C0;
53082 : 1D8;
53083 : 1D8;
53084 : 1D8;
53085 : 1D8;
53086 : 1D8;
53087 : 1D8;
53088 : 1D8;
53089 : 1D8;
53090 : 1D8;
53091 : 1D8;
53092 : 1F8;
53093 : 1F8;
53094 : 1F8;
53095 : 1F8;
53096 : 1F8;
53097 : 1F8;
53098 : 1F8;
53099 : 1F8;
53100 : 1F8;
53101 : 1F8;
53102 : 1F8;
53103 : 1F8;
53104 : 1F8;
53105 : 1F8;
53106 : 1F8;
53107 : 1F8;
53108 : 1F8;
53109 : 1F8;
53110 : 1F8;
53111 : 1F8;
53112 : 1F8;
53113 : 1F8;
53114 : 1F8;
53115 : 1F8;
53116 : 1F8;
53117 : 1F8;
53118 : 1F8;
53119 : 1F8;
53120 : 1DD;
53121 : 1DD;
53122 : 1DD;
53123 : 1DD;
53124 : 1DD;
53125 : 1DD;
53126 : 1DD;
53127 : 1DD;
53128 : 1DD;
53129 : 1FF;
53130 : 1FF;
53131 : 1FF;
53132 : 1FF;
53133 : 1FF;
53134 : 1FF;
53135 : 1FF;
53136 : 1FF;
53137 : 1FF;
53138 : 1FF;
53139 : 1FF;
53140 : 1FF;
53141 : 1FF;
53142 : 03F;
53143 : 03F;
53144 : 03F;
53145 : 03F;
53146 : 03F;
53147 : 03F;
53148 : 03F;
53149 : 03F;
53150 : 03F;
53151 : 03F;
53152 : 03F;
53153 : 03F;
53154 : 03F;
53155 : 03F;
53156 : 03F;
53157 : 03F;
53158 : 03F;
53159 : 03F;
53160 : 03F;
53161 : 03F;
53162 : 03F;
53163 : 03F;
53164 : 03F;
53165 : 03F;
53166 : 03F;
53167 : 03F;
53168 : 03F;
53169 : 03F;
53170 : 03F;
53171 : 03F;
53172 : 03F;
53173 : 03F;
53174 : 03F;
53175 : 03F;
53176 : 03F;
53177 : 03F;
53178 : 03F;
53179 : 03F;
53180 : 03F;
53181 : 03F;
53182 : 1D8;
53183 : 1D8;
53184 : 1D8;
53185 : 1D8;
53186 : 1D8;
53187 : 1D8;
53188 : 1D8;
53189 : 110;
53190 : 110;
53191 : 110;
53192 : 03F;
53193 : 03F;
53194 : 03F;
53195 : 03F;
53196 : 03F;
53197 : 03F;
53198 : 03F;
53199 : 03F;
53200 : 03F;
53201 : 03F;
53202 : 03F;
53203 : 03F;
53204 : 03F;
53205 : 03F;
53206 : 03F;
53207 : 03F;
53208 : 1FF;
53209 : 1FF;
53210 : 1FF;
53211 : 1FF;
53212 : 1FF;
53213 : 1FF;
53214 : 1FF;
53215 : 1FF;
53216 : 1FF;
53217 : 1FF;
53218 : 1FF;
53219 : 03F;
53220 : 03F;
53221 : 03F;
53222 : 03F;
53223 : 03F;
53224 : 03F;
53225 : 03F;
53226 : 03F;
53227 : 03F;
53228 : 03F;
53229 : 03F;
53230 : 03F;
53231 : 03F;
53232 : 03F;
53233 : 03F;
53234 : 03F;
53235 : 03F;
53236 : 03F;
53237 : 03F;
53238 : 03F;
53239 : 03F;
53240 : 03F;
53241 : 03F;
53242 : 03F;
53243 : 03F;
53244 : 03F;
53245 : 03F;
53246 : 03F;
53247 : 03F;
53248 : 03F;
53249 : 1FF;
53250 : 1FF;
53251 : 1FF;
53252 : 1FF;
53253 : 1FF;
53254 : 1FF;
53255 : 1FF;
53256 : 1FF;
53257 : 1FF;
53258 : 1FF;
53259 : 1FF;
53260 : 1FF;
53261 : 1FF;
53262 : 1FF;
53263 : 1FF;
53264 : 1FF;
53265 : 1FF;
53266 : 1FF;
53267 : 1FF;
53268 : 1FF;
53269 : 1FF;
53270 : 1FF;
53271 : 1FF;
53272 : 1FF;
53273 : 1FF;
53274 : 1FF;
53275 : 1FF;
53276 : 1FF;
53277 : 1FF;
53278 : 1FF;
53279 : 1FF;
53280 : 1FF;
53281 : 1FF;
53282 : 1FF;
53283 : 1FF;
53284 : 1FF;
53285 : 1FF;
53286 : 1FF;
53287 : 1FF;
53288 : 1FF;
53289 : 1FF;
53290 : 1FF;
53291 : 1FF;
53292 : 1FF;
53293 : 1FF;
53294 : 1FF;
53295 : 1FF;
53296 : 1FF;
53297 : 1FF;
53298 : 03F;
53299 : 03F;
53300 : 03F;
53301 : 03F;
53302 : 03F;
53303 : 03F;
53304 : 03F;
53305 : 03F;
53306 : 03F;
53307 : 03F;
53308 : 03F;
53309 : 03F;
53310 : 03F;
53311 : 03F;
53312 : 03F;
53313 : 03F;
53314 : 03F;
53315 : 03F;
53316 : 03F;
53317 : 03F;
53318 : 03F;
53319 : 03F;
53320 : 03F;
53321 : 03F;
53322 : 03F;
53323 : 03F;
53324 : 03F;
53325 : 03F;
53326 : 03F;
53327 : 03F;
53328 : 03F;
53329 : 03F;
53330 : 03F;
53331 : 03F;
53332 : 03F;
53333 : 03F;
53334 : 1FF;
53335 : 1FF;
53336 : 1FF;
53337 : 1FF;
53338 : 1FF;
53339 : 1FF;
53340 : 1FF;
53341 : 1FF;
53342 : 1FF;
53343 : 1FF;
53344 : 1C0;
53345 : 1C0;
53346 : 1C0;
53347 : 1C0;
53348 : 1C0;
53349 : 1C0;
53350 : 1C0;
53351 : 1C0;
53352 : 1C0;
53353 : 1C0;
53354 : 1C0;
53355 : 1C0;
53356 : 1C0;
53357 : 1C0;
53358 : 1FF;
53359 : 1FF;
53360 : 1FF;
53361 : 1FF;
53362 : 1FF;
53363 : 1FF;
53364 : 1FF;
53365 : 1FF;
53366 : 1FF;
53367 : 1FF;
53368 : 1FF;
53369 : 1FF;
53370 : 1FF;
53371 : 1FF;
53372 : 1FF;
53373 : 1FF;
53374 : 1FF;
53375 : 1FF;
53376 : 1FF;
53377 : 1FF;
53378 : 1FF;
53379 : 1FF;
53380 : 1FF;
53381 : 1FF;
53382 : 1FF;
53383 : 1FF;
53384 : 1FF;
53385 : 1FF;
53386 : 1FF;
53387 : 1C0;
53388 : 1C0;
53389 : 1C0;
53390 : 1C0;
53391 : 1C0;
53392 : 1C0;
53393 : 1C0;
53394 : 1C0;
53395 : 1C0;
53396 : 1C0;
53397 : 1C0;
53398 : 1C0;
53399 : 1C0;
53400 : 1C0;
53401 : 1C0;
53402 : 1C0;
53403 : 1D8;
53404 : 1D8;
53405 : 1D8;
53406 : 1D8;
53407 : 1D8;
53408 : 1F8;
53409 : 1F8;
53410 : 1F8;
53411 : 1F8;
53412 : 1F8;
53413 : 1F8;
53414 : 1F8;
53415 : 1F8;
53416 : 1F8;
53417 : 1F8;
53418 : 1F8;
53419 : 1F8;
53420 : 1F8;
53421 : 1F8;
53422 : 1F8;
53423 : 1F8;
53424 : 1F8;
53425 : 1F8;
53426 : 1F8;
53427 : 1F8;
53428 : 1F8;
53429 : 1F8;
53430 : 1F8;
53431 : 1F8;
53432 : 1F8;
53433 : 1F8;
53434 : 1F8;
53435 : 1F8;
53436 : 1F8;
53437 : 1F8;
53438 : 1F8;
53439 : 1F8;
53440 : 1DD;
53441 : 1DD;
53442 : 1DD;
53443 : 1DD;
53444 : 1DD;
53445 : 1DD;
53446 : 1DD;
53447 : 1DD;
53448 : 1DD;
53449 : 1DD;
53450 : 1DD;
53451 : 1DD;
53452 : 1DD;
53453 : 1FF;
53454 : 1FF;
53455 : 1FF;
53456 : 1FF;
53457 : 1FF;
53458 : 1FF;
53459 : 1FF;
53460 : 1FF;
53461 : 1FF;
53462 : 1FF;
53463 : 1FF;
53464 : 1FF;
53465 : 1FF;
53466 : 03F;
53467 : 03F;
53468 : 03F;
53469 : 03F;
53470 : 03F;
53471 : 03F;
53472 : 03F;
53473 : 03F;
53474 : 03F;
53475 : 03F;
53476 : 03F;
53477 : 03F;
53478 : 03F;
53479 : 03F;
53480 : 03F;
53481 : 03F;
53482 : 03F;
53483 : 03F;
53484 : 03F;
53485 : 03F;
53486 : 03F;
53487 : 03F;
53488 : 03F;
53489 : 03F;
53490 : 03F;
53491 : 03F;
53492 : 03F;
53493 : 03F;
53494 : 03F;
53495 : 03F;
53496 : 03F;
53497 : 03F;
53498 : 03F;
53499 : 03F;
53500 : 03F;
53501 : 03F;
53502 : 1D8;
53503 : 1D8;
53504 : 1D8;
53505 : 1D8;
53506 : 1D8;
53507 : 1D8;
53508 : 110;
53509 : 110;
53510 : 110;
53511 : 110;
53512 : 03F;
53513 : 03F;
53514 : 03F;
53515 : 03F;
53516 : 03F;
53517 : 03F;
53518 : 03F;
53519 : 03F;
53520 : 03F;
53521 : 03F;
53522 : 03F;
53523 : 03F;
53524 : 03F;
53525 : 03F;
53526 : 03F;
53527 : 03F;
53528 : 03F;
53529 : 03F;
53530 : 03F;
53531 : 03F;
53532 : 03F;
53533 : 03F;
53534 : 03F;
53535 : 03F;
53536 : 03F;
53537 : 03F;
53538 : 03F;
53539 : 03F;
53540 : 03F;
53541 : 03F;
53542 : 03F;
53543 : 03F;
53544 : 03F;
53545 : 03F;
53546 : 03F;
53547 : 03F;
53548 : 03F;
53549 : 03F;
53550 : 03F;
53551 : 03F;
53552 : 03F;
53553 : 03F;
53554 : 03F;
53555 : 03F;
53556 : 03F;
53557 : 03F;
53558 : 1FF;
53559 : 1FF;
53560 : 1FF;
53561 : 1FF;
53562 : 1FF;
53563 : 1FF;
53564 : 1FF;
53565 : 1FF;
53566 : 1FF;
53567 : 1FF;
53568 : 1FF;
53569 : 1FF;
53570 : 1FF;
53571 : 1FF;
53572 : 1FF;
53573 : 1FF;
53574 : 1FF;
53575 : 1FF;
53576 : 1FF;
53577 : 1FF;
53578 : 1FF;
53579 : 1FF;
53580 : 1FF;
53581 : 1FF;
53582 : 1FF;
53583 : 1FF;
53584 : 1FF;
53585 : 1FF;
53586 : 1FF;
53587 : 1FF;
53588 : 1FF;
53589 : 1FF;
53590 : 1FF;
53591 : 1FF;
53592 : 1FF;
53593 : 1FF;
53594 : 1FF;
53595 : 1FF;
53596 : 1FF;
53597 : 1FF;
53598 : 1FF;
53599 : 1FF;
53600 : 1FF;
53601 : 1FF;
53602 : 1FF;
53603 : 1FF;
53604 : 1FF;
53605 : 1FF;
53606 : 1FF;
53607 : 1FF;
53608 : 1FF;
53609 : 1FF;
53610 : 1FF;
53611 : 1FF;
53612 : 1FF;
53613 : 1FF;
53614 : 1FF;
53615 : 1FF;
53616 : 1FF;
53617 : 1FF;
53618 : 1FF;
53619 : 1FF;
53620 : 1FF;
53621 : 1FF;
53622 : 1FF;
53623 : 1FF;
53624 : 1FF;
53625 : 1FF;
53626 : 1FF;
53627 : 1FF;
53628 : 1FF;
53629 : 1FF;
53630 : 1FF;
53631 : 1FF;
53632 : 1FF;
53633 : 1FF;
53634 : 1FF;
53635 : 1FF;
53636 : 1FF;
53637 : 1FF;
53638 : 1FF;
53639 : 1FF;
53640 : 1FF;
53641 : 1FF;
53642 : 1FF;
53643 : 1FF;
53644 : 1FF;
53645 : 1FF;
53646 : 1FF;
53647 : 1FF;
53648 : 1FF;
53649 : 1FF;
53650 : 1FF;
53651 : 1FF;
53652 : 1FF;
53653 : 1FF;
53654 : 1FF;
53655 : 1FF;
53656 : 1FF;
53657 : 1FF;
53658 : 1FF;
53659 : 1FF;
53660 : 1FF;
53661 : 1FF;
53662 : 1FF;
53663 : 1C0;
53664 : 1C0;
53665 : 1C0;
53666 : 1C0;
53667 : 1C0;
53668 : 1C0;
53669 : 1C0;
53670 : 1C0;
53671 : 1C0;
53672 : 1C0;
53673 : 1C0;
53674 : 1C0;
53675 : 1C0;
53676 : 1C0;
53677 : 1FF;
53678 : 1FF;
53679 : 1FF;
53680 : 1FF;
53681 : 1FF;
53682 : 1FF;
53683 : 1FF;
53684 : 1FF;
53685 : 1FF;
53686 : 1FF;
53687 : 1FF;
53688 : 1FF;
53689 : 1FF;
53690 : 1FF;
53691 : 1FF;
53692 : 1FF;
53693 : 1FF;
53694 : 1FF;
53695 : 1FF;
53696 : 1FF;
53697 : 1FF;
53698 : 1FF;
53699 : 1FF;
53700 : 1FF;
53701 : 1FF;
53702 : 1FF;
53703 : 1FF;
53704 : 1FF;
53705 : 1FF;
53706 : 1FF;
53707 : 1C0;
53708 : 1C0;
53709 : 1C0;
53710 : 1C0;
53711 : 1C0;
53712 : 1C0;
53713 : 1C0;
53714 : 1C0;
53715 : 1C0;
53716 : 1C0;
53717 : 1C0;
53718 : 1C0;
53719 : 1C0;
53720 : 1C0;
53721 : 1C0;
53722 : 1C0;
53723 : 1C0;
53724 : 1D8;
53725 : 1F8;
53726 : 1F8;
53727 : 1F8;
53728 : 1F8;
53729 : 1F8;
53730 : 1F8;
53731 : 1F8;
53732 : 1F8;
53733 : 1F8;
53734 : 1F8;
53735 : 1F8;
53736 : 1F8;
53737 : 1F8;
53738 : 1F8;
53739 : 1F8;
53740 : 1F8;
53741 : 1F8;
53742 : 1F8;
53743 : 1F8;
53744 : 1F8;
53745 : 1F8;
53746 : 1F8;
53747 : 1F8;
53748 : 1F8;
53749 : 1F8;
53750 : 1F8;
53751 : 1F8;
53752 : 1F8;
53753 : 1F8;
53754 : 1F8;
53755 : 1F8;
53756 : 1F8;
53757 : 1F8;
53758 : 1F8;
53759 : 1F8;
53760 : 1DD;
53761 : 1DD;
53762 : 1DD;
53763 : 1DD;
53764 : 1DD;
53765 : 1DD;
53766 : 1DD;
53767 : 1DD;
53768 : 1DD;
53769 : 1DD;
53770 : 1DD;
53771 : 1DD;
53772 : 1DD;
53773 : 1DD;
53774 : 1DD;
53775 : 1DD;
53776 : 1FF;
53777 : 1FF;
53778 : 1FF;
53779 : 1FF;
53780 : 1FF;
53781 : 1FF;
53782 : 1FF;
53783 : 1FF;
53784 : 1FF;
53785 : 1FF;
53786 : 1FF;
53787 : 1FF;
53788 : 1FF;
53789 : 1FF;
53790 : 03F;
53791 : 03F;
53792 : 03F;
53793 : 03F;
53794 : 03F;
53795 : 03F;
53796 : 03F;
53797 : 03F;
53798 : 03F;
53799 : 03F;
53800 : 03F;
53801 : 03F;
53802 : 03F;
53803 : 03F;
53804 : 03F;
53805 : 03F;
53806 : 03F;
53807 : 03F;
53808 : 03F;
53809 : 03F;
53810 : 03F;
53811 : 03F;
53812 : 03F;
53813 : 03F;
53814 : 03F;
53815 : 03F;
53816 : 03F;
53817 : 03F;
53818 : 03F;
53819 : 03F;
53820 : 03F;
53821 : 03F;
53822 : 1D8;
53823 : 1D8;
53824 : 1D8;
53825 : 1D8;
53826 : 1D8;
53827 : 1D8;
53828 : 110;
53829 : 110;
53830 : 110;
53831 : 110;
53832 : 03F;
53833 : 03F;
53834 : 03F;
53835 : 03F;
53836 : 03F;
53837 : 03F;
53838 : 03F;
53839 : 03F;
53840 : 03F;
53841 : 03F;
53842 : 03F;
53843 : 03F;
53844 : 03F;
53845 : 03F;
53846 : 03F;
53847 : 03F;
53848 : 03F;
53849 : 03F;
53850 : 03F;
53851 : 03F;
53852 : 03F;
53853 : 03F;
53854 : 03F;
53855 : 03F;
53856 : 03F;
53857 : 03F;
53858 : 03F;
53859 : 03F;
53860 : 03F;
53861 : 03F;
53862 : 03F;
53863 : 03F;
53864 : 03F;
53865 : 03F;
53866 : 03F;
53867 : 03F;
53868 : 03F;
53869 : 03F;
53870 : 1FF;
53871 : 1FF;
53872 : 1FF;
53873 : 1FF;
53874 : 1FF;
53875 : 1FF;
53876 : 1FF;
53877 : 1FF;
53878 : 1FF;
53879 : 1FF;
53880 : 1FF;
53881 : 1FF;
53882 : 1FF;
53883 : 1FF;
53884 : 1FF;
53885 : 1FF;
53886 : 1FF;
53887 : 1FF;
53888 : 1FF;
53889 : 1FF;
53890 : 1FF;
53891 : 1FF;
53892 : 1FF;
53893 : 1FF;
53894 : 1FF;
53895 : 1FF;
53896 : 1FF;
53897 : 1FF;
53898 : 1FF;
53899 : 1FF;
53900 : 1FF;
53901 : 1FF;
53902 : 1FF;
53903 : 1FF;
53904 : 1FF;
53905 : 1FF;
53906 : 1FF;
53907 : 1FF;
53908 : 1FF;
53909 : 1FF;
53910 : 1FF;
53911 : 1FF;
53912 : 1FF;
53913 : 1FF;
53914 : 1FF;
53915 : 1FF;
53916 : 1FF;
53917 : 1FF;
53918 : 1FF;
53919 : 1FF;
53920 : 1FF;
53921 : 1FF;
53922 : 1FF;
53923 : 1FF;
53924 : 1FF;
53925 : 1FF;
53926 : 1FF;
53927 : 1FF;
53928 : 1FF;
53929 : 1FF;
53930 : 1FF;
53931 : 1FF;
53932 : 1FF;
53933 : 1FF;
53934 : 1FF;
53935 : 1FF;
53936 : 1FF;
53937 : 1FF;
53938 : 1FF;
53939 : 1FF;
53940 : 1FF;
53941 : 1FF;
53942 : 1FF;
53943 : 1FF;
53944 : 1FF;
53945 : 1FF;
53946 : 1FF;
53947 : 1FF;
53948 : 1FF;
53949 : 1FF;
53950 : 1FF;
53951 : 1FF;
53952 : 1FF;
53953 : 1FF;
53954 : 1FF;
53955 : 1FF;
53956 : 1FF;
53957 : 1FF;
53958 : 1FF;
53959 : 1FF;
53960 : 1FF;
53961 : 1FF;
53962 : 1FF;
53963 : 1FF;
53964 : 1FF;
53965 : 1FF;
53966 : 1FF;
53967 : 1FF;
53968 : 1FF;
53969 : 1FF;
53970 : 1FF;
53971 : 1FF;
53972 : 1FF;
53973 : 1FF;
53974 : 1FF;
53975 : 1FF;
53976 : 1FF;
53977 : 1FF;
53978 : 1FF;
53979 : 1FF;
53980 : 1FF;
53981 : 1FF;
53982 : 1FF;
53983 : 1C0;
53984 : 1C0;
53985 : 1C0;
53986 : 1C0;
53987 : 1C0;
53988 : 1C0;
53989 : 1C0;
53990 : 1C0;
53991 : 1C0;
53992 : 1C0;
53993 : 1C0;
53994 : 1C0;
53995 : 1C0;
53996 : 1C0;
53997 : 1FF;
53998 : 1FF;
53999 : 1FF;
54000 : 1FF;
54001 : 1FF;
54002 : 1FF;
54003 : 1FF;
54004 : 1FF;
54005 : 1FF;
54006 : 1FF;
54007 : 1FF;
54008 : 1FF;
54009 : 1FF;
54010 : 1FF;
54011 : 1FF;
54012 : 1FF;
54013 : 1FF;
54014 : 1FF;
54015 : 1FF;
54016 : 1FF;
54017 : 1FF;
54018 : 1FF;
54019 : 1FF;
54020 : 1FF;
54021 : 1FF;
54022 : 1FF;
54023 : 1FF;
54024 : 1FF;
54025 : 1FF;
54026 : 1FF;
54027 : 1FF;
54028 : 1C0;
54029 : 1C0;
54030 : 1C0;
54031 : 1C0;
54032 : 1C0;
54033 : 1C0;
54034 : 1C0;
54035 : 1C0;
54036 : 1C0;
54037 : 1C0;
54038 : 1C0;
54039 : 1C0;
54040 : 1C0;
54041 : 1C0;
54042 : 1C0;
54043 : 1C0;
54044 : 1F8;
54045 : 1F8;
54046 : 1F8;
54047 : 1F8;
54048 : 1F8;
54049 : 1F8;
54050 : 1F8;
54051 : 1F8;
54052 : 1F8;
54053 : 1F8;
54054 : 1F8;
54055 : 1F8;
54056 : 1F8;
54057 : 1F8;
54058 : 1F8;
54059 : 1F8;
54060 : 1F8;
54061 : 1F8;
54062 : 1F8;
54063 : 1F8;
54064 : 1F8;
54065 : 1F8;
54066 : 1F8;
54067 : 1F8;
54068 : 1F8;
54069 : 1F8;
54070 : 1F8;
54071 : 1F8;
54072 : 1F8;
54073 : 1F8;
54074 : 1F8;
54075 : 1F8;
54076 : 1F8;
54077 : 1F8;
54078 : 1F8;
54079 : 1F8;
54080 : 1DD;
54081 : 1DD;
54082 : 1DD;
54083 : 1DD;
54084 : 1DD;
54085 : 1DD;
54086 : 1DD;
54087 : 1DD;
54088 : 1DD;
54089 : 1DD;
54090 : 1DD;
54091 : 1DD;
54092 : 1DD;
54093 : 1DD;
54094 : 1DD;
54095 : 1DD;
54096 : 1DD;
54097 : 1DD;
54098 : 1DD;
54099 : 1FF;
54100 : 1FF;
54101 : 1FF;
54102 : 1FF;
54103 : 1FF;
54104 : 1FF;
54105 : 1FF;
54106 : 1FF;
54107 : 1FF;
54108 : 1FF;
54109 : 1FF;
54110 : 1FF;
54111 : 1FF;
54112 : 1FF;
54113 : 1FF;
54114 : 1FF;
54115 : 03F;
54116 : 03F;
54117 : 03F;
54118 : 03F;
54119 : 03F;
54120 : 03F;
54121 : 03F;
54122 : 03F;
54123 : 03F;
54124 : 03F;
54125 : 03F;
54126 : 03F;
54127 : 03F;
54128 : 03F;
54129 : 03F;
54130 : 03F;
54131 : 03F;
54132 : 03F;
54133 : 03F;
54134 : 03F;
54135 : 03F;
54136 : 03F;
54137 : 03F;
54138 : 03F;
54139 : 03F;
54140 : 03F;
54141 : 110;
54142 : 1D8;
54143 : 1D8;
54144 : 1D8;
54145 : 1D8;
54146 : 1D8;
54147 : 1D8;
54148 : 110;
54149 : 110;
54150 : 110;
54151 : 110;
54152 : 03F;
54153 : 03F;
54154 : 03F;
54155 : 03F;
54156 : 03F;
54157 : 03F;
54158 : 03F;
54159 : 03F;
54160 : 03F;
54161 : 03F;
54162 : 03F;
54163 : 03F;
54164 : 03F;
54165 : 03F;
54166 : 03F;
54167 : 03F;
54168 : 03F;
54169 : 03F;
54170 : 03F;
54171 : 03F;
54172 : 03F;
54173 : 03F;
54174 : 03F;
54175 : 03F;
54176 : 03F;
54177 : 03F;
54178 : 03F;
54179 : 03F;
54180 : 03F;
54181 : 03F;
54182 : 1FF;
54183 : 1FF;
54184 : 1FF;
54185 : 1FF;
54186 : 1FF;
54187 : 1FF;
54188 : 1FF;
54189 : 1FF;
54190 : 1FF;
54191 : 1FF;
54192 : 1FF;
54193 : 1FF;
54194 : 1FF;
54195 : 1FF;
54196 : 1FF;
54197 : 1FF;
54198 : 1FF;
54199 : 1FF;
54200 : 1FF;
54201 : 1FF;
54202 : 1FF;
54203 : 1FF;
54204 : 1FF;
54205 : 1FF;
54206 : 1FF;
54207 : 1FF;
54208 : 1FF;
54209 : 1FF;
54210 : 1FF;
54211 : 1FF;
54212 : 1FF;
54213 : 1FF;
54214 : 1FF;
54215 : 1FF;
54216 : 1FF;
54217 : 1FF;
54218 : 1FF;
54219 : 1FF;
54220 : 1FF;
54221 : 1FF;
54222 : 1FF;
54223 : 1FF;
54224 : 1FF;
54225 : 1FF;
54226 : 1FF;
54227 : 1FF;
54228 : 1FF;
54229 : 1FF;
54230 : 1FF;
54231 : 1FF;
54232 : 1FF;
54233 : 1FF;
54234 : 1FF;
54235 : 1FF;
54236 : 1FF;
54237 : 1FF;
54238 : 1FF;
54239 : 1FF;
54240 : 1FF;
54241 : 1FF;
54242 : 1FF;
54243 : 1FF;
54244 : 1FF;
54245 : 1FF;
54246 : 1FF;
54247 : 1FF;
54248 : 1FF;
54249 : 1FF;
54250 : 1FF;
54251 : 1FF;
54252 : 1FF;
54253 : 1FF;
54254 : 1FF;
54255 : 1FF;
54256 : 1FF;
54257 : 1FF;
54258 : 1FF;
54259 : 1FF;
54260 : 1FF;
54261 : 1FF;
54262 : 1FF;
54263 : 1FF;
54264 : 1FF;
54265 : 1FF;
54266 : 1FF;
54267 : 1FF;
54268 : 1FF;
54269 : 1FF;
54270 : 1FF;
54271 : 1FF;
54272 : 1FF;
54273 : 1FF;
54274 : 1FF;
54275 : 1FF;
54276 : 1FF;
54277 : 1FF;
54278 : 1FF;
54279 : 1FF;
54280 : 1FF;
54281 : 1FF;
54282 : 1FF;
54283 : 1FF;
54284 : 1FF;
54285 : 1FF;
54286 : 1FF;
54287 : 1FF;
54288 : 1FF;
54289 : 1FF;
54290 : 1FF;
54291 : 1FF;
54292 : 1FF;
54293 : 1FF;
54294 : 1FF;
54295 : 1FF;
54296 : 1FF;
54297 : 1FF;
54298 : 1FF;
54299 : 1FF;
54300 : 1FF;
54301 : 1FF;
54302 : 1C0;
54303 : 1C0;
54304 : 1C0;
54305 : 1C0;
54306 : 1C0;
54307 : 1C0;
54308 : 1C0;
54309 : 1C0;
54310 : 1C0;
54311 : 1C0;
54312 : 1C0;
54313 : 1C0;
54314 : 1C0;
54315 : 1C0;
54316 : 1C0;
54317 : 1FF;
54318 : 1FF;
54319 : 1FF;
54320 : 1FF;
54321 : 1FF;
54322 : 1FF;
54323 : 1FF;
54324 : 1FF;
54325 : 1FF;
54326 : 1FF;
54327 : 1FF;
54328 : 1FF;
54329 : 1FF;
54330 : 1FF;
54331 : 1FF;
54332 : 1FF;
54333 : 1FF;
54334 : 1FF;
54335 : 1FF;
54336 : 1FF;
54337 : 1FF;
54338 : 1FF;
54339 : 1FF;
54340 : 1FF;
54341 : 1FF;
54342 : 1FF;
54343 : 1FF;
54344 : 1FF;
54345 : 1FF;
54346 : 1FF;
54347 : 1FF;
54348 : 1C0;
54349 : 1C0;
54350 : 1C0;
54351 : 1C0;
54352 : 1C0;
54353 : 1C0;
54354 : 1C0;
54355 : 1C0;
54356 : 1C0;
54357 : 1C0;
54358 : 1C0;
54359 : 1C0;
54360 : 1C0;
54361 : 1C0;
54362 : 1C0;
54363 : 1C0;
54364 : 1C0;
54365 : 1F8;
54366 : 1F8;
54367 : 1F8;
54368 : 1F8;
54369 : 1F8;
54370 : 1F8;
54371 : 1F8;
54372 : 1F8;
54373 : 1F8;
54374 : 1F8;
54375 : 1F8;
54376 : 1F8;
54377 : 1F8;
54378 : 1F8;
54379 : 1F8;
54380 : 1F8;
54381 : 1F8;
54382 : 1F8;
54383 : 1F8;
54384 : 1F8;
54385 : 1F8;
54386 : 1F8;
54387 : 1F8;
54388 : 1F8;
54389 : 1F8;
54390 : 1F8;
54391 : 1F8;
54392 : 1F8;
54393 : 1F8;
54394 : 1F8;
54395 : 1F8;
54396 : 1F8;
54397 : 1F8;
54398 : 1F8;
54399 : 1F8;
54400 : 1DD;
54401 : 1DD;
54402 : 1DD;
54403 : 1DD;
54404 : 1DD;
54405 : 1DD;
54406 : 1DD;
54407 : 1DD;
54408 : 1DD;
54409 : 1DD;
54410 : 1DD;
54411 : 1DD;
54412 : 1DD;
54413 : 1DD;
54414 : 1DD;
54415 : 1DD;
54416 : 1DD;
54417 : 1DD;
54418 : 1DD;
54419 : 1DD;
54420 : 1DD;
54421 : 1DD;
54422 : 1FF;
54423 : 1FF;
54424 : 1FF;
54425 : 1FF;
54426 : 1FF;
54427 : 1FF;
54428 : 1FF;
54429 : 1FF;
54430 : 1FF;
54431 : 1FF;
54432 : 1FF;
54433 : 1FF;
54434 : 1FF;
54435 : 1FF;
54436 : 1FF;
54437 : 1FF;
54438 : 1FF;
54439 : 1FF;
54440 : 03F;
54441 : 03F;
54442 : 03F;
54443 : 03F;
54444 : 03F;
54445 : 03F;
54446 : 03F;
54447 : 03F;
54448 : 03F;
54449 : 03F;
54450 : 03F;
54451 : 03F;
54452 : 03F;
54453 : 03F;
54454 : 03F;
54455 : 03F;
54456 : 03F;
54457 : 03F;
54458 : 03F;
54459 : 03F;
54460 : 03F;
54461 : 1D8;
54462 : 1D8;
54463 : 1D8;
54464 : 1D8;
54465 : 1D8;
54466 : 1D8;
54467 : 1D8;
54468 : 110;
54469 : 110;
54470 : 110;
54471 : 03F;
54472 : 03F;
54473 : 03F;
54474 : 03F;
54475 : 03F;
54476 : 03F;
54477 : 03F;
54478 : 03F;
54479 : 03F;
54480 : 03F;
54481 : 03F;
54482 : 03F;
54483 : 03F;
54484 : 03F;
54485 : 03F;
54486 : 03F;
54487 : 03F;
54488 : 03F;
54489 : 03F;
54490 : 03F;
54491 : 03F;
54492 : 03F;
54493 : 03F;
54494 : 03F;
54495 : 1FF;
54496 : 1FF;
54497 : 1FF;
54498 : 1FF;
54499 : 1FF;
54500 : 1FF;
54501 : 1FF;
54502 : 1FF;
54503 : 1FF;
54504 : 1FF;
54505 : 1FF;
54506 : 1FF;
54507 : 1FF;
54508 : 1FF;
54509 : 1FF;
54510 : 1FF;
54511 : 1FF;
54512 : 1FF;
54513 : 1FF;
54514 : 1FF;
54515 : 1FF;
54516 : 1FF;
54517 : 1FF;
54518 : 1FF;
54519 : 1FF;
54520 : 1FF;
54521 : 1FF;
54522 : 1FF;
54523 : 1FF;
54524 : 1FF;
54525 : 1FF;
54526 : 1FF;
54527 : 1FF;
54528 : 1FF;
54529 : 1DD;
54530 : 1DD;
54531 : 1DD;
54532 : 1DD;
54533 : 1DD;
54534 : 1DD;
54535 : 1DD;
54536 : 1DD;
54537 : 1DD;
54538 : 1DD;
54539 : 1DD;
54540 : 1DD;
54541 : 1DD;
54542 : 1DD;
54543 : 1DD;
54544 : 1DD;
54545 : 1DD;
54546 : 1DD;
54547 : 1DD;
54548 : 1DD;
54549 : 1DD;
54550 : 1DD;
54551 : 1DD;
54552 : 1DD;
54553 : 1DD;
54554 : 1DD;
54555 : 1DD;
54556 : 1DD;
54557 : 1DD;
54558 : 1DD;
54559 : 1DD;
54560 : 1DD;
54561 : 1DD;
54562 : 1DD;
54563 : 1DD;
54564 : 1DD;
54565 : 1DD;
54566 : 1DD;
54567 : 1DD;
54568 : 1DD;
54569 : 1DD;
54570 : 1DD;
54571 : 1DD;
54572 : 1DD;
54573 : 1DD;
54574 : 1DD;
54575 : 1DD;
54576 : 1DD;
54577 : 1DD;
54578 : 1FF;
54579 : 1FF;
54580 : 1FF;
54581 : 1FF;
54582 : 1FF;
54583 : 1FF;
54584 : 1FF;
54585 : 1FF;
54586 : 1FF;
54587 : 1FF;
54588 : 1FF;
54589 : 1FF;
54590 : 1FF;
54591 : 1FF;
54592 : 1FF;
54593 : 1FF;
54594 : 1FF;
54595 : 1FF;
54596 : 1FF;
54597 : 1FF;
54598 : 1FF;
54599 : 1FF;
54600 : 1FF;
54601 : 1FF;
54602 : 1FF;
54603 : 1FF;
54604 : 1FF;
54605 : 1FF;
54606 : 1FF;
54607 : 1FF;
54608 : 1FF;
54609 : 1FF;
54610 : 1FF;
54611 : 1FF;
54612 : 1FF;
54613 : 1FF;
54614 : 1DD;
54615 : 1DD;
54616 : 1DD;
54617 : 1DD;
54618 : 1DD;
54619 : 1DD;
54620 : 1DD;
54621 : 1DD;
54622 : 1C0;
54623 : 1C0;
54624 : 1C0;
54625 : 1C0;
54626 : 1C0;
54627 : 1C0;
54628 : 1C0;
54629 : 1C0;
54630 : 1C0;
54631 : 1C0;
54632 : 1C0;
54633 : 1C0;
54634 : 1C0;
54635 : 1C0;
54636 : 1FF;
54637 : 1FF;
54638 : 1FF;
54639 : 1FF;
54640 : 1FF;
54641 : 1FF;
54642 : 1FF;
54643 : 1FF;
54644 : 1FF;
54645 : 1FF;
54646 : 1FF;
54647 : 1FF;
54648 : 1FF;
54649 : 1FF;
54650 : 1FF;
54651 : 1FF;
54652 : 1FF;
54653 : 1FF;
54654 : 1FF;
54655 : 1FF;
54656 : 1FF;
54657 : 1FF;
54658 : 1FF;
54659 : 1FF;
54660 : 1FF;
54661 : 1FF;
54662 : 1FF;
54663 : 1FF;
54664 : 1FF;
54665 : 1FF;
54666 : 1FF;
54667 : 1FF;
54668 : 1FF;
54669 : 1C0;
54670 : 1C0;
54671 : 1C0;
54672 : 1C0;
54673 : 1C0;
54674 : 1C0;
54675 : 1C0;
54676 : 1C0;
54677 : 1C0;
54678 : 1C0;
54679 : 1C0;
54680 : 1C0;
54681 : 1C0;
54682 : 1C0;
54683 : 1C0;
54684 : 1C0;
54685 : 1F8;
54686 : 1F8;
54687 : 1F8;
54688 : 1F8;
54689 : 1F8;
54690 : 1F8;
54691 : 1F8;
54692 : 1F8;
54693 : 1F8;
54694 : 1F8;
54695 : 1F8;
54696 : 1F8;
54697 : 1F8;
54698 : 1F8;
54699 : 1F8;
54700 : 1F8;
54701 : 1F8;
54702 : 1F8;
54703 : 1F8;
54704 : 1F8;
54705 : 1F8;
54706 : 1F8;
54707 : 1F8;
54708 : 1F8;
54709 : 1F8;
54710 : 1F8;
54711 : 1F8;
54712 : 1F8;
54713 : 1F8;
54714 : 1F8;
54715 : 1F8;
54716 : 1F8;
54717 : 1F8;
54718 : 1F8;
54719 : 1F8;
54720 : 1D8;
54721 : 1D8;
54722 : 1D8;
54723 : 1DD;
54724 : 1DD;
54725 : 1DD;
54726 : 1DD;
54727 : 1DD;
54728 : 1DD;
54729 : 1DD;
54730 : 1DD;
54731 : 1DD;
54732 : 1DD;
54733 : 1DD;
54734 : 1DD;
54735 : 1DD;
54736 : 1DD;
54737 : 1DD;
54738 : 1DD;
54739 : 1DD;
54740 : 1DD;
54741 : 1DD;
54742 : 1DD;
54743 : 1DD;
54744 : 1DD;
54745 : 1DD;
54746 : 1FF;
54747 : 1FF;
54748 : 1FF;
54749 : 1FF;
54750 : 1FF;
54751 : 1FF;
54752 : 1FF;
54753 : 1FF;
54754 : 1FF;
54755 : 1FF;
54756 : 1FF;
54757 : 1FF;
54758 : 1FF;
54759 : 1FF;
54760 : 1FF;
54761 : 1FF;
54762 : 1FF;
54763 : 1FF;
54764 : 1FF;
54765 : 1FF;
54766 : 03F;
54767 : 03F;
54768 : 03F;
54769 : 03F;
54770 : 03F;
54771 : 03F;
54772 : 03F;
54773 : 03F;
54774 : 03F;
54775 : 03F;
54776 : 03F;
54777 : 03F;
54778 : 03F;
54779 : 03F;
54780 : 03F;
54781 : 1D8;
54782 : 1D8;
54783 : 1D8;
54784 : 1D8;
54785 : 1D8;
54786 : 1D8;
54787 : 110;
54788 : 110;
54789 : 110;
54790 : 110;
54791 : 03F;
54792 : 03F;
54793 : 03F;
54794 : 03F;
54795 : 03F;
54796 : 03F;
54797 : 03F;
54798 : 03F;
54799 : 03F;
54800 : 03F;
54801 : 03F;
54802 : 03F;
54803 : 03F;
54804 : 03F;
54805 : 03F;
54806 : 1FF;
54807 : 1FF;
54808 : 1FF;
54809 : 1FF;
54810 : 1FF;
54811 : 1FF;
54812 : 1FF;
54813 : 1FF;
54814 : 1FF;
54815 : 1FF;
54816 : 1FF;
54817 : 1FF;
54818 : 1FF;
54819 : 1FF;
54820 : 1FF;
54821 : 1FF;
54822 : 1FF;
54823 : 1FF;
54824 : 1FF;
54825 : 1FF;
54826 : 1FF;
54827 : 1FF;
54828 : 1FF;
54829 : 1FF;
54830 : 1FF;
54831 : 1FF;
54832 : 1FF;
54833 : 1FF;
54834 : 1FF;
54835 : 1FF;
54836 : 1FF;
54837 : 1FF;
54838 : 1DD;
54839 : 1DD;
54840 : 1DD;
54841 : 1DD;
54842 : 1DD;
54843 : 1DD;
54844 : 1DD;
54845 : 1DD;
54846 : 1DD;
54847 : 1DD;
54848 : 1DD;
54849 : 1DD;
54850 : 1DD;
54851 : 1DD;
54852 : 1DD;
54853 : 1DD;
54854 : 1DD;
54855 : 1DD;
54856 : 1DD;
54857 : 1DD;
54858 : 1DD;
54859 : 1DD;
54860 : 1DD;
54861 : 1DD;
54862 : 1DD;
54863 : 1DD;
54864 : 1DD;
54865 : 1DD;
54866 : 1DD;
54867 : 1DD;
54868 : 1DD;
54869 : 1DD;
54870 : 1DD;
54871 : 1DD;
54872 : 1DD;
54873 : 1DD;
54874 : 1DD;
54875 : 1DD;
54876 : 1DD;
54877 : 1DD;
54878 : 1DD;
54879 : 1DD;
54880 : 1DD;
54881 : 1DD;
54882 : 1DD;
54883 : 1DD;
54884 : 1DD;
54885 : 1DD;
54886 : 1DD;
54887 : 1DD;
54888 : 1DD;
54889 : 1DD;
54890 : 1DD;
54891 : 1DD;
54892 : 1DD;
54893 : 1DD;
54894 : 1DD;
54895 : 1DD;
54896 : 1DD;
54897 : 1DD;
54898 : 1DD;
54899 : 1DD;
54900 : 1DD;
54901 : 1DD;
54902 : 1DD;
54903 : 1DD;
54904 : 1DD;
54905 : 1DD;
54906 : 1DD;
54907 : 1DD;
54908 : 1DD;
54909 : 1DD;
54910 : 1DD;
54911 : 1DD;
54912 : 1DD;
54913 : 1DD;
54914 : 1DD;
54915 : 1DD;
54916 : 1DD;
54917 : 1DD;
54918 : 1DD;
54919 : 1DD;
54920 : 1DD;
54921 : 1DD;
54922 : 1DD;
54923 : 1DD;
54924 : 1DD;
54925 : 1DD;
54926 : 1DD;
54927 : 1DD;
54928 : 1DD;
54929 : 1DD;
54930 : 1DD;
54931 : 1DD;
54932 : 1DD;
54933 : 1DD;
54934 : 1DD;
54935 : 1DD;
54936 : 1DD;
54937 : 1DD;
54938 : 1DD;
54939 : 1DD;
54940 : 1DD;
54941 : 1C0;
54942 : 1C0;
54943 : 1C0;
54944 : 1C0;
54945 : 1C0;
54946 : 1C0;
54947 : 1C0;
54948 : 1C0;
54949 : 1C0;
54950 : 1C0;
54951 : 1C0;
54952 : 1C0;
54953 : 1C0;
54954 : 1C0;
54955 : 1C0;
54956 : 1FF;
54957 : 1FF;
54958 : 1FF;
54959 : 1FF;
54960 : 1FF;
54961 : 1FF;
54962 : 1FF;
54963 : 1FF;
54964 : 1FF;
54965 : 1FF;
54966 : 1FF;
54967 : 1FF;
54968 : 1FF;
54969 : 1FF;
54970 : 1FF;
54971 : 1FF;
54972 : 1FF;
54973 : 1FF;
54974 : 1FF;
54975 : 1FF;
54976 : 1FF;
54977 : 1FF;
54978 : 1FF;
54979 : 1FF;
54980 : 1FF;
54981 : 1FF;
54982 : 1FF;
54983 : 1FF;
54984 : 1FF;
54985 : 1FF;
54986 : 1FF;
54987 : 1FF;
54988 : 1FF;
54989 : 1C0;
54990 : 1C0;
54991 : 1C0;
54992 : 1C0;
54993 : 1C0;
54994 : 1C0;
54995 : 1C0;
54996 : 1C0;
54997 : 1C0;
54998 : 1C0;
54999 : 1C0;
55000 : 1C0;
55001 : 1C0;
55002 : 1C0;
55003 : 1C0;
55004 : 1C0;
55005 : 1C0;
55006 : 1F8;
55007 : 1F8;
55008 : 1F8;
55009 : 1F8;
55010 : 1F8;
55011 : 1F8;
55012 : 1F8;
55013 : 1F8;
55014 : 1F8;
55015 : 1F8;
55016 : 1F8;
55017 : 1F8;
55018 : 1F8;
55019 : 1F8;
55020 : 1F8;
55021 : 1F8;
55022 : 1F8;
55023 : 1F8;
55024 : 1F8;
55025 : 1F8;
55026 : 1F8;
55027 : 1F8;
55028 : 1F8;
55029 : 1F8;
55030 : 1F8;
55031 : 1F8;
55032 : 1F8;
55033 : 1F8;
55034 : 1F8;
55035 : 1F8;
55036 : 1F8;
55037 : 1F8;
55038 : 1F8;
55039 : 1F8;
55040 : 1D8;
55041 : 1D8;
55042 : 1D8;
55043 : 1D8;
55044 : 1D8;
55045 : 1D8;
55046 : 1DD;
55047 : 1DD;
55048 : 1DD;
55049 : 1DD;
55050 : 1DD;
55051 : 1DD;
55052 : 1DD;
55053 : 1DD;
55054 : 1DD;
55055 : 1DD;
55056 : 1DD;
55057 : 1DD;
55058 : 1DD;
55059 : 1DD;
55060 : 1DD;
55061 : 1DD;
55062 : 1DD;
55063 : 1DD;
55064 : 1DD;
55065 : 1DD;
55066 : 1DD;
55067 : 1DD;
55068 : 1DD;
55069 : 1DD;
55070 : 1FF;
55071 : 1FF;
55072 : 1FF;
55073 : 1FF;
55074 : 1FF;
55075 : 1FF;
55076 : 1FF;
55077 : 1FF;
55078 : 1FF;
55079 : 1FF;
55080 : 1FF;
55081 : 1FF;
55082 : 1FF;
55083 : 1FF;
55084 : 1FF;
55085 : 1FF;
55086 : 1FF;
55087 : 1FF;
55088 : 1FF;
55089 : 1FF;
55090 : 1FF;
55091 : 1FF;
55092 : 1FF;
55093 : 1FF;
55094 : 1FF;
55095 : 1FF;
55096 : 03F;
55097 : 03F;
55098 : 03F;
55099 : 03F;
55100 : 03F;
55101 : 1D8;
55102 : 1D8;
55103 : 1D8;
55104 : 1D8;
55105 : 1D8;
55106 : 1D8;
55107 : 110;
55108 : 110;
55109 : 110;
55110 : 110;
55111 : 03F;
55112 : 03F;
55113 : 03F;
55114 : 1FF;
55115 : 1FF;
55116 : 1FF;
55117 : 1FF;
55118 : 1FF;
55119 : 1FF;
55120 : 1FF;
55121 : 1FF;
55122 : 1FF;
55123 : 1FF;
55124 : 1FF;
55125 : 1FF;
55126 : 1FF;
55127 : 1FF;
55128 : 1FF;
55129 : 1FF;
55130 : 1FF;
55131 : 1FF;
55132 : 1FF;
55133 : 1FF;
55134 : 1FF;
55135 : 1FF;
55136 : 1FF;
55137 : 1FF;
55138 : 1FF;
55139 : 1FF;
55140 : 1FF;
55141 : 1FF;
55142 : 1FF;
55143 : 1FF;
55144 : 1FF;
55145 : 1FF;
55146 : 1FF;
55147 : 1FF;
55148 : 1FF;
55149 : 1FF;
55150 : 1DD;
55151 : 1DD;
55152 : 1DD;
55153 : 1DD;
55154 : 1DD;
55155 : 1DD;
55156 : 1DD;
55157 : 1DD;
55158 : 1DD;
55159 : 1DD;
55160 : 1DD;
55161 : 1DD;
55162 : 1DD;
55163 : 1DD;
55164 : 1DD;
55165 : 1DD;
55166 : 1DD;
55167 : 1DD;
55168 : 1DD;
55169 : 1DD;
55170 : 1DD;
55171 : 1DD;
55172 : 1DD;
55173 : 1DD;
55174 : 1DD;
55175 : 1DD;
55176 : 1DD;
55177 : 1DD;
55178 : 1DD;
55179 : 1DD;
55180 : 1DD;
55181 : 1DD;
55182 : 1DD;
55183 : 1DD;
55184 : 1DD;
55185 : 1DD;
55186 : 1DD;
55187 : 1DD;
55188 : 1DD;
55189 : 1DD;
55190 : 1DD;
55191 : 1DD;
55192 : 1DD;
55193 : 1DD;
55194 : 1DD;
55195 : 1DD;
55196 : 1DD;
55197 : 1DD;
55198 : 1DD;
55199 : 1DD;
55200 : 1DD;
55201 : 1DD;
55202 : 1DD;
55203 : 1DD;
55204 : 1DD;
55205 : 1DD;
55206 : 1DD;
55207 : 1DD;
55208 : 1DD;
55209 : 1DD;
55210 : 1DD;
55211 : 1DD;
55212 : 1DD;
55213 : 1DD;
55214 : 1DD;
55215 : 1DD;
55216 : 1DD;
55217 : 1DD;
55218 : 1DD;
55219 : 1DD;
55220 : 1DD;
55221 : 1DD;
55222 : 1DD;
55223 : 1DD;
55224 : 1DD;
55225 : 1DD;
55226 : 1DD;
55227 : 1DD;
55228 : 1DD;
55229 : 1DD;
55230 : 1DD;
55231 : 1DD;
55232 : 1DD;
55233 : 1DD;
55234 : 1DD;
55235 : 1DD;
55236 : 1DD;
55237 : 1DD;
55238 : 1DD;
55239 : 1DD;
55240 : 1DD;
55241 : 1DD;
55242 : 1DD;
55243 : 1DD;
55244 : 1DD;
55245 : 1DD;
55246 : 1DD;
55247 : 1DD;
55248 : 1DD;
55249 : 1DD;
55250 : 1DD;
55251 : 1DD;
55252 : 1DD;
55253 : 1DD;
55254 : 1DD;
55255 : 1DD;
55256 : 1DD;
55257 : 1DD;
55258 : 1DD;
55259 : 1DD;
55260 : 1DD;
55261 : 1C0;
55262 : 1C0;
55263 : 1C0;
55264 : 1C0;
55265 : 1C0;
55266 : 1C0;
55267 : 1C0;
55268 : 1C0;
55269 : 1C0;
55270 : 1C0;
55271 : 1C0;
55272 : 1C0;
55273 : 1C0;
55274 : 1C0;
55275 : 1C0;
55276 : 1FF;
55277 : 1FF;
55278 : 1FF;
55279 : 1FF;
55280 : 1FF;
55281 : 1FF;
55282 : 1FF;
55283 : 1FF;
55284 : 1FF;
55285 : 1FF;
55286 : 1FF;
55287 : 1FF;
55288 : 1FF;
55289 : 1FF;
55290 : 1FF;
55291 : 1FF;
55292 : 1FF;
55293 : 1FF;
55294 : 1FF;
55295 : 1FF;
55296 : 1FF;
55297 : 1FF;
55298 : 1FF;
55299 : 1FF;
55300 : 1FF;
55301 : 1FF;
55302 : 1FF;
55303 : 1FF;
55304 : 1FF;
55305 : 1FF;
55306 : 1FF;
55307 : 1FF;
55308 : 1FF;
55309 : 1FF;
55310 : 1C0;
55311 : 1C0;
55312 : 1C0;
55313 : 1C0;
55314 : 1C0;
55315 : 1C0;
55316 : 1C0;
55317 : 1C0;
55318 : 1C0;
55319 : 1C0;
55320 : 1C0;
55321 : 1C0;
55322 : 1C0;
55323 : 1C0;
55324 : 1C0;
55325 : 1C0;
55326 : 1F8;
55327 : 1F8;
55328 : 1F8;
55329 : 1F8;
55330 : 1F8;
55331 : 1F8;
55332 : 1F8;
55333 : 1F8;
55334 : 1F8;
55335 : 1F8;
55336 : 1F8;
55337 : 1F8;
55338 : 1F8;
55339 : 1F8;
55340 : 1F8;
55341 : 1F8;
55342 : 1F8;
55343 : 1F8;
55344 : 1F8;
55345 : 1F8;
55346 : 1F8;
55347 : 1F8;
55348 : 1F8;
55349 : 1F8;
55350 : 1F8;
55351 : 1F8;
55352 : 1F8;
55353 : 1F8;
55354 : 1F8;
55355 : 1F8;
55356 : 1F8;
55357 : 1F8;
55358 : 1F8;
55359 : 1F8;
55360 : 1D8;
55361 : 1D8;
55362 : 1D8;
55363 : 1D8;
55364 : 1D8;
55365 : 1D8;
55366 : 1D8;
55367 : 1D8;
55368 : 1D8;
55369 : 1DD;
55370 : 1DD;
55371 : 1DD;
55372 : 1DD;
55373 : 1DD;
55374 : 1DD;
55375 : 1DD;
55376 : 1DD;
55377 : 1DD;
55378 : 1DD;
55379 : 1DD;
55380 : 1DD;
55381 : 1DD;
55382 : 1DD;
55383 : 1DD;
55384 : 1DD;
55385 : 1DD;
55386 : 1DD;
55387 : 1DD;
55388 : 1DD;
55389 : 1DD;
55390 : 1DD;
55391 : 1DD;
55392 : 1DD;
55393 : 1DD;
55394 : 1DD;
55395 : 1FF;
55396 : 1FF;
55397 : 1FF;
55398 : 1FF;
55399 : 1FF;
55400 : 1FF;
55401 : 1FF;
55402 : 1FF;
55403 : 1FF;
55404 : 1FF;
55405 : 1FF;
55406 : 1FF;
55407 : 1FF;
55408 : 1FF;
55409 : 1FF;
55410 : 1FF;
55411 : 1FF;
55412 : 1FF;
55413 : 1FF;
55414 : 1FF;
55415 : 1FF;
55416 : 1FF;
55417 : 1FF;
55418 : 1FF;
55419 : 1FF;
55420 : 1D8;
55421 : 110;
55422 : 1D8;
55423 : 1D8;
55424 : 1D8;
55425 : 1D8;
55426 : 1D8;
55427 : 110;
55428 : 110;
55429 : 110;
55430 : 110;
55431 : 1FF;
55432 : 1FF;
55433 : 1FF;
55434 : 1FF;
55435 : 1FF;
55436 : 1FF;
55437 : 1FF;
55438 : 1FF;
55439 : 1FF;
55440 : 1FF;
55441 : 1FF;
55442 : 1FF;
55443 : 1FF;
55444 : 1FF;
55445 : 1FF;
55446 : 1FF;
55447 : 1FF;
55448 : 1FF;
55449 : 1FF;
55450 : 1FF;
55451 : 1FF;
55452 : 1FF;
55453 : 1FF;
55454 : 1FF;
55455 : 1FF;
55456 : 1FF;
55457 : 1FF;
55458 : 1FF;
55459 : 1FF;
55460 : 1FF;
55461 : 1FF;
55462 : 1DD;
55463 : 1DD;
55464 : 1DD;
55465 : 1DD;
55466 : 1DD;
55467 : 1DD;
55468 : 1DD;
55469 : 1DD;
55470 : 1DD;
55471 : 1DD;
55472 : 1DD;
55473 : 1DD;
55474 : 1DD;
55475 : 1DD;
55476 : 1DD;
55477 : 1DD;
55478 : 1DD;
55479 : 1DD;
55480 : 1DD;
55481 : 1DD;
55482 : 1DD;
55483 : 1DD;
55484 : 1DD;
55485 : 1DD;
55486 : 1DD;
55487 : 1DD;
55488 : 1DD;
55489 : 1DD;
55490 : 1DD;
55491 : 1DD;
55492 : 1DD;
55493 : 1DD;
55494 : 1DD;
55495 : 1DD;
55496 : 1DD;
55497 : 1DD;
55498 : 1DD;
55499 : 1DD;
55500 : 1DD;
55501 : 1DD;
55502 : 1DD;
55503 : 1DD;
55504 : 1DD;
55505 : 1DD;
55506 : 1DD;
55507 : 1DD;
55508 : 1DD;
55509 : 1DD;
55510 : 1DD;
55511 : 1DD;
55512 : 1DD;
55513 : 1DD;
55514 : 1DD;
55515 : 1DD;
55516 : 1DD;
55517 : 1DD;
55518 : 1DD;
55519 : 1DD;
55520 : 1DD;
55521 : 1DD;
55522 : 1DD;
55523 : 1DD;
55524 : 1DD;
55525 : 1DD;
55526 : 1DD;
55527 : 1DD;
55528 : 1DD;
55529 : 1DD;
55530 : 1DD;
55531 : 1DD;
55532 : 1DD;
55533 : 1DD;
55534 : 1DD;
55535 : 1DD;
55536 : 1DD;
55537 : 1DD;
55538 : 1DD;
55539 : 1DD;
55540 : 1DD;
55541 : 1DD;
55542 : 1DD;
55543 : 1DD;
55544 : 1DD;
55545 : 1DD;
55546 : 1DD;
55547 : 1DD;
55548 : 1DD;
55549 : 1DD;
55550 : 1DD;
55551 : 1DD;
55552 : 1DD;
55553 : 1DD;
55554 : 1DD;
55555 : 1DD;
55556 : 1DD;
55557 : 1DD;
55558 : 1DD;
55559 : 1DD;
55560 : 1DD;
55561 : 1DD;
55562 : 1DD;
55563 : 1DD;
55564 : 1DD;
55565 : 1DD;
55566 : 1DD;
55567 : 1DD;
55568 : 1DD;
55569 : 1DD;
55570 : 1DD;
55571 : 1DD;
55572 : 1DD;
55573 : 1DD;
55574 : 1DD;
55575 : 1DD;
55576 : 1DD;
55577 : 1DD;
55578 : 1DD;
55579 : 1DD;
55580 : 1C0;
55581 : 1C0;
55582 : 1C0;
55583 : 1C0;
55584 : 1C0;
55585 : 1C0;
55586 : 1C0;
55587 : 1C0;
55588 : 1C0;
55589 : 1C0;
55590 : 1C0;
55591 : 1C0;
55592 : 1C0;
55593 : 1C0;
55594 : 1C0;
55595 : 1C0;
55596 : 1FF;
55597 : 1FF;
55598 : 1FF;
55599 : 1FF;
55600 : 1FF;
55601 : 1FF;
55602 : 1FF;
55603 : 1FF;
55604 : 1FF;
55605 : 1FF;
55606 : 1FF;
55607 : 1FF;
55608 : 1FF;
55609 : 1FF;
55610 : 1FF;
55611 : 1FF;
55612 : 1FF;
55613 : 1FF;
55614 : 1FF;
55615 : 1FF;
55616 : 1FF;
55617 : 1FF;
55618 : 1FF;
55619 : 1FF;
55620 : 1FF;
55621 : 1FF;
55622 : 1FF;
55623 : 1FF;
55624 : 1FF;
55625 : 1FF;
55626 : 1FF;
55627 : 1FF;
55628 : 1FF;
55629 : 1FF;
55630 : 1C0;
55631 : 1C0;
55632 : 1C0;
55633 : 1C0;
55634 : 1C0;
55635 : 1C0;
55636 : 1C0;
55637 : 1C0;
55638 : 1C0;
55639 : 1C0;
55640 : 1C0;
55641 : 1C0;
55642 : 1C0;
55643 : 1C0;
55644 : 1C0;
55645 : 1C0;
55646 : 1C0;
55647 : 1F8;
55648 : 1F8;
55649 : 1F8;
55650 : 1F8;
55651 : 1F8;
55652 : 1F8;
55653 : 1F8;
55654 : 1F8;
55655 : 1F8;
55656 : 1F8;
55657 : 1F8;
55658 : 1F8;
55659 : 1F8;
55660 : 1F8;
55661 : 1F8;
55662 : 1F8;
55663 : 1F8;
55664 : 1F8;
55665 : 1F8;
55666 : 1F8;
55667 : 1F8;
55668 : 1F8;
55669 : 1F8;
55670 : 1F8;
55671 : 1F8;
55672 : 1F8;
55673 : 1F8;
55674 : 1F8;
55675 : 1F8;
55676 : 1F8;
55677 : 1F8;
55678 : 1F8;
55679 : 1F8;
55680 : 1D8;
55681 : 1D8;
55682 : 1D8;
55683 : 1D8;
55684 : 1D8;
55685 : 1D8;
55686 : 1D8;
55687 : 1D8;
55688 : 1D8;
55689 : 1D8;
55690 : 1D8;
55691 : 1D8;
55692 : 1D8;
55693 : 1DD;
55694 : 1DD;
55695 : 1DD;
55696 : 1DD;
55697 : 1DD;
55698 : 1DD;
55699 : 1DD;
55700 : 1DD;
55701 : 1DD;
55702 : 1DD;
55703 : 1DD;
55704 : 1DD;
55705 : 1DD;
55706 : 1DD;
55707 : 1DD;
55708 : 1DD;
55709 : 1DD;
55710 : 1DD;
55711 : 1DD;
55712 : 1DD;
55713 : 1DD;
55714 : 1DD;
55715 : 1DD;
55716 : 1DD;
55717 : 1DD;
55718 : 1DD;
55719 : 1DD;
55720 : 1FF;
55721 : 1FF;
55722 : 1FF;
55723 : 1FF;
55724 : 1FF;
55725 : 1FF;
55726 : 1FF;
55727 : 1FF;
55728 : 1FF;
55729 : 1FF;
55730 : 1FF;
55731 : 1FF;
55732 : 1FF;
55733 : 1FF;
55734 : 1FF;
55735 : 1FF;
55736 : 1FF;
55737 : 1FF;
55738 : 1FF;
55739 : 1FF;
55740 : 1D8;
55741 : 1D8;
55742 : 110;
55743 : 110;
55744 : 1D8;
55745 : 1D8;
55746 : 110;
55747 : 110;
55748 : 110;
55749 : 110;
55750 : 1FF;
55751 : 1FF;
55752 : 1FF;
55753 : 1FF;
55754 : 1FF;
55755 : 1FF;
55756 : 1FF;
55757 : 1FF;
55758 : 1FF;
55759 : 1FF;
55760 : 1FF;
55761 : 1FF;
55762 : 1FF;
55763 : 1FF;
55764 : 1FF;
55765 : 1FF;
55766 : 1FF;
55767 : 1FF;
55768 : 1FF;
55769 : 1FF;
55770 : 1FF;
55771 : 1FF;
55772 : 1FF;
55773 : 1FF;
55774 : 1FF;
55775 : 1DD;
55776 : 1DD;
55777 : 1DD;
55778 : 1DD;
55779 : 1DD;
55780 : 1DD;
55781 : 1DD;
55782 : 1DD;
55783 : 1DD;
55784 : 1DD;
55785 : 1DD;
55786 : 1DD;
55787 : 1DD;
55788 : 1DD;
55789 : 1DD;
55790 : 1DD;
55791 : 1DD;
55792 : 1DD;
55793 : 1DD;
55794 : 1DD;
55795 : 1DD;
55796 : 1DD;
55797 : 1DD;
55798 : 1DD;
55799 : 1DD;
55800 : 1DD;
55801 : 1DD;
55802 : 1DD;
55803 : 1DD;
55804 : 1DD;
55805 : 1DD;
55806 : 1DD;
55807 : 1DD;
55808 : 1DD;
55809 : 1DD;
55810 : 1DD;
55811 : 1DD;
55812 : 1DD;
55813 : 1DD;
55814 : 1DD;
55815 : 1DD;
55816 : 1DD;
55817 : 1DD;
55818 : 1DD;
55819 : 1DD;
55820 : 1DD;
55821 : 1DD;
55822 : 1DD;
55823 : 1DD;
55824 : 1DD;
55825 : 1DD;
55826 : 1DD;
55827 : 1DD;
55828 : 1DD;
55829 : 1DD;
55830 : 1DD;
55831 : 1DD;
55832 : 1DD;
55833 : 1DD;
55834 : 1DD;
55835 : 1DD;
55836 : 1DD;
55837 : 1DD;
55838 : 1DD;
55839 : 1DD;
55840 : 1DD;
55841 : 1DD;
55842 : 1DD;
55843 : 1DD;
55844 : 1DD;
55845 : 1DD;
55846 : 1DD;
55847 : 1DD;
55848 : 1DD;
55849 : 1DD;
55850 : 1DD;
55851 : 1DD;
55852 : 1DD;
55853 : 1DD;
55854 : 1DD;
55855 : 1DD;
55856 : 1DD;
55857 : 1DD;
55858 : 1DD;
55859 : 1DD;
55860 : 1DD;
55861 : 1DD;
55862 : 1DD;
55863 : 1DD;
55864 : 1DD;
55865 : 1DD;
55866 : 1DD;
55867 : 1DD;
55868 : 1DD;
55869 : 1DD;
55870 : 1DD;
55871 : 1DD;
55872 : 1DD;
55873 : 1DD;
55874 : 1DD;
55875 : 1DD;
55876 : 1DD;
55877 : 1DD;
55878 : 1DD;
55879 : 1DD;
55880 : 1DD;
55881 : 1DD;
55882 : 1DD;
55883 : 1DD;
55884 : 1DD;
55885 : 1DD;
55886 : 1DD;
55887 : 1DD;
55888 : 1DD;
55889 : 1DD;
55890 : 1DD;
55891 : 1DD;
55892 : 1DD;
55893 : 1DD;
55894 : 1DD;
55895 : 1DD;
55896 : 1DD;
55897 : 1DD;
55898 : 1DD;
55899 : 1DD;
55900 : 1C0;
55901 : 1C0;
55902 : 1C0;
55903 : 1C0;
55904 : 1C0;
55905 : 1C0;
55906 : 1C0;
55907 : 1C0;
55908 : 1C0;
55909 : 1C0;
55910 : 1C0;
55911 : 1C0;
55912 : 1C0;
55913 : 1C0;
55914 : 1C0;
55915 : 1FF;
55916 : 1FF;
55917 : 1FF;
55918 : 1FF;
55919 : 1FF;
55920 : 1FF;
55921 : 1FF;
55922 : 1FF;
55923 : 1FF;
55924 : 1FF;
55925 : 1FF;
55926 : 1FF;
55927 : 1FF;
55928 : 1FF;
55929 : 1FF;
55930 : 1FF;
55931 : 1FF;
55932 : 1FF;
55933 : 1FF;
55934 : 1FF;
55935 : 1FF;
55936 : 1FF;
55937 : 1FF;
55938 : 1FF;
55939 : 1FF;
55940 : 1FF;
55941 : 1FF;
55942 : 1FF;
55943 : 1FF;
55944 : 1FF;
55945 : 1FF;
55946 : 1FF;
55947 : 1FF;
55948 : 1FF;
55949 : 1FF;
55950 : 1FF;
55951 : 1C0;
55952 : 1C0;
55953 : 1C0;
55954 : 1C0;
55955 : 1C0;
55956 : 1C0;
55957 : 1C0;
55958 : 1C0;
55959 : 1C0;
55960 : 1C0;
55961 : 1C0;
55962 : 1C0;
55963 : 1C0;
55964 : 1C0;
55965 : 1C0;
55966 : 1C0;
55967 : 1F8;
55968 : 1F8;
55969 : 1F8;
55970 : 1F8;
55971 : 1F8;
55972 : 1F8;
55973 : 1F8;
55974 : 1F8;
55975 : 1F8;
55976 : 1F8;
55977 : 1F8;
55978 : 1F8;
55979 : 1F8;
55980 : 1F8;
55981 : 1F8;
55982 : 1F8;
55983 : 1F8;
55984 : 1F8;
55985 : 1F8;
55986 : 1F8;
55987 : 1F8;
55988 : 1F8;
55989 : 1F8;
55990 : 1F8;
55991 : 1F8;
55992 : 1F8;
55993 : 1F8;
55994 : 1F8;
55995 : 1F8;
55996 : 1F8;
55997 : 1F8;
55998 : 1F8;
55999 : 1F8;
56000 : 1D8;
56001 : 1D8;
56002 : 1D8;
56003 : 1D8;
56004 : 1D8;
56005 : 1D8;
56006 : 1D8;
56007 : 1D8;
56008 : 1D8;
56009 : 1D8;
56010 : 1D8;
56011 : 1D8;
56012 : 1D8;
56013 : 1D8;
56014 : 1D8;
56015 : 1D8;
56016 : 1DD;
56017 : 1DD;
56018 : 1DD;
56019 : 1DD;
56020 : 1DD;
56021 : 1DD;
56022 : 1DD;
56023 : 1DD;
56024 : 1DD;
56025 : 1DD;
56026 : 1DD;
56027 : 1DD;
56028 : 1DD;
56029 : 1DD;
56030 : 1DD;
56031 : 1DD;
56032 : 1DD;
56033 : 1DD;
56034 : 1DD;
56035 : 1DD;
56036 : 1DD;
56037 : 1DD;
56038 : 1DD;
56039 : 1DD;
56040 : 1DD;
56041 : 1DD;
56042 : 1DD;
56043 : 1DD;
56044 : 1DD;
56045 : 1DD;
56046 : 1FF;
56047 : 1FF;
56048 : 1FF;
56049 : 1FF;
56050 : 1FF;
56051 : 1FF;
56052 : 1FF;
56053 : 1FF;
56054 : 1FF;
56055 : 1FF;
56056 : 1FF;
56057 : 1FF;
56058 : 1FF;
56059 : 1FF;
56060 : 1D8;
56061 : 1D8;
56062 : 1D8;
56063 : 1D8;
56064 : 110;
56065 : 110;
56066 : 110;
56067 : 110;
56068 : 110;
56069 : 110;
56070 : 1FF;
56071 : 1FF;
56072 : 1FF;
56073 : 1FF;
56074 : 1FF;
56075 : 1FF;
56076 : 1FF;
56077 : 1FF;
56078 : 1FF;
56079 : 1FF;
56080 : 1FF;
56081 : 1FF;
56082 : 1FF;
56083 : 1FF;
56084 : 1FF;
56085 : 1FF;
56086 : 1DD;
56087 : 1DD;
56088 : 1DD;
56089 : 1DD;
56090 : 1DD;
56091 : 1DD;
56092 : 1DD;
56093 : 1DD;
56094 : 1DD;
56095 : 1DD;
56096 : 1DD;
56097 : 1DD;
56098 : 1DD;
56099 : 1DD;
56100 : 1DD;
56101 : 1DD;
56102 : 1DD;
56103 : 1DD;
56104 : 1DD;
56105 : 1DD;
56106 : 1DD;
56107 : 1DD;
56108 : 1DD;
56109 : 1DD;
56110 : 1DD;
56111 : 1DD;
56112 : 1DD;
56113 : 1DD;
56114 : 1DD;
56115 : 1DD;
56116 : 1DD;
56117 : 1DD;
56118 : 1DD;
56119 : 1DD;
56120 : 1DD;
56121 : 1DD;
56122 : 1DD;
56123 : 1DD;
56124 : 1DD;
56125 : 1DD;
56126 : 1DD;
56127 : 1DD;
56128 : 1DD;
56129 : 1DD;
56130 : 1DD;
56131 : 1DD;
56132 : 1DD;
56133 : 1DD;
56134 : 1DD;
56135 : 1DD;
56136 : 1DD;
56137 : 1DD;
56138 : 1DD;
56139 : 1DD;
56140 : 1DD;
56141 : 1DD;
56142 : 1DD;
56143 : 1DD;
56144 : 1DD;
56145 : 1DD;
56146 : 1DD;
56147 : 1DD;
56148 : 1DD;
56149 : 1DD;
56150 : 1DD;
56151 : 1DD;
56152 : 1DD;
56153 : 1DD;
56154 : 1DD;
56155 : 1DD;
56156 : 1DD;
56157 : 1DD;
56158 : 1DD;
56159 : 1DD;
56160 : 1DD;
56161 : 1DD;
56162 : 1DD;
56163 : 1DD;
56164 : 1DD;
56165 : 1DD;
56166 : 1DD;
56167 : 1DD;
56168 : 1DD;
56169 : 1DD;
56170 : 1DD;
56171 : 1DD;
56172 : 1DD;
56173 : 1DD;
56174 : 1DD;
56175 : 1DD;
56176 : 1DD;
56177 : 1DD;
56178 : 1DD;
56179 : 1DD;
56180 : 1DD;
56181 : 1DD;
56182 : 1DD;
56183 : 1DD;
56184 : 1DD;
56185 : 1DD;
56186 : 1DD;
56187 : 1DD;
56188 : 1DD;
56189 : 1DD;
56190 : 1DD;
56191 : 1DD;
56192 : 1DD;
56193 : 1DD;
56194 : 1DD;
56195 : 1DD;
56196 : 1DD;
56197 : 1DD;
56198 : 1DD;
56199 : 1DD;
56200 : 1DD;
56201 : 1DD;
56202 : 1DD;
56203 : 1DD;
56204 : 1DD;
56205 : 1DD;
56206 : 1DD;
56207 : 1DD;
56208 : 1DD;
56209 : 1DD;
56210 : 1DD;
56211 : 1DD;
56212 : 1DD;
56213 : 1DD;
56214 : 1DD;
56215 : 1DD;
56216 : 1DD;
56217 : 1DD;
56218 : 1DD;
56219 : 110;
56220 : 110;
56221 : 110;
56222 : 110;
56223 : 110;
56224 : 110;
56225 : 110;
56226 : 110;
56227 : 110;
56228 : 110;
56229 : 110;
56230 : 110;
56231 : 110;
56232 : 110;
56233 : 110;
56234 : 110;
56235 : 110;
56236 : 110;
56237 : 110;
56238 : 110;
56239 : 110;
56240 : 110;
56241 : 110;
56242 : 110;
56243 : 110;
56244 : 110;
56245 : 110;
56246 : 110;
56247 : 110;
56248 : 110;
56249 : 110;
56250 : 110;
56251 : 110;
56252 : 110;
56253 : 110;
56254 : 110;
56255 : 110;
56256 : 110;
56257 : 110;
56258 : 110;
56259 : 110;
56260 : 110;
56261 : 110;
56262 : 110;
56263 : 110;
56264 : 110;
56265 : 110;
56266 : 110;
56267 : 110;
56268 : 110;
56269 : 110;
56270 : 110;
56271 : 110;
56272 : 110;
56273 : 110;
56274 : 110;
56275 : 110;
56276 : 110;
56277 : 110;
56278 : 110;
56279 : 110;
56280 : 110;
56281 : 110;
56282 : 110;
56283 : 110;
56284 : 110;
56285 : 110;
56286 : 110;
56287 : 110;
56288 : 1F8;
56289 : 1F8;
56290 : 1F8;
56291 : 1F8;
56292 : 1F8;
56293 : 1F8;
56294 : 1F8;
56295 : 1F8;
56296 : 1F8;
56297 : 1F8;
56298 : 1F8;
56299 : 1F8;
56300 : 1F8;
56301 : 1F8;
56302 : 1F8;
56303 : 1F8;
56304 : 1F8;
56305 : 1F8;
56306 : 1F8;
56307 : 1F8;
56308 : 1F8;
56309 : 1F8;
56310 : 1F8;
56311 : 1F8;
56312 : 1F8;
56313 : 1F8;
56314 : 1F8;
56315 : 1F8;
56316 : 1F8;
56317 : 1F8;
56318 : 1F8;
56319 : 1F8;
56320 : 1D8;
56321 : 1D8;
56322 : 1D8;
56323 : 1D8;
56324 : 1D8;
56325 : 1D8;
56326 : 1D8;
56327 : 1D8;
56328 : 1D8;
56329 : 1D8;
56330 : 1D8;
56331 : 1D8;
56332 : 1D8;
56333 : 1D8;
56334 : 1D8;
56335 : 1D8;
56336 : 1D8;
56337 : 1D8;
56338 : 1D8;
56339 : 1DD;
56340 : 1DD;
56341 : 1DD;
56342 : 1DD;
56343 : 1DD;
56344 : 1DD;
56345 : 1DD;
56346 : 1DD;
56347 : 1DD;
56348 : 1DD;
56349 : 1DD;
56350 : 1DD;
56351 : 1DD;
56352 : 1DD;
56353 : 1DD;
56354 : 1DD;
56355 : 1DD;
56356 : 1DD;
56357 : 1DD;
56358 : 1DD;
56359 : 1DD;
56360 : 1DD;
56361 : 1DD;
56362 : 1DD;
56363 : 1DD;
56364 : 1DD;
56365 : 1DD;
56366 : 1DD;
56367 : 1DD;
56368 : 1DD;
56369 : 1DD;
56370 : 1DD;
56371 : 1DD;
56372 : 1DD;
56373 : 1DD;
56374 : 1DD;
56375 : 1DD;
56376 : 1FF;
56377 : 1FF;
56378 : 1FF;
56379 : 1D8;
56380 : 1D8;
56381 : 1D8;
56382 : 1D8;
56383 : 1D8;
56384 : 1D8;
56385 : 1D8;
56386 : 110;
56387 : 110;
56388 : 110;
56389 : 110;
56390 : 1FF;
56391 : 1FF;
56392 : 1FF;
56393 : 1FF;
56394 : 1DD;
56395 : 1DD;
56396 : 1DD;
56397 : 1DD;
56398 : 1DD;
56399 : 1DD;
56400 : 1DD;
56401 : 1DD;
56402 : 1DD;
56403 : 1DD;
56404 : 1DD;
56405 : 1DD;
56406 : 1DD;
56407 : 1DD;
56408 : 1DD;
56409 : 1DD;
56410 : 1DD;
56411 : 1DD;
56412 : 1DD;
56413 : 1DD;
56414 : 1DD;
56415 : 1DD;
56416 : 1DD;
56417 : 1DD;
56418 : 1DD;
56419 : 1DD;
56420 : 1DD;
56421 : 1DD;
56422 : 1DD;
56423 : 1DD;
56424 : 1DD;
56425 : 1DD;
56426 : 1DD;
56427 : 1DD;
56428 : 1DD;
56429 : 1DD;
56430 : 1DD;
56431 : 1DD;
56432 : 1DD;
56433 : 1DD;
56434 : 1DD;
56435 : 1DD;
56436 : 1DD;
56437 : 1DD;
56438 : 1DD;
56439 : 1DD;
56440 : 1DD;
56441 : 1DD;
56442 : 1DD;
56443 : 1DD;
56444 : 1DD;
56445 : 1DD;
56446 : 1DD;
56447 : 1DD;
56448 : 1DD;
56449 : 1DD;
56450 : 1DD;
56451 : 1DD;
56452 : 1DD;
56453 : 1DD;
56454 : 1DD;
56455 : 1DD;
56456 : 1DD;
56457 : 1DD;
56458 : 1DD;
56459 : 1DD;
56460 : 1DD;
56461 : 1DD;
56462 : 1DD;
56463 : 1DD;
56464 : 1DD;
56465 : 1DD;
56466 : 1DD;
56467 : 1DD;
56468 : 1DD;
56469 : 1DD;
56470 : 1DD;
56471 : 1DD;
56472 : 1DD;
56473 : 1DD;
56474 : 1DD;
56475 : 1DD;
56476 : 1DD;
56477 : 1DD;
56478 : 1DD;
56479 : 1DD;
56480 : 1DD;
56481 : 1DD;
56482 : 1DD;
56483 : 1DD;
56484 : 1DD;
56485 : 1DD;
56486 : 1DD;
56487 : 1DD;
56488 : 1DD;
56489 : 1DD;
56490 : 1DD;
56491 : 1DD;
56492 : 1DD;
56493 : 1DD;
56494 : 1DD;
56495 : 1DD;
56496 : 1DD;
56497 : 1DD;
56498 : 1DD;
56499 : 1DD;
56500 : 1DD;
56501 : 1DD;
56502 : 1DD;
56503 : 1DD;
56504 : 1DD;
56505 : 1DD;
56506 : 1DD;
56507 : 1DD;
56508 : 1DD;
56509 : 1DD;
56510 : 1DD;
56511 : 1DD;
56512 : 1DD;
56513 : 1DD;
56514 : 1DD;
56515 : 1DD;
56516 : 1DD;
56517 : 1DD;
56518 : 1DD;
56519 : 1DD;
56520 : 1DD;
56521 : 1DD;
56522 : 1DD;
56523 : 1DD;
56524 : 1DD;
56525 : 1DD;
56526 : 1DD;
56527 : 1DD;
56528 : 1DD;
56529 : 1DD;
56530 : 1DD;
56531 : 1DD;
56532 : 1DD;
56533 : 1DD;
56534 : 1DD;
56535 : 1DD;
56536 : 1DD;
56537 : 1DD;
56538 : 1DD;
56539 : 1DD;
56540 : 1DD;
56541 : 1DD;
56542 : 1DD;
56543 : 1D8;
56544 : 1D8;
56545 : 1D8;
56546 : 1D8;
56547 : 1D8;
56548 : 1D8;
56549 : 1D8;
56550 : 1D8;
56551 : 1D8;
56552 : 1D8;
56553 : 1D8;
56554 : 1D8;
56555 : 1D8;
56556 : 1D8;
56557 : 1D8;
56558 : 1D8;
56559 : 1D8;
56560 : 1D8;
56561 : 1D8;
56562 : 1D8;
56563 : 1D8;
56564 : 1D8;
56565 : 1D8;
56566 : 1D8;
56567 : 1D8;
56568 : 1D8;
56569 : 1D8;
56570 : 1D8;
56571 : 1D8;
56572 : 110;
56573 : 110;
56574 : 1D8;
56575 : 1F8;
56576 : 1F8;
56577 : 1F8;
56578 : 1F8;
56579 : 1F8;
56580 : 1F8;
56581 : 1F8;
56582 : 1F8;
56583 : 1F8;
56584 : 1F8;
56585 : 1F8;
56586 : 1F8;
56587 : 1F8;
56588 : 1F8;
56589 : 1F8;
56590 : 1F8;
56591 : 1F8;
56592 : 1F8;
56593 : 1F8;
56594 : 1F8;
56595 : 1F8;
56596 : 1F8;
56597 : 1F8;
56598 : 1F8;
56599 : 1F8;
56600 : 1F8;
56601 : 1F8;
56602 : 1F8;
56603 : 1F8;
56604 : 1F8;
56605 : 1F8;
56606 : 1F8;
56607 : 1F8;
56608 : 1F8;
56609 : 1F8;
56610 : 1F8;
56611 : 1F8;
56612 : 1F8;
56613 : 1F8;
56614 : 1F8;
56615 : 1F8;
56616 : 1F8;
56617 : 1F8;
56618 : 1F8;
56619 : 1F8;
56620 : 1F8;
56621 : 1F8;
56622 : 1F8;
56623 : 1F8;
56624 : 1F8;
56625 : 1F8;
56626 : 1F8;
56627 : 1F8;
56628 : 1F8;
56629 : 1F8;
56630 : 1F8;
56631 : 1F8;
56632 : 1F8;
56633 : 1F8;
56634 : 1F8;
56635 : 1F8;
56636 : 1F8;
56637 : 1F8;
56638 : 1F8;
56639 : 1F8;
56640 : 1D8;
56641 : 1D8;
56642 : 1D8;
56643 : 1D8;
56644 : 1D8;
56645 : 1D8;
56646 : 1D8;
56647 : 1D8;
56648 : 1D8;
56649 : 1D8;
56650 : 1D8;
56651 : 1D8;
56652 : 1D8;
56653 : 1D8;
56654 : 1D8;
56655 : 1D8;
56656 : 1D8;
56657 : 1D8;
56658 : 1D8;
56659 : 1D8;
56660 : 1D8;
56661 : 1D8;
56662 : 1DD;
56663 : 1DD;
56664 : 1DD;
56665 : 1DD;
56666 : 1DD;
56667 : 1DD;
56668 : 1DD;
56669 : 1DD;
56670 : 1DD;
56671 : 1DD;
56672 : 1DD;
56673 : 1DD;
56674 : 1DD;
56675 : 1DD;
56676 : 1DD;
56677 : 1DD;
56678 : 1DD;
56679 : 1DD;
56680 : 1DD;
56681 : 1DD;
56682 : 1DD;
56683 : 1DD;
56684 : 1DD;
56685 : 1DD;
56686 : 1DD;
56687 : 1DD;
56688 : 1DD;
56689 : 1DD;
56690 : 1DD;
56691 : 1DD;
56692 : 1DD;
56693 : 1DD;
56694 : 1DD;
56695 : 1DD;
56696 : 1DD;
56697 : 1DD;
56698 : 1DD;
56699 : 1D8;
56700 : 1D8;
56701 : 1D8;
56702 : 1D8;
56703 : 1D8;
56704 : 1D8;
56705 : 1D8;
56706 : 110;
56707 : 110;
56708 : 110;
56709 : 1DD;
56710 : 1DD;
56711 : 1DD;
56712 : 1DD;
56713 : 1DD;
56714 : 1DD;
56715 : 1DD;
56716 : 1DD;
56717 : 1DD;
56718 : 1DD;
56719 : 1DD;
56720 : 1DD;
56721 : 1DD;
56722 : 1DD;
56723 : 1DD;
56724 : 1DD;
56725 : 1DD;
56726 : 1DD;
56727 : 1DD;
56728 : 1DD;
56729 : 1DD;
56730 : 1DD;
56731 : 1DD;
56732 : 1DD;
56733 : 1DD;
56734 : 1DD;
56735 : 1DD;
56736 : 1DD;
56737 : 1DD;
56738 : 1DD;
56739 : 1DD;
56740 : 1DD;
56741 : 1DD;
56742 : 1DD;
56743 : 1DD;
56744 : 1DD;
56745 : 1DD;
56746 : 1DD;
56747 : 1DD;
56748 : 1DD;
56749 : 1DD;
56750 : 1DD;
56751 : 1DD;
56752 : 1DD;
56753 : 1DD;
56754 : 1DD;
56755 : 1DD;
56756 : 1DD;
56757 : 1DD;
56758 : 1DD;
56759 : 1DD;
56760 : 1DD;
56761 : 1DD;
56762 : 1DD;
56763 : 1DD;
56764 : 1DD;
56765 : 1DD;
56766 : 1DD;
56767 : 1DD;
56768 : 1DD;
56769 : 1D8;
56770 : 1D8;
56771 : 1D8;
56772 : 1D8;
56773 : 1D8;
56774 : 1D8;
56775 : 1D8;
56776 : 1D8;
56777 : 1D8;
56778 : 1D8;
56779 : 1D8;
56780 : 1D8;
56781 : 1D8;
56782 : 1D8;
56783 : 1D8;
56784 : 1D8;
56785 : 1D8;
56786 : 1D8;
56787 : 1D8;
56788 : 1D8;
56789 : 1D8;
56790 : 1D8;
56791 : 1D8;
56792 : 1D8;
56793 : 1D8;
56794 : 1D8;
56795 : 1D8;
56796 : 1D8;
56797 : 1D8;
56798 : 1D8;
56799 : 1D8;
56800 : 1D8;
56801 : 1D8;
56802 : 1D8;
56803 : 1D8;
56804 : 1D8;
56805 : 1D8;
56806 : 1D8;
56807 : 1D8;
56808 : 1D8;
56809 : 1D8;
56810 : 1D8;
56811 : 1D8;
56812 : 1D8;
56813 : 1D8;
56814 : 1D8;
56815 : 1D8;
56816 : 1D8;
56817 : 1D8;
56818 : 1DD;
56819 : 1DD;
56820 : 1DD;
56821 : 1DD;
56822 : 1DD;
56823 : 1DD;
56824 : 1DD;
56825 : 1DD;
56826 : 1DD;
56827 : 1DD;
56828 : 1DD;
56829 : 1DD;
56830 : 1DD;
56831 : 1DD;
56832 : 1DD;
56833 : 1DD;
56834 : 1DD;
56835 : 1DD;
56836 : 1DD;
56837 : 1DD;
56838 : 1DD;
56839 : 1DD;
56840 : 1DD;
56841 : 1DD;
56842 : 1DD;
56843 : 1DD;
56844 : 1DD;
56845 : 1DD;
56846 : 1DD;
56847 : 1DD;
56848 : 1DD;
56849 : 1DD;
56850 : 1DD;
56851 : 1DD;
56852 : 1DD;
56853 : 1DD;
56854 : 1D8;
56855 : 1D8;
56856 : 1D8;
56857 : 1D8;
56858 : 1D8;
56859 : 1D8;
56860 : 1D8;
56861 : 1D8;
56862 : 1D8;
56863 : 1D8;
56864 : 1D8;
56865 : 1D8;
56866 : 1D8;
56867 : 1D8;
56868 : 1D8;
56869 : 1D8;
56870 : 1D8;
56871 : 1D8;
56872 : 1D8;
56873 : 1D8;
56874 : 1D8;
56875 : 1D8;
56876 : 1D8;
56877 : 1D8;
56878 : 1D8;
56879 : 1D8;
56880 : 1D8;
56881 : 1D8;
56882 : 1D8;
56883 : 1D8;
56884 : 1D8;
56885 : 1D8;
56886 : 1D8;
56887 : 1D8;
56888 : 1D8;
56889 : 1D8;
56890 : 1D8;
56891 : 1F8;
56892 : 110;
56893 : 110;
56894 : 1F8;
56895 : 1F8;
56896 : 1F8;
56897 : 1F8;
56898 : 1F8;
56899 : 1F8;
56900 : 1F8;
56901 : 1F8;
56902 : 1F8;
56903 : 1F8;
56904 : 1F8;
56905 : 1F8;
56906 : 1F8;
56907 : 1F8;
56908 : 1F8;
56909 : 1F8;
56910 : 1F8;
56911 : 1F8;
56912 : 1F8;
56913 : 1F8;
56914 : 1F8;
56915 : 1F8;
56916 : 1F8;
56917 : 1F8;
56918 : 1F8;
56919 : 1F8;
56920 : 1F8;
56921 : 1F8;
56922 : 1F8;
56923 : 1F8;
56924 : 1F8;
56925 : 1F8;
56926 : 1F8;
56927 : 1F8;
56928 : 1F8;
56929 : 1F8;
56930 : 1F8;
56931 : 1F8;
56932 : 1F8;
56933 : 1F8;
56934 : 1F8;
56935 : 1F8;
56936 : 1F8;
56937 : 1F8;
56938 : 1F8;
56939 : 1F8;
56940 : 1F8;
56941 : 1F8;
56942 : 1F8;
56943 : 1F8;
56944 : 1F8;
56945 : 1F8;
56946 : 1F8;
56947 : 1F8;
56948 : 1F8;
56949 : 1F8;
56950 : 1F8;
56951 : 1F8;
56952 : 1F8;
56953 : 1F8;
56954 : 1F8;
56955 : 1F8;
56956 : 1F8;
56957 : 1F8;
56958 : 1F8;
56959 : 1F8;
56960 : 1F8;
56961 : 1F8;
56962 : 1F8;
56963 : 1D8;
56964 : 1D8;
56965 : 1D8;
56966 : 1D8;
56967 : 1D8;
56968 : 1D8;
56969 : 1D8;
56970 : 1D8;
56971 : 1D8;
56972 : 1D8;
56973 : 1D8;
56974 : 1D8;
56975 : 1D8;
56976 : 1D8;
56977 : 1D8;
56978 : 1D8;
56979 : 1D8;
56980 : 1D8;
56981 : 1D8;
56982 : 1D8;
56983 : 1D8;
56984 : 1D8;
56985 : 1D8;
56986 : 1DD;
56987 : 1DD;
56988 : 1DD;
56989 : 1DD;
56990 : 1DD;
56991 : 1DD;
56992 : 1DD;
56993 : 1DD;
56994 : 1DD;
56995 : 1DD;
56996 : 1DD;
56997 : 1DD;
56998 : 1DD;
56999 : 1DD;
57000 : 1DD;
57001 : 1DD;
57002 : 1DD;
57003 : 1DD;
57004 : 1DD;
57005 : 1DD;
57006 : 1DD;
57007 : 1DD;
57008 : 1DD;
57009 : 1DD;
57010 : 1DD;
57011 : 1DD;
57012 : 1DD;
57013 : 1DD;
57014 : 1DD;
57015 : 1DD;
57016 : 1DD;
57017 : 1DD;
57018 : 1DD;
57019 : 1D8;
57020 : 1D8;
57021 : 1D8;
57022 : 1D8;
57023 : 1D8;
57024 : 1D8;
57025 : 110;
57026 : 110;
57027 : 110;
57028 : 110;
57029 : 1DD;
57030 : 1DD;
57031 : 1DD;
57032 : 1DD;
57033 : 1DD;
57034 : 1DD;
57035 : 1DD;
57036 : 1DD;
57037 : 1DD;
57038 : 1DD;
57039 : 1DD;
57040 : 1DD;
57041 : 1DD;
57042 : 1DD;
57043 : 1DD;
57044 : 1DD;
57045 : 1DD;
57046 : 1DD;
57047 : 1DD;
57048 : 1DD;
57049 : 1DD;
57050 : 1DD;
57051 : 1DD;
57052 : 1DD;
57053 : 1DD;
57054 : 1DD;
57055 : 1DD;
57056 : 1DD;
57057 : 1DD;
57058 : 1DD;
57059 : 1DD;
57060 : 1DD;
57061 : 1DD;
57062 : 1DD;
57063 : 1DD;
57064 : 1DD;
57065 : 1DD;
57066 : 1DD;
57067 : 1DD;
57068 : 1DD;
57069 : 1DD;
57070 : 1DD;
57071 : 1DD;
57072 : 1DD;
57073 : 1DD;
57074 : 1DD;
57075 : 1DD;
57076 : 1DD;
57077 : 1DD;
57078 : 1D8;
57079 : 1D8;
57080 : 1D8;
57081 : 1D8;
57082 : 1D8;
57083 : 1D8;
57084 : 1D8;
57085 : 1D8;
57086 : 1D8;
57087 : 1D8;
57088 : 1D8;
57089 : 1D8;
57090 : 1D8;
57091 : 1D8;
57092 : 1D8;
57093 : 1D8;
57094 : 1D8;
57095 : 1D8;
57096 : 1D8;
57097 : 1D8;
57098 : 1D8;
57099 : 1D8;
57100 : 1D8;
57101 : 1D8;
57102 : 1D8;
57103 : 1D8;
57104 : 1D8;
57105 : 1D8;
57106 : 1D8;
57107 : 1D8;
57108 : 1D8;
57109 : 1D8;
57110 : 1D8;
57111 : 1D8;
57112 : 1D8;
57113 : 1D8;
57114 : 1D8;
57115 : 1D8;
57116 : 1D8;
57117 : 1D8;
57118 : 1D8;
57119 : 1D8;
57120 : 1D8;
57121 : 1D8;
57122 : 1D8;
57123 : 1D8;
57124 : 1D8;
57125 : 1D8;
57126 : 1D8;
57127 : 1D8;
57128 : 1D8;
57129 : 1D8;
57130 : 1D8;
57131 : 1D8;
57132 : 1D8;
57133 : 1D8;
57134 : 1D8;
57135 : 1D8;
57136 : 1D8;
57137 : 1D8;
57138 : 1D8;
57139 : 1D8;
57140 : 1D8;
57141 : 1D8;
57142 : 1D8;
57143 : 1D8;
57144 : 1D8;
57145 : 1D8;
57146 : 1D8;
57147 : 1D8;
57148 : 1D8;
57149 : 1D8;
57150 : 1D8;
57151 : 1D8;
57152 : 1D8;
57153 : 1D8;
57154 : 1D8;
57155 : 1D8;
57156 : 1D8;
57157 : 1D8;
57158 : 1D8;
57159 : 1D8;
57160 : 1D8;
57161 : 1D8;
57162 : 1D8;
57163 : 1D8;
57164 : 1D8;
57165 : 1D8;
57166 : 1D8;
57167 : 1D8;
57168 : 1D8;
57169 : 1D8;
57170 : 1D8;
57171 : 1D8;
57172 : 1D8;
57173 : 1D8;
57174 : 1D8;
57175 : 1D8;
57176 : 1D8;
57177 : 1D8;
57178 : 1D8;
57179 : 1D8;
57180 : 1D8;
57181 : 1D8;
57182 : 1D8;
57183 : 1D8;
57184 : 1D8;
57185 : 1D8;
57186 : 1D8;
57187 : 1D8;
57188 : 1D8;
57189 : 1D8;
57190 : 1D8;
57191 : 1D8;
57192 : 1D8;
57193 : 1D8;
57194 : 1D8;
57195 : 1D8;
57196 : 1D8;
57197 : 1D8;
57198 : 1D8;
57199 : 1D8;
57200 : 1D8;
57201 : 1D8;
57202 : 1D8;
57203 : 1D8;
57204 : 1D8;
57205 : 1D8;
57206 : 1D8;
57207 : 1D8;
57208 : 1F8;
57209 : 1F8;
57210 : 1F8;
57211 : 1F8;
57212 : 110;
57213 : 110;
57214 : 1F8;
57215 : 1F8;
57216 : 1F8;
57217 : 1F8;
57218 : 1F8;
57219 : 1F8;
57220 : 1F8;
57221 : 1F8;
57222 : 1F8;
57223 : 1F8;
57224 : 1F8;
57225 : 1F8;
57226 : 1F8;
57227 : 1F8;
57228 : 1F8;
57229 : 1F8;
57230 : 1F8;
57231 : 1F8;
57232 : 1F8;
57233 : 1F8;
57234 : 1F8;
57235 : 1F8;
57236 : 1F8;
57237 : 1F8;
57238 : 1F8;
57239 : 1F8;
57240 : 1F8;
57241 : 1F8;
57242 : 1F8;
57243 : 1F8;
57244 : 1F8;
57245 : 1F8;
57246 : 1F8;
57247 : 1F8;
57248 : 1F8;
57249 : 1F8;
57250 : 1F8;
57251 : 1F8;
57252 : 1F8;
57253 : 1F8;
57254 : 1F8;
57255 : 1F8;
57256 : 1F8;
57257 : 1F8;
57258 : 1F8;
57259 : 1F8;
57260 : 1F8;
57261 : 1F8;
57262 : 1F8;
57263 : 1F8;
57264 : 1F8;
57265 : 1F8;
57266 : 1F8;
57267 : 1F8;
57268 : 1F8;
57269 : 1F8;
57270 : 1F8;
57271 : 1F8;
57272 : 1F8;
57273 : 1F8;
57274 : 1F8;
57275 : 1F8;
57276 : 1F8;
57277 : 1F8;
57278 : 1F8;
57279 : 1F8;
57280 : 1F8;
57281 : 1F8;
57282 : 1F8;
57283 : 1F8;
57284 : 1F8;
57285 : 1F8;
57286 : 1D8;
57287 : 1D8;
57288 : 1D8;
57289 : 1D8;
57290 : 1D8;
57291 : 1D8;
57292 : 1D8;
57293 : 1D8;
57294 : 1D8;
57295 : 1D8;
57296 : 1D8;
57297 : 1D8;
57298 : 1D8;
57299 : 1D8;
57300 : 1D8;
57301 : 1D8;
57302 : 1D8;
57303 : 1D8;
57304 : 1D8;
57305 : 1D8;
57306 : 1D8;
57307 : 1D8;
57308 : 1D8;
57309 : 1D8;
57310 : 1DD;
57311 : 1DD;
57312 : 1DD;
57313 : 1DD;
57314 : 1DD;
57315 : 1DD;
57316 : 1DD;
57317 : 1DD;
57318 : 1DD;
57319 : 1DD;
57320 : 1DD;
57321 : 1DD;
57322 : 1DD;
57323 : 1DD;
57324 : 1DD;
57325 : 1DD;
57326 : 1DD;
57327 : 1DD;
57328 : 1DD;
57329 : 1DD;
57330 : 1DD;
57331 : 1DD;
57332 : 1DD;
57333 : 1DD;
57334 : 1DD;
57335 : 1DD;
57336 : 1DD;
57337 : 1DD;
57338 : 110;
57339 : 1D8;
57340 : 1D8;
57341 : 1D8;
57342 : 1D8;
57343 : 1D8;
57344 : 1D8;
57345 : 110;
57346 : 110;
57347 : 110;
57348 : 110;
57349 : 1DD;
57350 : 1DD;
57351 : 1DD;
57352 : 1DD;
57353 : 1DD;
57354 : 1DD;
57355 : 1DD;
57356 : 1DD;
57357 : 1DD;
57358 : 1DD;
57359 : 1DD;
57360 : 1DD;
57361 : 1DD;
57362 : 1DD;
57363 : 1DD;
57364 : 1DD;
57365 : 1DD;
57366 : 1DD;
57367 : 1DD;
57368 : 1DD;
57369 : 1DD;
57370 : 1DD;
57371 : 1DD;
57372 : 1DD;
57373 : 1DD;
57374 : 1DD;
57375 : 1DD;
57376 : 1DD;
57377 : 1DD;
57378 : 1DD;
57379 : 1DD;
57380 : 1DD;
57381 : 1DD;
57382 : 1DD;
57383 : 1DD;
57384 : 1DD;
57385 : 1DD;
57386 : 1DD;
57387 : 1DD;
57388 : 1DD;
57389 : 1DD;
57390 : 1D8;
57391 : 1D8;
57392 : 1D8;
57393 : 1D8;
57394 : 1D8;
57395 : 1D8;
57396 : 1D8;
57397 : 1D8;
57398 : 1D8;
57399 : 1D8;
57400 : 1D8;
57401 : 1D8;
57402 : 1D8;
57403 : 1D8;
57404 : 1D8;
57405 : 1D8;
57406 : 1D8;
57407 : 1D8;
57408 : 1D8;
57409 : 1D8;
57410 : 1D8;
57411 : 1D8;
57412 : 1D8;
57413 : 1D8;
57414 : 1D8;
57415 : 1D8;
57416 : 1D8;
57417 : 1D8;
57418 : 1D8;
57419 : 1D8;
57420 : 1D8;
57421 : 1D8;
57422 : 1D8;
57423 : 1D8;
57424 : 1D8;
57425 : 1D8;
57426 : 1D8;
57427 : 1D8;
57428 : 1D8;
57429 : 1D8;
57430 : 1D8;
57431 : 1D8;
57432 : 1D8;
57433 : 1D8;
57434 : 1D8;
57435 : 1D8;
57436 : 1D8;
57437 : 1D8;
57438 : 1D8;
57439 : 1D8;
57440 : 1D8;
57441 : 1D8;
57442 : 1D8;
57443 : 1D8;
57444 : 1D8;
57445 : 1D8;
57446 : 1D8;
57447 : 1D8;
57448 : 1D8;
57449 : 1D8;
57450 : 1D8;
57451 : 1D8;
57452 : 1D8;
57453 : 1D8;
57454 : 1D8;
57455 : 1D8;
57456 : 1D8;
57457 : 1D8;
57458 : 1D8;
57459 : 1D8;
57460 : 1D8;
57461 : 1D8;
57462 : 1D8;
57463 : 1D8;
57464 : 1D8;
57465 : 1D8;
57466 : 1D8;
57467 : 1D8;
57468 : 1D8;
57469 : 1D8;
57470 : 1D8;
57471 : 1D8;
57472 : 1D8;
57473 : 1D8;
57474 : 1D8;
57475 : 1D8;
57476 : 1D8;
57477 : 1D8;
57478 : 1D8;
57479 : 1D8;
57480 : 1D8;
57481 : 1D8;
57482 : 1D8;
57483 : 1D8;
57484 : 1D8;
57485 : 1D8;
57486 : 1D8;
57487 : 1D8;
57488 : 1D8;
57489 : 1D8;
57490 : 1D8;
57491 : 1D8;
57492 : 1D8;
57493 : 1D8;
57494 : 1D8;
57495 : 1D8;
57496 : 1D8;
57497 : 1D8;
57498 : 1D8;
57499 : 1D8;
57500 : 1D8;
57501 : 1D8;
57502 : 1D8;
57503 : 1D8;
57504 : 1D8;
57505 : 1D8;
57506 : 1D8;
57507 : 1D8;
57508 : 1D8;
57509 : 1D8;
57510 : 1D8;
57511 : 1D8;
57512 : 1D8;
57513 : 1D8;
57514 : 1D8;
57515 : 1D8;
57516 : 1D8;
57517 : 1D8;
57518 : 1D8;
57519 : 1D8;
57520 : 1D8;
57521 : 1D8;
57522 : 1D8;
57523 : 1D8;
57524 : 1F8;
57525 : 1F8;
57526 : 1F8;
57527 : 1F8;
57528 : 1F8;
57529 : 1F8;
57530 : 1F8;
57531 : 1F8;
57532 : 110;
57533 : 110;
57534 : 1F8;
57535 : 1F8;
57536 : 1F8;
57537 : 1F8;
57538 : 1F8;
57539 : 1F8;
57540 : 1F8;
57541 : 1F8;
57542 : 1F8;
57543 : 1F8;
57544 : 1F8;
57545 : 1F8;
57546 : 1F8;
57547 : 1F8;
57548 : 1F8;
57549 : 1F8;
57550 : 1F8;
57551 : 1F8;
57552 : 1F8;
57553 : 1F8;
57554 : 1F8;
57555 : 1F8;
57556 : 1F8;
57557 : 1F8;
57558 : 1F8;
57559 : 1F8;
57560 : 1F8;
57561 : 1F8;
57562 : 1F8;
57563 : 1F8;
57564 : 1F8;
57565 : 1F8;
57566 : 1F8;
57567 : 1F8;
57568 : 1F8;
57569 : 1F8;
57570 : 1F8;
57571 : 1F8;
57572 : 1F8;
57573 : 1F8;
57574 : 1F8;
57575 : 1F8;
57576 : 1F8;
57577 : 1F8;
57578 : 1F8;
57579 : 1F8;
57580 : 1F8;
57581 : 1F8;
57582 : 1F8;
57583 : 1F8;
57584 : 1F8;
57585 : 1F8;
57586 : 1F8;
57587 : 1F8;
57588 : 1F8;
57589 : 1F8;
57590 : 1F8;
57591 : 1F8;
57592 : 1F8;
57593 : 1F8;
57594 : 1F8;
57595 : 1F8;
57596 : 1F8;
57597 : 1F8;
57598 : 1F8;
57599 : 1F8;
57600 : 1F8;
57601 : 1F8;
57602 : 1F8;
57603 : 1F8;
57604 : 1F8;
57605 : 1F8;
57606 : 1F8;
57607 : 1F8;
57608 : 1F8;
57609 : 1D8;
57610 : 1D8;
57611 : 1D8;
57612 : 1D8;
57613 : 1D8;
57614 : 1D8;
57615 : 1D8;
57616 : 1D8;
57617 : 1D8;
57618 : 1D8;
57619 : 1D8;
57620 : 1D8;
57621 : 1D8;
57622 : 1D8;
57623 : 1D8;
57624 : 1D8;
57625 : 1D8;
57626 : 1D8;
57627 : 1D8;
57628 : 1D8;
57629 : 1D8;
57630 : 1D8;
57631 : 1D8;
57632 : 1D8;
57633 : 1D8;
57634 : 1D8;
57635 : 1DD;
57636 : 1DD;
57637 : 1DD;
57638 : 1DD;
57639 : 1DD;
57640 : 1DD;
57641 : 1DD;
57642 : 1DD;
57643 : 1DD;
57644 : 1DD;
57645 : 1DD;
57646 : 1DD;
57647 : 1DD;
57648 : 1DD;
57649 : 1DD;
57650 : 1DD;
57651 : 1DD;
57652 : 1DD;
57653 : 1DD;
57654 : 1DD;
57655 : 1DD;
57656 : 1DD;
57657 : 1DD;
57658 : 1D8;
57659 : 1D8;
57660 : 1D8;
57661 : 1D8;
57662 : 1D8;
57663 : 1D8;
57664 : 1D8;
57665 : 110;
57666 : 110;
57667 : 110;
57668 : 110;
57669 : 1DD;
57670 : 1DD;
57671 : 1DD;
57672 : 1DD;
57673 : 1DD;
57674 : 1DD;
57675 : 1DD;
57676 : 1DD;
57677 : 1DD;
57678 : 1DD;
57679 : 1DD;
57680 : 1DD;
57681 : 1DD;
57682 : 1DD;
57683 : 1DD;
57684 : 1DD;
57685 : 1DD;
57686 : 1DD;
57687 : 1DD;
57688 : 1DD;
57689 : 1DD;
57690 : 1DD;
57691 : 1DD;
57692 : 1DD;
57693 : 1DD;
57694 : 1DD;
57695 : 1DD;
57696 : 1DD;
57697 : 1DD;
57698 : 1DD;
57699 : 1DD;
57700 : 1DD;
57701 : 1DD;
57702 : 1D8;
57703 : 1D8;
57704 : 1D8;
57705 : 1D8;
57706 : 1D8;
57707 : 1D8;
57708 : 1D8;
57709 : 1D8;
57710 : 1D8;
57711 : 1D8;
57712 : 1D8;
57713 : 1D8;
57714 : 1D8;
57715 : 1D8;
57716 : 1D8;
57717 : 1D8;
57718 : 1D8;
57719 : 1D8;
57720 : 1D8;
57721 : 1D8;
57722 : 1D8;
57723 : 1D8;
57724 : 1D8;
57725 : 1D8;
57726 : 1D8;
57727 : 1D8;
57728 : 1D8;
57729 : 1D8;
57730 : 1D8;
57731 : 1D8;
57732 : 1D8;
57733 : 1D8;
57734 : 1D8;
57735 : 1D8;
57736 : 1D8;
57737 : 1D8;
57738 : 1D8;
57739 : 1D8;
57740 : 1D8;
57741 : 1D8;
57742 : 1D8;
57743 : 1D8;
57744 : 1D8;
57745 : 1D8;
57746 : 1D8;
57747 : 1D8;
57748 : 1D8;
57749 : 1D8;
57750 : 1D8;
57751 : 1D8;
57752 : 1D8;
57753 : 1D8;
57754 : 1D8;
57755 : 1D8;
57756 : 1D8;
57757 : 1D8;
57758 : 1D8;
57759 : 1D8;
57760 : 1D8;
57761 : 1D8;
57762 : 1D8;
57763 : 1D8;
57764 : 1D8;
57765 : 1D8;
57766 : 1D8;
57767 : 1D8;
57768 : 1D8;
57769 : 1D8;
57770 : 1D8;
57771 : 1D8;
57772 : 1D8;
57773 : 1D8;
57774 : 1D8;
57775 : 1D8;
57776 : 1D8;
57777 : 1D8;
57778 : 1D8;
57779 : 1D8;
57780 : 1D8;
57781 : 1D8;
57782 : 1D8;
57783 : 1D8;
57784 : 1D8;
57785 : 1D8;
57786 : 1D8;
57787 : 1D8;
57788 : 1D8;
57789 : 1D8;
57790 : 1D8;
57791 : 1D8;
57792 : 1D8;
57793 : 1D8;
57794 : 1D8;
57795 : 1D8;
57796 : 1D8;
57797 : 1D8;
57798 : 1D8;
57799 : 1D8;
57800 : 1D8;
57801 : 1D8;
57802 : 1D8;
57803 : 1D8;
57804 : 1D8;
57805 : 1D8;
57806 : 1D8;
57807 : 1D8;
57808 : 1D8;
57809 : 1D8;
57810 : 1D8;
57811 : 1D8;
57812 : 1D8;
57813 : 1D8;
57814 : 1D8;
57815 : 1D8;
57816 : 1D8;
57817 : 1D8;
57818 : 1D8;
57819 : 1D8;
57820 : 1D8;
57821 : 1D8;
57822 : 1D8;
57823 : 1D8;
57824 : 1D8;
57825 : 1D8;
57826 : 1D8;
57827 : 1D8;
57828 : 1D8;
57829 : 1D8;
57830 : 1D8;
57831 : 1D8;
57832 : 1D8;
57833 : 1D8;
57834 : 1D8;
57835 : 1D8;
57836 : 1D8;
57837 : 1D8;
57838 : 1D8;
57839 : 1D8;
57840 : 1F8;
57841 : 1F8;
57842 : 1F8;
57843 : 1F8;
57844 : 1F8;
57845 : 1F8;
57846 : 1F8;
57847 : 1F8;
57848 : 1F8;
57849 : 1F8;
57850 : 1F8;
57851 : 1F8;
57852 : 110;
57853 : 110;
57854 : 1F8;
57855 : 1F8;
57856 : 1F8;
57857 : 1F8;
57858 : 1F8;
57859 : 1F8;
57860 : 1F8;
57861 : 1F8;
57862 : 1F8;
57863 : 1F8;
57864 : 1F8;
57865 : 1F8;
57866 : 1F8;
57867 : 1F8;
57868 : 1F8;
57869 : 1F8;
57870 : 1F8;
57871 : 1F8;
57872 : 1F8;
57873 : 1F8;
57874 : 1F8;
57875 : 1F8;
57876 : 1F8;
57877 : 1F8;
57878 : 1F8;
57879 : 1F8;
57880 : 1F8;
57881 : 1F8;
57882 : 1F8;
57883 : 1F8;
57884 : 1F8;
57885 : 1F8;
57886 : 1F8;
57887 : 1F8;
57888 : 1F8;
57889 : 1F8;
57890 : 1F8;
57891 : 1F8;
57892 : 1F8;
57893 : 1F8;
57894 : 1F8;
57895 : 1F8;
57896 : 1F8;
57897 : 1F8;
57898 : 1F8;
57899 : 1F8;
57900 : 1F8;
57901 : 1F8;
57902 : 1F8;
57903 : 1F8;
57904 : 1F8;
57905 : 1F8;
57906 : 1F8;
57907 : 1F8;
57908 : 1F8;
57909 : 1F8;
57910 : 1F8;
57911 : 1F8;
57912 : 1F8;
57913 : 1F8;
57914 : 1F8;
57915 : 1F8;
57916 : 1F8;
57917 : 1F8;
57918 : 1F8;
57919 : 1F8;
57920 : 1F8;
57921 : 1F8;
57922 : 1F8;
57923 : 1F8;
57924 : 1F8;
57925 : 1F8;
57926 : 1F8;
57927 : 1F8;
57928 : 1F8;
57929 : 1F8;
57930 : 1F8;
57931 : 1F8;
57932 : 1F8;
57933 : 1D8;
57934 : 1D8;
57935 : 1D8;
57936 : 1D8;
57937 : 1D8;
57938 : 1D8;
57939 : 1D8;
57940 : 1D8;
57941 : 1D8;
57942 : 1D8;
57943 : 1D8;
57944 : 1D8;
57945 : 1D8;
57946 : 1D8;
57947 : 1D8;
57948 : 1D8;
57949 : 1D8;
57950 : 1D8;
57951 : 1D8;
57952 : 1D8;
57953 : 1D8;
57954 : 1D8;
57955 : 1D8;
57956 : 1D8;
57957 : 1D8;
57958 : 1D8;
57959 : 1D8;
57960 : 1DD;
57961 : 1DD;
57962 : 1DD;
57963 : 1DD;
57964 : 1DD;
57965 : 1DD;
57966 : 1DD;
57967 : 1DD;
57968 : 1DD;
57969 : 1DD;
57970 : 1DD;
57971 : 1DD;
57972 : 1DD;
57973 : 1DD;
57974 : 1DD;
57975 : 1DD;
57976 : 1DD;
57977 : 1DD;
57978 : 1D8;
57979 : 1D8;
57980 : 1D8;
57981 : 1D8;
57982 : 1D8;
57983 : 1D8;
57984 : 110;
57985 : 110;
57986 : 110;
57987 : 110;
57988 : 1DD;
57989 : 1DD;
57990 : 1DD;
57991 : 1DD;
57992 : 1DD;
57993 : 1DD;
57994 : 1DD;
57995 : 1DD;
57996 : 1DD;
57997 : 1DD;
57998 : 1DD;
57999 : 1DD;
58000 : 1DD;
58001 : 1DD;
58002 : 1DD;
58003 : 1DD;
58004 : 1DD;
58005 : 1DD;
58006 : 1DD;
58007 : 1DD;
58008 : 1DD;
58009 : 1DD;
58010 : 1DD;
58011 : 1DD;
58012 : 1DD;
58013 : 1DD;
58014 : 1DD;
58015 : 1D8;
58016 : 1D8;
58017 : 1D8;
58018 : 1D8;
58019 : 1D8;
58020 : 1D8;
58021 : 1D8;
58022 : 1D8;
58023 : 1D8;
58024 : 1D8;
58025 : 1D8;
58026 : 1D8;
58027 : 1D8;
58028 : 1D8;
58029 : 1D8;
58030 : 1D8;
58031 : 1D8;
58032 : 1D8;
58033 : 1D8;
58034 : 1D8;
58035 : 1D8;
58036 : 1D8;
58037 : 1D8;
58038 : 1D8;
58039 : 1D8;
58040 : 1D8;
58041 : 1D8;
58042 : 1D8;
58043 : 1D8;
58044 : 1D8;
58045 : 1D8;
58046 : 1D8;
58047 : 1D8;
58048 : 1D8;
58049 : 1D8;
58050 : 1D8;
58051 : 1D8;
58052 : 1D8;
58053 : 1D8;
58054 : 1D8;
58055 : 1D8;
58056 : 1D8;
58057 : 1D8;
58058 : 1D8;
58059 : 1D8;
58060 : 1D8;
58061 : 1D8;
58062 : 1D8;
58063 : 1D8;
58064 : 1D8;
58065 : 1D8;
58066 : 1D8;
58067 : 1D8;
58068 : 1D8;
58069 : 1D8;
58070 : 1D8;
58071 : 1D8;
58072 : 1D8;
58073 : 1D8;
58074 : 1D8;
58075 : 1D8;
58076 : 1D8;
58077 : 1D8;
58078 : 1D8;
58079 : 1D8;
58080 : 1D8;
58081 : 1D8;
58082 : 1D8;
58083 : 1D8;
58084 : 1D8;
58085 : 1D8;
58086 : 1D8;
58087 : 1D8;
58088 : 1D8;
58089 : 1D8;
58090 : 1D8;
58091 : 1D8;
58092 : 1D8;
58093 : 1D8;
58094 : 1D8;
58095 : 1D8;
58096 : 1D8;
58097 : 1D8;
58098 : 1D8;
58099 : 1D8;
58100 : 1D8;
58101 : 1D8;
58102 : 1D8;
58103 : 1D8;
58104 : 1D8;
58105 : 1D8;
58106 : 1D8;
58107 : 1D8;
58108 : 1D8;
58109 : 1D8;
58110 : 1D8;
58111 : 1D8;
58112 : 1D8;
58113 : 1D8;
58114 : 1D8;
58115 : 1D8;
58116 : 1D8;
58117 : 1D8;
58118 : 1D8;
58119 : 1D8;
58120 : 1D8;
58121 : 1D8;
58122 : 1D8;
58123 : 1D8;
58124 : 1D8;
58125 : 1D8;
58126 : 1D8;
58127 : 1D8;
58128 : 1D8;
58129 : 1D8;
58130 : 1D8;
58131 : 1D8;
58132 : 1D8;
58133 : 1D8;
58134 : 1D8;
58135 : 1D8;
58136 : 1D8;
58137 : 1D8;
58138 : 1D8;
58139 : 1D8;
58140 : 1D8;
58141 : 1D8;
58142 : 1D8;
58143 : 1D8;
58144 : 1D8;
58145 : 1D8;
58146 : 1D8;
58147 : 1D8;
58148 : 1D8;
58149 : 1D8;
58150 : 1D8;
58151 : 1D8;
58152 : 1D8;
58153 : 1D8;
58154 : 1D8;
58155 : 1F8;
58156 : 1F8;
58157 : 1F8;
58158 : 1F8;
58159 : 1F8;
58160 : 1F8;
58161 : 1F8;
58162 : 1F8;
58163 : 1F8;
58164 : 1F8;
58165 : 1F8;
58166 : 1F8;
58167 : 1F8;
58168 : 1F8;
58169 : 1F8;
58170 : 1F8;
58171 : 1F8;
58172 : 110;
58173 : 110;
58174 : 1F8;
58175 : 1F8;
58176 : 1F8;
58177 : 1F8;
58178 : 1F8;
58179 : 1F8;
58180 : 1F8;
58181 : 1F8;
58182 : 1F8;
58183 : 1F8;
58184 : 1F8;
58185 : 1F8;
58186 : 1F8;
58187 : 1F8;
58188 : 1F8;
58189 : 1F8;
58190 : 1F8;
58191 : 1F8;
58192 : 1F8;
58193 : 1F8;
58194 : 1F8;
58195 : 1F8;
58196 : 1F8;
58197 : 1F8;
58198 : 1F8;
58199 : 1F8;
58200 : 1F8;
58201 : 1F8;
58202 : 1F8;
58203 : 1F8;
58204 : 1F8;
58205 : 1F8;
58206 : 1F8;
58207 : 1F8;
58208 : 1F8;
58209 : 1F8;
58210 : 1F8;
58211 : 1F8;
58212 : 1F8;
58213 : 1F8;
58214 : 1F8;
58215 : 1F8;
58216 : 1F8;
58217 : 1F8;
58218 : 1F8;
58219 : 1F8;
58220 : 1F8;
58221 : 1F8;
58222 : 1F8;
58223 : 1F8;
58224 : 1F8;
58225 : 1F8;
58226 : 1F8;
58227 : 1F8;
58228 : 1F8;
58229 : 1F8;
58230 : 1F8;
58231 : 1F8;
58232 : 1F8;
58233 : 1F8;
58234 : 1F8;
58235 : 1F8;
58236 : 1F8;
58237 : 1F8;
58238 : 1F8;
58239 : 1F8;
58240 : 1F8;
58241 : 1F8;
58242 : 1F8;
58243 : 1F8;
58244 : 1F8;
58245 : 1F8;
58246 : 1F8;
58247 : 1F8;
58248 : 1F8;
58249 : 1F8;
58250 : 1F8;
58251 : 1F8;
58252 : 1F8;
58253 : 1F8;
58254 : 1F8;
58255 : 1F8;
58256 : 1D8;
58257 : 1D8;
58258 : 1D8;
58259 : 1D8;
58260 : 1D8;
58261 : 1D8;
58262 : 1D8;
58263 : 1D8;
58264 : 1D8;
58265 : 1D8;
58266 : 1D8;
58267 : 1D8;
58268 : 1D8;
58269 : 1D8;
58270 : 1D8;
58271 : 1D8;
58272 : 1D8;
58273 : 1D8;
58274 : 1D8;
58275 : 1D8;
58276 : 1D8;
58277 : 1D8;
58278 : 1D8;
58279 : 1D8;
58280 : 1D8;
58281 : 1D8;
58282 : 1D8;
58283 : 1D8;
58284 : 1D8;
58285 : 1D8;
58286 : 1DD;
58287 : 1DD;
58288 : 1DD;
58289 : 1DD;
58290 : 1DD;
58291 : 1DD;
58292 : 1DD;
58293 : 1DD;
58294 : 1DD;
58295 : 1DD;
58296 : 1DD;
58297 : 110;
58298 : 1D8;
58299 : 1D8;
58300 : 1D8;
58301 : 1D8;
58302 : 1D8;
58303 : 1D8;
58304 : 110;
58305 : 110;
58306 : 110;
58307 : 110;
58308 : 1DD;
58309 : 1DD;
58310 : 1DD;
58311 : 1DD;
58312 : 1DD;
58313 : 1DD;
58314 : 1DD;
58315 : 1DD;
58316 : 1DD;
58317 : 1DD;
58318 : 1DD;
58319 : 1DD;
58320 : 1DD;
58321 : 1DD;
58322 : 1DD;
58323 : 1DD;
58324 : 1DD;
58325 : 1DD;
58326 : 1D8;
58327 : 1D8;
58328 : 1D8;
58329 : 1D8;
58330 : 1D8;
58331 : 1D8;
58332 : 1D8;
58333 : 1D8;
58334 : 1D8;
58335 : 1D8;
58336 : 1D8;
58337 : 1D8;
58338 : 1D8;
58339 : 1D8;
58340 : 1D8;
58341 : 1D8;
58342 : 1D8;
58343 : 1D8;
58344 : 1D8;
58345 : 1D8;
58346 : 1D8;
58347 : 1D8;
58348 : 1D8;
58349 : 1D8;
58350 : 1D8;
58351 : 1D8;
58352 : 1D8;
58353 : 1D8;
58354 : 1D8;
58355 : 1D8;
58356 : 1D8;
58357 : 1D8;
58358 : 1D8;
58359 : 1D8;
58360 : 1D8;
58361 : 1D8;
58362 : 1D8;
58363 : 1D8;
58364 : 1D8;
58365 : 1D8;
58366 : 1D8;
58367 : 1D8;
58368 : 1D8;
58369 : 1D8;
58370 : 1D8;
58371 : 1D8;
58372 : 1D8;
58373 : 1D8;
58374 : 1D8;
58375 : 1D8;
58376 : 1D8;
58377 : 1D8;
58378 : 1D8;
58379 : 1D8;
58380 : 1D8;
58381 : 1D8;
58382 : 1D8;
58383 : 1D8;
58384 : 1D8;
58385 : 1D8;
58386 : 1D8;
58387 : 1D8;
58388 : 1D8;
58389 : 1D8;
58390 : 1D8;
58391 : 1D8;
58392 : 1D8;
58393 : 1D8;
58394 : 1D8;
58395 : 1D8;
58396 : 1D8;
58397 : 1D8;
58398 : 1D8;
58399 : 1D8;
58400 : 1D8;
58401 : 1D8;
58402 : 1D8;
58403 : 1D8;
58404 : 1D8;
58405 : 1D8;
58406 : 1D8;
58407 : 1D8;
58408 : 1D8;
58409 : 1D8;
58410 : 1D8;
58411 : 1D8;
58412 : 1D8;
58413 : 1D8;
58414 : 1D8;
58415 : 1D8;
58416 : 1D8;
58417 : 1D8;
58418 : 1D8;
58419 : 1D8;
58420 : 1D8;
58421 : 1D8;
58422 : 1D8;
58423 : 1D8;
58424 : 1D8;
58425 : 1D8;
58426 : 1D8;
58427 : 1D8;
58428 : 1D8;
58429 : 1D8;
58430 : 1D8;
58431 : 1D8;
58432 : 1D8;
58433 : 1D8;
58434 : 1D8;
58435 : 1D8;
58436 : 1D8;
58437 : 1D8;
58438 : 1D8;
58439 : 1D8;
58440 : 1D8;
58441 : 1D8;
58442 : 1D8;
58443 : 1D8;
58444 : 1D8;
58445 : 1D8;
58446 : 1D8;
58447 : 1D8;
58448 : 1D8;
58449 : 1D8;
58450 : 1D8;
58451 : 1D8;
58452 : 1D8;
58453 : 1D8;
58454 : 1D8;
58455 : 1D8;
58456 : 1D8;
58457 : 1D8;
58458 : 1D8;
58459 : 1D8;
58460 : 1D8;
58461 : 1D8;
58462 : 1D8;
58463 : 1D8;
58464 : 1D8;
58465 : 1D8;
58466 : 1D8;
58467 : 1D8;
58468 : 1D8;
58469 : 1D8;
58470 : 1F8;
58471 : 1F8;
58472 : 1F8;
58473 : 1F8;
58474 : 1F8;
58475 : 1F8;
58476 : 1F8;
58477 : 1F8;
58478 : 1F8;
58479 : 1F8;
58480 : 1F8;
58481 : 1F8;
58482 : 1F8;
58483 : 1F8;
58484 : 1F8;
58485 : 1F8;
58486 : 1F8;
58487 : 1F8;
58488 : 1F8;
58489 : 1F8;
58490 : 1F8;
58491 : 1F8;
58492 : 110;
58493 : 110;
58494 : 1F8;
58495 : 1F8;
58496 : 1F8;
58497 : 1F8;
58498 : 1F8;
58499 : 1F8;
58500 : 1F8;
58501 : 1F8;
58502 : 1F8;
58503 : 1F8;
58504 : 1F8;
58505 : 1F8;
58506 : 1F8;
58507 : 1F8;
58508 : 1F8;
58509 : 1F8;
58510 : 1F8;
58511 : 1D8;
58512 : 1D8;
58513 : 1F8;
58514 : 1F8;
58515 : 1F8;
58516 : 1F8;
58517 : 1F8;
58518 : 1F8;
58519 : 1F8;
58520 : 1F8;
58521 : 1F8;
58522 : 1F8;
58523 : 1F8;
58524 : 1F8;
58525 : 1F8;
58526 : 1F8;
58527 : 1F8;
58528 : 1F8;
58529 : 1F8;
58530 : 1F8;
58531 : 1F8;
58532 : 1F8;
58533 : 1F8;
58534 : 1F8;
58535 : 1F8;
58536 : 1F8;
58537 : 1F8;
58538 : 1F8;
58539 : 1F8;
58540 : 1F8;
58541 : 1F8;
58542 : 1F8;
58543 : 1F8;
58544 : 1F8;
58545 : 1F8;
58546 : 1F8;
58547 : 1F8;
58548 : 1F8;
58549 : 1F8;
58550 : 1F8;
58551 : 1F8;
58552 : 1F8;
58553 : 1F8;
58554 : 1F8;
58555 : 1F8;
58556 : 1F8;
58557 : 1F8;
58558 : 1F8;
58559 : 1F8;
58560 : 1F8;
58561 : 1F8;
58562 : 1F8;
58563 : 1F8;
58564 : 1F8;
58565 : 1F8;
58566 : 1F8;
58567 : 1F8;
58568 : 1F8;
58569 : 1F8;
58570 : 1F8;
58571 : 1F8;
58572 : 1F8;
58573 : 1F8;
58574 : 1F8;
58575 : 1F8;
58576 : 1F8;
58577 : 1F8;
58578 : 1F8;
58579 : 1D8;
58580 : 1D8;
58581 : 1D8;
58582 : 1D8;
58583 : 1D8;
58584 : 1D8;
58585 : 1D8;
58586 : 1D8;
58587 : 1D8;
58588 : 1D8;
58589 : 1D8;
58590 : 1D8;
58591 : 1D8;
58592 : 1D8;
58593 : 1D8;
58594 : 1D8;
58595 : 1D8;
58596 : 1D8;
58597 : 1D8;
58598 : 1D8;
58599 : 1D8;
58600 : 1D8;
58601 : 1D8;
58602 : 1D8;
58603 : 1D8;
58604 : 1D8;
58605 : 1D8;
58606 : 1D8;
58607 : 1D8;
58608 : 1D8;
58609 : 1D8;
58610 : 1D8;
58611 : 1D8;
58612 : 1D8;
58613 : 1D8;
58614 : 1D8;
58615 : 1D8;
58616 : 1DD;
58617 : 1D8;
58618 : 1D8;
58619 : 1D8;
58620 : 1D8;
58621 : 1D8;
58622 : 1D8;
58623 : 1D8;
58624 : 110;
58625 : 110;
58626 : 110;
58627 : 110;
58628 : 1DD;
58629 : 1DD;
58630 : 1DD;
58631 : 1DD;
58632 : 1DD;
58633 : 1DD;
58634 : 1D8;
58635 : 1D8;
58636 : 1D8;
58637 : 1D8;
58638 : 1D8;
58639 : 1D8;
58640 : 1D8;
58641 : 1D8;
58642 : 1D8;
58643 : 1D8;
58644 : 1D8;
58645 : 1D8;
58646 : 1D8;
58647 : 1D8;
58648 : 1D8;
58649 : 1D8;
58650 : 1D8;
58651 : 1D8;
58652 : 1D8;
58653 : 1D8;
58654 : 1D8;
58655 : 1D8;
58656 : 1D8;
58657 : 1D8;
58658 : 1D8;
58659 : 1D8;
58660 : 1D8;
58661 : 1D8;
58662 : 1D8;
58663 : 1D8;
58664 : 1D8;
58665 : 1D8;
58666 : 1D8;
58667 : 1D8;
58668 : 1D8;
58669 : 1D8;
58670 : 1D8;
58671 : 1D8;
58672 : 1D8;
58673 : 1D8;
58674 : 1D8;
58675 : 1D8;
58676 : 1D8;
58677 : 1D8;
58678 : 1D8;
58679 : 1D8;
58680 : 1D8;
58681 : 1D8;
58682 : 1D8;
58683 : 1D8;
58684 : 1D8;
58685 : 1D8;
58686 : 1D8;
58687 : 1D8;
58688 : 1D8;
58689 : 1D8;
58690 : 1D8;
58691 : 1D8;
58692 : 1D8;
58693 : 1D8;
58694 : 1D8;
58695 : 1D8;
58696 : 1D8;
58697 : 1D8;
58698 : 1D8;
58699 : 1D8;
58700 : 1D8;
58701 : 1D8;
58702 : 1D8;
58703 : 1D8;
58704 : 1D8;
58705 : 1D8;
58706 : 1D8;
58707 : 1D8;
58708 : 1D8;
58709 : 1D8;
58710 : 1D8;
58711 : 1D8;
58712 : 1D8;
58713 : 1D8;
58714 : 1D8;
58715 : 1D8;
58716 : 1D8;
58717 : 1D8;
58718 : 1D8;
58719 : 1D8;
58720 : 1D8;
58721 : 1D8;
58722 : 1D8;
58723 : 1D8;
58724 : 1D8;
58725 : 1D8;
58726 : 1D8;
58727 : 1D8;
58728 : 1D8;
58729 : 1D8;
58730 : 1D8;
58731 : 1D8;
58732 : 1D8;
58733 : 1D8;
58734 : 1D8;
58735 : 1D8;
58736 : 1D8;
58737 : 1D8;
58738 : 1D8;
58739 : 1D8;
58740 : 1D8;
58741 : 1D8;
58742 : 1D8;
58743 : 1D8;
58744 : 1D8;
58745 : 1D8;
58746 : 1D8;
58747 : 1D8;
58748 : 1D8;
58749 : 1D8;
58750 : 1D8;
58751 : 1D8;
58752 : 1D8;
58753 : 1D8;
58754 : 1D8;
58755 : 1D8;
58756 : 1D8;
58757 : 1D8;
58758 : 1D8;
58759 : 1D8;
58760 : 1D8;
58761 : 1D8;
58762 : 1D8;
58763 : 1D8;
58764 : 1D8;
58765 : 1D8;
58766 : 1D8;
58767 : 1D8;
58768 : 1D8;
58769 : 1D8;
58770 : 1D8;
58771 : 1D8;
58772 : 1D8;
58773 : 1D8;
58774 : 1D8;
58775 : 1D8;
58776 : 1D8;
58777 : 1D8;
58778 : 1D8;
58779 : 1D8;
58780 : 1D8;
58781 : 1D8;
58782 : 1D8;
58783 : 1F8;
58784 : 1F8;
58785 : 1F8;
58786 : 1F8;
58787 : 1F8;
58788 : 1F8;
58789 : 1F8;
58790 : 1F8;
58791 : 1F8;
58792 : 1F8;
58793 : 1F8;
58794 : 1F8;
58795 : 1F8;
58796 : 1F8;
58797 : 1F8;
58798 : 1F8;
58799 : 1F8;
58800 : 1F8;
58801 : 1F8;
58802 : 1F8;
58803 : 1F8;
58804 : 1F8;
58805 : 1F8;
58806 : 1F8;
58807 : 1F8;
58808 : 1F8;
58809 : 1F8;
58810 : 1F8;
58811 : 1F8;
58812 : 110;
58813 : 110;
58814 : 1F8;
58815 : 1F8;
58816 : 1F8;
58817 : 1F8;
58818 : 1F8;
58819 : 1F8;
58820 : 1F8;
58821 : 1F8;
58822 : 1F8;
58823 : 1F8;
58824 : 1F8;
58825 : 1F8;
58826 : 1F8;
58827 : 1F8;
58828 : 1F8;
58829 : 1F8;
58830 : 1F8;
58831 : 1F8;
58832 : 1F8;
58833 : 1F8;
58834 : 1F8;
58835 : 1F8;
58836 : 1F8;
58837 : 1F8;
58838 : 1F8;
58839 : 1F8;
58840 : 1F8;
58841 : 1F8;
58842 : 1F8;
58843 : 1F8;
58844 : 1F8;
58845 : 1F8;
58846 : 1F8;
58847 : 1F8;
58848 : 1F8;
58849 : 1F8;
58850 : 1F8;
58851 : 1F8;
58852 : 1F8;
58853 : 1F8;
58854 : 1F8;
58855 : 1F8;
58856 : 1F8;
58857 : 1F8;
58858 : 1F8;
58859 : 1F8;
58860 : 1F8;
58861 : 1F8;
58862 : 1F8;
58863 : 1F8;
58864 : 1F8;
58865 : 1F8;
58866 : 1F8;
58867 : 1F8;
58868 : 1F8;
58869 : 1F8;
58870 : 1F8;
58871 : 1F8;
58872 : 1D8;
58873 : 1D8;
58874 : 1F8;
58875 : 1F8;
58876 : 1F8;
58877 : 1F8;
58878 : 1F8;
58879 : 1F8;
58880 : 1F8;
58881 : 1F8;
58882 : 1F8;
58883 : 1F8;
58884 : 1F8;
58885 : 1F8;
58886 : 1F8;
58887 : 1F8;
58888 : 1F8;
58889 : 1F8;
58890 : 1F8;
58891 : 1F8;
58892 : 1F8;
58893 : 1F8;
58894 : 1F8;
58895 : 1F8;
58896 : 1F8;
58897 : 1F8;
58898 : 1F8;
58899 : 1F8;
58900 : 1F8;
58901 : 1F8;
58902 : 1D8;
58903 : 1D8;
58904 : 1D8;
58905 : 1D8;
58906 : 1D8;
58907 : 1D8;
58908 : 1D8;
58909 : 1D8;
58910 : 1D8;
58911 : 1D8;
58912 : 1D8;
58913 : 1D8;
58914 : 1D8;
58915 : 1D8;
58916 : 1D8;
58917 : 1D8;
58918 : 1D8;
58919 : 1D8;
58920 : 1D8;
58921 : 1D8;
58922 : 1D8;
58923 : 1D8;
58924 : 1D8;
58925 : 1D8;
58926 : 1D8;
58927 : 1D8;
58928 : 1D8;
58929 : 1D8;
58930 : 1D8;
58931 : 1D8;
58932 : 1D8;
58933 : 1D8;
58934 : 1D8;
58935 : 1D8;
58936 : 1D8;
58937 : 1D8;
58938 : 1D8;
58939 : 1D8;
58940 : 1D8;
58941 : 1D8;
58942 : 1D8;
58943 : 1D8;
58944 : 110;
58945 : 110;
58946 : 110;
58947 : 1D8;
58948 : 1D8;
58949 : 1D8;
58950 : 1D8;
58951 : 1D8;
58952 : 1D8;
58953 : 1D8;
58954 : 1D8;
58955 : 1D8;
58956 : 1D8;
58957 : 1D8;
58958 : 1D8;
58959 : 1D8;
58960 : 1D8;
58961 : 1D8;
58962 : 1D8;
58963 : 1D8;
58964 : 1D8;
58965 : 1D8;
58966 : 1D8;
58967 : 1D8;
58968 : 1D8;
58969 : 1D8;
58970 : 1D8;
58971 : 1D8;
58972 : 1D8;
58973 : 1D8;
58974 : 1D8;
58975 : 1D8;
58976 : 1D8;
58977 : 1D8;
58978 : 1D8;
58979 : 1D8;
58980 : 1D8;
58981 : 1D8;
58982 : 1D8;
58983 : 1D8;
58984 : 1D8;
58985 : 1D8;
58986 : 1D8;
58987 : 1D8;
58988 : 1D8;
58989 : 1D8;
58990 : 1D8;
58991 : 1D8;
58992 : 1D8;
58993 : 1D8;
58994 : 1D8;
58995 : 1D8;
58996 : 1D8;
58997 : 1D8;
58998 : 1D8;
58999 : 1D8;
59000 : 1D8;
59001 : 1D8;
59002 : 1D8;
59003 : 1D8;
59004 : 1D8;
59005 : 1D8;
59006 : 1D8;
59007 : 1D8;
59008 : 1D8;
59009 : 1F8;
59010 : 1F8;
59011 : 1F8;
59012 : 1F8;
59013 : 1F8;
59014 : 1F8;
59015 : 1F8;
59016 : 1F8;
59017 : 1F8;
59018 : 1F8;
59019 : 1F8;
59020 : 1F8;
59021 : 1F8;
59022 : 1F8;
59023 : 1F8;
59024 : 1F8;
59025 : 1F8;
59026 : 1F8;
59027 : 1F8;
59028 : 1F8;
59029 : 1F8;
59030 : 1F8;
59031 : 1F8;
59032 : 1F8;
59033 : 1F8;
59034 : 1F8;
59035 : 1F8;
59036 : 1F8;
59037 : 1F8;
59038 : 1F8;
59039 : 1F8;
59040 : 1F8;
59041 : 1F8;
59042 : 1F8;
59043 : 1F8;
59044 : 1F8;
59045 : 1F8;
59046 : 1F8;
59047 : 1F8;
59048 : 1F8;
59049 : 1F8;
59050 : 1F8;
59051 : 1F8;
59052 : 1F8;
59053 : 1F8;
59054 : 1F8;
59055 : 1F8;
59056 : 1F8;
59057 : 1F8;
59058 : 1D8;
59059 : 1D8;
59060 : 1D8;
59061 : 1D8;
59062 : 1D8;
59063 : 1D8;
59064 : 1D8;
59065 : 1D8;
59066 : 1D8;
59067 : 1D8;
59068 : 1D8;
59069 : 1D8;
59070 : 1D8;
59071 : 1D8;
59072 : 1D8;
59073 : 1D8;
59074 : 1D8;
59075 : 1D8;
59076 : 1D8;
59077 : 1D8;
59078 : 1D8;
59079 : 1D8;
59080 : 1D8;
59081 : 1D8;
59082 : 1D8;
59083 : 1D8;
59084 : 1D8;
59085 : 1D8;
59086 : 1D8;
59087 : 1D8;
59088 : 1D8;
59089 : 1D8;
59090 : 1D8;
59091 : 1D8;
59092 : 1D8;
59093 : 1D8;
59094 : 1F8;
59095 : 1F8;
59096 : 1F8;
59097 : 1F8;
59098 : 1F8;
59099 : 1F8;
59100 : 1F8;
59101 : 1F8;
59102 : 1F8;
59103 : 1F8;
59104 : 1F8;
59105 : 1F8;
59106 : 1F8;
59107 : 1F8;
59108 : 1F8;
59109 : 1F8;
59110 : 1F8;
59111 : 1F8;
59112 : 1F8;
59113 : 1F8;
59114 : 1F8;
59115 : 1F8;
59116 : 1F8;
59117 : 1F8;
59118 : 1F8;
59119 : 1F8;
59120 : 1F8;
59121 : 1F8;
59122 : 1F8;
59123 : 1F8;
59124 : 1F8;
59125 : 1F8;
59126 : 1F8;
59127 : 1F8;
59128 : 1F8;
59129 : 1F8;
59130 : 1F8;
59131 : 1F8;
59132 : 110;
59133 : 110;
59134 : 1F8;
59135 : 1F8;
59136 : 1F8;
59137 : 1F8;
59138 : 1F8;
59139 : 1F8;
59140 : 1F8;
59141 : 1F8;
59142 : 1F8;
59143 : 1F8;
59144 : 1F8;
59145 : 1F8;
59146 : 1F8;
59147 : 1F8;
59148 : 1F8;
59149 : 1F8;
59150 : 1F8;
59151 : 1F8;
59152 : 1F8;
59153 : 1F8;
59154 : 1F8;
59155 : 1F8;
59156 : 1F8;
59157 : 1F8;
59158 : 1F8;
59159 : 1F8;
59160 : 1F8;
59161 : 1F8;
59162 : 1F8;
59163 : 1F8;
59164 : 1F8;
59165 : 1F8;
59166 : 1F8;
59167 : 1F8;
59168 : 1F8;
59169 : 1F8;
59170 : 1F8;
59171 : 1F8;
59172 : 1F8;
59173 : 1F8;
59174 : 1F8;
59175 : 1F8;
59176 : 1F8;
59177 : 1F8;
59178 : 1F8;
59179 : 1F8;
59180 : 1F8;
59181 : 1F8;
59182 : 1F8;
59183 : 1F8;
59184 : 1F8;
59185 : 1F8;
59186 : 1F8;
59187 : 1F8;
59188 : 1F8;
59189 : 1F8;
59190 : 1F8;
59191 : 1F8;
59192 : 1F8;
59193 : 1F8;
59194 : 1F8;
59195 : 1F8;
59196 : 1F8;
59197 : 1F8;
59198 : 1F8;
59199 : 1F8;
59200 : 1F8;
59201 : 1F8;
59202 : 1F8;
59203 : 1F8;
59204 : 1F8;
59205 : 1F8;
59206 : 1F8;
59207 : 1F8;
59208 : 1F8;
59209 : 1F8;
59210 : 1F8;
59211 : 1F8;
59212 : 1F8;
59213 : 1F8;
59214 : 1F8;
59215 : 1F8;
59216 : 1F8;
59217 : 1F8;
59218 : 1F8;
59219 : 1F8;
59220 : 1F8;
59221 : 1F8;
59222 : 1F8;
59223 : 1F8;
59224 : 1F8;
59225 : 1F8;
59226 : 1D8;
59227 : 1D8;
59228 : 1D8;
59229 : 1D8;
59230 : 1D8;
59231 : 1D8;
59232 : 1D8;
59233 : 1D8;
59234 : 1D8;
59235 : 1D8;
59236 : 1D8;
59237 : 1D8;
59238 : 1D8;
59239 : 1D8;
59240 : 1D8;
59241 : 1D8;
59242 : 1D8;
59243 : 1D8;
59244 : 1D8;
59245 : 1D8;
59246 : 1D8;
59247 : 1D8;
59248 : 1D8;
59249 : 1D8;
59250 : 1D8;
59251 : 1D8;
59252 : 1D8;
59253 : 1D8;
59254 : 1D8;
59255 : 1D8;
59256 : 110;
59257 : 1D8;
59258 : 110;
59259 : 1D8;
59260 : 1D8;
59261 : 1D8;
59262 : 1D8;
59263 : 110;
59264 : 110;
59265 : 110;
59266 : 110;
59267 : 1D8;
59268 : 1D8;
59269 : 1D8;
59270 : 1D8;
59271 : 1D8;
59272 : 1D8;
59273 : 1D8;
59274 : 1D8;
59275 : 1D8;
59276 : 1D8;
59277 : 1D8;
59278 : 1D8;
59279 : 1D8;
59280 : 1D8;
59281 : 1D8;
59282 : 1D8;
59283 : 1D8;
59284 : 1D8;
59285 : 1D8;
59286 : 1D8;
59287 : 1D8;
59288 : 1D8;
59289 : 1D8;
59290 : 1D8;
59291 : 1D8;
59292 : 1D8;
59293 : 1D8;
59294 : 1D8;
59295 : 1D8;
59296 : 1D8;
59297 : 1D8;
59298 : 1D8;
59299 : 1D8;
59300 : 1D8;
59301 : 1D8;
59302 : 1D8;
59303 : 1D8;
59304 : 1D8;
59305 : 1D8;
59306 : 1D8;
59307 : 1D8;
59308 : 1D8;
59309 : 1D8;
59310 : 1D8;
59311 : 1D8;
59312 : 1D8;
59313 : 1D8;
59314 : 1D8;
59315 : 1D8;
59316 : 1D8;
59317 : 1D8;
59318 : 1F8;
59319 : 1F8;
59320 : 1F8;
59321 : 1F8;
59322 : 1F8;
59323 : 1F8;
59324 : 1F8;
59325 : 1F8;
59326 : 1F8;
59327 : 1F8;
59328 : 1F8;
59329 : 1F8;
59330 : 1F8;
59331 : 1F8;
59332 : 1F8;
59333 : 1F8;
59334 : 1F8;
59335 : 1F8;
59336 : 1F8;
59337 : 1F8;
59338 : 1F8;
59339 : 1F8;
59340 : 1F8;
59341 : 1F8;
59342 : 1F8;
59343 : 1F8;
59344 : 1F8;
59345 : 1F8;
59346 : 1F8;
59347 : 1F8;
59348 : 1F8;
59349 : 1F8;
59350 : 1F8;
59351 : 1F8;
59352 : 1F8;
59353 : 1F8;
59354 : 1F8;
59355 : 1F8;
59356 : 1F8;
59357 : 1F8;
59358 : 1F8;
59359 : 1F8;
59360 : 1F8;
59361 : 1F8;
59362 : 1F8;
59363 : 1F8;
59364 : 1F8;
59365 : 1F8;
59366 : 1F8;
59367 : 1F8;
59368 : 1F8;
59369 : 1F8;
59370 : 1F8;
59371 : 1F8;
59372 : 1F8;
59373 : 1F8;
59374 : 1F8;
59375 : 1F8;
59376 : 1F8;
59377 : 1F8;
59378 : 1F8;
59379 : 1F8;
59380 : 1F8;
59381 : 1F8;
59382 : 1F8;
59383 : 1F8;
59384 : 1F8;
59385 : 1F8;
59386 : 1F8;
59387 : 1F8;
59388 : 1F8;
59389 : 1F8;
59390 : 1F8;
59391 : 1F8;
59392 : 1F8;
59393 : 1F8;
59394 : 1F8;
59395 : 1F8;
59396 : 1F8;
59397 : 1F8;
59398 : 1F8;
59399 : 1F8;
59400 : 1F8;
59401 : 1F8;
59402 : 1F8;
59403 : 1F8;
59404 : 1F8;
59405 : 1F8;
59406 : 1F8;
59407 : 1F8;
59408 : 1F8;
59409 : 1F8;
59410 : 1F8;
59411 : 1F8;
59412 : 1F8;
59413 : 1F8;
59414 : 1F8;
59415 : 1F8;
59416 : 1F8;
59417 : 1F8;
59418 : 1F8;
59419 : 1F8;
59420 : 1F8;
59421 : 1F8;
59422 : 1F8;
59423 : 1F8;
59424 : 1F8;
59425 : 1F8;
59426 : 1F8;
59427 : 1F8;
59428 : 1F8;
59429 : 1F8;
59430 : 1F8;
59431 : 1F8;
59432 : 1F8;
59433 : 1F8;
59434 : 1F8;
59435 : 1F8;
59436 : 1F8;
59437 : 1F8;
59438 : 1F8;
59439 : 1F8;
59440 : 1F8;
59441 : 1F8;
59442 : 1F8;
59443 : 1F8;
59444 : 1F8;
59445 : 1F8;
59446 : 1F8;
59447 : 1F8;
59448 : 1F8;
59449 : 1F8;
59450 : 1F8;
59451 : 1F8;
59452 : 110;
59453 : 110;
59454 : 1F8;
59455 : 1F8;
59456 : 1F8;
59457 : 1F8;
59458 : 1F8;
59459 : 1F8;
59460 : 1F8;
59461 : 1F8;
59462 : 1F8;
59463 : 1F8;
59464 : 1F8;
59465 : 1F8;
59466 : 1F8;
59467 : 1F8;
59468 : 1F8;
59469 : 1F8;
59470 : 1F8;
59471 : 1F8;
59472 : 1F8;
59473 : 1F8;
59474 : 1F8;
59475 : 1F8;
59476 : 1F8;
59477 : 1F8;
59478 : 1F8;
59479 : 1F8;
59480 : 1F8;
59481 : 1F8;
59482 : 1F8;
59483 : 1F8;
59484 : 1D8;
59485 : 1D8;
59486 : 1F8;
59487 : 1F8;
59488 : 1F8;
59489 : 1F8;
59490 : 1F8;
59491 : 1F8;
59492 : 1F8;
59493 : 1F8;
59494 : 1F8;
59495 : 1F8;
59496 : 1F8;
59497 : 1F8;
59498 : 1F8;
59499 : 1F8;
59500 : 1F8;
59501 : 1F8;
59502 : 1F8;
59503 : 1F8;
59504 : 1F8;
59505 : 1F8;
59506 : 1F8;
59507 : 1D8;
59508 : 1D8;
59509 : 1F8;
59510 : 1F8;
59511 : 1F8;
59512 : 1F8;
59513 : 1D8;
59514 : 1D8;
59515 : 1F8;
59516 : 1F8;
59517 : 1F8;
59518 : 1F8;
59519 : 1F8;
59520 : 1F8;
59521 : 1F8;
59522 : 1F8;
59523 : 1F8;
59524 : 1F8;
59525 : 1F8;
59526 : 1F8;
59527 : 1F8;
59528 : 1F8;
59529 : 1F8;
59530 : 1F8;
59531 : 1F8;
59532 : 1F8;
59533 : 1F8;
59534 : 1F8;
59535 : 1F8;
59536 : 1F8;
59537 : 1F8;
59538 : 1F8;
59539 : 1F8;
59540 : 1F8;
59541 : 1F8;
59542 : 1F8;
59543 : 1F8;
59544 : 1F8;
59545 : 1F8;
59546 : 1F8;
59547 : 1F8;
59548 : 1F8;
59549 : 1F8;
59550 : 1D8;
59551 : 1D8;
59552 : 1D8;
59553 : 1D8;
59554 : 1D8;
59555 : 1D8;
59556 : 1D8;
59557 : 1D8;
59558 : 1D8;
59559 : 1D8;
59560 : 1D8;
59561 : 1D8;
59562 : 1D8;
59563 : 1D8;
59564 : 1D8;
59565 : 1D8;
59566 : 1D8;
59567 : 1D8;
59568 : 1D8;
59569 : 1D8;
59570 : 1D8;
59571 : 1D8;
59572 : 1D8;
59573 : 1D8;
59574 : 1D8;
59575 : 1D8;
59576 : 1D8;
59577 : 1D8;
59578 : 1D8;
59579 : 110;
59580 : 110;
59581 : 1D8;
59582 : 1D8;
59583 : 110;
59584 : 110;
59585 : 110;
59586 : 110;
59587 : 1D8;
59588 : 1D8;
59589 : 1D8;
59590 : 1D8;
59591 : 1D8;
59592 : 1D8;
59593 : 1D8;
59594 : 1D8;
59595 : 1D8;
59596 : 1D8;
59597 : 1D8;
59598 : 1D8;
59599 : 1D8;
59600 : 1D8;
59601 : 1D8;
59602 : 1D8;
59603 : 1D8;
59604 : 1D8;
59605 : 1D8;
59606 : 1D8;
59607 : 1D8;
59608 : 1D8;
59609 : 1D8;
59610 : 1D8;
59611 : 1D8;
59612 : 1D8;
59613 : 1D8;
59614 : 1D8;
59615 : 1D8;
59616 : 1D8;
59617 : 1D8;
59618 : 1D8;
59619 : 1D8;
59620 : 1D8;
59621 : 1D8;
59622 : 1D8;
59623 : 1D8;
59624 : 1D8;
59625 : 1D8;
59626 : 1D8;
59627 : 1D8;
59628 : 1D8;
59629 : 1D8;
59630 : 1F8;
59631 : 1F8;
59632 : 1F8;
59633 : 1F8;
59634 : 1F8;
59635 : 1F8;
59636 : 1F8;
59637 : 1F8;
59638 : 1F8;
59639 : 1F8;
59640 : 1F8;
59641 : 1F8;
59642 : 1F8;
59643 : 1F8;
59644 : 1F8;
59645 : 1F8;
59646 : 1F8;
59647 : 1F8;
59648 : 1F8;
59649 : 1F8;
59650 : 1F8;
59651 : 1F8;
59652 : 1F8;
59653 : 1F8;
59654 : 1F8;
59655 : 1F8;
59656 : 1F8;
59657 : 1F8;
59658 : 1F8;
59659 : 1F8;
59660 : 1F8;
59661 : 1F8;
59662 : 1F8;
59663 : 1F8;
59664 : 1F8;
59665 : 1F8;
59666 : 1F8;
59667 : 1F8;
59668 : 1F8;
59669 : 1F8;
59670 : 1F8;
59671 : 1F8;
59672 : 1F8;
59673 : 1F8;
59674 : 1F8;
59675 : 1F8;
59676 : 1F8;
59677 : 1F8;
59678 : 1F8;
59679 : 1F8;
59680 : 1F8;
59681 : 1F8;
59682 : 1F8;
59683 : 1F8;
59684 : 1F8;
59685 : 1F8;
59686 : 1F8;
59687 : 1F8;
59688 : 1F8;
59689 : 1F8;
59690 : 1F8;
59691 : 1F8;
59692 : 1F8;
59693 : 1F8;
59694 : 1F8;
59695 : 1F8;
59696 : 1F8;
59697 : 1F8;
59698 : 1F8;
59699 : 1F8;
59700 : 1F8;
59701 : 1F8;
59702 : 1F8;
59703 : 1F8;
59704 : 1F8;
59705 : 1F8;
59706 : 1F8;
59707 : 1F8;
59708 : 1F8;
59709 : 1F8;
59710 : 1F8;
59711 : 1F8;
59712 : 1F8;
59713 : 1F8;
59714 : 1F8;
59715 : 1F8;
59716 : 1F8;
59717 : 1F8;
59718 : 1F8;
59719 : 1F8;
59720 : 1F8;
59721 : 1F8;
59722 : 1F8;
59723 : 1F8;
59724 : 1F8;
59725 : 1F8;
59726 : 1F8;
59727 : 1F8;
59728 : 1F8;
59729 : 1F8;
59730 : 1F8;
59731 : 1F8;
59732 : 1F8;
59733 : 1F8;
59734 : 1F8;
59735 : 1F8;
59736 : 1F8;
59737 : 1F8;
59738 : 1F8;
59739 : 1F8;
59740 : 1F8;
59741 : 1F8;
59742 : 1F8;
59743 : 1F8;
59744 : 1F8;
59745 : 1F8;
59746 : 1F8;
59747 : 1F8;
59748 : 1F8;
59749 : 1F8;
59750 : 1F8;
59751 : 1F8;
59752 : 1F8;
59753 : 1F8;
59754 : 1F8;
59755 : 1F8;
59756 : 1F8;
59757 : 1F8;
59758 : 1F8;
59759 : 1F8;
59760 : 1F8;
59761 : 1F8;
59762 : 1F8;
59763 : 1F8;
59764 : 1F8;
59765 : 1F8;
59766 : 1F8;
59767 : 1F8;
59768 : 1F8;
59769 : 1F8;
59770 : 1F8;
59771 : 1F8;
59772 : 110;
59773 : 110;
59774 : 1F8;
59775 : 1F8;
59776 : 1F8;
59777 : 1F8;
59778 : 1F8;
59779 : 1F8;
59780 : 1F8;
59781 : 1F8;
59782 : 1F8;
59783 : 1F8;
59784 : 1F8;
59785 : 1F8;
59786 : 1F8;
59787 : 1F8;
59788 : 1F8;
59789 : 1F8;
59790 : 1F8;
59791 : 1F8;
59792 : 1F8;
59793 : 1F8;
59794 : 1F8;
59795 : 1F8;
59796 : 1F8;
59797 : 1F8;
59798 : 1F8;
59799 : 1F8;
59800 : 1F8;
59801 : 1F8;
59802 : 1F8;
59803 : 1F8;
59804 : 1F8;
59805 : 1F8;
59806 : 1F8;
59807 : 1F8;
59808 : 1F8;
59809 : 1F8;
59810 : 1F8;
59811 : 1F8;
59812 : 1F8;
59813 : 1F8;
59814 : 1F8;
59815 : 1F8;
59816 : 1F8;
59817 : 1F8;
59818 : 1F8;
59819 : 1F8;
59820 : 1F8;
59821 : 1D8;
59822 : 1D8;
59823 : 1F8;
59824 : 1F8;
59825 : 1F8;
59826 : 1F8;
59827 : 1F8;
59828 : 1F8;
59829 : 1F8;
59830 : 1F8;
59831 : 1F8;
59832 : 1F8;
59833 : 1F8;
59834 : 1F8;
59835 : 1F8;
59836 : 1F8;
59837 : 1F8;
59838 : 1F8;
59839 : 1F8;
59840 : 1F8;
59841 : 1F8;
59842 : 1F8;
59843 : 1F8;
59844 : 1F8;
59845 : 1F8;
59846 : 1F8;
59847 : 1F8;
59848 : 1F8;
59849 : 1F8;
59850 : 1F8;
59851 : 1F8;
59852 : 1F8;
59853 : 1F8;
59854 : 1F8;
59855 : 1F8;
59856 : 1F8;
59857 : 1F8;
59858 : 1F8;
59859 : 1F8;
59860 : 1F8;
59861 : 1F8;
59862 : 1F8;
59863 : 1F8;
59864 : 1F8;
59865 : 1F8;
59866 : 1F8;
59867 : 1F8;
59868 : 1F8;
59869 : 1F8;
59870 : 1F8;
59871 : 1F8;
59872 : 1F8;
59873 : 1F8;
59874 : 1F8;
59875 : 1D8;
59876 : 1D8;
59877 : 1D8;
59878 : 1D8;
59879 : 1D8;
59880 : 1D8;
59881 : 1D8;
59882 : 1D8;
59883 : 1D8;
59884 : 1D8;
59885 : 1D8;
59886 : 1D8;
59887 : 1D8;
59888 : 1D8;
59889 : 1D8;
59890 : 1D8;
59891 : 1D8;
59892 : 1D8;
59893 : 1D8;
59894 : 1D8;
59895 : 1D8;
59896 : 1D8;
59897 : 1D8;
59898 : 1D8;
59899 : 1D8;
59900 : 1D8;
59901 : 110;
59902 : 110;
59903 : 110;
59904 : 110;
59905 : 110;
59906 : 110;
59907 : 1D8;
59908 : 1D8;
59909 : 1D8;
59910 : 1D8;
59911 : 1D8;
59912 : 1D8;
59913 : 1D8;
59914 : 1D8;
59915 : 1D8;
59916 : 1D8;
59917 : 1D8;
59918 : 1D8;
59919 : 1D8;
59920 : 1D8;
59921 : 1D8;
59922 : 1D8;
59923 : 1D8;
59924 : 1D8;
59925 : 1D8;
59926 : 1D8;
59927 : 1D8;
59928 : 1D8;
59929 : 1D8;
59930 : 1D8;
59931 : 1D8;
59932 : 1D8;
59933 : 1D8;
59934 : 1D8;
59935 : 1D8;
59936 : 1D8;
59937 : 1D8;
59938 : 1D8;
59939 : 1D8;
59940 : 1D8;
59941 : 1D8;
59942 : 1F8;
59943 : 1F8;
59944 : 1F8;
59945 : 1F8;
59946 : 1F8;
59947 : 1F8;
59948 : 1F8;
59949 : 1F8;
59950 : 1F8;
59951 : 1F8;
59952 : 1F8;
59953 : 1F8;
59954 : 1F8;
59955 : 1F8;
59956 : 1F8;
59957 : 1F8;
59958 : 1F8;
59959 : 1F8;
59960 : 1F8;
59961 : 1F8;
59962 : 1F8;
59963 : 1F8;
59964 : 1F8;
59965 : 1F8;
59966 : 1F8;
59967 : 1F8;
59968 : 1F8;
59969 : 1F8;
59970 : 1F8;
59971 : 1F8;
59972 : 1F8;
59973 : 1F8;
59974 : 1F8;
59975 : 1F8;
59976 : 1F8;
59977 : 1F8;
59978 : 1F8;
59979 : 1F8;
59980 : 1F8;
59981 : 1F8;
59982 : 1F8;
59983 : 1F8;
59984 : 1F8;
59985 : 1F8;
59986 : 1F8;
59987 : 1F8;
59988 : 1F8;
59989 : 1F8;
59990 : 1F8;
59991 : 1F8;
59992 : 1F8;
59993 : 1F8;
59994 : 1F8;
59995 : 1F8;
59996 : 1F8;
59997 : 1F8;
59998 : 1F8;
59999 : 1F8;
60000 : 1F8;
60001 : 1F8;
60002 : 1F8;
60003 : 1F8;
60004 : 1F8;
60005 : 1F8;
60006 : 1F8;
60007 : 1F8;
60008 : 1F8;
60009 : 1F8;
60010 : 1F8;
60011 : 1F8;
60012 : 1F8;
60013 : 1F8;
60014 : 1F8;
60015 : 1F8;
60016 : 1F8;
60017 : 1F8;
60018 : 1F8;
60019 : 1F8;
60020 : 1F8;
60021 : 1F8;
60022 : 1F8;
60023 : 1F8;
60024 : 1F8;
60025 : 1F8;
60026 : 1F8;
60027 : 1F8;
60028 : 1F8;
60029 : 1F8;
60030 : 1F8;
60031 : 1F8;
60032 : 1F8;
60033 : 1F8;
60034 : 1F8;
60035 : 1F8;
60036 : 1F8;
60037 : 1F8;
60038 : 1F8;
60039 : 1F8;
60040 : 1F8;
60041 : 1F8;
60042 : 1F8;
60043 : 1F8;
60044 : 1F8;
60045 : 1F8;
60046 : 1F8;
60047 : 1F8;
60048 : 1F8;
60049 : 1F8;
60050 : 1F8;
60051 : 1F8;
60052 : 1F8;
60053 : 1F8;
60054 : 1F8;
60055 : 1F8;
60056 : 1F8;
60057 : 1F8;
60058 : 1F8;
60059 : 1F8;
60060 : 1F8;
60061 : 1F8;
60062 : 1F8;
60063 : 1F8;
60064 : 1F8;
60065 : 1F8;
60066 : 1F8;
60067 : 1F8;
60068 : 1F8;
60069 : 1F8;
60070 : 1F8;
60071 : 1F8;
60072 : 1F8;
60073 : 1F8;
60074 : 1F8;
60075 : 1F8;
60076 : 1F8;
60077 : 1F8;
60078 : 1F8;
60079 : 1F8;
60080 : 1F8;
60081 : 1F8;
60082 : 1F8;
60083 : 1F8;
60084 : 1F8;
60085 : 1F8;
60086 : 1F8;
60087 : 1F8;
60088 : 1F8;
60089 : 1F8;
60090 : 1F8;
60091 : 1F8;
60092 : 110;
60093 : 110;
60094 : 1F8;
60095 : 1F8;
60096 : 1F8;
60097 : 1F8;
60098 : 1F8;
60099 : 1F8;
60100 : 1F8;
60101 : 1F8;
60102 : 1F8;
60103 : 1F8;
60104 : 1F8;
60105 : 1F8;
60106 : 1F8;
60107 : 1F8;
60108 : 1F8;
60109 : 1F8;
60110 : 1F8;
60111 : 1F8;
60112 : 1F8;
60113 : 1F8;
60114 : 1F8;
60115 : 1F8;
60116 : 1F8;
60117 : 1F8;
60118 : 1F8;
60119 : 1F8;
60120 : 1F8;
60121 : 1F8;
60122 : 1F8;
60123 : 1F8;
60124 : 1F8;
60125 : 1F8;
60126 : 1F8;
60127 : 1F8;
60128 : 1F8;
60129 : 1F8;
60130 : 1F8;
60131 : 1F8;
60132 : 1F8;
60133 : 1F8;
60134 : 1F8;
60135 : 1F8;
60136 : 1F8;
60137 : 1F8;
60138 : 1F8;
60139 : 1F8;
60140 : 1D8;
60141 : 1D8;
60142 : 1F8;
60143 : 1F8;
60144 : 1F8;
60145 : 1D8;
60146 : 1D8;
60147 : 1F8;
60148 : 1F8;
60149 : 1F8;
60150 : 1F8;
60151 : 1F8;
60152 : 1F8;
60153 : 1F8;
60154 : 1F8;
60155 : 1F8;
60156 : 1F8;
60157 : 1F8;
60158 : 1F8;
60159 : 1F8;
60160 : 1F8;
60161 : 1F8;
60162 : 1F8;
60163 : 1F8;
60164 : 1F8;
60165 : 1F8;
60166 : 1F8;
60167 : 1F8;
60168 : 1F8;
60169 : 1F8;
60170 : 1F8;
60171 : 1F8;
60172 : 1F8;
60173 : 1F8;
60174 : 1F8;
60175 : 1F8;
60176 : 1F8;
60177 : 1F8;
60178 : 1F8;
60179 : 1F8;
60180 : 1F8;
60181 : 1F8;
60182 : 1F8;
60183 : 1F8;
60184 : 1F8;
60185 : 1F8;
60186 : 1F8;
60187 : 1F8;
60188 : 1F8;
60189 : 1F8;
60190 : 1F8;
60191 : 1F8;
60192 : 1F8;
60193 : 1F8;
60194 : 1F8;
60195 : 1F8;
60196 : 1F8;
60197 : 1F8;
60198 : 1F8;
60199 : 1F8;
60200 : 1D8;
60201 : 1D8;
60202 : 1D8;
60203 : 1D8;
60204 : 1D8;
60205 : 1D8;
60206 : 1D8;
60207 : 1D8;
60208 : 1D8;
60209 : 1D8;
60210 : 1D8;
60211 : 1D8;
60212 : 1D8;
60213 : 1D8;
60214 : 1D8;
60215 : 1D8;
60216 : 1D8;
60217 : 1D8;
60218 : 1D8;
60219 : 1D8;
60220 : 1D8;
60221 : 1D8;
60222 : 1D8;
60223 : 110;
60224 : 110;
60225 : 110;
60226 : 1D8;
60227 : 1D8;
60228 : 1D8;
60229 : 1D8;
60230 : 1D8;
60231 : 1D8;
60232 : 1D8;
60233 : 1D8;
60234 : 1D8;
60235 : 1D8;
60236 : 1D8;
60237 : 1D8;
60238 : 1D8;
60239 : 1D8;
60240 : 1D8;
60241 : 1D8;
60242 : 1D8;
60243 : 1D8;
60244 : 1D8;
60245 : 1D8;
60246 : 1D8;
60247 : 1D8;
60248 : 1D8;
60249 : 1D8;
60250 : 1D8;
60251 : 1D8;
60252 : 1D8;
60253 : 1D8;
60254 : 1D8;
60255 : 1F8;
60256 : 1F8;
60257 : 1F8;
60258 : 1F8;
60259 : 1F8;
60260 : 1F8;
60261 : 1F8;
60262 : 1F8;
60263 : 1F8;
60264 : 1F8;
60265 : 1F8;
60266 : 1F8;
60267 : 1F8;
60268 : 1F8;
60269 : 1F8;
60270 : 1F8;
60271 : 1F8;
60272 : 1F8;
60273 : 1F8;
60274 : 1F8;
60275 : 1F8;
60276 : 1F8;
60277 : 1F8;
60278 : 1F8;
60279 : 1F8;
60280 : 1F8;
60281 : 1F8;
60282 : 1F8;
60283 : 1F8;
60284 : 1F8;
60285 : 1F8;
60286 : 1F8;
60287 : 1F8;
60288 : 1F8;
60289 : 1F8;
60290 : 1F8;
60291 : 1F8;
60292 : 1F8;
60293 : 1F8;
60294 : 1F8;
60295 : 1F8;
60296 : 1F8;
60297 : 1F8;
60298 : 1F8;
60299 : 1F8;
60300 : 1F8;
60301 : 1F8;
60302 : 1F8;
60303 : 1F8;
60304 : 1F8;
60305 : 1F8;
60306 : 1F8;
60307 : 1F8;
60308 : 1F8;
60309 : 1F8;
60310 : 1F8;
60311 : 1F8;
60312 : 1F8;
60313 : 1F8;
60314 : 1F8;
60315 : 1F8;
60316 : 1F8;
60317 : 1F8;
60318 : 1F8;
60319 : 1F8;
60320 : 1F8;
60321 : 1F8;
60322 : 1F8;
60323 : 1F8;
60324 : 1F8;
60325 : 1F8;
60326 : 1F8;
60327 : 1F8;
60328 : 1F8;
60329 : 1F8;
60330 : 1F8;
60331 : 1F8;
60332 : 1F8;
60333 : 1F8;
60334 : 1F8;
60335 : 1F8;
60336 : 1F8;
60337 : 1F8;
60338 : 1F8;
60339 : 1F8;
60340 : 1F8;
60341 : 1F8;
60342 : 1F8;
60343 : 1F8;
60344 : 1F8;
60345 : 1F8;
60346 : 1F8;
60347 : 1F8;
60348 : 1F8;
60349 : 1F8;
60350 : 1F8;
60351 : 1F8;
60352 : 1F8;
60353 : 1F8;
60354 : 1F8;
60355 : 1F8;
60356 : 1F8;
60357 : 1F8;
60358 : 1F8;
60359 : 1F8;
60360 : 1F8;
60361 : 1F8;
60362 : 1F8;
60363 : 1F8;
60364 : 1F8;
60365 : 1F8;
60366 : 1F8;
60367 : 1F8;
60368 : 1F8;
60369 : 1F8;
60370 : 1F8;
60371 : 1F8;
60372 : 1F8;
60373 : 1F8;
60374 : 1F8;
60375 : 1F8;
60376 : 1F8;
60377 : 1F8;
60378 : 1F8;
60379 : 1F8;
60380 : 1F8;
60381 : 1F8;
60382 : 1F8;
60383 : 1F8;
60384 : 1F8;
60385 : 1F8;
60386 : 1F8;
60387 : 1F8;
60388 : 1F8;
60389 : 1F8;
60390 : 1F8;
60391 : 1F8;
60392 : 1F8;
60393 : 1F8;
60394 : 1F8;
60395 : 1F8;
60396 : 1F8;
60397 : 1F8;
60398 : 1F8;
60399 : 1F8;
60400 : 1F8;
60401 : 1F8;
60402 : 1F8;
60403 : 1F8;
60404 : 1F8;
60405 : 1F8;
60406 : 1F8;
60407 : 1F8;
60408 : 1F8;
60409 : 1F8;
60410 : 1F8;
60411 : 1F8;
60412 : 110;
60413 : 110;
60414 : 1F8;
60415 : 1F8;
60416 : 1F8;
60417 : 1F8;
60418 : 1F8;
60419 : 1F8;
60420 : 1F8;
60421 : 1F8;
60422 : 1F8;
60423 : 1F8;
60424 : 1F8;
60425 : 1F8;
60426 : 1F8;
60427 : 1F8;
60428 : 1F8;
60429 : 1F8;
60430 : 1F8;
60431 : 1F8;
60432 : 1F8;
60433 : 1F8;
60434 : 1F8;
60435 : 1F8;
60436 : 1F8;
60437 : 1F8;
60438 : 1F8;
60439 : 1F8;
60440 : 1F8;
60441 : 1F8;
60442 : 1F8;
60443 : 1F8;
60444 : 1F8;
60445 : 1F8;
60446 : 1F8;
60447 : 1F8;
60448 : 1F8;
60449 : 1F8;
60450 : 1F8;
60451 : 1F8;
60452 : 1F8;
60453 : 1F8;
60454 : 1F8;
60455 : 1F8;
60456 : 1F8;
60457 : 1F8;
60458 : 1F8;
60459 : 1F8;
60460 : 1F8;
60461 : 1F8;
60462 : 1F8;
60463 : 1F8;
60464 : 1F8;
60465 : 1F8;
60466 : 1F8;
60467 : 1F8;
60468 : 1F8;
60469 : 1F8;
60470 : 1F8;
60471 : 1F8;
60472 : 1F8;
60473 : 1F8;
60474 : 1F8;
60475 : 1F8;
60476 : 1F8;
60477 : 1F8;
60478 : 1F8;
60479 : 1F8;
60480 : 1F8;
60481 : 1F8;
60482 : 1F8;
60483 : 1F8;
60484 : 1F8;
60485 : 1F8;
60486 : 1F8;
60487 : 1F8;
60488 : 1F8;
60489 : 1F8;
60490 : 1F8;
60491 : 1F8;
60492 : 1F8;
60493 : 1F8;
60494 : 1F8;
60495 : 1F8;
60496 : 1F8;
60497 : 1F8;
60498 : 1F8;
60499 : 1F8;
60500 : 1F8;
60501 : 1F8;
60502 : 1F8;
60503 : 1F8;
60504 : 1F8;
60505 : 1F8;
60506 : 1F8;
60507 : 1F8;
60508 : 1F8;
60509 : 1F8;
60510 : 1F8;
60511 : 1F8;
60512 : 1F8;
60513 : 1F8;
60514 : 1F8;
60515 : 1F8;
60516 : 1F8;
60517 : 1F8;
60518 : 1F8;
60519 : 1F8;
60520 : 1F8;
60521 : 1F8;
60522 : 1F8;
60523 : 1F8;
60524 : 1F8;
60525 : 1F8;
60526 : 1D8;
60527 : 1D8;
60528 : 1D8;
60529 : 1D8;
60530 : 1D8;
60531 : 1D8;
60532 : 1D8;
60533 : 1D8;
60534 : 1D8;
60535 : 110;
60536 : 1D8;
60537 : 1D8;
60538 : 1D8;
60539 : 1D8;
60540 : 1D8;
60541 : 1D8;
60542 : 110;
60543 : 110;
60544 : 110;
60545 : 110;
60546 : 1D8;
60547 : 1D8;
60548 : 1D8;
60549 : 1D8;
60550 : 1D8;
60551 : 1D8;
60552 : 1D8;
60553 : 1D8;
60554 : 1D8;
60555 : 1D8;
60556 : 1D8;
60557 : 1D8;
60558 : 1D8;
60559 : 1D8;
60560 : 1D8;
60561 : 1D8;
60562 : 1D8;
60563 : 1D8;
60564 : 1D8;
60565 : 1D8;
60566 : 1F8;
60567 : 1F8;
60568 : 1F8;
60569 : 1F8;
60570 : 1F8;
60571 : 1F8;
60572 : 1F8;
60573 : 1F8;
60574 : 1F8;
60575 : 1F8;
60576 : 1F8;
60577 : 1F8;
60578 : 1F8;
60579 : 1F8;
60580 : 1F8;
60581 : 1F8;
60582 : 1F8;
60583 : 1F8;
60584 : 1F8;
60585 : 1F8;
60586 : 1F8;
60587 : 1F8;
60588 : 1F8;
60589 : 1F8;
60590 : 1F8;
60591 : 1F8;
60592 : 1F8;
60593 : 1F8;
60594 : 1F8;
60595 : 1F8;
60596 : 1F8;
60597 : 1F8;
60598 : 1F8;
60599 : 1F8;
60600 : 1F8;
60601 : 1F8;
60602 : 1F8;
60603 : 1F8;
60604 : 1F8;
60605 : 1F8;
60606 : 1F8;
60607 : 1F8;
60608 : 1F8;
60609 : 1F8;
60610 : 1F8;
60611 : 1F8;
60612 : 1F8;
60613 : 1F8;
60614 : 1F8;
60615 : 1F8;
60616 : 1F8;
60617 : 1F8;
60618 : 1F8;
60619 : 1F8;
60620 : 1F8;
60621 : 1F8;
60622 : 1F8;
60623 : 1F8;
60624 : 1F8;
60625 : 1F8;
60626 : 1F8;
60627 : 1F8;
60628 : 1F8;
60629 : 1F8;
60630 : 1F8;
60631 : 1F8;
60632 : 1F8;
60633 : 1F8;
60634 : 1F8;
60635 : 1F8;
60636 : 1F8;
60637 : 1F8;
60638 : 1F8;
60639 : 1F8;
60640 : 1F8;
60641 : 1F8;
60642 : 1F8;
60643 : 1F8;
60644 : 1F8;
60645 : 1F8;
60646 : 1F8;
60647 : 1F8;
60648 : 1F8;
60649 : 1F8;
60650 : 1F8;
60651 : 1F8;
60652 : 1F8;
60653 : 1F8;
60654 : 1F8;
60655 : 1F8;
60656 : 1F8;
60657 : 1F8;
60658 : 1F8;
60659 : 1F8;
60660 : 1F8;
60661 : 1F8;
60662 : 1F8;
60663 : 1F8;
60664 : 1F8;
60665 : 1F8;
60666 : 1F8;
60667 : 1F8;
60668 : 1F8;
60669 : 1F8;
60670 : 1F8;
60671 : 1F8;
60672 : 1F8;
60673 : 1F8;
60674 : 1F8;
60675 : 1F8;
60676 : 1F8;
60677 : 1F8;
60678 : 1F8;
60679 : 1F8;
60680 : 1F8;
60681 : 1F8;
60682 : 1F8;
60683 : 1F8;
60684 : 1F8;
60685 : 1F8;
60686 : 1F8;
60687 : 1F8;
60688 : 1F8;
60689 : 1F8;
60690 : 1F8;
60691 : 1F8;
60692 : 1F8;
60693 : 1F8;
60694 : 1F8;
60695 : 1F8;
60696 : 1F8;
60697 : 1F8;
60698 : 1F8;
60699 : 1F8;
60700 : 1F8;
60701 : 1F8;
60702 : 1F8;
60703 : 1F8;
60704 : 1F8;
60705 : 1F8;
60706 : 1F8;
60707 : 1F8;
60708 : 1F8;
60709 : 1F8;
60710 : 1F8;
60711 : 1F8;
60712 : 1F8;
60713 : 1F8;
60714 : 1F8;
60715 : 1F8;
60716 : 1F8;
60717 : 1F8;
60718 : 1F8;
60719 : 1F8;
60720 : 1F8;
60721 : 1F8;
60722 : 1F8;
60723 : 1F8;
60724 : 1F8;
60725 : 1F8;
60726 : 1F8;
60727 : 1F8;
60728 : 1F8;
60729 : 1F8;
60730 : 1F8;
60731 : 1F8;
60732 : 110;
60733 : 110;
60734 : 1F8;
60735 : 1F8;
60736 : 1F8;
60737 : 1F8;
60738 : 1F8;
60739 : 1F8;
60740 : 1F8;
60741 : 1F8;
60742 : 1F8;
60743 : 1F8;
60744 : 1F8;
60745 : 1F8;
60746 : 1F8;
60747 : 1F8;
60748 : 1F8;
60749 : 1F8;
60750 : 1F8;
60751 : 1F8;
60752 : 1F8;
60753 : 1F8;
60754 : 1F8;
60755 : 1F8;
60756 : 1F8;
60757 : 1F8;
60758 : 1F8;
60759 : 1F8;
60760 : 1F8;
60761 : 1F8;
60762 : 1F8;
60763 : 1F8;
60764 : 1F8;
60765 : 1F8;
60766 : 1F8;
60767 : 1F8;
60768 : 1F8;
60769 : 1F8;
60770 : 1F8;
60771 : 1F8;
60772 : 1F8;
60773 : 1F8;
60774 : 1F8;
60775 : 1F8;
60776 : 1F8;
60777 : 1F8;
60778 : 1F8;
60779 : 1F8;
60780 : 1F8;
60781 : 1F8;
60782 : 1F8;
60783 : 1F8;
60784 : 1F8;
60785 : 1F8;
60786 : 1F8;
60787 : 1F8;
60788 : 1F8;
60789 : 1F8;
60790 : 1F8;
60791 : 1F8;
60792 : 1F8;
60793 : 1F8;
60794 : 1F8;
60795 : 1F8;
60796 : 1F8;
60797 : 1F8;
60798 : 1F8;
60799 : 1F8;
60800 : 1F8;
60801 : 1F8;
60802 : 1F8;
60803 : 1F8;
60804 : 1F8;
60805 : 1F8;
60806 : 1F8;
60807 : 1F8;
60808 : 1F8;
60809 : 1F8;
60810 : 1F8;
60811 : 1F8;
60812 : 1F8;
60813 : 1F8;
60814 : 1F8;
60815 : 1F8;
60816 : 1F8;
60817 : 1F8;
60818 : 1F8;
60819 : 1F8;
60820 : 1F8;
60821 : 1F8;
60822 : 1F8;
60823 : 1F8;
60824 : 1F8;
60825 : 1F8;
60826 : 1F8;
60827 : 1F8;
60828 : 1F8;
60829 : 1F8;
60830 : 1F8;
60831 : 1F8;
60832 : 1F8;
60833 : 1F8;
60834 : 1F8;
60835 : 1F8;
60836 : 1F8;
60837 : 1F8;
60838 : 1F8;
60839 : 1F8;
60840 : 1F8;
60841 : 1F8;
60842 : 1F8;
60843 : 1F8;
60844 : 1F8;
60845 : 1F8;
60846 : 1F8;
60847 : 1F8;
60848 : 1F8;
60849 : 1F8;
60850 : 1F8;
60851 : 1F8;
60852 : 1F8;
60853 : 1F8;
60854 : 1F8;
60855 : 1D8;
60856 : 1D8;
60857 : 1D8;
60858 : 1D8;
60859 : 1D8;
60860 : 1D8;
60861 : 1D8;
60862 : 110;
60863 : 110;
60864 : 110;
60865 : 110;
60866 : 1D8;
60867 : 1D8;
60868 : 1D8;
60869 : 1D8;
60870 : 1D8;
60871 : 1D8;
60872 : 1D8;
60873 : 1D8;
60874 : 1F8;
60875 : 1F8;
60876 : 1F8;
60877 : 1F8;
60878 : 1F8;
60879 : 1F8;
60880 : 1F8;
60881 : 1F8;
60882 : 1F8;
60883 : 1F8;
60884 : 1F8;
60885 : 1F8;
60886 : 1F8;
60887 : 1F8;
60888 : 1F8;
60889 : 1F8;
60890 : 1F8;
60891 : 1F8;
60892 : 1F8;
60893 : 1F8;
60894 : 1F8;
60895 : 1F8;
60896 : 1F8;
60897 : 1F8;
60898 : 1F8;
60899 : 1F8;
60900 : 1F8;
60901 : 1F8;
60902 : 1F8;
60903 : 1F8;
60904 : 1F8;
60905 : 1F8;
60906 : 1F8;
60907 : 1F8;
60908 : 1F8;
60909 : 1F8;
60910 : 1F8;
60911 : 1F8;
60912 : 1F8;
60913 : 1F8;
60914 : 1F8;
60915 : 1F8;
60916 : 1F8;
60917 : 1F8;
60918 : 1F8;
60919 : 1F8;
60920 : 1F8;
60921 : 1F8;
60922 : 1F8;
60923 : 1F8;
60924 : 1F8;
60925 : 1F8;
60926 : 1F8;
60927 : 1F8;
60928 : 1F8;
60929 : 1F8;
60930 : 1F8;
60931 : 1F8;
60932 : 1F8;
60933 : 1F8;
60934 : 1F8;
60935 : 1F8;
60936 : 1F8;
60937 : 1F8;
60938 : 1F8;
60939 : 1F8;
60940 : 1D8;
60941 : 1D8;
60942 : 1F8;
60943 : 1F8;
60944 : 1F8;
60945 : 1F8;
60946 : 1F8;
60947 : 1F8;
60948 : 1F8;
60949 : 1F8;
60950 : 1F8;
60951 : 1F8;
60952 : 1F8;
60953 : 1F8;
60954 : 1F8;
60955 : 1F8;
60956 : 1F8;
60957 : 1F8;
60958 : 1F8;
60959 : 1F8;
60960 : 1F8;
60961 : 1F8;
60962 : 1F8;
60963 : 1F8;
60964 : 1F8;
60965 : 1F8;
60966 : 1F8;
60967 : 1F8;
60968 : 1F8;
60969 : 1F8;
60970 : 1F8;
60971 : 1F8;
60972 : 1F8;
60973 : 1F8;
60974 : 1F8;
60975 : 1F8;
60976 : 1F8;
60977 : 1F8;
60978 : 1F8;
60979 : 1F8;
60980 : 1F8;
60981 : 1F8;
60982 : 1F8;
60983 : 1F8;
60984 : 1F8;
60985 : 1F8;
60986 : 1F8;
60987 : 1F8;
60988 : 1F8;
60989 : 1F8;
60990 : 1F8;
60991 : 1F8;
60992 : 1F8;
60993 : 1F8;
60994 : 1F8;
60995 : 1F8;
60996 : 1F8;
60997 : 1F8;
60998 : 1F8;
60999 : 1F8;
61000 : 1F8;
61001 : 1F8;
61002 : 1F8;
61003 : 1F8;
61004 : 1F8;
61005 : 1F8;
61006 : 1F8;
61007 : 1F8;
61008 : 1F8;
61009 : 1F8;
61010 : 1F8;
61011 : 1F8;
61012 : 1F8;
61013 : 1F8;
61014 : 1F8;
61015 : 1F8;
61016 : 1F8;
61017 : 1F8;
61018 : 1F8;
61019 : 1F8;
61020 : 1F8;
61021 : 1F8;
61022 : 1F8;
61023 : 1F8;
61024 : 1F8;
61025 : 1F8;
61026 : 1F8;
61027 : 1F8;
61028 : 1F8;
61029 : 1F8;
61030 : 1F8;
61031 : 1F8;
61032 : 1F8;
61033 : 1F8;
61034 : 1F8;
61035 : 1F8;
61036 : 1F8;
61037 : 1F8;
61038 : 1F8;
61039 : 1F8;
61040 : 1F8;
61041 : 1F8;
61042 : 1F8;
61043 : 1F8;
61044 : 1F8;
61045 : 1F8;
61046 : 1F8;
61047 : 1F8;
61048 : 1F8;
61049 : 1F8;
61050 : 1F8;
61051 : 1F8;
61052 : 110;
61053 : 110;
61054 : 1F8;
61055 : 1F8;
61056 : 1F8;
61057 : 1F8;
61058 : 1F8;
61059 : 1F8;
61060 : 1F8;
61061 : 1F8;
61062 : 1F8;
61063 : 1F8;
61064 : 1F8;
61065 : 1F8;
61066 : 1F8;
61067 : 1F8;
61068 : 1F8;
61069 : 1F8;
61070 : 1F8;
61071 : 1F8;
61072 : 1F8;
61073 : 1F8;
61074 : 1F8;
61075 : 1F8;
61076 : 1F8;
61077 : 1F8;
61078 : 1D8;
61079 : 1D8;
61080 : 1F8;
61081 : 1F8;
61082 : 1F8;
61083 : 1F8;
61084 : 1F8;
61085 : 1F8;
61086 : 1F8;
61087 : 1F8;
61088 : 1F8;
61089 : 1F8;
61090 : 1F8;
61091 : 1F8;
61092 : 1F8;
61093 : 1F8;
61094 : 1F8;
61095 : 1F8;
61096 : 1F8;
61097 : 1F8;
61098 : 1F8;
61099 : 1F8;
61100 : 1F8;
61101 : 1F8;
61102 : 1F8;
61103 : 1F8;
61104 : 1F8;
61105 : 1F8;
61106 : 1F8;
61107 : 1F8;
61108 : 1F8;
61109 : 1F8;
61110 : 1F8;
61111 : 1F8;
61112 : 1F8;
61113 : 1F8;
61114 : 1F8;
61115 : 1F8;
61116 : 1F8;
61117 : 1F8;
61118 : 1F8;
61119 : 1F8;
61120 : 1F8;
61121 : 1F8;
61122 : 1F8;
61123 : 1F8;
61124 : 1F8;
61125 : 1F8;
61126 : 1F8;
61127 : 1F8;
61128 : 1F8;
61129 : 1F8;
61130 : 1F8;
61131 : 1F8;
61132 : 1F8;
61133 : 1F8;
61134 : 1F8;
61135 : 1F8;
61136 : 1F8;
61137 : 1F8;
61138 : 1F8;
61139 : 1F8;
61140 : 1F8;
61141 : 1F8;
61142 : 1F8;
61143 : 1F8;
61144 : 1F8;
61145 : 1F8;
61146 : 1F8;
61147 : 1F8;
61148 : 1F8;
61149 : 1F8;
61150 : 1F8;
61151 : 1F8;
61152 : 1F8;
61153 : 1F8;
61154 : 1F8;
61155 : 1F8;
61156 : 1F8;
61157 : 1F8;
61158 : 1F8;
61159 : 1F8;
61160 : 1F8;
61161 : 1F8;
61162 : 1F8;
61163 : 1F8;
61164 : 1F8;
61165 : 1F8;
61166 : 1F8;
61167 : 1F8;
61168 : 1F8;
61169 : 1F8;
61170 : 1F8;
61171 : 1F8;
61172 : 1F8;
61173 : 1F8;
61174 : 1F8;
61175 : 1D8;
61176 : 1D8;
61177 : 1D8;
61178 : 1D8;
61179 : 1D8;
61180 : 1D8;
61181 : 1D8;
61182 : 110;
61183 : 110;
61184 : 110;
61185 : 110;
61186 : 1F8;
61187 : 1F8;
61188 : 1F8;
61189 : 1F8;
61190 : 1F8;
61191 : 1F8;
61192 : 1F8;
61193 : 1F8;
61194 : 1F8;
61195 : 1F8;
61196 : 1F8;
61197 : 1F8;
61198 : 1F8;
61199 : 1F8;
61200 : 1F8;
61201 : 1F8;
61202 : 1F8;
61203 : 1F8;
61204 : 1F8;
61205 : 1F8;
61206 : 1F8;
61207 : 1F8;
61208 : 1F8;
61209 : 1F8;
61210 : 1F8;
61211 : 1F8;
61212 : 1F8;
61213 : 1F8;
61214 : 1F8;
61215 : 1F8;
61216 : 1F8;
61217 : 1F8;
61218 : 1F8;
61219 : 1F8;
61220 : 1F8;
61221 : 1F8;
61222 : 1F8;
61223 : 1F8;
61224 : 1F8;
61225 : 1F8;
61226 : 1F8;
61227 : 1F8;
61228 : 1F8;
61229 : 1F8;
61230 : 1F8;
61231 : 1F8;
61232 : 1F8;
61233 : 1F8;
61234 : 1F8;
61235 : 1F8;
61236 : 1F8;
61237 : 1F8;
61238 : 1F8;
61239 : 1F8;
61240 : 1F8;
61241 : 1F8;
61242 : 1F8;
61243 : 1F8;
61244 : 1F8;
61245 : 1F8;
61246 : 1F8;
61247 : 1F8;
61248 : 1F8;
61249 : 1F8;
61250 : 1F8;
61251 : 1F8;
61252 : 1F8;
61253 : 1F8;
61254 : 1F8;
61255 : 1F8;
61256 : 1F8;
61257 : 1F8;
61258 : 1F8;
61259 : 1F8;
61260 : 1F8;
61261 : 1F8;
61262 : 1F8;
61263 : 1F8;
61264 : 1F8;
61265 : 1D8;
61266 : 1D8;
61267 : 1F8;
61268 : 1F8;
61269 : 1F8;
61270 : 1F8;
61271 : 1F8;
61272 : 1F8;
61273 : 1F8;
61274 : 1F8;
61275 : 1F8;
61276 : 1F8;
61277 : 1F8;
61278 : 1F8;
61279 : 1F8;
61280 : 1F8;
61281 : 1F8;
61282 : 1F8;
61283 : 1F8;
61284 : 1F8;
61285 : 1F8;
61286 : 1F8;
61287 : 1F8;
61288 : 1F8;
61289 : 1D8;
61290 : 1D8;
61291 : 1F8;
61292 : 1F8;
61293 : 1F8;
61294 : 1F8;
61295 : 1F8;
61296 : 1F8;
61297 : 1F8;
61298 : 1F8;
61299 : 1F8;
61300 : 1F8;
61301 : 1F8;
61302 : 1F8;
61303 : 1F8;
61304 : 1F8;
61305 : 1F8;
61306 : 1F8;
61307 : 1F8;
61308 : 1F8;
61309 : 1F8;
61310 : 1F8;
61311 : 1F8;
61312 : 1F8;
61313 : 1F8;
61314 : 1F8;
61315 : 1F8;
61316 : 1F8;
61317 : 1F8;
61318 : 1F8;
61319 : 1F8;
61320 : 1F8;
61321 : 1F8;
61322 : 1F8;
61323 : 1F8;
61324 : 1F8;
61325 : 1F8;
61326 : 1F8;
61327 : 1F8;
61328 : 1F8;
61329 : 1F8;
61330 : 1F8;
61331 : 1F8;
61332 : 1F8;
61333 : 1F8;
61334 : 1F8;
61335 : 1F8;
61336 : 1F8;
61337 : 1F8;
61338 : 1F8;
61339 : 1F8;
61340 : 1F8;
61341 : 1F8;
61342 : 1F8;
61343 : 1F8;
61344 : 1F8;
61345 : 1F8;
61346 : 1F8;
61347 : 1F8;
61348 : 1F8;
61349 : 1F8;
61350 : 1F8;
61351 : 1F8;
61352 : 1F8;
61353 : 1F8;
61354 : 1F8;
61355 : 1F8;
61356 : 1F8;
61357 : 1F8;
61358 : 1F8;
61359 : 1F8;
61360 : 1F8;
61361 : 1F8;
61362 : 1F8;
61363 : 1F8;
61364 : 1F8;
61365 : 1F8;
61366 : 1F8;
61367 : 1F8;
61368 : 1F8;
61369 : 1F8;
61370 : 1F8;
61371 : 1F8;
61372 : 110;
61373 : 110;
61374 : 1F8;
61375 : 1F8;
61376 : 1F8;
61377 : 1F8;
61378 : 1F8;
61379 : 1F8;
61380 : 1F8;
61381 : 1F8;
61382 : 1F8;
61383 : 1F8;
61384 : 1F8;
61385 : 1F8;
61386 : 1F8;
61387 : 1F8;
61388 : 1F8;
61389 : 1F8;
61390 : 1F8;
61391 : 1F8;
61392 : 1F8;
61393 : 1F8;
61394 : 1F8;
61395 : 1F8;
61396 : 1F8;
61397 : 1F8;
61398 : 1F8;
61399 : 1F8;
61400 : 1F8;
61401 : 1F8;
61402 : 1F8;
61403 : 1F8;
61404 : 1F8;
61405 : 1F8;
61406 : 1F8;
61407 : 1F8;
61408 : 1F8;
61409 : 1F8;
61410 : 1F8;
61411 : 1F8;
61412 : 1F8;
61413 : 1F8;
61414 : 1F8;
61415 : 1F8;
61416 : 1F8;
61417 : 1F8;
61418 : 1F8;
61419 : 1F8;
61420 : 1F8;
61421 : 1F8;
61422 : 1D8;
61423 : 1D8;
61424 : 1F8;
61425 : 1F8;
61426 : 1F8;
61427 : 1F8;
61428 : 1F8;
61429 : 1F8;
61430 : 1F8;
61431 : 1F8;
61432 : 1F8;
61433 : 1F8;
61434 : 1F8;
61435 : 1F8;
61436 : 1F8;
61437 : 1F8;
61438 : 1F8;
61439 : 1F8;
61440 : 1F8;
61441 : 1F8;
61442 : 1F8;
61443 : 1F8;
61444 : 1F8;
61445 : 1F8;
61446 : 1F8;
61447 : 1F8;
61448 : 1F8;
61449 : 1F8;
61450 : 1F8;
61451 : 1F8;
61452 : 1F8;
61453 : 1F8;
61454 : 1F8;
61455 : 1F8;
61456 : 1F8;
61457 : 1F8;
61458 : 1F8;
61459 : 1F8;
61460 : 1F8;
61461 : 1F8;
61462 : 1F8;
61463 : 1F8;
61464 : 1F8;
61465 : 1F8;
61466 : 1F8;
61467 : 1F8;
61468 : 1F8;
61469 : 1F8;
61470 : 1F8;
61471 : 1F8;
61472 : 1F8;
61473 : 1F8;
61474 : 1F8;
61475 : 1F8;
61476 : 1F8;
61477 : 1F8;
61478 : 1F8;
61479 : 1F8;
61480 : 1F8;
61481 : 1F8;
61482 : 1F8;
61483 : 1F8;
61484 : 1F8;
61485 : 1F8;
61486 : 1F8;
61487 : 1F8;
61488 : 1F8;
61489 : 1F8;
61490 : 1F8;
61491 : 1F8;
61492 : 1F8;
61493 : 1F8;
61494 : 110;
61495 : 1D8;
61496 : 1D8;
61497 : 1D8;
61498 : 1D8;
61499 : 1D8;
61500 : 1D8;
61501 : 110;
61502 : 110;
61503 : 110;
61504 : 110;
61505 : 1F8;
61506 : 1F8;
61507 : 1F8;
61508 : 1F8;
61509 : 1F8;
61510 : 1F8;
61511 : 1F8;
61512 : 1F8;
61513 : 1F8;
61514 : 1F8;
61515 : 1F8;
61516 : 1F8;
61517 : 1F8;
61518 : 1F8;
61519 : 1F8;
61520 : 1F8;
61521 : 1F8;
61522 : 1F8;
61523 : 1F8;
61524 : 1F8;
61525 : 1F8;
61526 : 1F8;
61527 : 1F8;
61528 : 1F8;
61529 : 1F8;
61530 : 1F8;
61531 : 1F8;
61532 : 1F8;
61533 : 1F8;
61534 : 1F8;
61535 : 1F8;
61536 : 1F8;
61537 : 1F8;
61538 : 1F8;
61539 : 1F8;
61540 : 1F8;
61541 : 1F8;
61542 : 1F8;
61543 : 1F8;
61544 : 1F8;
61545 : 1F8;
61546 : 1F8;
61547 : 1F8;
61548 : 1F8;
61549 : 1F8;
61550 : 1F8;
61551 : 1F8;
61552 : 1F8;
61553 : 1F8;
61554 : 1F8;
61555 : 1F8;
61556 : 1F8;
61557 : 1F8;
61558 : 1F8;
61559 : 1F8;
61560 : 1F8;
61561 : 1F8;
61562 : 1F8;
61563 : 1F8;
61564 : 1F8;
61565 : 1F8;
61566 : 1F8;
61567 : 1F8;
61568 : 1F8;
61569 : 1F8;
61570 : 1F8;
61571 : 1F8;
61572 : 1F8;
61573 : 1F8;
61574 : 1F8;
61575 : 1F8;
61576 : 1F8;
61577 : 1F8;
61578 : 1F8;
61579 : 1F8;
61580 : 1F8;
61581 : 1F8;
61582 : 1F8;
61583 : 1F8;
61584 : 1F8;
61585 : 1F8;
61586 : 1F8;
61587 : 1F8;
61588 : 1F8;
61589 : 1F8;
61590 : 1F8;
61591 : 1F8;
61592 : 1F8;
61593 : 1F8;
61594 : 1F8;
61595 : 1F8;
61596 : 1F8;
61597 : 1F8;
61598 : 1F8;
61599 : 1F8;
61600 : 1F8;
61601 : 1F8;
61602 : 1F8;
61603 : 1F8;
61604 : 1F8;
61605 : 1F8;
61606 : 1F8;
61607 : 1F8;
61608 : 1F8;
61609 : 1F8;
61610 : 1F8;
61611 : 1F8;
61612 : 1F8;
61613 : 1F8;
61614 : 1F8;
61615 : 1F8;
61616 : 1F8;
61617 : 1F8;
61618 : 1F8;
61619 : 1F8;
61620 : 1F8;
61621 : 1F8;
61622 : 1F8;
61623 : 1F8;
61624 : 1F8;
61625 : 1F8;
61626 : 1F8;
61627 : 1F8;
61628 : 1F8;
61629 : 1F8;
61630 : 1F8;
61631 : 1F8;
61632 : 1F8;
61633 : 1F8;
61634 : 1F8;
61635 : 1F8;
61636 : 1F8;
61637 : 1F8;
61638 : 1F8;
61639 : 1F8;
61640 : 1F8;
61641 : 1F8;
61642 : 1F8;
61643 : 1F8;
61644 : 1F8;
61645 : 1F8;
61646 : 1F8;
61647 : 1F8;
61648 : 1F8;
61649 : 1F8;
61650 : 1F8;
61651 : 1F8;
61652 : 1F8;
61653 : 1F8;
61654 : 1F8;
61655 : 1F8;
61656 : 1F8;
61657 : 1F8;
61658 : 1F8;
61659 : 1F8;
61660 : 1F8;
61661 : 1F8;
61662 : 1F8;
61663 : 1F8;
61664 : 1F8;
61665 : 1F8;
61666 : 1F8;
61667 : 1F8;
61668 : 1F8;
61669 : 1F8;
61670 : 1F8;
61671 : 1F8;
61672 : 1F8;
61673 : 1F8;
61674 : 1F8;
61675 : 1F8;
61676 : 1F8;
61677 : 1F8;
61678 : 1F8;
61679 : 1F8;
61680 : 1F8;
61681 : 1F8;
61682 : 1F8;
61683 : 1F8;
61684 : 1F8;
61685 : 1F8;
61686 : 1F8;
61687 : 1F8;
61688 : 1F8;
61689 : 1F8;
61690 : 1F8;
61691 : 1F8;
61692 : 110;
61693 : 110;
61694 : 1F8;
61695 : 1F8;
61696 : 1F8;
61697 : 1F8;
61698 : 1F8;
61699 : 1F8;
61700 : 1F8;
61701 : 1F8;
61702 : 1F8;
61703 : 1F8;
61704 : 1F8;
61705 : 1F8;
61706 : 1F8;
61707 : 1F8;
61708 : 1F8;
61709 : 1F8;
61710 : 1F8;
61711 : 1F8;
61712 : 1F8;
61713 : 1F8;
61714 : 1F8;
61715 : 1F8;
61716 : 1F8;
61717 : 1F8;
61718 : 1F8;
61719 : 1F8;
61720 : 1F8;
61721 : 1F8;
61722 : 1F8;
61723 : 1F8;
61724 : 1F8;
61725 : 1F8;
61726 : 1F8;
61727 : 1F8;
61728 : 1F8;
61729 : 1F8;
61730 : 1F8;
61731 : 1F8;
61732 : 1F8;
61733 : 1F8;
61734 : 1F8;
61735 : 1F8;
61736 : 1F8;
61737 : 1F8;
61738 : 1F8;
61739 : 1F8;
61740 : 1F8;
61741 : 1F8;
61742 : 1F8;
61743 : 1F8;
61744 : 1F8;
61745 : 1F8;
61746 : 1F8;
61747 : 1F8;
61748 : 1F8;
61749 : 1F8;
61750 : 1F8;
61751 : 1F8;
61752 : 1F8;
61753 : 1F8;
61754 : 1F8;
61755 : 1F8;
61756 : 1F8;
61757 : 1F8;
61758 : 1F8;
61759 : 1F8;
61760 : 1F8;
61761 : 1F8;
61762 : 1F8;
61763 : 1F8;
61764 : 1F8;
61765 : 1F8;
61766 : 1F8;
61767 : 1F8;
61768 : 1F8;
61769 : 1F8;
61770 : 1F8;
61771 : 1F8;
61772 : 1F8;
61773 : 1F8;
61774 : 1F8;
61775 : 1F8;
61776 : 1F8;
61777 : 1F8;
61778 : 1F8;
61779 : 1F8;
61780 : 1F8;
61781 : 1F8;
61782 : 1F8;
61783 : 1F8;
61784 : 1F8;
61785 : 1F8;
61786 : 1F8;
61787 : 1F8;
61788 : 1F8;
61789 : 1F8;
61790 : 1F8;
61791 : 1F8;
61792 : 1F8;
61793 : 1F8;
61794 : 1F8;
61795 : 1F8;
61796 : 1F8;
61797 : 1F8;
61798 : 1F8;
61799 : 1F8;
61800 : 1F8;
61801 : 1F8;
61802 : 1F8;
61803 : 1F8;
61804 : 1F8;
61805 : 1F8;
61806 : 1F8;
61807 : 1F8;
61808 : 1F8;
61809 : 1F8;
61810 : 1F8;
61811 : 1F8;
61812 : 1F8;
61813 : 1F8;
61814 : 1D8;
61815 : 1D8;
61816 : 1D8;
61817 : 1D8;
61818 : 1D8;
61819 : 1D8;
61820 : 1D8;
61821 : 110;
61822 : 110;
61823 : 110;
61824 : 110;
61825 : 1F8;
61826 : 1F8;
61827 : 1F8;
61828 : 1F8;
61829 : 1F8;
61830 : 1F8;
61831 : 1F8;
61832 : 1F8;
61833 : 1F8;
61834 : 1F8;
61835 : 1F8;
61836 : 1F8;
61837 : 1F8;
61838 : 1F8;
61839 : 1F8;
61840 : 1F8;
61841 : 1F8;
61842 : 1F8;
61843 : 1F8;
61844 : 1F8;
61845 : 1F8;
61846 : 1F8;
61847 : 1F8;
61848 : 1F8;
61849 : 1F8;
61850 : 1F8;
61851 : 1F8;
61852 : 1F8;
61853 : 1F8;
61854 : 1F8;
61855 : 1F8;
61856 : 1F8;
61857 : 1F8;
61858 : 1F8;
61859 : 1F8;
61860 : 1F8;
61861 : 1F8;
61862 : 1F8;
61863 : 1F8;
61864 : 1F8;
61865 : 1F8;
61866 : 1F8;
61867 : 1F8;
61868 : 1F8;
61869 : 1F8;
61870 : 1F8;
61871 : 1F8;
61872 : 1F8;
61873 : 1F8;
61874 : 1D8;
61875 : 1D8;
61876 : 1F8;
61877 : 1F8;
61878 : 1D8;
61879 : 1D8;
61880 : 1F8;
61881 : 1F8;
61882 : 1F8;
61883 : 1F8;
61884 : 1F8;
61885 : 1F8;
61886 : 1F8;
61887 : 1F8;
61888 : 1F8;
61889 : 1F8;
61890 : 1F8;
61891 : 1F8;
61892 : 1F8;
61893 : 1F8;
61894 : 1F8;
61895 : 1F8;
61896 : 1F8;
61897 : 1F8;
61898 : 1F8;
61899 : 1F8;
61900 : 1F8;
61901 : 1F8;
61902 : 1F8;
61903 : 1F8;
61904 : 1F8;
61905 : 1F8;
61906 : 1F8;
61907 : 1F8;
61908 : 1F8;
61909 : 1F8;
61910 : 1F8;
61911 : 1F8;
61912 : 1F8;
61913 : 1F8;
61914 : 1F8;
61915 : 1F8;
61916 : 1F8;
61917 : 1F8;
61918 : 1F8;
61919 : 1F8;
61920 : 1F8;
61921 : 1F8;
61922 : 1F8;
61923 : 1F8;
61924 : 1F8;
61925 : 1F8;
61926 : 1F8;
61927 : 1F8;
61928 : 1F8;
61929 : 1F8;
61930 : 1F8;
61931 : 1F8;
61932 : 1F8;
61933 : 1F8;
61934 : 1F8;
61935 : 1F8;
61936 : 1F8;
61937 : 1F8;
61938 : 1F8;
61939 : 1F8;
61940 : 1F8;
61941 : 1F8;
61942 : 1F8;
61943 : 1F8;
61944 : 1F8;
61945 : 1F8;
61946 : 1F8;
61947 : 1F8;
61948 : 1F8;
61949 : 1F8;
61950 : 1F8;
61951 : 1F8;
61952 : 1F8;
61953 : 1F8;
61954 : 1F8;
61955 : 1F8;
61956 : 1F8;
61957 : 1D8;
61958 : 1D8;
61959 : 1F8;
61960 : 1F8;
61961 : 1F8;
61962 : 1F8;
61963 : 1F8;
61964 : 1F8;
61965 : 1F8;
61966 : 1F8;
61967 : 1F8;
61968 : 1F8;
61969 : 1F8;
61970 : 1F8;
61971 : 1F8;
61972 : 1F8;
61973 : 1F8;
61974 : 1F8;
61975 : 1F8;
61976 : 1F8;
61977 : 1F8;
61978 : 1F8;
61979 : 1F8;
61980 : 1F8;
61981 : 1F8;
61982 : 1F8;
61983 : 1F8;
61984 : 1F8;
61985 : 1F8;
61986 : 1F8;
61987 : 1F8;
61988 : 1F8;
61989 : 1F8;
61990 : 1F8;
61991 : 1F8;
61992 : 1F8;
61993 : 1F8;
61994 : 1F8;
61995 : 1F8;
61996 : 1F8;
61997 : 1F8;
61998 : 1F8;
61999 : 1F8;
62000 : 1F8;
62001 : 1F8;
62002 : 1F8;
62003 : 1F8;
62004 : 1F8;
62005 : 1F8;
62006 : 1F8;
62007 : 1F8;
62008 : 1F8;
62009 : 1F8;
62010 : 1F8;
62011 : 1F8;
62012 : 110;
62013 : 110;
62014 : 1F8;
62015 : 1F8;
62016 : 1F8;
62017 : 1F8;
62018 : 1F8;
62019 : 1F8;
62020 : 1F8;
62021 : 1F8;
62022 : 1F8;
62023 : 1F8;
62024 : 1F8;
62025 : 1F8;
62026 : 1F8;
62027 : 1F8;
62028 : 1F8;
62029 : 1F8;
62030 : 1F8;
62031 : 1F8;
62032 : 1F8;
62033 : 1F8;
62034 : 1F8;
62035 : 1F8;
62036 : 1F8;
62037 : 1F8;
62038 : 1F8;
62039 : 1F8;
62040 : 1F8;
62041 : 1F8;
62042 : 1F8;
62043 : 1F8;
62044 : 1F8;
62045 : 1F8;
62046 : 1F8;
62047 : 1F8;
62048 : 1F8;
62049 : 1F8;
62050 : 1D8;
62051 : 1D8;
62052 : 1F8;
62053 : 1F8;
62054 : 1F8;
62055 : 1F8;
62056 : 1D8;
62057 : 1D8;
62058 : 1F8;
62059 : 1F8;
62060 : 1F8;
62061 : 1F8;
62062 : 1F8;
62063 : 1F8;
62064 : 1F8;
62065 : 1F8;
62066 : 1F8;
62067 : 1F8;
62068 : 1F8;
62069 : 1F8;
62070 : 1F8;
62071 : 1F8;
62072 : 1F8;
62073 : 1F8;
62074 : 1F8;
62075 : 1F8;
62076 : 1F8;
62077 : 1F8;
62078 : 1F8;
62079 : 1F8;
62080 : 1F8;
62081 : 1F8;
62082 : 1F8;
62083 : 1F8;
62084 : 1F8;
62085 : 1F8;
62086 : 1F8;
62087 : 1F8;
62088 : 1F8;
62089 : 1F8;
62090 : 1F8;
62091 : 1F8;
62092 : 1F8;
62093 : 1D8;
62094 : 1D8;
62095 : 1F8;
62096 : 1F8;
62097 : 1F8;
62098 : 1F8;
62099 : 1F8;
62100 : 1F8;
62101 : 1F8;
62102 : 1F8;
62103 : 1F8;
62104 : 1F8;
62105 : 1F8;
62106 : 1F8;
62107 : 1F8;
62108 : 1F8;
62109 : 1F8;
62110 : 1F8;
62111 : 1F8;
62112 : 1F8;
62113 : 1F8;
62114 : 1F8;
62115 : 1F8;
62116 : 1F8;
62117 : 1F8;
62118 : 1F8;
62119 : 1F8;
62120 : 1F8;
62121 : 1D8;
62122 : 1D8;
62123 : 1F8;
62124 : 1F8;
62125 : 1F8;
62126 : 1F8;
62127 : 1F8;
62128 : 1F8;
62129 : 1F8;
62130 : 1F8;
62131 : 1F8;
62132 : 1F8;
62133 : 1F8;
62134 : 1D8;
62135 : 1D8;
62136 : 1D8;
62137 : 1D8;
62138 : 1D8;
62139 : 1D8;
62140 : 1D8;
62141 : 110;
62142 : 110;
62143 : 110;
62144 : 110;
62145 : 1F8;
62146 : 1F8;
62147 : 1F8;
62148 : 1F8;
62149 : 1F8;
62150 : 1F8;
62151 : 1F8;
62152 : 1F8;
62153 : 1F8;
62154 : 1F8;
62155 : 1F8;
62156 : 1F8;
62157 : 1F8;
62158 : 1F8;
62159 : 1F8;
62160 : 1F8;
62161 : 1F8;
62162 : 1F8;
62163 : 1F8;
62164 : 1F8;
62165 : 1F8;
62166 : 1F8;
62167 : 1F8;
62168 : 1F8;
62169 : 1F8;
62170 : 1F8;
62171 : 1F8;
62172 : 1F8;
62173 : 1F8;
62174 : 1F8;
62175 : 1F8;
62176 : 1F8;
62177 : 1F8;
62178 : 1F8;
62179 : 1F8;
62180 : 1F8;
62181 : 1F8;
62182 : 1F8;
62183 : 1F8;
62184 : 1F8;
62185 : 1F8;
62186 : 1F8;
62187 : 1F8;
62188 : 1F8;
62189 : 1F8;
62190 : 1F8;
62191 : 1F8;
62192 : 1F8;
62193 : 1F8;
62194 : 1F8;
62195 : 1F8;
62196 : 1F8;
62197 : 1F8;
62198 : 1F8;
62199 : 1F8;
62200 : 1F8;
62201 : 1F8;
62202 : 1F8;
62203 : 1F8;
62204 : 1F8;
62205 : 1F8;
62206 : 1F8;
62207 : 1F8;
62208 : 1F8;
62209 : 1F8;
62210 : 1F8;
62211 : 1F8;
62212 : 1F8;
62213 : 1F8;
62214 : 1F8;
62215 : 1F8;
62216 : 1F8;
62217 : 1F8;
62218 : 1D8;
62219 : 1D8;
62220 : 1F8;
62221 : 1F8;
62222 : 1F8;
62223 : 1F8;
62224 : 1F8;
62225 : 1F8;
62226 : 1F8;
62227 : 1F8;
62228 : 1F8;
62229 : 1F8;
62230 : 1F8;
62231 : 1F8;
62232 : 1F8;
62233 : 1F8;
62234 : 1F8;
62235 : 1F8;
62236 : 1F8;
62237 : 1F8;
62238 : 1F8;
62239 : 1F8;
62240 : 1F8;
62241 : 1F8;
62242 : 1F8;
62243 : 1F8;
62244 : 1F8;
62245 : 1F8;
62246 : 1F8;
62247 : 1F8;
62248 : 1F8;
62249 : 1F8;
62250 : 1F8;
62251 : 1F8;
62252 : 1F8;
62253 : 1F8;
62254 : 1F8;
62255 : 1F8;
62256 : 1F8;
62257 : 1F8;
62258 : 1F8;
62259 : 1F8;
62260 : 1F8;
62261 : 1F8;
62262 : 1F8;
62263 : 1F8;
62264 : 1F8;
62265 : 1F8;
62266 : 1F8;
62267 : 1F8;
62268 : 1F8;
62269 : 1F8;
62270 : 1F8;
62271 : 1F8;
62272 : 1F8;
62273 : 1F8;
62274 : 1F8;
62275 : 1F8;
62276 : 1F8;
62277 : 1F8;
62278 : 1F8;
62279 : 1F8;
62280 : 1F8;
62281 : 1F8;
62282 : 1F8;
62283 : 1F8;
62284 : 1F8;
62285 : 1F8;
62286 : 1F8;
62287 : 1F8;
62288 : 1F8;
62289 : 1F8;
62290 : 1F8;
62291 : 1F8;
62292 : 1F8;
62293 : 1F8;
62294 : 1F8;
62295 : 1F8;
62296 : 1F8;
62297 : 1F8;
62298 : 1F8;
62299 : 1F8;
62300 : 1F8;
62301 : 1F8;
62302 : 1F8;
62303 : 1F8;
62304 : 1F8;
62305 : 1F8;
62306 : 1F8;
62307 : 1F8;
62308 : 1F8;
62309 : 1F8;
62310 : 1F8;
62311 : 1F8;
62312 : 1F8;
62313 : 1F8;
62314 : 1F8;
62315 : 1F8;
62316 : 1F8;
62317 : 1F8;
62318 : 1F8;
62319 : 1F8;
62320 : 1F8;
62321 : 1F8;
62322 : 1F8;
62323 : 1F8;
62324 : 1F8;
62325 : 1F8;
62326 : 1F8;
62327 : 1F8;
62328 : 1F8;
62329 : 1F8;
62330 : 1F8;
62331 : 1F8;
62332 : 110;
62333 : 110;
62334 : 1F8;
62335 : 1F8;
62336 : 1F8;
62337 : 1F8;
62338 : 1F8;
62339 : 1F8;
62340 : 1F8;
62341 : 1F8;
62342 : 1F8;
62343 : 1D8;
62344 : 1D8;
62345 : 1F8;
62346 : 1F8;
62347 : 1D8;
62348 : 1D8;
62349 : 1F8;
62350 : 1F8;
62351 : 1F8;
62352 : 1F8;
62353 : 1F8;
62354 : 1F8;
62355 : 1F8;
62356 : 1F8;
62357 : 1F8;
62358 : 1F8;
62359 : 1F8;
62360 : 1F8;
62361 : 1F8;
62362 : 1F8;
62363 : 1F8;
62364 : 1F8;
62365 : 1F8;
62366 : 1F8;
62367 : 1F8;
62368 : 1F8;
62369 : 1F8;
62370 : 1F8;
62371 : 1F8;
62372 : 1F8;
62373 : 1F8;
62374 : 1F8;
62375 : 1F8;
62376 : 1F8;
62377 : 1F8;
62378 : 1F8;
62379 : 1F8;
62380 : 1F8;
62381 : 1F8;
62382 : 1F8;
62383 : 1F8;
62384 : 1F8;
62385 : 1F8;
62386 : 1F8;
62387 : 1F8;
62388 : 1F8;
62389 : 1F8;
62390 : 1F8;
62391 : 1F8;
62392 : 1F8;
62393 : 1F8;
62394 : 1F8;
62395 : 1F8;
62396 : 1F8;
62397 : 1F8;
62398 : 1F8;
62399 : 1F8;
62400 : 1F8;
62401 : 1F8;
62402 : 1F8;
62403 : 1F8;
62404 : 1F8;
62405 : 1F8;
62406 : 1F8;
62407 : 1F8;
62408 : 1F8;
62409 : 1F8;
62410 : 1F8;
62411 : 1F8;
62412 : 1F8;
62413 : 1F8;
62414 : 1F8;
62415 : 1F8;
62416 : 1F8;
62417 : 1F8;
62418 : 1F8;
62419 : 1F8;
62420 : 1F8;
62421 : 1F8;
62422 : 1F8;
62423 : 1F8;
62424 : 1F8;
62425 : 1F8;
62426 : 1F8;
62427 : 1F8;
62428 : 1F8;
62429 : 1F8;
62430 : 1F8;
62431 : 1F8;
62432 : 1F8;
62433 : 1F8;
62434 : 1F8;
62435 : 1F8;
62436 : 1F8;
62437 : 1F8;
62438 : 1F8;
62439 : 1F8;
62440 : 1F8;
62441 : 1F8;
62442 : 1F8;
62443 : 1F8;
62444 : 1F8;
62445 : 1F8;
62446 : 1F8;
62447 : 1F8;
62448 : 1F8;
62449 : 1F8;
62450 : 1F8;
62451 : 1F8;
62452 : 1F8;
62453 : 110;
62454 : 1D8;
62455 : 1D8;
62456 : 1D8;
62457 : 1D8;
62458 : 1D8;
62459 : 1D8;
62460 : 110;
62461 : 110;
62462 : 110;
62463 : 110;
62464 : 110;
62465 : 1F8;
62466 : 1F8;
62467 : 1F8;
62468 : 1F8;
62469 : 1F8;
62470 : 1F8;
62471 : 1F8;
62472 : 1F8;
62473 : 1F8;
62474 : 1F8;
62475 : 1F8;
62476 : 1F8;
62477 : 1F8;
62478 : 1F8;
62479 : 1F8;
62480 : 1F8;
62481 : 1F8;
62482 : 1F8;
62483 : 1F8;
62484 : 1F8;
62485 : 1F8;
62486 : 1F8;
62487 : 1F8;
62488 : 1F8;
62489 : 1F8;
62490 : 1F8;
62491 : 1F8;
62492 : 1F8;
62493 : 1F8;
62494 : 1F8;
62495 : 1F8;
62496 : 1F8;
62497 : 1F8;
62498 : 1F8;
62499 : 1F8;
62500 : 1F8;
62501 : 1F8;
62502 : 1F8;
62503 : 1F8;
62504 : 1F8;
62505 : 1F8;
62506 : 1F8;
62507 : 1F8;
62508 : 1F8;
62509 : 1F8;
62510 : 1F8;
62511 : 1F8;
62512 : 1F8;
62513 : 1F8;
62514 : 1F8;
62515 : 1F8;
62516 : 1F8;
62517 : 1F8;
62518 : 1F8;
62519 : 1F8;
62520 : 1F8;
62521 : 1F8;
62522 : 1F8;
62523 : 1F8;
62524 : 1F8;
62525 : 1F8;
62526 : 1F8;
62527 : 1F8;
62528 : 1F8;
62529 : 1F8;
62530 : 1F8;
62531 : 1F8;
62532 : 1F8;
62533 : 1F8;
62534 : 1F8;
62535 : 1F8;
62536 : 1F8;
62537 : 1F8;
62538 : 1F8;
62539 : 1F8;
62540 : 1F8;
62541 : 1F8;
62542 : 1F8;
62543 : 1F8;
62544 : 1F8;
62545 : 1F8;
62546 : 1F8;
62547 : 1F8;
62548 : 1F8;
62549 : 1F8;
62550 : 1F8;
62551 : 1F8;
62552 : 1F8;
62553 : 1F8;
62554 : 1F8;
62555 : 1F8;
62556 : 1F8;
62557 : 1F8;
62558 : 1F8;
62559 : 1F8;
62560 : 1F8;
62561 : 1F8;
62562 : 1F8;
62563 : 1F8;
62564 : 1F8;
62565 : 1F8;
62566 : 1F8;
62567 : 1F8;
62568 : 1F8;
62569 : 1F8;
62570 : 1F8;
62571 : 1F8;
62572 : 1F8;
62573 : 1F8;
62574 : 1F8;
62575 : 1F8;
62576 : 1F8;
62577 : 1F8;
62578 : 1F8;
62579 : 1F8;
62580 : 1F8;
62581 : 1F8;
62582 : 1F8;
62583 : 1F8;
62584 : 1F8;
62585 : 1F8;
62586 : 1F8;
62587 : 1F8;
62588 : 1F8;
62589 : 1F8;
62590 : 1F8;
62591 : 1F8;
62592 : 1F8;
62593 : 1F8;
62594 : 1F8;
62595 : 1F8;
62596 : 1F8;
62597 : 1D8;
62598 : 1D8;
62599 : 1F8;
62600 : 1F8;
62601 : 1F8;
62602 : 1F8;
62603 : 1F8;
62604 : 1F8;
62605 : 1F8;
62606 : 1F8;
62607 : 1F8;
62608 : 1F8;
62609 : 1F8;
62610 : 1F8;
62611 : 1F8;
62612 : 1F8;
62613 : 1F8;
62614 : 1F8;
62615 : 1F8;
62616 : 1D8;
62617 : 1D8;
62618 : 1F8;
62619 : 1F8;
62620 : 1F8;
62621 : 1F8;
62622 : 1F8;
62623 : 1F8;
62624 : 1F8;
62625 : 1F8;
62626 : 1F8;
62627 : 1F8;
62628 : 1F8;
62629 : 1F8;
62630 : 1F8;
62631 : 1F8;
62632 : 1F8;
62633 : 1F8;
62634 : 1F8;
62635 : 1F8;
62636 : 1F8;
62637 : 1F8;
62638 : 1F8;
62639 : 1F8;
62640 : 1F8;
62641 : 1F8;
62642 : 1F8;
62643 : 1F8;
62644 : 1F8;
62645 : 1F8;
62646 : 1F8;
62647 : 1F8;
62648 : 1F8;
62649 : 1F8;
62650 : 1F8;
62651 : 1F8;
62652 : 110;
62653 : 110;
62654 : 1F8;
62655 : 1F8;
62656 : 1F8;
62657 : 1F8;
62658 : 1F8;
62659 : 1F8;
62660 : 1F8;
62661 : 1F8;
62662 : 1F8;
62663 : 1F8;
62664 : 1F8;
62665 : 1F8;
62666 : 1F8;
62667 : 1F8;
62668 : 1F8;
62669 : 1F8;
62670 : 1F8;
62671 : 1F8;
62672 : 1F8;
62673 : 1D8;
62674 : 1D8;
62675 : 1F8;
62676 : 1F8;
62677 : 1F8;
62678 : 1F8;
62679 : 1F8;
62680 : 1F8;
62681 : 1F8;
62682 : 1F8;
62683 : 1F8;
62684 : 1F8;
62685 : 1F8;
62686 : 1F8;
62687 : 1F8;
62688 : 1F8;
62689 : 1F8;
62690 : 1F8;
62691 : 1F8;
62692 : 1F8;
62693 : 1F8;
62694 : 1F8;
62695 : 1F8;
62696 : 1F8;
62697 : 1F8;
62698 : 1F8;
62699 : 1F8;
62700 : 1F8;
62701 : 1F8;
62702 : 1F8;
62703 : 1F8;
62704 : 1F8;
62705 : 1F8;
62706 : 1F8;
62707 : 1F8;
62708 : 1F8;
62709 : 1F8;
62710 : 1F8;
62711 : 1F8;
62712 : 1F8;
62713 : 1F8;
62714 : 1F8;
62715 : 1F8;
62716 : 1F8;
62717 : 1F8;
62718 : 1F8;
62719 : 1F8;
62720 : 1F8;
62721 : 1F8;
62722 : 1F8;
62723 : 1F8;
62724 : 1F8;
62725 : 1F8;
62726 : 1F8;
62727 : 1F8;
62728 : 1F8;
62729 : 1F8;
62730 : 1F8;
62731 : 1F8;
62732 : 1F8;
62733 : 1F8;
62734 : 1F8;
62735 : 1F8;
62736 : 1F8;
62737 : 1F8;
62738 : 1F8;
62739 : 1F8;
62740 : 1F8;
62741 : 1F8;
62742 : 1F8;
62743 : 1F8;
62744 : 1F8;
62745 : 1F8;
62746 : 1F8;
62747 : 1F8;
62748 : 1F8;
62749 : 1F8;
62750 : 1F8;
62751 : 1F8;
62752 : 1F8;
62753 : 1F8;
62754 : 1F8;
62755 : 1F8;
62756 : 1D8;
62757 : 1D8;
62758 : 1F8;
62759 : 1F8;
62760 : 1F8;
62761 : 1F8;
62762 : 1F8;
62763 : 1F8;
62764 : 1F8;
62765 : 1F8;
62766 : 1F8;
62767 : 1F8;
62768 : 1F8;
62769 : 1F8;
62770 : 1F8;
62771 : 1F8;
62772 : 1F8;
62773 : 1D8;
62774 : 1D8;
62775 : 1D8;
62776 : 1D8;
62777 : 1D8;
62778 : 1D8;
62779 : 1D8;
62780 : 110;
62781 : 110;
62782 : 110;
62783 : 110;
62784 : 110;
62785 : 1F8;
62786 : 1F8;
62787 : 1F8;
62788 : 1F8;
62789 : 1F8;
62790 : 1F8;
62791 : 1F8;
62792 : 1F8;
62793 : 1F8;
62794 : 1F8;
62795 : 1F8;
62796 : 1F8;
62797 : 1F8;
62798 : 1F8;
62799 : 1F8;
62800 : 1F8;
62801 : 1F8;
62802 : 1F8;
62803 : 1F8;
62804 : 1F8;
62805 : 1F8;
62806 : 1F8;
62807 : 1F8;
62808 : 1F8;
62809 : 1F8;
62810 : 1F8;
62811 : 1F8;
62812 : 1F8;
62813 : 1F8;
62814 : 1F8;
62815 : 1F8;
62816 : 1F8;
62817 : 1F8;
62818 : 1F8;
62819 : 1F8;
62820 : 1F8;
62821 : 1F8;
62822 : 1F8;
62823 : 1F8;
62824 : 1F8;
62825 : 1F8;
62826 : 1F8;
62827 : 1F8;
62828 : 1F8;
62829 : 1F8;
62830 : 1F8;
62831 : 1F8;
62832 : 1F8;
62833 : 1F8;
62834 : 1F8;
62835 : 1F8;
62836 : 1F8;
62837 : 1F8;
62838 : 1F8;
62839 : 1F8;
62840 : 1F8;
62841 : 1F8;
62842 : 1F8;
62843 : 1F8;
62844 : 1F8;
62845 : 1F8;
62846 : 1F8;
62847 : 1F8;
62848 : 1F8;
62849 : 1F8;
62850 : 1F8;
62851 : 1F8;
62852 : 1F8;
62853 : 1F8;
62854 : 1F8;
62855 : 1F8;
62856 : 1F8;
62857 : 1F8;
62858 : 1F8;
62859 : 1F8;
62860 : 1F8;
62861 : 1F8;
62862 : 1F8;
62863 : 1F8;
62864 : 1F8;
62865 : 1F8;
62866 : 1F8;
62867 : 1F8;
62868 : 1F8;
62869 : 1F8;
62870 : 1F8;
62871 : 1F8;
62872 : 1F8;
62873 : 1F8;
62874 : 1F8;
62875 : 1F8;
62876 : 1F8;
62877 : 1F8;
62878 : 1F8;
62879 : 1F8;
62880 : 1F8;
62881 : 1F8;
62882 : 1F8;
62883 : 1F8;
62884 : 1F8;
62885 : 1F8;
62886 : 1F8;
62887 : 1F8;
62888 : 1F8;
62889 : 1F8;
62890 : 1F8;
62891 : 1F8;
62892 : 1F8;
62893 : 1F8;
62894 : 1F8;
62895 : 1F8;
62896 : 1F8;
62897 : 1F8;
62898 : 1F8;
62899 : 1F8;
62900 : 1F8;
62901 : 1F8;
62902 : 1F8;
62903 : 1F8;
62904 : 1F8;
62905 : 1F8;
62906 : 1F8;
62907 : 1F8;
62908 : 1F8;
62909 : 1F8;
62910 : 1F8;
62911 : 1F8;
62912 : 1F8;
62913 : 1F8;
62914 : 1F8;
62915 : 1F8;
62916 : 1F8;
62917 : 1F8;
62918 : 1F8;
62919 : 1F8;
62920 : 1F8;
62921 : 1F8;
62922 : 1F8;
62923 : 1F8;
62924 : 1F8;
62925 : 1F8;
62926 : 1F8;
62927 : 1F8;
62928 : 1F8;
62929 : 1F8;
62930 : 1F8;
62931 : 1F8;
62932 : 1F8;
62933 : 1F8;
62934 : 1F8;
62935 : 1F8;
62936 : 1F8;
62937 : 1F8;
62938 : 1F8;
62939 : 1F8;
62940 : 1F8;
62941 : 1F8;
62942 : 1F8;
62943 : 1F8;
62944 : 1F8;
62945 : 1F8;
62946 : 1F8;
62947 : 1F8;
62948 : 1F8;
62949 : 1F8;
62950 : 1F8;
62951 : 1F8;
62952 : 1F8;
62953 : 1F8;
62954 : 1F8;
62955 : 1F8;
62956 : 1F8;
62957 : 1F8;
62958 : 1F8;
62959 : 1F8;
62960 : 1D8;
62961 : 1D8;
62962 : 1F8;
62963 : 1F8;
62964 : 1F8;
62965 : 1F8;
62966 : 1F8;
62967 : 1F8;
62968 : 1F8;
62969 : 1F8;
62970 : 1F8;
62971 : 1F8;
62972 : 110;
62973 : 110;
62974 : 1F8;
62975 : 1F8;
62976 : 1F8;
62977 : 1F8;
62978 : 1F8;
62979 : 1F8;
62980 : 1F8;
62981 : 1F8;
62982 : 1F8;
62983 : 1F8;
62984 : 1F8;
62985 : 1F8;
62986 : 1F8;
62987 : 1F8;
62988 : 1F8;
62989 : 1F8;
62990 : 1F8;
62991 : 1F8;
62992 : 1F8;
62993 : 1F8;
62994 : 1F8;
62995 : 1F8;
62996 : 1F8;
62997 : 1F8;
62998 : 1F8;
62999 : 1F8;
63000 : 1F8;
63001 : 1F8;
63002 : 1F8;
63003 : 1F8;
63004 : 1F8;
63005 : 1F8;
63006 : 1F8;
63007 : 1F8;
63008 : 1F8;
63009 : 1F8;
63010 : 1F8;
63011 : 1F8;
63012 : 1F8;
63013 : 1F8;
63014 : 1F8;
63015 : 1F8;
63016 : 1F8;
63017 : 1F8;
63018 : 1F8;
63019 : 1F8;
63020 : 1F8;
63021 : 1F8;
63022 : 1F8;
63023 : 1F8;
63024 : 1F8;
63025 : 1F8;
63026 : 1F8;
63027 : 1F8;
63028 : 1F8;
63029 : 1F8;
63030 : 1F8;
63031 : 1F8;
63032 : 1F8;
63033 : 1F8;
63034 : 1F8;
63035 : 1F8;
63036 : 1F8;
63037 : 1F8;
63038 : 1F8;
63039 : 1F8;
63040 : 1F8;
63041 : 1F8;
63042 : 1F8;
63043 : 1F8;
63044 : 1F8;
63045 : 1F8;
63046 : 1F8;
63047 : 1F8;
63048 : 1F8;
63049 : 1F8;
63050 : 1F8;
63051 : 1F8;
63052 : 1F8;
63053 : 1F8;
63054 : 1F8;
63055 : 1F8;
63056 : 1F8;
63057 : 1F8;
63058 : 1F8;
63059 : 1F8;
63060 : 1F8;
63061 : 1F8;
63062 : 1F8;
63063 : 1F8;
63064 : 1F8;
63065 : 1F8;
63066 : 1F8;
63067 : 1F8;
63068 : 1F8;
63069 : 1F8;
63070 : 1F8;
63071 : 1F8;
63072 : 1F8;
63073 : 1F8;
63074 : 1F8;
63075 : 1F8;
63076 : 1F8;
63077 : 1F8;
63078 : 1F8;
63079 : 1F8;
63080 : 1F8;
63081 : 1D8;
63082 : 1D8;
63083 : 1F8;
63084 : 1F8;
63085 : 1F8;
63086 : 1F8;
63087 : 1F8;
63088 : 1F8;
63089 : 1F8;
63090 : 1F8;
63091 : 1F8;
63092 : 1F8;
63093 : 1D8;
63094 : 1D8;
63095 : 110;
63096 : 1D8;
63097 : 1D8;
63098 : 1D8;
63099 : 1D8;
63100 : 110;
63101 : 110;
63102 : 110;
63103 : 110;
63104 : 1F8;
63105 : 1F8;
63106 : 1F8;
63107 : 1F8;
63108 : 1F8;
63109 : 1F8;
63110 : 1F8;
63111 : 1F8;
63112 : 1F8;
63113 : 1F8;
63114 : 1F8;
63115 : 1F8;
63116 : 1F8;
63117 : 1F8;
63118 : 1F8;
63119 : 1F8;
63120 : 1F8;
63121 : 1F8;
63122 : 1F8;
63123 : 1F8;
63124 : 1F8;
63125 : 1F8;
63126 : 1F8;
63127 : 1F8;
63128 : 1F8;
63129 : 1F8;
63130 : 1F8;
63131 : 1F8;
63132 : 1F8;
63133 : 1F8;
63134 : 1F8;
63135 : 1F8;
63136 : 1F8;
63137 : 1F8;
63138 : 1F8;
63139 : 1F8;
63140 : 1F8;
63141 : 1F8;
63142 : 1F8;
63143 : 1F8;
63144 : 1F8;
63145 : 1F8;
63146 : 1F8;
63147 : 1F8;
63148 : 1F8;
63149 : 1F8;
63150 : 1F8;
63151 : 1F8;
63152 : 1F8;
63153 : 1F8;
63154 : 1F8;
63155 : 1F8;
63156 : 1F8;
63157 : 1F8;
63158 : 1F8;
63159 : 1F8;
63160 : 1F8;
63161 : 1F8;
63162 : 1F8;
63163 : 1F8;
63164 : 1F8;
63165 : 1F8;
63166 : 1F8;
63167 : 1F8;
63168 : 1F8;
63169 : 1F8;
63170 : 1F8;
63171 : 1F8;
63172 : 1F8;
63173 : 1F8;
63174 : 1F8;
63175 : 1F8;
63176 : 1F8;
63177 : 1F8;
63178 : 1F8;
63179 : 1F8;
63180 : 1F8;
63181 : 1F8;
63182 : 1F8;
63183 : 1F8;
63184 : 1F8;
63185 : 1F8;
63186 : 1F8;
63187 : 1F8;
63188 : 1F8;
63189 : 1F8;
63190 : 1F8;
63191 : 1F8;
63192 : 1F8;
63193 : 1F8;
63194 : 1F8;
63195 : 1F8;
63196 : 1F8;
63197 : 1F8;
63198 : 1F8;
63199 : 1F8;
63200 : 1F8;
63201 : 1F8;
63202 : 1F8;
63203 : 1F8;
63204 : 1F8;
63205 : 1F8;
63206 : 1F8;
63207 : 1F8;
63208 : 1F8;
63209 : 1F8;
63210 : 1F8;
63211 : 1F8;
63212 : 1F8;
63213 : 1F8;
63214 : 1F8;
63215 : 1F8;
63216 : 1F8;
63217 : 1F8;
63218 : 1F8;
63219 : 1F8;
63220 : 1F8;
63221 : 1F8;
63222 : 1F8;
63223 : 1F8;
63224 : 1F8;
63225 : 1F8;
63226 : 1F8;
63227 : 1F8;
63228 : 1F8;
63229 : 1F8;
63230 : 1F8;
63231 : 1F8;
63232 : 1F8;
63233 : 1F8;
63234 : 1F8;
63235 : 1F8;
63236 : 1F8;
63237 : 1F8;
63238 : 1F8;
63239 : 1F8;
63240 : 1F8;
63241 : 1F8;
63242 : 1F8;
63243 : 1F8;
63244 : 1F8;
63245 : 1F8;
63246 : 1F8;
63247 : 1F8;
63248 : 1F8;
63249 : 1F8;
63250 : 1F8;
63251 : 1F8;
63252 : 1F8;
63253 : 1F8;
63254 : 1F8;
63255 : 1F8;
63256 : 1F8;
63257 : 1F8;
63258 : 1F8;
63259 : 1F8;
63260 : 1F8;
63261 : 1F8;
63262 : 1F8;
63263 : 1F8;
63264 : 1F8;
63265 : 1F8;
63266 : 1F8;
63267 : 1F8;
63268 : 1F8;
63269 : 1F8;
63270 : 1F8;
63271 : 1F8;
63272 : 1F8;
63273 : 1F8;
63274 : 1F8;
63275 : 1F8;
63276 : 1F8;
63277 : 1F8;
63278 : 1F8;
63279 : 1F8;
63280 : 1F8;
63281 : 1F8;
63282 : 1F8;
63283 : 1F8;
63284 : 1F8;
63285 : 1F8;
63286 : 1F8;
63287 : 1F8;
63288 : 1F8;
63289 : 1F8;
63290 : 1F8;
63291 : 1F8;
63292 : 110;
63293 : 110;
63294 : 1F8;
63295 : 1F8;
63296 : 1F8;
63297 : 1F8;
63298 : 1F8;
63299 : 1F8;
63300 : 1F8;
63301 : 1F8;
63302 : 1F8;
63303 : 1F8;
63304 : 1F8;
63305 : 1F8;
63306 : 1F8;
63307 : 1F8;
63308 : 1F8;
63309 : 1F8;
63310 : 1F8;
63311 : 1F8;
63312 : 1F8;
63313 : 1F8;
63314 : 1F8;
63315 : 1F8;
63316 : 1F8;
63317 : 1F8;
63318 : 1F8;
63319 : 1F8;
63320 : 1F8;
63321 : 1F8;
63322 : 1F8;
63323 : 1F8;
63324 : 1F8;
63325 : 1F8;
63326 : 1F8;
63327 : 1F8;
63328 : 1F8;
63329 : 1F8;
63330 : 1F8;
63331 : 1F8;
63332 : 1F8;
63333 : 1F8;
63334 : 1F8;
63335 : 1F8;
63336 : 1F8;
63337 : 1F8;
63338 : 1F8;
63339 : 1F8;
63340 : 1F8;
63341 : 1F8;
63342 : 1F8;
63343 : 1F8;
63344 : 1F8;
63345 : 1F8;
63346 : 1F8;
63347 : 1F8;
63348 : 1F8;
63349 : 1F8;
63350 : 1F8;
63351 : 1F8;
63352 : 1F8;
63353 : 1F8;
63354 : 1F8;
63355 : 1F8;
63356 : 1F8;
63357 : 1F8;
63358 : 1F8;
63359 : 1F8;
63360 : 1F8;
63361 : 1F8;
63362 : 1D8;
63363 : 1D8;
63364 : 1F8;
63365 : 1F8;
63366 : 1F8;
63367 : 1F8;
63368 : 1F8;
63369 : 1F8;
63370 : 1F8;
63371 : 1F8;
63372 : 1F8;
63373 : 1F8;
63374 : 1F8;
63375 : 1F8;
63376 : 1F8;
63377 : 1F8;
63378 : 1F8;
63379 : 1F8;
63380 : 1F8;
63381 : 1F8;
63382 : 1F8;
63383 : 1F8;
63384 : 1F8;
63385 : 1F8;
63386 : 1F8;
63387 : 1F8;
63388 : 1F8;
63389 : 1F8;
63390 : 1F8;
63391 : 1F8;
63392 : 1F8;
63393 : 1F8;
63394 : 1F8;
63395 : 1F8;
63396 : 1F8;
63397 : 1F8;
63398 : 1F8;
63399 : 1F8;
63400 : 1F8;
63401 : 1F8;
63402 : 1F8;
63403 : 1F8;
63404 : 1F8;
63405 : 1F8;
63406 : 1F8;
63407 : 1F8;
63408 : 1F8;
63409 : 1F8;
63410 : 1F8;
63411 : 1F8;
63412 : 1F8;
63413 : 1D8;
63414 : 1D8;
63415 : 1D8;
63416 : 110;
63417 : 110;
63418 : 1D8;
63419 : 1D8;
63420 : 110;
63421 : 110;
63422 : 110;
63423 : 110;
63424 : 1F8;
63425 : 1F8;
63426 : 1F8;
63427 : 1F8;
63428 : 1F8;
63429 : 1F8;
63430 : 1F8;
63431 : 1F8;
63432 : 1F8;
63433 : 1F8;
63434 : 1F8;
63435 : 1F8;
63436 : 1F8;
63437 : 1F8;
63438 : 1F8;
63439 : 1F8;
63440 : 1F8;
63441 : 1F8;
63442 : 1F8;
63443 : 1F8;
63444 : 1F8;
63445 : 1F8;
63446 : 1F8;
63447 : 1F8;
63448 : 1F8;
63449 : 1F8;
63450 : 1F8;
63451 : 1F8;
63452 : 1F8;
63453 : 1F8;
63454 : 1F8;
63455 : 1F8;
63456 : 1F8;
63457 : 1F8;
63458 : 1F8;
63459 : 1F8;
63460 : 1F8;
63461 : 1F8;
63462 : 1F8;
63463 : 1F8;
63464 : 1F8;
63465 : 1F8;
63466 : 1F8;
63467 : 1F8;
63468 : 1F8;
63469 : 1F8;
63470 : 1F8;
63471 : 1F8;
63472 : 1F8;
63473 : 1F8;
63474 : 1F8;
63475 : 1F8;
63476 : 1F8;
63477 : 1F8;
63478 : 1F8;
63479 : 1F8;
63480 : 1F8;
63481 : 1F8;
63482 : 1F8;
63483 : 1F8;
63484 : 1F8;
63485 : 1F8;
63486 : 1F8;
63487 : 1F8;
63488 : 1F8;
63489 : 1F8;
63490 : 1F8;
63491 : 1F8;
63492 : 1F8;
63493 : 1F8;
63494 : 1F8;
63495 : 1F8;
63496 : 1F8;
63497 : 1F8;
63498 : 1F8;
63499 : 1F8;
63500 : 1F8;
63501 : 1F8;
63502 : 1F8;
63503 : 1F8;
63504 : 1F8;
63505 : 1F8;
63506 : 1F8;
63507 : 1F8;
63508 : 1F8;
63509 : 1F8;
63510 : 1F8;
63511 : 1F8;
63512 : 1F8;
63513 : 1F8;
63514 : 1F8;
63515 : 1F8;
63516 : 1F8;
63517 : 1F8;
63518 : 1F8;
63519 : 1F8;
63520 : 1F8;
63521 : 1F8;
63522 : 1F8;
63523 : 1F8;
63524 : 1F8;
63525 : 1F8;
63526 : 1F8;
63527 : 1F8;
63528 : 1F8;
63529 : 1F8;
63530 : 1F8;
63531 : 1F8;
63532 : 1F8;
63533 : 1F8;
63534 : 1F8;
63535 : 1F8;
63536 : 1F8;
63537 : 1F8;
63538 : 1F8;
63539 : 1F8;
63540 : 1F8;
63541 : 1D8;
63542 : 1D8;
63543 : 1F8;
63544 : 1F8;
63545 : 1F8;
63546 : 1F8;
63547 : 1F8;
63548 : 1F8;
63549 : 1F8;
63550 : 1F8;
63551 : 1F8;
63552 : 1F8;
63553 : 1F8;
63554 : 1F8;
63555 : 1F8;
63556 : 1F8;
63557 : 1F8;
63558 : 1F8;
63559 : 1F8;
63560 : 1F8;
63561 : 1F8;
63562 : 1F8;
63563 : 1F8;
63564 : 1F8;
63565 : 1F8;
63566 : 1F8;
63567 : 1F8;
63568 : 1F8;
63569 : 1F8;
63570 : 1F8;
63571 : 1F8;
63572 : 1F8;
63573 : 1F8;
63574 : 1F8;
63575 : 1F8;
63576 : 1F8;
63577 : 1F8;
63578 : 1F8;
63579 : 1F8;
63580 : 1F8;
63581 : 1F8;
63582 : 1F8;
63583 : 1F8;
63584 : 1D8;
63585 : 1D8;
63586 : 1F8;
63587 : 1F8;
63588 : 1F8;
63589 : 1F8;
63590 : 1F8;
63591 : 1F8;
63592 : 1F8;
63593 : 1F8;
63594 : 1F8;
63595 : 1F8;
63596 : 1F8;
63597 : 1F8;
63598 : 1F8;
63599 : 1F8;
63600 : 1F8;
63601 : 1F8;
63602 : 1F8;
63603 : 1F8;
63604 : 1F8;
63605 : 1F8;
63606 : 1F8;
63607 : 1F8;
63608 : 1F8;
63609 : 1F8;
63610 : 1F8;
63611 : 1F8;
63612 : 110;
63613 : 110;
63614 : 1F8;
63615 : 1F8;
63616 : 1F8;
63617 : 1F8;
63618 : 1F8;
63619 : 1F8;
63620 : 1F8;
63621 : 1F8;
63622 : 1F8;
63623 : 1F8;
63624 : 1F8;
63625 : 1F8;
63626 : 1F8;
63627 : 1F8;
63628 : 1F8;
63629 : 1F8;
63630 : 1F8;
63631 : 1F8;
63632 : 1F8;
63633 : 1F8;
63634 : 1F8;
63635 : 1F8;
63636 : 1F8;
63637 : 1F8;
63638 : 1F8;
63639 : 1F8;
63640 : 1F8;
63641 : 1F8;
63642 : 1F8;
63643 : 1F8;
63644 : 1F8;
63645 : 1F8;
63646 : 1F8;
63647 : 1F8;
63648 : 1F8;
63649 : 1F8;
63650 : 1F8;
63651 : 1F8;
63652 : 1F8;
63653 : 1F8;
63654 : 1F8;
63655 : 1F8;
63656 : 1F8;
63657 : 1F8;
63658 : 1F8;
63659 : 1F8;
63660 : 1F8;
63661 : 1F8;
63662 : 1F8;
63663 : 1F8;
63664 : 1F8;
63665 : 1F8;
63666 : 1F8;
63667 : 1F8;
63668 : 1F8;
63669 : 1F8;
63670 : 1F8;
63671 : 1F8;
63672 : 1F8;
63673 : 1F8;
63674 : 1F8;
63675 : 1F8;
63676 : 1F8;
63677 : 1F8;
63678 : 1F8;
63679 : 1F8;
63680 : 1F8;
63681 : 1F8;
63682 : 1F8;
63683 : 1F8;
63684 : 1F8;
63685 : 1F8;
63686 : 1F8;
63687 : 1F8;
63688 : 1F8;
63689 : 1F8;
63690 : 1D8;
63691 : 1D8;
63692 : 1F8;
63693 : 1F8;
63694 : 1F8;
63695 : 1F8;
63696 : 1F8;
63697 : 1F8;
63698 : 1F8;
63699 : 1F8;
63700 : 1F8;
63701 : 1F8;
63702 : 1F8;
63703 : 1F8;
63704 : 1F8;
63705 : 1F8;
63706 : 1F8;
63707 : 1F8;
63708 : 1F8;
63709 : 1F8;
63710 : 1F8;
63711 : 1F8;
63712 : 1F8;
63713 : 1F8;
63714 : 1F8;
63715 : 1F8;
63716 : 1F8;
63717 : 1F8;
63718 : 1F8;
63719 : 1F8;
63720 : 1F8;
63721 : 1F8;
63722 : 1F8;
63723 : 1F8;
63724 : 1F8;
63725 : 1F8;
63726 : 1F8;
63727 : 1D8;
63728 : 1D8;
63729 : 1F8;
63730 : 1F8;
63731 : 1F8;
63732 : 110;
63733 : 1D8;
63734 : 1D8;
63735 : 1D8;
63736 : 1D8;
63737 : 1D8;
63738 : 110;
63739 : 110;
63740 : 110;
63741 : 110;
63742 : 110;
63743 : 110;
63744 : 1F8;
63745 : 1F8;
63746 : 1F8;
63747 : 1F8;
63748 : 1F8;
63749 : 1F8;
63750 : 1F8;
63751 : 1F8;
63752 : 1F8;
63753 : 1F8;
63754 : 1F8;
63755 : 1F8;
63756 : 1F8;
63757 : 1F8;
63758 : 1F8;
63759 : 1F8;
63760 : 1F8;
63761 : 1F8;
63762 : 1F8;
63763 : 1F8;
63764 : 1F8;
63765 : 1F8;
63766 : 1F8;
63767 : 1F8;
63768 : 1F8;
63769 : 1F8;
63770 : 1F8;
63771 : 1F8;
63772 : 1F8;
63773 : 1F8;
63774 : 1F8;
63775 : 1F8;
63776 : 1F8;
63777 : 1F8;
63778 : 1F8;
63779 : 1F8;
63780 : 1F8;
63781 : 1F8;
63782 : 1F8;
63783 : 1F8;
63784 : 1F8;
63785 : 1F8;
63786 : 1F8;
63787 : 1F8;
63788 : 1F8;
63789 : 1F8;
63790 : 1F8;
63791 : 1F8;
63792 : 1F8;
63793 : 1F8;
63794 : 1F8;
63795 : 1F8;
63796 : 1F8;
63797 : 1F8;
63798 : 1F8;
63799 : 1F8;
63800 : 1F8;
63801 : 1F8;
63802 : 1F8;
63803 : 1F8;
63804 : 1F8;
63805 : 1F8;
63806 : 1F8;
63807 : 1F8;
63808 : 1F8;
63809 : 1F8;
63810 : 1F8;
63811 : 1F8;
63812 : 1F8;
63813 : 1F8;
63814 : 1F8;
63815 : 1F8;
63816 : 1F8;
63817 : 1F8;
63818 : 1F8;
63819 : 1F8;
63820 : 1F8;
63821 : 1F8;
63822 : 1F8;
63823 : 1F8;
63824 : 1F8;
63825 : 1F8;
63826 : 1F8;
63827 : 1F8;
63828 : 1F8;
63829 : 1F8;
63830 : 1F8;
63831 : 1F8;
63832 : 1F8;
63833 : 1F8;
63834 : 1F8;
63835 : 1F8;
63836 : 1F8;
63837 : 1F8;
63838 : 1F8;
63839 : 1F8;
63840 : 1F8;
63841 : 1F8;
63842 : 1F8;
63843 : 1F8;
63844 : 1F8;
63845 : 1F8;
63846 : 1F8;
63847 : 1F8;
63848 : 1F8;
63849 : 1F8;
63850 : 1F8;
63851 : 1F8;
63852 : 1F8;
63853 : 1F8;
63854 : 1F8;
63855 : 1F8;
63856 : 1F8;
63857 : 1F8;
63858 : 1F8;
63859 : 1F8;
63860 : 1F8;
63861 : 1F8;
63862 : 1F8;
63863 : 1F8;
63864 : 1F8;
63865 : 1F8;
63866 : 1F8;
63867 : 1F8;
63868 : 1F8;
63869 : 1F8;
63870 : 1F8;
63871 : 1F8;
63872 : 1F8;
63873 : 1F8;
63874 : 1F8;
63875 : 1F8;
63876 : 1F8;
63877 : 1F8;
63878 : 1F8;
63879 : 1F8;
63880 : 1F8;
63881 : 1F8;
63882 : 1F8;
63883 : 1F8;
63884 : 1F8;
63885 : 1F8;
63886 : 1F8;
63887 : 1F8;
63888 : 1F8;
63889 : 1F8;
63890 : 1F8;
63891 : 1F8;
63892 : 1F8;
63893 : 1F8;
63894 : 1F8;
63895 : 1F8;
63896 : 1F8;
63897 : 1F8;
63898 : 1F8;
63899 : 1F8;
63900 : 1F8;
63901 : 1F8;
63902 : 1F8;
63903 : 1F8;
63904 : 1F8;
63905 : 1F8;
63906 : 1F8;
63907 : 1F8;
63908 : 1F8;
63909 : 1F8;
63910 : 1F8;
63911 : 1F8;
63912 : 1F8;
63913 : 1F8;
63914 : 1F8;
63915 : 1F8;
63916 : 1F8;
63917 : 1F8;
63918 : 1F8;
63919 : 1F8;
63920 : 1F8;
63921 : 1F8;
63922 : 1F8;
63923 : 1F8;
63924 : 1F8;
63925 : 1F8;
63926 : 1F8;
63927 : 1F8;
63928 : 1F8;
63929 : 1F8;
63930 : 1F8;
63931 : 1F8;
63932 : 110;
63933 : 110;
63934 : 1F8;
63935 : 1F8;
63936 : 1F8;
63937 : 1F8;
63938 : 1F8;
63939 : 1F8;
63940 : 1F8;
63941 : 1F8;
63942 : 1F8;
63943 : 1F8;
63944 : 1F8;
63945 : 1F8;
63946 : 1F8;
63947 : 1F8;
63948 : 1F8;
63949 : 1F8;
63950 : 1F8;
63951 : 1F8;
63952 : 1F8;
63953 : 1F8;
63954 : 1F8;
63955 : 1F8;
63956 : 1F8;
63957 : 1F8;
63958 : 1F8;
63959 : 1D8;
63960 : 1D8;
63961 : 1F8;
63962 : 1F8;
63963 : 1F8;
63964 : 1F8;
63965 : 1F8;
63966 : 1F8;
63967 : 1F8;
63968 : 1F8;
63969 : 1F8;
63970 : 1F8;
63971 : 1F8;
63972 : 1F8;
63973 : 1F8;
63974 : 1F8;
63975 : 1F8;
63976 : 1F8;
63977 : 1F8;
63978 : 1F8;
63979 : 1F8;
63980 : 1F8;
63981 : 1F8;
63982 : 1F8;
63983 : 1F8;
63984 : 1F8;
63985 : 1F8;
63986 : 1F8;
63987 : 1F8;
63988 : 1F8;
63989 : 1F8;
63990 : 1F8;
63991 : 1F8;
63992 : 1F8;
63993 : 1F8;
63994 : 1F8;
63995 : 1F8;
63996 : 1F8;
63997 : 1F8;
63998 : 1F8;
63999 : 1F8;
64000 : 1F8;
64001 : 1D8;
64002 : 1D8;
64003 : 1F8;
64004 : 1F8;
64005 : 1F8;
64006 : 1F8;
64007 : 1F8;
64008 : 1F8;
64009 : 1F8;
64010 : 1F8;
64011 : 1F8;
64012 : 1F8;
64013 : 1F8;
64014 : 1F8;
64015 : 1F8;
64016 : 1F8;
64017 : 1F8;
64018 : 1F8;
64019 : 1F8;
64020 : 1F8;
64021 : 1F8;
64022 : 1F8;
64023 : 1F8;
64024 : 1F8;
64025 : 1F8;
64026 : 1F8;
64027 : 1F8;
64028 : 1F8;
64029 : 1F8;
64030 : 1F8;
64031 : 1F8;
64032 : 1F8;
64033 : 1F8;
64034 : 1F8;
64035 : 1F8;
64036 : 1F8;
64037 : 1F8;
64038 : 1F8;
64039 : 1F8;
64040 : 1F8;
64041 : 1F8;
64042 : 1F8;
64043 : 1F8;
64044 : 1F8;
64045 : 1F8;
64046 : 1F8;
64047 : 1F8;
64048 : 1F8;
64049 : 1F8;
64050 : 1F8;
64051 : 1F8;
64052 : 1D8;
64053 : 1D8;
64054 : 1D8;
64055 : 1D8;
64056 : 1D8;
64057 : 1D8;
64058 : 1D8;
64059 : 110;
64060 : 110;
64061 : 110;
64062 : 110;
64063 : 110;
64064 : 1F8;
64065 : 1F8;
64066 : 1F8;
64067 : 1F8;
64068 : 1F8;
64069 : 1F8;
64070 : 1F8;
64071 : 1F8;
64072 : 1F8;
64073 : 1F8;
64074 : 1F8;
64075 : 1F8;
64076 : 1F8;
64077 : 1F8;
64078 : 1F8;
64079 : 1F8;
64080 : 1F8;
64081 : 1F8;
64082 : 1F8;
64083 : 1F8;
64084 : 1F8;
64085 : 1F8;
64086 : 1F8;
64087 : 1F8;
64088 : 1F8;
64089 : 1F8;
64090 : 1F8;
64091 : 1F8;
64092 : 1F8;
64093 : 1F8;
64094 : 1F8;
64095 : 1F8;
64096 : 1F8;
64097 : 1F8;
64098 : 1F8;
64099 : 1F8;
64100 : 1F8;
64101 : 1F8;
64102 : 1F8;
64103 : 1F8;
64104 : 1F8;
64105 : 1F8;
64106 : 1F8;
64107 : 1F8;
64108 : 1F8;
64109 : 1F8;
64110 : 1F8;
64111 : 1F8;
64112 : 1F8;
64113 : 1F8;
64114 : 1F8;
64115 : 1F8;
64116 : 1F8;
64117 : 1F8;
64118 : 1F8;
64119 : 1F8;
64120 : 1F8;
64121 : 1F8;
64122 : 1F8;
64123 : 1F8;
64124 : 1F8;
64125 : 1F8;
64126 : 1F8;
64127 : 1F8;
64128 : 1F8;
64129 : 1F8;
64130 : 1F8;
64131 : 1F8;
64132 : 1F8;
64133 : 1F8;
64134 : 1F8;
64135 : 1F8;
64136 : 1F8;
64137 : 1F8;
64138 : 1F8;
64139 : 1F8;
64140 : 1F8;
64141 : 1F8;
64142 : 1F8;
64143 : 1F8;
64144 : 1F8;
64145 : 1F8;
64146 : 1F8;
64147 : 1F8;
64148 : 1F8;
64149 : 1F8;
64150 : 1F8;
64151 : 1F8;
64152 : 1F8;
64153 : 1F8;
64154 : 1F8;
64155 : 1F8;
64156 : 1F8;
64157 : 1F8;
64158 : 1F8;
64159 : 1F8;
64160 : 1F8;
64161 : 1F8;
64162 : 1F8;
64163 : 1F8;
64164 : 1F8;
64165 : 1F8;
64166 : 1F8;
64167 : 1F8;
64168 : 1F8;
64169 : 1F8;
64170 : 1F8;
64171 : 1F8;
64172 : 1F8;
64173 : 1D8;
64174 : 1D8;
64175 : 1F8;
64176 : 1F8;
64177 : 1F8;
64178 : 1F8;
64179 : 1F8;
64180 : 1F8;
64181 : 1F8;
64182 : 1F8;
64183 : 1F8;
64184 : 1F8;
64185 : 1F8;
64186 : 1F8;
64187 : 1F8;
64188 : 1F8;
64189 : 1F8;
64190 : 1F8;
64191 : 1F8;
64192 : 1F8;
64193 : 1F8;
64194 : 1F8;
64195 : 1F8;
64196 : 1F8;
64197 : 1F8;
64198 : 1F8;
64199 : 1F8;
64200 : 1F8;
64201 : 1F8;
64202 : 1F8;
64203 : 1F8;
64204 : 1F8;
64205 : 1F8;
64206 : 1F8;
64207 : 1F8;
64208 : 1F8;
64209 : 1F8;
64210 : 1F8;
64211 : 1F8;
64212 : 1F8;
64213 : 1F8;
64214 : 1F8;
64215 : 1F8;
64216 : 1F8;
64217 : 1F8;
64218 : 1F8;
64219 : 1F8;
64220 : 1F8;
64221 : 1F8;
64222 : 1F8;
64223 : 1F8;
64224 : 1F8;
64225 : 1F8;
64226 : 1F8;
64227 : 1F8;
64228 : 1F8;
64229 : 1F8;
64230 : 1F8;
64231 : 1F8;
64232 : 1F8;
64233 : 1F8;
64234 : 1F8;
64235 : 1F8;
64236 : 1F8;
64237 : 1F8;
64238 : 1F8;
64239 : 1F8;
64240 : 1F8;
64241 : 1F8;
64242 : 1F8;
64243 : 1F8;
64244 : 1F8;
64245 : 1F8;
64246 : 1F8;
64247 : 1F8;
64248 : 1F8;
64249 : 1F8;
64250 : 1F8;
64251 : 1F8;
64252 : 110;
64253 : 110;
64254 : 1F8;
64255 : 1F8;
64256 : 1F8;
64257 : 1F8;
64258 : 1F8;
64259 : 1F8;
64260 : 1F8;
64261 : 1F8;
64262 : 1F8;
64263 : 1F8;
64264 : 1F8;
64265 : 1F8;
64266 : 1F8;
64267 : 1F8;
64268 : 1F8;
64269 : 1F8;
64270 : 1F8;
64271 : 1F8;
64272 : 1F8;
64273 : 1F8;
64274 : 1F8;
64275 : 1F8;
64276 : 1F8;
64277 : 1F8;
64278 : 1F8;
64279 : 1F8;
64280 : 1F8;
64281 : 1F8;
64282 : 1F8;
64283 : 1F8;
64284 : 1F8;
64285 : 1F8;
64286 : 1F8;
64287 : 1F8;
64288 : 1F8;
64289 : 1F8;
64290 : 1F8;
64291 : 1F8;
64292 : 1F8;
64293 : 1F8;
64294 : 1F8;
64295 : 1F8;
64296 : 1F8;
64297 : 1F8;
64298 : 1F8;
64299 : 1F8;
64300 : 1F8;
64301 : 1F8;
64302 : 1F8;
64303 : 1F8;
64304 : 1F8;
64305 : 1F8;
64306 : 1F8;
64307 : 1F8;
64308 : 1F8;
64309 : 1F8;
64310 : 1F8;
64311 : 1F8;
64312 : 1F8;
64313 : 1F8;
64314 : 1F8;
64315 : 1F8;
64316 : 1F8;
64317 : 1F8;
64318 : 1F8;
64319 : 1F8;
64320 : 1F8;
64321 : 1F8;
64322 : 1F8;
64323 : 1F8;
64324 : 1F8;
64325 : 1F8;
64326 : 1F8;
64327 : 1F8;
64328 : 1F8;
64329 : 1F8;
64330 : 1F8;
64331 : 1F8;
64332 : 1F8;
64333 : 1F8;
64334 : 1F8;
64335 : 1F8;
64336 : 1F8;
64337 : 1F8;
64338 : 1F8;
64339 : 1F8;
64340 : 1F8;
64341 : 1F8;
64342 : 1F8;
64343 : 1F8;
64344 : 1F8;
64345 : 1F8;
64346 : 1F8;
64347 : 1F8;
64348 : 1F8;
64349 : 1F8;
64350 : 1F8;
64351 : 1F8;
64352 : 1F8;
64353 : 1F8;
64354 : 1F8;
64355 : 1F8;
64356 : 1F8;
64357 : 1F8;
64358 : 1F8;
64359 : 1F8;
64360 : 1F8;
64361 : 1F8;
64362 : 1F8;
64363 : 1F8;
64364 : 1F8;
64365 : 1F8;
64366 : 1F8;
64367 : 1F8;
64368 : 1F8;
64369 : 1F8;
64370 : 1F8;
64371 : 1F8;
64372 : 1D8;
64373 : 1D8;
64374 : 1D8;
64375 : 1D8;
64376 : 1D8;
64377 : 1D8;
64378 : 1D8;
64379 : 110;
64380 : 110;
64381 : 110;
64382 : 110;
64383 : 110;
64384 : 1F8;
64385 : 1F8;
64386 : 1F8;
64387 : 1F8;
64388 : 1F8;
64389 : 1F8;
64390 : 1F8;
64391 : 1F8;
64392 : 1F8;
64393 : 1F8;
64394 : 1F8;
64395 : 1F8;
64396 : 1F8;
64397 : 1F8;
64398 : 1F8;
64399 : 1F8;
64400 : 1F8;
64401 : 1F8;
64402 : 1F8;
64403 : 1F8;
64404 : 1F8;
64405 : 1F8;
64406 : 1F8;
64407 : 1F8;
64408 : 1F8;
64409 : 1F8;
64410 : 1F8;
64411 : 1F8;
64412 : 1F8;
64413 : 1F8;
64414 : 1F8;
64415 : 1F8;
64416 : 1F8;
64417 : 1F8;
64418 : 1F8;
64419 : 1F8;
64420 : 1F8;
64421 : 1F8;
64422 : 1F8;
64423 : 1F8;
64424 : 1F8;
64425 : 1F8;
64426 : 1F8;
64427 : 1F8;
64428 : 1F8;
64429 : 1F8;
64430 : 1F8;
64431 : 1F8;
64432 : 1F8;
64433 : 1F8;
64434 : 1F8;
64435 : 1F8;
64436 : 1F8;
64437 : 1F8;
64438 : 1F8;
64439 : 1F8;
64440 : 1F8;
64441 : 1F8;
64442 : 1F8;
64443 : 1F8;
64444 : 1F8;
64445 : 1F8;
64446 : 1F8;
64447 : 1F8;
64448 : 1F8;
64449 : 1F8;
64450 : 1F8;
64451 : 1F8;
64452 : 1F8;
64453 : 1F8;
64454 : 1F8;
64455 : 1F8;
64456 : 1F8;
64457 : 1F8;
64458 : 1F8;
64459 : 1F8;
64460 : 1F8;
64461 : 1D8;
64462 : 1D8;
64463 : 1F8;
64464 : 1F8;
64465 : 1F8;
64466 : 1F8;
64467 : 1F8;
64468 : 1F8;
64469 : 1F8;
64470 : 1F8;
64471 : 1F8;
64472 : 1F8;
64473 : 1F8;
64474 : 1F8;
64475 : 1F8;
64476 : 1F8;
64477 : 1F8;
64478 : 1F8;
64479 : 1F8;
64480 : 1F8;
64481 : 1F8;
64482 : 1F8;
64483 : 1F8;
64484 : 1F8;
64485 : 1F8;
64486 : 1F8;
64487 : 1F8;
64488 : 1F8;
64489 : 1F8;
64490 : 1F8;
64491 : 1F8;
64492 : 1F8;
64493 : 1F8;
64494 : 1F8;
64495 : 1F8;
64496 : 1F8;
64497 : 1F8;
64498 : 1F8;
64499 : 1F8;
64500 : 1F8;
64501 : 1F8;
64502 : 1F8;
64503 : 1F8;
64504 : 1F8;
64505 : 1F8;
64506 : 1F8;
64507 : 1F8;
64508 : 1F8;
64509 : 1F8;
64510 : 1F8;
64511 : 1F8;
64512 : 1F8;
64513 : 1F8;
64514 : 1F8;
64515 : 1F8;
64516 : 1F8;
64517 : 1F8;
64518 : 1F8;
64519 : 1F8;
64520 : 1F8;
64521 : 1F8;
64522 : 1F8;
64523 : 1F8;
64524 : 1F8;
64525 : 1F8;
64526 : 1F8;
64527 : 1F8;
64528 : 1F8;
64529 : 1F8;
64530 : 1F8;
64531 : 1F8;
64532 : 1F8;
64533 : 1F8;
64534 : 1F8;
64535 : 1F8;
64536 : 1F8;
64537 : 1F8;
64538 : 1F8;
64539 : 1F8;
64540 : 1F8;
64541 : 1F8;
64542 : 1F8;
64543 : 1F8;
64544 : 1F8;
64545 : 1F8;
64546 : 1F8;
64547 : 1F8;
64548 : 1F8;
64549 : 1F8;
64550 : 1F8;
64551 : 1F8;
64552 : 1F8;
64553 : 1F8;
64554 : 1F8;
64555 : 1F8;
64556 : 1F8;
64557 : 1F8;
64558 : 1F8;
64559 : 1F8;
64560 : 1F8;
64561 : 1F8;
64562 : 1F8;
64563 : 1F8;
64564 : 1F8;
64565 : 1F8;
64566 : 1F8;
64567 : 1F8;
64568 : 1F8;
64569 : 1F8;
64570 : 1F8;
64571 : 1F8;
64572 : 110;
64573 : 110;
64574 : 1F8;
64575 : 1F8;
64576 : 1F8;
64577 : 1F8;
64578 : 1F8;
64579 : 1F8;
64580 : 1F8;
64581 : 1F8;
64582 : 1F8;
64583 : 1F8;
64584 : 1F8;
64585 : 1F8;
64586 : 1F8;
64587 : 1F8;
64588 : 1F8;
64589 : 1F8;
64590 : 1F8;
64591 : 1F8;
64592 : 1F8;
64593 : 1F8;
64594 : 1F8;
64595 : 1F8;
64596 : 1F8;
64597 : 1F8;
64598 : 1F8;
64599 : 1F8;
64600 : 1F8;
64601 : 1F8;
64602 : 1F8;
64603 : 1F8;
64604 : 1F8;
64605 : 1F8;
64606 : 1F8;
64607 : 1F8;
64608 : 1F8;
64609 : 1F8;
64610 : 1F8;
64611 : 1F8;
64612 : 1F8;
64613 : 1F8;
64614 : 1F8;
64615 : 1F8;
64616 : 1F8;
64617 : 1F8;
64618 : 1F8;
64619 : 1F8;
64620 : 1F8;
64621 : 1F8;
64622 : 1F8;
64623 : 1F8;
64624 : 1F8;
64625 : 1F8;
64626 : 1F8;
64627 : 1F8;
64628 : 1F8;
64629 : 1F8;
64630 : 1F8;
64631 : 1F8;
64632 : 1F8;
64633 : 1F8;
64634 : 1F8;
64635 : 1F8;
64636 : 1F8;
64637 : 1F8;
64638 : 1F8;
64639 : 1F8;
64640 : 1F8;
64641 : 1F8;
64642 : 1F8;
64643 : 1F8;
64644 : 1F8;
64645 : 1D8;
64646 : 1D8;
64647 : 1F8;
64648 : 1F8;
64649 : 1F8;
64650 : 1F8;
64651 : 1F8;
64652 : 1F8;
64653 : 1F8;
64654 : 1F8;
64655 : 1F8;
64656 : 1F8;
64657 : 1F8;
64658 : 1F8;
64659 : 1F8;
64660 : 1F8;
64661 : 1F8;
64662 : 1F8;
64663 : 1F8;
64664 : 1F8;
64665 : 1F8;
64666 : 1F8;
64667 : 1F8;
64668 : 1F8;
64669 : 1F8;
64670 : 1D8;
64671 : 1D8;
64672 : 1F8;
64673 : 1F8;
64674 : 1F8;
64675 : 1F8;
64676 : 1F8;
64677 : 1F8;
64678 : 1F8;
64679 : 1F8;
64680 : 1F8;
64681 : 1F8;
64682 : 1F8;
64683 : 1F8;
64684 : 1F8;
64685 : 1F8;
64686 : 1F8;
64687 : 1F8;
64688 : 1F8;
64689 : 1F8;
64690 : 1F8;
64691 : 1F8;
64692 : 1D8;
64693 : 1D8;
64694 : 1D8;
64695 : 1D8;
64696 : 1D8;
64697 : 1D8;
64698 : 110;
64699 : 110;
64700 : 110;
64701 : 110;
64702 : 110;
64703 : 110;
64704 : 1F8;
64705 : 1F8;
64706 : 1F8;
64707 : 1F8;
64708 : 1F8;
64709 : 1F8;
64710 : 1F8;
64711 : 1F8;
64712 : 1F8;
64713 : 1F8;
64714 : 1F8;
64715 : 1F8;
64716 : 1F8;
64717 : 1F8;
64718 : 1F8;
64719 : 1F8;
64720 : 1F8;
64721 : 1F8;
64722 : 1F8;
64723 : 1F8;
64724 : 1F8;
64725 : 1F8;
64726 : 1F8;
64727 : 1F8;
64728 : 1F8;
64729 : 1F8;
64730 : 1F8;
64731 : 1F8;
64732 : 1F8;
64733 : 1F8;
64734 : 1F8;
64735 : 1F8;
64736 : 1F8;
64737 : 1F8;
64738 : 1F8;
64739 : 1F8;
64740 : 1F8;
64741 : 1F8;
64742 : 1F8;
64743 : 1F8;
64744 : 1F8;
64745 : 1F8;
64746 : 1F8;
64747 : 1F8;
64748 : 1F8;
64749 : 1F8;
64750 : 1F8;
64751 : 1F8;
64752 : 1F8;
64753 : 1F8;
64754 : 1F8;
64755 : 1F8;
64756 : 1F8;
64757 : 1F8;
64758 : 1F8;
64759 : 1F8;
64760 : 1F8;
64761 : 1F8;
64762 : 1F8;
64763 : 1F8;
64764 : 1F8;
64765 : 1F8;
64766 : 1F8;
64767 : 1F8;
64768 : 1F8;
64769 : 1F8;
64770 : 1F8;
64771 : 1F8;
64772 : 1F8;
64773 : 1F8;
64774 : 1F8;
64775 : 1F8;
64776 : 1F8;
64777 : 1F8;
64778 : 1F8;
64779 : 1F8;
64780 : 1F8;
64781 : 1F8;
64782 : 1F8;
64783 : 1F8;
64784 : 1F8;
64785 : 1F8;
64786 : 1F8;
64787 : 1F8;
64788 : 1F8;
64789 : 1F8;
64790 : 1F8;
64791 : 1F8;
64792 : 1F8;
64793 : 1F8;
64794 : 1F8;
64795 : 1F8;
64796 : 1F8;
64797 : 1F8;
64798 : 1F8;
64799 : 1F8;
64800 : 1F8;
64801 : 1F8;
64802 : 1F8;
64803 : 1F8;
64804 : 1F8;
64805 : 1F8;
64806 : 1F8;
64807 : 1F8;
64808 : 1F8;
64809 : 1F8;
64810 : 1F8;
64811 : 1F8;
64812 : 1F8;
64813 : 1F8;
64814 : 1F8;
64815 : 1F8;
64816 : 1F8;
64817 : 1F8;
64818 : 1F8;
64819 : 1F8;
64820 : 1F8;
64821 : 1F8;
64822 : 1F8;
64823 : 1F8;
64824 : 1F8;
64825 : 1F8;
64826 : 1F8;
64827 : 1F8;
64828 : 1F8;
64829 : 1F8;
64830 : 1F8;
64831 : 1F8;
64832 : 1F8;
64833 : 1F8;
64834 : 1F8;
64835 : 1F8;
64836 : 1F8;
64837 : 1F8;
64838 : 1F8;
64839 : 1F8;
64840 : 1F8;
64841 : 1F8;
64842 : 1F8;
64843 : 1F8;
64844 : 1F8;
64845 : 1F8;
64846 : 1F8;
64847 : 1F8;
64848 : 1F8;
64849 : 1F8;
64850 : 1F8;
64851 : 1F8;
64852 : 1F8;
64853 : 1F8;
64854 : 1F8;
64855 : 1F8;
64856 : 1F8;
64857 : 1F8;
64858 : 1F8;
64859 : 1F8;
64860 : 1F8;
64861 : 1F8;
64862 : 1F8;
64863 : 1F8;
64864 : 1F8;
64865 : 1F8;
64866 : 1F8;
64867 : 1F8;
64868 : 1F8;
64869 : 1F8;
64870 : 1F8;
64871 : 1F8;
64872 : 1F8;
64873 : 1F8;
64874 : 1F8;
64875 : 1F8;
64876 : 1F8;
64877 : 1F8;
64878 : 1F8;
64879 : 1F8;
64880 : 1F8;
64881 : 1F8;
64882 : 1F8;
64883 : 1F8;
64884 : 1F8;
64885 : 1F8;
64886 : 1F8;
64887 : 1F8;
64888 : 1F8;
64889 : 1F8;
64890 : 1F8;
64891 : 1F8;
64892 : 110;
64893 : 110;
64894 : 1F8;
64895 : 1F8;
64896 : 1F8;
64897 : 1F8;
64898 : 1F8;
64899 : 1F8;
64900 : 1F8;
64901 : 1F8;
64902 : 1F8;
64903 : 1F8;
64904 : 1F8;
64905 : 1F8;
64906 : 1F8;
64907 : 1F8;
64908 : 1F8;
64909 : 1F8;
64910 : 1F8;
64911 : 1F8;
64912 : 1F8;
64913 : 1F8;
64914 : 1F8;
64915 : 1F8;
64916 : 1F8;
64917 : 1F8;
64918 : 1F8;
64919 : 1F8;
64920 : 1F8;
64921 : 1F8;
64922 : 1F8;
64923 : 1F8;
64924 : 1F8;
64925 : 1F8;
64926 : 1F8;
64927 : 1F8;
64928 : 1F8;
64929 : 1F8;
64930 : 1F8;
64931 : 1F8;
64932 : 1F8;
64933 : 1F8;
64934 : 1F8;
64935 : 1F8;
64936 : 1F8;
64937 : 1F8;
64938 : 1F8;
64939 : 1F8;
64940 : 1F8;
64941 : 1F8;
64942 : 1F8;
64943 : 1F8;
64944 : 1F8;
64945 : 1F8;
64946 : 1F8;
64947 : 1F8;
64948 : 1F8;
64949 : 1D8;
64950 : 1D8;
64951 : 1F8;
64952 : 1F8;
64953 : 1F8;
64954 : 1F8;
64955 : 1F8;
64956 : 1F8;
64957 : 1F8;
64958 : 1F8;
64959 : 1F8;
64960 : 1F8;
64961 : 1F8;
64962 : 1F8;
64963 : 1F8;
64964 : 1F8;
64965 : 1F8;
64966 : 1F8;
64967 : 1F8;
64968 : 1F8;
64969 : 1F8;
64970 : 1F8;
64971 : 1F8;
64972 : 1F8;
64973 : 1F8;
64974 : 1F8;
64975 : 1F8;
64976 : 1F8;
64977 : 1F8;
64978 : 1F8;
64979 : 1F8;
64980 : 1F8;
64981 : 1F8;
64982 : 1F8;
64983 : 1F8;
64984 : 1F8;
64985 : 1F8;
64986 : 1F8;
64987 : 1F8;
64988 : 1F8;
64989 : 1F8;
64990 : 1F8;
64991 : 1F8;
64992 : 1F8;
64993 : 1F8;
64994 : 1F8;
64995 : 1F8;
64996 : 1F8;
64997 : 1F8;
64998 : 1D8;
64999 : 1D8;
65000 : 1F8;
65001 : 1F8;
65002 : 1F8;
65003 : 1D8;
65004 : 1D8;
65005 : 1F8;
65006 : 1F8;
65007 : 1F8;
65008 : 1F8;
65009 : 1F8;
65010 : 1F8;
65011 : 110;
65012 : 1D8;
65013 : 1D8;
65014 : 1D8;
65015 : 1D8;
65016 : 1D8;
65017 : 1D8;
65018 : 110;
65019 : 110;
65020 : 110;
65021 : 110;
65022 : 110;
65023 : 110;
65024 : 1F8;
65025 : 1F8;
65026 : 1D8;
65027 : 1D8;
65028 : 1D8;
65029 : 1D8;
65030 : 1F8;
65031 : 1F8;
65032 : 1F8;
65033 : 1F8;
65034 : 1F8;
65035 : 1F8;
65036 : 1D8;
65037 : 1D8;
65038 : 1F8;
65039 : 1F8;
65040 : 1F8;
65041 : 1F8;
65042 : 1F8;
65043 : 1F8;
65044 : 1F8;
65045 : 1F8;
65046 : 1F8;
65047 : 1F8;
65048 : 1F8;
65049 : 1F8;
65050 : 1F8;
65051 : 1F8;
65052 : 1F8;
65053 : 1F8;
65054 : 1F8;
65055 : 1F8;
65056 : 1F8;
65057 : 1F8;
65058 : 1F8;
65059 : 1F8;
65060 : 1F8;
65061 : 1F8;
65062 : 1F8;
65063 : 1F8;
65064 : 1F8;
65065 : 1F8;
65066 : 1F8;
65067 : 1F8;
65068 : 1F8;
65069 : 1F8;
65070 : 1F8;
65071 : 1F8;
65072 : 1F8;
65073 : 1F8;
65074 : 1F8;
65075 : 1F8;
65076 : 1F8;
65077 : 1F8;
65078 : 1F8;
65079 : 1F8;
65080 : 1F8;
65081 : 1F8;
65082 : 1F8;
65083 : 1F8;
65084 : 1F8;
65085 : 1F8;
65086 : 1F8;
65087 : 1F8;
65088 : 1F8;
65089 : 1F8;
65090 : 1F8;
65091 : 1F8;
65092 : 1F8;
65093 : 1F8;
65094 : 1F8;
65095 : 1F8;
65096 : 1F8;
65097 : 1F8;
65098 : 1F8;
65099 : 1F8;
65100 : 1F8;
65101 : 1F8;
65102 : 1F8;
65103 : 1F8;
65104 : 1F8;
65105 : 1F8;
65106 : 1F8;
65107 : 1F8;
65108 : 1F8;
65109 : 1F8;
65110 : 1F8;
65111 : 1F8;
65112 : 1F8;
65113 : 1F8;
65114 : 1F8;
65115 : 1F8;
65116 : 1F8;
65117 : 1F8;
65118 : 1F8;
65119 : 1F8;
65120 : 1F8;
65121 : 1F8;
65122 : 1F8;
65123 : 1F8;
65124 : 1F8;
65125 : 1F8;
65126 : 1F8;
65127 : 1F8;
65128 : 1F8;
65129 : 1F8;
65130 : 1F8;
65131 : 1F8;
65132 : 1F8;
65133 : 1F8;
65134 : 1F8;
65135 : 1F8;
65136 : 1F8;
65137 : 1F8;
65138 : 1F8;
65139 : 1F8;
65140 : 1F8;
65141 : 1F8;
65142 : 1F8;
65143 : 1F8;
65144 : 1F8;
65145 : 1F8;
65146 : 1F8;
65147 : 1F8;
65148 : 1F8;
65149 : 1F8;
65150 : 1F8;
65151 : 1F8;
65152 : 1F8;
65153 : 1F8;
65154 : 1F8;
65155 : 1F8;
65156 : 1F8;
65157 : 1F8;
65158 : 1F8;
65159 : 1F8;
65160 : 1F8;
65161 : 1F8;
65162 : 1F8;
65163 : 1F8;
65164 : 1F8;
65165 : 1F8;
65166 : 1F8;
65167 : 1F8;
65168 : 1F8;
65169 : 1F8;
65170 : 1F8;
65171 : 1F8;
65172 : 1F8;
65173 : 1F8;
65174 : 1F8;
65175 : 1F8;
65176 : 1F8;
65177 : 1F8;
65178 : 1F8;
65179 : 1F8;
65180 : 1F8;
65181 : 1F8;
65182 : 1F8;
65183 : 1F8;
65184 : 1F8;
65185 : 1F8;
65186 : 1F8;
65187 : 1F8;
65188 : 1F8;
65189 : 1F8;
65190 : 1F8;
65191 : 1F8;
65192 : 1F8;
65193 : 1F8;
65194 : 1F8;
65195 : 1F8;
65196 : 1F8;
65197 : 1F8;
65198 : 1F8;
65199 : 1F8;
65200 : 1F8;
65201 : 1F8;
65202 : 1F8;
65203 : 1F8;
65204 : 1F8;
65205 : 1F8;
65206 : 1F8;
65207 : 1F8;
65208 : 1F8;
65209 : 1F8;
65210 : 1F8;
65211 : 1F8;
65212 : 110;
65213 : 110;
65214 : 1F8;
65215 : 1F8;
65216 : 1F8;
65217 : 1F8;
65218 : 1F8;
65219 : 1F8;
65220 : 1F8;
65221 : 1F8;
65222 : 1F8;
65223 : 1F8;
65224 : 1F8;
65225 : 1F8;
65226 : 1F8;
65227 : 1F8;
65228 : 1F8;
65229 : 1F8;
65230 : 1F8;
65231 : 1F8;
65232 : 1F8;
65233 : 1F8;
65234 : 1F8;
65235 : 1F8;
65236 : 1D8;
65237 : 1D8;
65238 : 1F8;
65239 : 1F8;
65240 : 1F8;
65241 : 1F8;
65242 : 1F8;
65243 : 1F8;
65244 : 1F8;
65245 : 1F8;
65246 : 1F8;
65247 : 1F8;
65248 : 1F8;
65249 : 1F8;
65250 : 1F8;
65251 : 1F8;
65252 : 1F8;
65253 : 1F8;
65254 : 1F8;
65255 : 1F8;
65256 : 1F8;
65257 : 1F8;
65258 : 1F8;
65259 : 1F8;
65260 : 1F8;
65261 : 1F8;
65262 : 1F8;
65263 : 1F8;
65264 : 1F8;
65265 : 1F8;
65266 : 1F8;
65267 : 1F8;
65268 : 1F8;
65269 : 1F8;
65270 : 1F8;
65271 : 1F8;
65272 : 1F8;
65273 : 1F8;
65274 : 1F8;
65275 : 1F8;
65276 : 1F8;
65277 : 1F8;
65278 : 1F8;
65279 : 1F8;
65280 : 1F8;
65281 : 1F8;
65282 : 1F8;
65283 : 1F8;
65284 : 1F8;
65285 : 1F8;
65286 : 1F8;
65287 : 1F8;
65288 : 1F8;
65289 : 1F8;
65290 : 1F8;
65291 : 1F8;
65292 : 1F8;
65293 : 1F8;
65294 : 1F8;
65295 : 1F8;
65296 : 1F8;
65297 : 1F8;
65298 : 1F8;
65299 : 1F8;
65300 : 1F8;
65301 : 1F8;
65302 : 1F8;
65303 : 1F8;
65304 : 1F8;
65305 : 1F8;
65306 : 1F8;
65307 : 1F8;
65308 : 1F8;
65309 : 1F8;
65310 : 1F8;
65311 : 1F8;
65312 : 1F8;
65313 : 1F8;
65314 : 1F8;
65315 : 1F8;
65316 : 1F8;
65317 : 1F8;
65318 : 1F8;
65319 : 1F8;
65320 : 1F8;
65321 : 1F8;
65322 : 1F8;
65323 : 1F8;
65324 : 1F8;
65325 : 1F8;
65326 : 1F8;
65327 : 1F8;
65328 : 1F8;
65329 : 1F8;
65330 : 1F8;
65331 : 1D8;
65332 : 1D8;
65333 : 1D8;
65334 : 1D8;
65335 : 1D8;
65336 : 1D8;
65337 : 1D8;
65338 : 110;
65339 : 110;
65340 : 110;
65341 : 110;
65342 : 110;
65343 : 1F8;
65344 : 1F8;
65345 : 1F8;
65346 : 1F8;
65347 : 1F8;
65348 : 1F8;
65349 : 1F8;
65350 : 1F8;
65351 : 1F8;
65352 : 1F8;
65353 : 1F8;
65354 : 1F8;
65355 : 1F8;
65356 : 1F8;
65357 : 1F8;
65358 : 1F8;
65359 : 1F8;
65360 : 1F8;
65361 : 1F8;
65362 : 1F8;
65363 : 1F8;
65364 : 1F8;
65365 : 1F8;
65366 : 1F8;
65367 : 1F8;
65368 : 1F8;
65369 : 1F8;
65370 : 1F8;
65371 : 1F8;
65372 : 1F8;
65373 : 1F8;
65374 : 1F8;
65375 : 1D8;
65376 : 1D8;
65377 : 1F8;
65378 : 1F8;
65379 : 1F8;
65380 : 1F8;
65381 : 1F8;
65382 : 1F8;
65383 : 1F8;
65384 : 1F8;
65385 : 1F8;
65386 : 1F8;
65387 : 1F8;
65388 : 1F8;
65389 : 1F8;
65390 : 1F8;
65391 : 1F8;
65392 : 1F8;
65393 : 1F8;
65394 : 1F8;
65395 : 1F8;
65396 : 1F8;
65397 : 1F8;
65398 : 1F8;
65399 : 1F8;
65400 : 1F8;
65401 : 1F8;
65402 : 1F8;
65403 : 1F8;
65404 : 1F8;
65405 : 1F8;
65406 : 1F8;
65407 : 1F8;
65408 : 1F8;
65409 : 1F8;
65410 : 1F8;
65411 : 1F8;
65412 : 1F8;
65413 : 1F8;
65414 : 1F8;
65415 : 1F8;
65416 : 1F8;
65417 : 1F8;
65418 : 1F8;
65419 : 1F8;
65420 : 1F8;
65421 : 1F8;
65422 : 1F8;
65423 : 1F8;
65424 : 1F8;
65425 : 1F8;
65426 : 1F8;
65427 : 1F8;
65428 : 1F8;
65429 : 1F8;
65430 : 1F8;
65431 : 1F8;
65432 : 1F8;
65433 : 1F8;
65434 : 1F8;
65435 : 1F8;
65436 : 1F8;
65437 : 1F8;
65438 : 1F8;
65439 : 1F8;
65440 : 1F8;
65441 : 1F8;
65442 : 1F8;
65443 : 1F8;
65444 : 1F8;
65445 : 1F8;
65446 : 1F8;
65447 : 1F8;
65448 : 1F8;
65449 : 1F8;
65450 : 1F8;
65451 : 1F8;
65452 : 1F8;
65453 : 1F8;
65454 : 1F8;
65455 : 1F8;
65456 : 1FF;
65457 : 1F8;
65458 : 1F8;
65459 : 1F8;
65460 : 1F8;
65461 : 1F8;
65462 : 1D8;
65463 : 1D8;
65464 : 1F8;
65465 : 1F8;
65466 : 1F8;
65467 : 1F8;
65468 : 1F8;
65469 : 1F8;
65470 : 1F8;
65471 : 1F8;
65472 : 1F8;
65473 : 1F8;
65474 : 1F8;
65475 : 1F8;
65476 : 1F8;
65477 : 1F8;
65478 : 1F8;
65479 : 1F8;
65480 : 1F8;
65481 : 1F8;
65482 : 1F8;
65483 : 1F8;
65484 : 1F8;
65485 : 1F8;
65486 : 1F8;
65487 : 1F8;
65488 : 1F8;
65489 : 1F8;
65490 : 1F8;
65491 : 1F8;
65492 : 1F8;
65493 : 1F8;
65494 : 1F8;
65495 : 1F8;
65496 : 1F8;
65497 : 1F8;
65498 : 1F8;
65499 : 1F8;
65500 : 1F8;
65501 : 1F8;
65502 : 1F8;
65503 : 1F8;
65504 : 1F8;
65505 : 1F8;
65506 : 1F8;
65507 : 1F8;
65508 : 1F8;
65509 : 1F8;
65510 : 1F8;
65511 : 1F8;
65512 : 1F8;
65513 : 1F8;
65514 : 1F8;
65515 : 1F8;
65516 : 1F8;
65517 : 1F8;
65518 : 1F8;
65519 : 1F8;
65520 : 1F8;
65521 : 1F8;
65522 : 1F8;
65523 : 1F8;
65524 : 1F8;
65525 : 1F8;
65526 : 1F8;
65527 : 1F8;
65528 : 1F8;
65529 : 1F8;
65530 : 1F8;
65531 : 1F8;
65532 : 110;
65533 : 110;
65534 : 1F8;
65535 : 1F8;
65536 : 1F8;
65537 : 1F8;
65538 : 1F8;
65539 : 1F8;
65540 : 1F8;
65541 : 1F8;
65542 : 1F8;
65543 : 1F8;
65544 : 1F8;
65545 : 1F8;
65546 : 1F8;
65547 : 1F8;
65548 : 1F8;
65549 : 1F8;
65550 : 1F8;
65551 : 1F8;
65552 : 1F8;
65553 : 1F8;
65554 : 1F8;
65555 : 1F8;
65556 : 1F8;
65557 : 1F8;
65558 : 1F8;
65559 : 1F8;
65560 : 1F8;
65561 : 1F8;
65562 : 1F8;
65563 : 1F8;
65564 : 1F8;
65565 : 1F8;
65566 : 1F8;
65567 : 1F8;
65568 : 1F8;
65569 : 1F8;
65570 : 1F8;
65571 : 1F8;
65572 : 1F8;
65573 : 1F8;
65574 : 1F8;
65575 : 1F8;
65576 : 1F8;
65577 : 1F8;
65578 : 1F8;
65579 : 1F8;
65580 : 1F8;
65581 : 1F8;
65582 : 1F8;
65583 : 1F8;
65584 : 1F8;
65585 : 1F8;
65586 : 1F8;
65587 : 1F8;
65588 : 1F8;
65589 : 1F8;
65590 : 1F8;
65591 : 1F8;
65592 : 1F8;
65593 : 1F8;
65594 : 1F8;
65595 : 1F8;
65596 : 1F8;
65597 : 1F8;
65598 : 1F8;
65599 : 1F8;
65600 : 1F8;
65601 : 1F8;
65602 : 1F8;
65603 : 1F8;
65604 : 1F8;
65605 : 1F8;
65606 : 1F8;
65607 : 1F8;
65608 : 1F8;
65609 : 1F8;
65610 : 1F8;
65611 : 1F8;
65612 : 1F8;
65613 : 1F8;
65614 : 1F8;
65615 : 1F8;
65616 : 1F8;
65617 : 1F8;
65618 : 1F8;
65619 : 1F8;
65620 : 1F8;
65621 : 1F8;
65622 : 1F8;
65623 : 1F8;
65624 : 1F8;
65625 : 1F8;
65626 : 1F8;
65627 : 1F8;
65628 : 1F8;
65629 : 1F8;
65630 : 1F8;
65631 : 1F8;
65632 : 1F8;
65633 : 1F8;
65634 : 1F8;
65635 : 1F8;
65636 : 1F8;
65637 : 1F8;
65638 : 1F8;
65639 : 1F8;
65640 : 1F8;
65641 : 1F8;
65642 : 1D8;
65643 : 1D8;
65644 : 1F8;
65645 : 1F8;
65646 : 1F8;
65647 : 1F8;
65648 : 1F8;
65649 : 1F8;
65650 : 1F8;
65651 : 1D8;
65652 : 1D8;
65653 : 1D8;
65654 : 1D8;
65655 : 1D8;
65656 : 1D8;
65657 : 110;
65658 : 110;
65659 : 110;
65660 : 110;
65661 : 110;
65662 : 110;
65663 : 1F8;
65664 : 1F8;
65665 : 1F8;
65666 : 1F8;
65667 : 1F8;
65668 : 1F8;
65669 : 1F8;
65670 : 1F8;
65671 : 1F8;
65672 : 1F8;
65673 : 1F8;
65674 : 1F8;
65675 : 1F8;
65676 : 1F8;
65677 : 1F8;
65678 : 1F8;
65679 : 1F8;
65680 : 1F8;
65681 : 1F8;
65682 : 1F8;
65683 : 1F8;
65684 : 1F8;
65685 : 1F8;
65686 : 1F8;
65687 : 1F8;
65688 : 1F8;
65689 : 1F8;
65690 : 1F8;
65691 : 1F8;
65692 : 1F8;
65693 : 1F8;
65694 : 1F8;
65695 : 1F8;
65696 : 1F8;
65697 : 1F8;
65698 : 1F8;
65699 : 1F8;
65700 : 1F8;
65701 : 1F8;
65702 : 1F8;
65703 : 1F8;
65704 : 1F8;
65705 : 1F8;
65706 : 1F8;
65707 : 1F8;
65708 : 1F8;
65709 : 1F8;
65710 : 1F8;
65711 : 1F8;
65712 : 1F8;
65713 : 1F8;
65714 : 1F8;
65715 : 1F8;
65716 : 1F8;
65717 : 1F8;
65718 : 1F8;
65719 : 1F8;
65720 : 1F8;
65721 : 1F8;
65722 : 1F8;
65723 : 1F8;
65724 : 1F8;
65725 : 1F8;
65726 : 1F8;
65727 : 1F8;
65728 : 1F8;
65729 : 1F8;
65730 : 1F8;
65731 : 1F8;
65732 : 1F8;
65733 : 1F8;
65734 : 1F8;
65735 : 1F8;
65736 : 1F8;
65737 : 1F8;
65738 : 1F8;
65739 : 1F8;
65740 : 1F8;
65741 : 1F8;
65742 : 1F8;
65743 : 1F8;
65744 : 1F8;
65745 : 1F8;
65746 : 1F8;
65747 : 1F8;
65748 : 1F8;
65749 : 1F8;
65750 : 1F8;
65751 : 1F8;
65752 : 1F8;
65753 : 1F8;
65754 : 1F8;
65755 : 1F8;
65756 : 1F8;
65757 : 1F8;
65758 : 1F8;
65759 : 1F8;
65760 : 1F8;
65761 : 1F8;
65762 : 1F8;
65763 : 1F8;
65764 : 1F8;
65765 : 1F8;
65766 : 1F8;
65767 : 1F8;
65768 : 1F8;
65769 : 1F8;
65770 : 1F8;
65771 : 1F8;
65772 : 1F8;
65773 : 1F8;
65774 : 1F8;
65775 : 1FF;
65776 : 1FF;
65777 : 1FF;
65778 : 1FF;
65779 : 1FF;
65780 : 1FF;
65781 : 1FF;
65782 : 1F8;
65783 : 1F8;
65784 : 1F8;
65785 : 1F8;
65786 : 1F8;
65787 : 1F8;
65788 : 1F8;
65789 : 1F8;
65790 : 1F8;
65791 : 1F8;
65792 : 1F8;
65793 : 1F8;
65794 : 1F8;
65795 : 1F8;
65796 : 1F8;
65797 : 1F8;
65798 : 1F8;
65799 : 1F8;
65800 : 1F8;
65801 : 1F8;
65802 : 1F8;
65803 : 1F8;
65804 : 1F8;
65805 : 1F8;
65806 : 1F8;
65807 : 1F8;
65808 : 1F8;
65809 : 1F8;
65810 : 1F8;
65811 : 1F8;
65812 : 1F8;
65813 : 1F8;
65814 : 1F8;
65815 : 1F8;
65816 : 1F8;
65817 : 1F8;
65818 : 1F8;
65819 : 1F8;
65820 : 1F8;
65821 : 1F8;
65822 : 1F8;
65823 : 1F8;
65824 : 1F8;
65825 : 1F8;
65826 : 1F8;
65827 : 1F8;
65828 : 1F8;
65829 : 1F8;
65830 : 1F8;
65831 : 1F8;
65832 : 1F8;
65833 : 1F8;
65834 : 1F8;
65835 : 1F8;
65836 : 1F8;
65837 : 1F8;
65838 : 1F8;
65839 : 1F8;
65840 : 1F8;
65841 : 1F8;
65842 : 1F8;
65843 : 1F8;
65844 : 1F8;
65845 : 1F8;
65846 : 1F8;
65847 : 1F8;
65848 : 1F8;
65849 : 1F8;
65850 : 1F8;
65851 : 1F8;
65852 : 110;
65853 : 110;
65854 : 1F8;
65855 : 1F8;
65856 : 1F8;
65857 : 1F8;
65858 : 1F8;
65859 : 1F8;
65860 : 1F8;
65861 : 1F8;
65862 : 1F8;
65863 : 1F8;
65864 : 1F8;
65865 : 1F8;
65866 : 1F8;
65867 : 1F8;
65868 : 1F8;
65869 : 1F8;
65870 : 1F8;
65871 : 1F8;
65872 : 1F8;
65873 : 1F8;
65874 : 1F8;
65875 : 1F8;
65876 : 1F8;
65877 : 1F8;
65878 : 1F8;
65879 : 1F8;
65880 : 1F8;
65881 : 1F8;
65882 : 1F8;
65883 : 1F8;
65884 : 1F8;
65885 : 1F8;
65886 : 1F8;
65887 : 1F8;
65888 : 1F8;
65889 : 1F8;
65890 : 1F8;
65891 : 1F8;
65892 : 1F8;
65893 : 1F8;
65894 : 1F8;
65895 : 1F8;
65896 : 1F8;
65897 : 1F8;
65898 : 1F8;
65899 : 1F8;
65900 : 1F8;
65901 : 1F8;
65902 : 1F8;
65903 : 1F8;
65904 : 1F8;
65905 : 1F8;
65906 : 1F8;
65907 : 1F8;
65908 : 1F8;
65909 : 1F8;
65910 : 1F8;
65911 : 1F8;
65912 : 1F8;
65913 : 1F8;
65914 : 1F8;
65915 : 1F8;
65916 : 1F8;
65917 : 1F8;
65918 : 1F8;
65919 : 1F8;
65920 : 1F8;
65921 : 1F8;
65922 : 1F8;
65923 : 1F8;
65924 : 1F8;
65925 : 1F8;
65926 : 1F8;
65927 : 1F8;
65928 : 1F8;
65929 : 1F8;
65930 : 1F8;
65931 : 1F8;
65932 : 1F8;
65933 : 1F8;
65934 : 1F8;
65935 : 1F8;
65936 : 1F8;
65937 : 1F8;
65938 : 1F8;
65939 : 1F8;
65940 : 1F8;
65941 : 1F8;
65942 : 1F8;
65943 : 1F8;
65944 : 1F8;
65945 : 1F8;
65946 : 1F8;
65947 : 1F8;
65948 : 1F8;
65949 : 1F8;
65950 : 1F8;
65951 : 1F8;
65952 : 1F8;
65953 : 1F8;
65954 : 1F8;
65955 : 1F8;
65956 : 1F8;
65957 : 1F8;
65958 : 1F8;
65959 : 1F8;
65960 : 1F8;
65961 : 1F8;
65962 : 1F8;
65963 : 1F8;
65964 : 1F8;
65965 : 1F8;
65966 : 1F8;
65967 : 1F8;
65968 : 1F8;
65969 : 1F8;
65970 : 1F8;
65971 : 1D8;
65972 : 1D8;
65973 : 1D8;
65974 : 1D8;
65975 : 1D8;
65976 : 1D8;
65977 : 110;
65978 : 110;
65979 : 110;
65980 : 110;
65981 : 110;
65982 : 110;
65983 : 1F8;
65984 : 1F8;
65985 : 1F8;
65986 : 1F8;
65987 : 1F8;
65988 : 1F8;
65989 : 1F8;
65990 : 1F8;
65991 : 1F8;
65992 : 1F8;
65993 : 1F8;
65994 : 1F8;
65995 : 1F8;
65996 : 1F8;
65997 : 1F8;
65998 : 1F8;
65999 : 1F8;
66000 : 1F8;
66001 : 1F8;
66002 : 1F8;
66003 : 1F8;
66004 : 1F8;
66005 : 1F8;
66006 : 1F8;
66007 : 1F8;
66008 : 1F8;
66009 : 1F8;
66010 : 1F8;
66011 : 1F8;
66012 : 1F8;
66013 : 1F8;
66014 : 1F8;
66015 : 1F8;
66016 : 1F8;
66017 : 1F8;
66018 : 1F8;
66019 : 1F8;
66020 : 1F8;
66021 : 1F8;
66022 : 1F8;
66023 : 1F8;
66024 : 1F8;
66025 : 1F8;
66026 : 1F8;
66027 : 1F8;
66028 : 1F8;
66029 : 1F8;
66030 : 1F8;
66031 : 1F8;
66032 : 1F8;
66033 : 1F8;
66034 : 1F8;
66035 : 1F8;
66036 : 1F8;
66037 : 1F8;
66038 : 1F8;
66039 : 1F8;
66040 : 1F8;
66041 : 1F8;
66042 : 1F8;
66043 : 1F8;
66044 : 1F8;
66045 : 1F8;
66046 : 1F8;
66047 : 1F8;
66048 : 1F8;
66049 : 1F8;
66050 : 1F8;
66051 : 1F8;
66052 : 1F8;
66053 : 1F8;
66054 : 1F8;
66055 : 1F8;
66056 : 1F8;
66057 : 1F8;
66058 : 1F8;
66059 : 1F8;
66060 : 1F8;
66061 : 1F8;
66062 : 1F8;
66063 : 1F8;
66064 : 1F8;
66065 : 1F8;
66066 : 1F8;
66067 : 1F8;
66068 : 1F8;
66069 : 1F8;
66070 : 1F8;
66071 : 1F8;
66072 : 1F8;
66073 : 1F8;
66074 : 1F8;
66075 : 1F8;
66076 : 1F8;
66077 : 1F8;
66078 : 1F8;
66079 : 1F8;
66080 : 1F8;
66081 : 1F8;
66082 : 1F8;
66083 : 1F8;
66084 : 1D8;
66085 : 1D8;
66086 : 1F8;
66087 : 1F8;
66088 : 1F8;
66089 : 1F8;
66090 : 1F8;
66091 : 1F8;
66092 : 1F8;
66093 : 1F8;
66094 : 1F8;
66095 : 1FF;
66096 : 1FF;
66097 : 1FF;
66098 : 1FF;
66099 : 1FF;
66100 : 1FF;
66101 : 1FF;
66102 : 1FF;
66103 : 1FF;
66104 : 1FF;
66105 : 1FF;
66106 : 1FF;
66107 : 1F8;
66108 : 1F8;
66109 : 1F8;
66110 : 1F8;
66111 : 1F8;
66112 : 1F8;
66113 : 1F8;
66114 : 1F8;
66115 : 1F8;
66116 : 1F8;
66117 : 1F8;
66118 : 1F8;
66119 : 1F8;
66120 : 1F8;
66121 : 1F8;
66122 : 1D8;
66123 : 1D8;
66124 : 1F8;
66125 : 1F8;
66126 : 1F8;
66127 : 1F8;
66128 : 1F8;
66129 : 1F8;
66130 : 1F8;
66131 : 1F8;
66132 : 1F8;
66133 : 1F8;
66134 : 1F8;
66135 : 1F8;
66136 : 1F8;
66137 : 1F8;
66138 : 1F8;
66139 : 1F8;
66140 : 1F8;
66141 : 1F8;
66142 : 1F8;
66143 : 1F8;
66144 : 1F8;
66145 : 1F8;
66146 : 1F8;
66147 : 1F8;
66148 : 1F8;
66149 : 1F8;
66150 : 1F8;
66151 : 1F8;
66152 : 1F8;
66153 : 1F8;
66154 : 1F8;
66155 : 1F8;
66156 : 1F8;
66157 : 1F8;
66158 : 1F8;
66159 : 1F8;
66160 : 1F8;
66161 : 1F8;
66162 : 1F8;
66163 : 1F8;
66164 : 1F8;
66165 : 1F8;
66166 : 1F8;
66167 : 1F8;
66168 : 1F8;
66169 : 1F8;
66170 : 1F8;
66171 : 1F8;
66172 : 110;
66173 : 110;
66174 : 1F8;
66175 : 1F8;
66176 : 1F8;
66177 : 1F8;
66178 : 1F8;
66179 : 1F8;
66180 : 1F8;
66181 : 1F8;
66182 : 1F8;
66183 : 1F8;
66184 : 1F8;
66185 : 1F8;
66186 : 1F8;
66187 : 1F8;
66188 : 1F8;
66189 : 1F8;
66190 : 1F8;
66191 : 1F8;
66192 : 1F8;
66193 : 1F8;
66194 : 1F8;
66195 : 1F8;
66196 : 1F8;
66197 : 1F8;
66198 : 1F8;
66199 : 1F8;
66200 : 1F8;
66201 : 1F8;
66202 : 1F8;
66203 : 1F8;
66204 : 1F8;
66205 : 1F8;
66206 : 1F8;
66207 : 1F8;
66208 : 1F8;
66209 : 1F8;
66210 : 1F8;
66211 : 1F8;
66212 : 1F8;
66213 : 1F8;
66214 : 1F8;
66215 : 1F8;
66216 : 1F8;
66217 : 1F8;
66218 : 1F8;
66219 : 1F8;
66220 : 1F8;
66221 : 1F8;
66222 : 1F8;
66223 : 1F8;
66224 : 1F8;
66225 : 1F8;
66226 : 1F8;
66227 : 1F8;
66228 : 1F8;
66229 : 1F8;
66230 : 1F8;
66231 : 1F8;
66232 : 1F8;
66233 : 1F8;
66234 : 1F8;
66235 : 1F8;
66236 : 1F8;
66237 : 1F8;
66238 : 1F8;
66239 : 1F8;
66240 : 1F8;
66241 : 1F8;
66242 : 1F8;
66243 : 1F8;
66244 : 1F8;
66245 : 1F8;
66246 : 1F8;
66247 : 1F8;
66248 : 1F8;
66249 : 1F8;
66250 : 1F8;
66251 : 1F8;
66252 : 1F8;
66253 : 1F8;
66254 : 1F8;
66255 : 1F8;
66256 : 1F8;
66257 : 1F8;
66258 : 1F8;
66259 : 1F8;
66260 : 1F8;
66261 : 1F8;
66262 : 1F8;
66263 : 1F8;
66264 : 1F8;
66265 : 1F8;
66266 : 1F8;
66267 : 1F8;
66268 : 1F8;
66269 : 1F8;
66270 : 1F8;
66271 : 1F8;
66272 : 1F8;
66273 : 1F8;
66274 : 1F8;
66275 : 1F8;
66276 : 1F8;
66277 : 1F8;
66278 : 1F8;
66279 : 1F8;
66280 : 1F8;
66281 : 1F8;
66282 : 1F8;
66283 : 1F8;
66284 : 1F8;
66285 : 1F8;
66286 : 1F8;
66287 : 1F8;
66288 : 1F8;
66289 : 1F8;
66290 : 1D8;
66291 : 1D8;
66292 : 1D8;
66293 : 1D8;
66294 : 1D8;
66295 : 1D8;
66296 : 1D8;
66297 : 110;
66298 : 110;
66299 : 110;
66300 : 110;
66301 : 110;
66302 : 110;
66303 : 1F8;
66304 : 1F8;
66305 : 1F8;
66306 : 1F8;
66307 : 1F8;
66308 : 1F8;
66309 : 1F8;
66310 : 1F8;
66311 : 1F8;
66312 : 1F8;
66313 : 1F8;
66314 : 1F8;
66315 : 1F8;
66316 : 1F8;
66317 : 1F8;
66318 : 1F8;
66319 : 1F8;
66320 : 1F8;
66321 : 1F8;
66322 : 1F8;
66323 : 1F8;
66324 : 1F8;
66325 : 1F8;
66326 : 1F8;
66327 : 1F8;
66328 : 1F8;
66329 : 1F8;
66330 : 1F8;
66331 : 1F8;
66332 : 1F8;
66333 : 1F8;
66334 : 1F8;
66335 : 1F8;
66336 : 1F8;
66337 : 1F8;
66338 : 1F8;
66339 : 1F8;
66340 : 1F8;
66341 : 1F8;
66342 : 1F8;
66343 : 1F8;
66344 : 1F8;
66345 : 1F8;
66346 : 1F8;
66347 : 1F8;
66348 : 1F8;
66349 : 1F8;
66350 : 1F8;
66351 : 1F8;
66352 : 1F8;
66353 : 1F8;
66354 : 1F8;
66355 : 1F8;
66356 : 1F8;
66357 : 1F8;
66358 : 1F8;
66359 : 1F8;
66360 : 1F8;
66361 : 1F8;
66362 : 1F8;
66363 : 1F8;
66364 : 1F8;
66365 : 1F8;
66366 : 1F8;
66367 : 1F8;
66368 : 1F8;
66369 : 1F8;
66370 : 1F8;
66371 : 1F8;
66372 : 1F8;
66373 : 1F8;
66374 : 1F8;
66375 : 1F8;
66376 : 1F8;
66377 : 1F8;
66378 : 1F8;
66379 : 1F8;
66380 : 1F8;
66381 : 1F8;
66382 : 1F8;
66383 : 1F8;
66384 : 1F8;
66385 : 1F8;
66386 : 1F8;
66387 : 1F8;
66388 : 1F8;
66389 : 1F8;
66390 : 1F8;
66391 : 1F8;
66392 : 1D8;
66393 : 1D8;
66394 : 1F8;
66395 : 1F8;
66396 : 1F8;
66397 : 1F8;
66398 : 1F8;
66399 : 1F8;
66400 : 1F8;
66401 : 1F8;
66402 : 1F8;
66403 : 1F8;
66404 : 1F8;
66405 : 1F8;
66406 : 1F8;
66407 : 1F8;
66408 : 1D8;
66409 : 1D8;
66410 : 1F8;
66411 : 1F8;
66412 : 1F8;
66413 : 1F8;
66414 : 1FF;
66415 : 1FF;
66416 : 1FF;
66417 : 1FF;
66418 : 1FF;
66419 : 1FF;
66420 : 1FF;
66421 : 1FF;
66422 : 1FF;
66423 : 1FF;
66424 : 1FF;
66425 : 1FF;
66426 : 1FF;
66427 : 1FF;
66428 : 1FF;
66429 : 1FF;
66430 : 1FF;
66431 : 1FF;
66432 : 1FF;
66433 : 1F8;
66434 : 1F8;
66435 : 1F8;
66436 : 1F8;
66437 : 1F8;
66438 : 1F8;
66439 : 1F8;
66440 : 1F8;
66441 : 1F8;
66442 : 1F8;
66443 : 1F8;
66444 : 1F8;
66445 : 1F8;
66446 : 1F8;
66447 : 1F8;
66448 : 1F8;
66449 : 1F8;
66450 : 1F8;
66451 : 1F8;
66452 : 1F8;
66453 : 1F8;
66454 : 1F8;
66455 : 1F8;
66456 : 1F8;
66457 : 1F8;
66458 : 1F8;
66459 : 1F8;
66460 : 1F8;
66461 : 1F8;
66462 : 1F8;
66463 : 1F8;
66464 : 1F8;
66465 : 1F8;
66466 : 1F8;
66467 : 1F8;
66468 : 1F8;
66469 : 1F8;
66470 : 1F8;
66471 : 1F8;
66472 : 1F8;
66473 : 1F8;
66474 : 1F8;
66475 : 1F8;
66476 : 1F8;
66477 : 1F8;
66478 : 1F8;
66479 : 1F8;
66480 : 1F8;
66481 : 1F8;
66482 : 1F8;
66483 : 1F8;
66484 : 1F8;
66485 : 1F8;
66486 : 1F8;
66487 : 1F8;
66488 : 1F8;
66489 : 1F8;
66490 : 1F8;
66491 : 1F8;
66492 : 110;
66493 : 110;
66494 : 1F8;
66495 : 1F8;
66496 : 1F8;
66497 : 1F8;
66498 : 1F8;
66499 : 1F8;
66500 : 1F8;
66501 : 1F8;
66502 : 1F8;
66503 : 1F8;
66504 : 1F8;
66505 : 1F8;
66506 : 1F8;
66507 : 1F8;
66508 : 1F8;
66509 : 1F8;
66510 : 1F8;
66511 : 1F8;
66512 : 1F8;
66513 : 1F8;
66514 : 1F8;
66515 : 1F8;
66516 : 1F8;
66517 : 1F8;
66518 : 1F8;
66519 : 1F8;
66520 : 1F8;
66521 : 1F8;
66522 : 1F8;
66523 : 1F8;
66524 : 1F8;
66525 : 1F8;
66526 : 1F8;
66527 : 1F8;
66528 : 1F8;
66529 : 1F8;
66530 : 1F8;
66531 : 1F8;
66532 : 1F8;
66533 : 1F8;
66534 : 1F8;
66535 : 1F8;
66536 : 1F8;
66537 : 1F8;
66538 : 1F8;
66539 : 1F8;
66540 : 1F8;
66541 : 1F8;
66542 : 1F8;
66543 : 1F8;
66544 : 1F8;
66545 : 1F8;
66546 : 1F8;
66547 : 1F8;
66548 : 1F8;
66549 : 1F8;
66550 : 1F8;
66551 : 1F8;
66552 : 1F8;
66553 : 1F8;
66554 : 1F8;
66555 : 1F8;
66556 : 1F8;
66557 : 1F8;
66558 : 1F8;
66559 : 1F8;
66560 : 1F8;
66561 : 1F8;
66562 : 1F8;
66563 : 1F8;
66564 : 1F8;
66565 : 1F8;
66566 : 1F8;
66567 : 1F8;
66568 : 1F8;
66569 : 1F8;
66570 : 1F8;
66571 : 1F8;
66572 : 1F8;
66573 : 1F8;
66574 : 1F8;
66575 : 1F8;
66576 : 1F8;
66577 : 1F8;
66578 : 1F8;
66579 : 1F8;
66580 : 1F8;
66581 : 1F8;
66582 : 1F8;
66583 : 1F8;
66584 : 1F8;
66585 : 1F8;
66586 : 1F8;
66587 : 1F8;
66588 : 1F8;
66589 : 1F8;
66590 : 1F8;
66591 : 1F8;
66592 : 1F8;
66593 : 1F8;
66594 : 1F8;
66595 : 1F8;
66596 : 1F8;
66597 : 1F8;
66598 : 1F8;
66599 : 1F8;
66600 : 1F8;
66601 : 1F8;
66602 : 1F8;
66603 : 1F8;
66604 : 1F8;
66605 : 1F8;
66606 : 1F8;
66607 : 1F8;
66608 : 1F8;
66609 : 1F8;
66610 : 1D8;
66611 : 1D8;
66612 : 1D8;
66613 : 1D8;
66614 : 1D8;
66615 : 1D8;
66616 : 110;
66617 : 110;
66618 : 110;
66619 : 110;
66620 : 110;
66621 : 110;
66622 : 110;
66623 : 1F8;
66624 : 1F8;
66625 : 1F8;
66626 : 1F8;
66627 : 1F8;
66628 : 1F8;
66629 : 1F8;
66630 : 1F8;
66631 : 1F8;
66632 : 1F8;
66633 : 1F8;
66634 : 1F8;
66635 : 1F8;
66636 : 1F8;
66637 : 1F8;
66638 : 1F8;
66639 : 1F8;
66640 : 1F8;
66641 : 1F8;
66642 : 1F8;
66643 : 1F8;
66644 : 1F8;
66645 : 1F8;
66646 : 1F8;
66647 : 1F8;
66648 : 1F8;
66649 : 1F8;
66650 : 1F8;
66651 : 1F8;
66652 : 1F8;
66653 : 1F8;
66654 : 1F8;
66655 : 1F8;
66656 : 1F8;
66657 : 1F8;
66658 : 1F8;
66659 : 1F8;
66660 : 1F8;
66661 : 1F8;
66662 : 1F8;
66663 : 1F8;
66664 : 1F8;
66665 : 1F8;
66666 : 1F8;
66667 : 1F8;
66668 : 1F8;
66669 : 1F8;
66670 : 1F8;
66671 : 1F8;
66672 : 1F8;
66673 : 1F8;
66674 : 1F8;
66675 : 1F8;
66676 : 1F8;
66677 : 1F8;
66678 : 1F8;
66679 : 1F8;
66680 : 1F8;
66681 : 1F8;
66682 : 1F8;
66683 : 1F8;
66684 : 1F8;
66685 : 1F8;
66686 : 1D8;
66687 : 1D8;
66688 : 1F8;
66689 : 1F8;
66690 : 1F8;
66691 : 1F8;
66692 : 1F8;
66693 : 1F8;
66694 : 1F8;
66695 : 1F8;
66696 : 1F8;
66697 : 1F8;
66698 : 1F8;
66699 : 1F8;
66700 : 1F8;
66701 : 1F8;
66702 : 1F8;
66703 : 1F8;
66704 : 1F8;
66705 : 1F8;
66706 : 1F8;
66707 : 1F8;
66708 : 1F8;
66709 : 1F8;
66710 : 1F8;
66711 : 1F8;
66712 : 1F8;
66713 : 1F8;
66714 : 1F8;
66715 : 1F8;
66716 : 1F8;
66717 : 1F8;
66718 : 1F8;
66719 : 1F8;
66720 : 1F8;
66721 : 1F8;
66722 : 1F8;
66723 : 1F8;
66724 : 1F8;
66725 : 1F8;
66726 : 1F8;
66727 : 1F8;
66728 : 1F8;
66729 : 1F8;
66730 : 1F8;
66731 : 1F8;
66732 : 1F8;
66733 : 1F8;
66734 : 1FF;
66735 : 1FF;
66736 : 1FF;
66737 : 1FF;
66738 : 1FF;
66739 : 1FF;
66740 : 1FF;
66741 : 1FF;
66742 : 1FF;
66743 : 1FF;
66744 : 1FF;
66745 : 1FF;
66746 : 1FF;
66747 : 1FF;
66748 : 1FF;
66749 : 1FF;
66750 : 1FF;
66751 : 1FF;
66752 : 1FF;
66753 : 1FF;
66754 : 1FF;
66755 : 1FF;
66756 : 1FF;
66757 : 1FF;
66758 : 1F8;
66759 : 1F8;
66760 : 1F8;
66761 : 1F8;
66762 : 1F8;
66763 : 1F8;
66764 : 1F8;
66765 : 1F8;
66766 : 1F8;
66767 : 1F8;
66768 : 1F8;
66769 : 1D8;
66770 : 1D8;
66771 : 1F8;
66772 : 1F8;
66773 : 1F8;
66774 : 1F8;
66775 : 1F8;
66776 : 1F8;
66777 : 1F8;
66778 : 1F8;
66779 : 1F8;
66780 : 1F8;
66781 : 1F8;
66782 : 1F8;
66783 : 1F8;
66784 : 1F8;
66785 : 1F8;
66786 : 1F8;
66787 : 1F8;
66788 : 1F8;
66789 : 1F8;
66790 : 1F8;
66791 : 1F8;
66792 : 1F8;
66793 : 1F8;
66794 : 1F8;
66795 : 1F8;
66796 : 1F8;
66797 : 1F8;
66798 : 1F8;
66799 : 1F8;
66800 : 1F8;
66801 : 1F8;
66802 : 1F8;
66803 : 1F8;
66804 : 1F8;
66805 : 1F8;
66806 : 1F8;
66807 : 1F8;
66808 : 1F8;
66809 : 1F8;
66810 : 1F8;
66811 : 1F8;
66812 : 110;
66813 : 110;
66814 : 1F8;
66815 : 1F8;
66816 : 1F8;
66817 : 1F8;
66818 : 1F8;
66819 : 1F8;
66820 : 1F8;
66821 : 1F8;
66822 : 1F8;
66823 : 1F8;
66824 : 1F8;
66825 : 1F8;
66826 : 1F8;
66827 : 1F8;
66828 : 1F8;
66829 : 1F8;
66830 : 1F8;
66831 : 1F8;
66832 : 1F8;
66833 : 1F8;
66834 : 1F8;
66835 : 1F8;
66836 : 1F8;
66837 : 1F8;
66838 : 1F8;
66839 : 1F8;
66840 : 1F8;
66841 : 1F8;
66842 : 1D8;
66843 : 1D8;
66844 : 1F8;
66845 : 1F8;
66846 : 1F8;
66847 : 1F8;
66848 : 1F8;
66849 : 1F8;
66850 : 1F8;
66851 : 1F8;
66852 : 1F8;
66853 : 1F8;
66854 : 1F8;
66855 : 1F8;
66856 : 1F8;
66857 : 1F8;
66858 : 1F8;
66859 : 1F8;
66860 : 1F8;
66861 : 1F8;
66862 : 1F8;
66863 : 1F8;
66864 : 1F8;
66865 : 1F8;
66866 : 1F8;
66867 : 1F8;
66868 : 1F8;
66869 : 1F8;
66870 : 1F8;
66871 : 1F8;
66872 : 1F8;
66873 : 1F8;
66874 : 1F8;
66875 : 1F8;
66876 : 1F8;
66877 : 1F8;
66878 : 1F8;
66879 : 1F8;
66880 : 1F8;
66881 : 1F8;
66882 : 1F8;
66883 : 1F8;
66884 : 1F8;
66885 : 1F8;
66886 : 1F8;
66887 : 1F8;
66888 : 1F8;
66889 : 1F8;
66890 : 1F8;
66891 : 1F8;
66892 : 1F8;
66893 : 1F8;
66894 : 1F8;
66895 : 1F8;
66896 : 1F8;
66897 : 1F8;
66898 : 1F8;
66899 : 1F8;
66900 : 1F8;
66901 : 1F8;
66902 : 1F8;
66903 : 1F8;
66904 : 1F8;
66905 : 1F8;
66906 : 1F8;
66907 : 1F8;
66908 : 1F8;
66909 : 1F8;
66910 : 1F8;
66911 : 1F8;
66912 : 1F8;
66913 : 1F8;
66914 : 1F8;
66915 : 1F8;
66916 : 1F8;
66917 : 1F8;
66918 : 1F8;
66919 : 1F8;
66920 : 1F8;
66921 : 1F8;
66922 : 1F8;
66923 : 1F8;
66924 : 1F8;
66925 : 1F8;
66926 : 1F8;
66927 : 1F8;
66928 : 1F8;
66929 : 1F8;
66930 : 1D8;
66931 : 1D8;
66932 : 110;
66933 : 1D8;
66934 : 1D8;
66935 : 1D8;
66936 : 110;
66937 : 110;
66938 : 110;
66939 : 110;
66940 : 110;
66941 : 110;
66942 : 110;
66943 : 1F8;
66944 : 1F8;
66945 : 1F8;
66946 : 1F8;
66947 : 1F8;
66948 : 1F8;
66949 : 1F8;
66950 : 1F8;
66951 : 1F8;
66952 : 1F8;
66953 : 1F8;
66954 : 1F8;
66955 : 1F8;
66956 : 1F8;
66957 : 1F8;
66958 : 1F8;
66959 : 1F8;
66960 : 1F8;
66961 : 1F8;
66962 : 1F8;
66963 : 1F8;
66964 : 1F8;
66965 : 1F8;
66966 : 1F8;
66967 : 1F8;
66968 : 1F8;
66969 : 1F8;
66970 : 1F8;
66971 : 1F8;
66972 : 1F8;
66973 : 1F8;
66974 : 1F8;
66975 : 1F8;
66976 : 1F8;
66977 : 1F8;
66978 : 1F8;
66979 : 1F8;
66980 : 1F8;
66981 : 1F8;
66982 : 1F8;
66983 : 1F8;
66984 : 1F8;
66985 : 1F8;
66986 : 1F8;
66987 : 1F8;
66988 : 1F8;
66989 : 1F8;
66990 : 1F8;
66991 : 1F8;
66992 : 1F8;
66993 : 1F8;
66994 : 1F8;
66995 : 1F8;
66996 : 1F8;
66997 : 1F8;
66998 : 1F8;
66999 : 1F8;
67000 : 1F8;
67001 : 1F8;
67002 : 1F8;
67003 : 1F8;
67004 : 1F8;
67005 : 1F8;
67006 : 1F8;
67007 : 1F8;
67008 : 1F8;
67009 : 1F8;
67010 : 1F8;
67011 : 1F8;
67012 : 1F8;
67013 : 1F8;
67014 : 1F8;
67015 : 1F8;
67016 : 1F8;
67017 : 1F8;
67018 : 1F8;
67019 : 1F8;
67020 : 1F8;
67021 : 1F8;
67022 : 1F8;
67023 : 1F8;
67024 : 1F8;
67025 : 1F8;
67026 : 1F8;
67027 : 1F8;
67028 : 1F8;
67029 : 1F8;
67030 : 1F8;
67031 : 1F8;
67032 : 1F8;
67033 : 1F8;
67034 : 1F8;
67035 : 1F8;
67036 : 1F8;
67037 : 1F8;
67038 : 1F8;
67039 : 1F8;
67040 : 1F8;
67041 : 1F8;
67042 : 1F8;
67043 : 1F8;
67044 : 1F8;
67045 : 1F8;
67046 : 1F8;
67047 : 1F8;
67048 : 1F8;
67049 : 1F8;
67050 : 1F8;
67051 : 1F8;
67052 : 1F8;
67053 : 1FF;
67054 : 1FF;
67055 : 1FF;
67056 : 1FF;
67057 : 1FF;
67058 : 1FF;
67059 : 1FF;
67060 : 1FF;
67061 : 1FF;
67062 : 1FF;
67063 : 1FF;
67064 : 1FF;
67065 : 1FF;
67066 : 1FF;
67067 : 1FF;
67068 : 1FF;
67069 : 1FF;
67070 : 1FF;
67071 : 1FF;
67072 : 1FF;
67073 : 1FF;
67074 : 1FF;
67075 : 1FF;
67076 : 1FF;
67077 : 1FF;
67078 : 1FF;
67079 : 1FF;
67080 : 1FF;
67081 : 1FF;
67082 : 1FF;
67083 : 1F8;
67084 : 1D8;
67085 : 1D8;
67086 : 1F8;
67087 : 1F8;
67088 : 1F8;
67089 : 1F8;
67090 : 1F8;
67091 : 1F8;
67092 : 1F8;
67093 : 1F8;
67094 : 1F8;
67095 : 1F8;
67096 : 1F8;
67097 : 1F8;
67098 : 1F8;
67099 : 1F8;
67100 : 1F8;
67101 : 1F8;
67102 : 1F8;
67103 : 1F8;
67104 : 1F8;
67105 : 1F8;
67106 : 1F8;
67107 : 1F8;
67108 : 1F8;
67109 : 1F8;
67110 : 1F8;
67111 : 1F8;
67112 : 1F8;
67113 : 1F8;
67114 : 1F8;
67115 : 1F8;
67116 : 1F8;
67117 : 1D8;
67118 : 1D8;
67119 : 1F8;
67120 : 1F8;
67121 : 1F8;
67122 : 1F8;
67123 : 1F8;
67124 : 1F8;
67125 : 1F8;
67126 : 1F8;
67127 : 1F8;
67128 : 1F8;
67129 : 1F8;
67130 : 1F8;
67131 : 1F8;
67132 : 110;
67133 : 110;
67134 : 1F8;
67135 : 1F8;
67136 : 1F8;
67137 : 1F8;
67138 : 1F8;
67139 : 1F8;
67140 : 1F8;
67141 : 1F8;
67142 : 1F8;
67143 : 1F8;
67144 : 1F8;
67145 : 1F8;
67146 : 1F8;
67147 : 1F8;
67148 : 1F8;
67149 : 1F8;
67150 : 1F8;
67151 : 1F8;
67152 : 1F8;
67153 : 1F8;
67154 : 1F8;
67155 : 1F8;
67156 : 1F8;
67157 : 1F8;
67158 : 1F8;
67159 : 1F8;
67160 : 1F8;
67161 : 1F8;
67162 : 1F8;
67163 : 1F8;
67164 : 1F8;
67165 : 1F8;
67166 : 1F8;
67167 : 1F8;
67168 : 1F8;
67169 : 1F8;
67170 : 1F8;
67171 : 1D8;
67172 : 1D8;
67173 : 1F8;
67174 : 1F8;
67175 : 1F8;
67176 : 1F8;
67177 : 1F8;
67178 : 1F8;
67179 : 1F8;
67180 : 1F8;
67181 : 1F8;
67182 : 1F8;
67183 : 1F8;
67184 : 1F8;
67185 : 1F8;
67186 : 1F8;
67187 : 1F8;
67188 : 1F8;
67189 : 1F8;
67190 : 1F8;
67191 : 1F8;
67192 : 1F8;
67193 : 1F8;
67194 : 1F8;
67195 : 1F8;
67196 : 1F8;
67197 : 1F8;
67198 : 1F8;
67199 : 1F8;
67200 : 1F8;
67201 : 1F8;
67202 : 1F8;
67203 : 1F8;
67204 : 1F8;
67205 : 1F8;
67206 : 1F8;
67207 : 1F8;
67208 : 1F8;
67209 : 1F8;
67210 : 1F8;
67211 : 1F8;
67212 : 1F8;
67213 : 1F8;
67214 : 1F8;
67215 : 1F8;
67216 : 1F8;
67217 : 1F8;
67218 : 1F8;
67219 : 1F8;
67220 : 1F8;
67221 : 1F8;
67222 : 1F8;
67223 : 1F8;
67224 : 1F8;
67225 : 1F8;
67226 : 1F8;
67227 : 1F8;
67228 : 1F8;
67229 : 1F8;
67230 : 1F8;
67231 : 1F8;
67232 : 1F8;
67233 : 1F8;
67234 : 1F8;
67235 : 1F8;
67236 : 1F8;
67237 : 1F8;
67238 : 1F8;
67239 : 1F8;
67240 : 1F8;
67241 : 1F8;
67242 : 1F8;
67243 : 1F8;
67244 : 1F8;
67245 : 1F8;
67246 : 1F8;
67247 : 1F8;
67248 : 1F8;
67249 : 1F8;
67250 : 1D8;
67251 : 1D8;
67252 : 1D8;
67253 : 110;
67254 : 110;
67255 : 1D8;
67256 : 110;
67257 : 110;
67258 : 110;
67259 : 110;
67260 : 110;
67261 : 110;
67262 : 1F8;
67263 : 1F8;
67264 : 1F8;
67265 : 1F8;
67266 : 1F8;
67267 : 1F8;
67268 : 1F8;
67269 : 1F8;
67270 : 1F8;
67271 : 1F8;
67272 : 1F8;
67273 : 1F8;
67274 : 1F8;
67275 : 1F8;
67276 : 1F8;
67277 : 1F8;
67278 : 1F8;
67279 : 1F8;
67280 : 1F8;
67281 : 1F8;
67282 : 1F8;
67283 : 1F8;
67284 : 1F8;
67285 : 1F8;
67286 : 1F8;
67287 : 1F8;
67288 : 1F8;
67289 : 1F8;
67290 : 1F8;
67291 : 1F8;
67292 : 1F8;
67293 : 1F8;
67294 : 1F8;
67295 : 1F8;
67296 : 1F8;
67297 : 1F8;
67298 : 1F8;
67299 : 1F8;
67300 : 1F8;
67301 : 1F8;
67302 : 1F8;
67303 : 1F8;
67304 : 1F8;
67305 : 1F8;
67306 : 1F8;
67307 : 1F8;
67308 : 1F8;
67309 : 1F8;
67310 : 1F8;
67311 : 1F8;
67312 : 1F8;
67313 : 1F8;
67314 : 1F8;
67315 : 1F8;
67316 : 1F8;
67317 : 1F8;
67318 : 1D8;
67319 : 1D8;
67320 : 1F8;
67321 : 1F8;
67322 : 1F8;
67323 : 1F8;
67324 : 1F8;
67325 : 1F8;
67326 : 1F8;
67327 : 1F8;
67328 : 1F8;
67329 : 1F8;
67330 : 1F8;
67331 : 1F8;
67332 : 1F8;
67333 : 1F8;
67334 : 1F8;
67335 : 1F8;
67336 : 1F8;
67337 : 1F8;
67338 : 1F8;
67339 : 1F8;
67340 : 1F8;
67341 : 1F8;
67342 : 1F8;
67343 : 1F8;
67344 : 1F8;
67345 : 1F8;
67346 : 1F8;
67347 : 1F8;
67348 : 1F8;
67349 : 1F8;
67350 : 1F8;
67351 : 1F8;
67352 : 1F8;
67353 : 1F8;
67354 : 1F8;
67355 : 1F8;
67356 : 1F8;
67357 : 1F8;
67358 : 1F8;
67359 : 1F8;
67360 : 1F8;
67361 : 1F8;
67362 : 1D8;
67363 : 1D8;
67364 : 1F8;
67365 : 1F8;
67366 : 1F8;
67367 : 1F8;
67368 : 1F8;
67369 : 1F8;
67370 : 1F8;
67371 : 1F8;
67372 : 1FF;
67373 : 1FF;
67374 : 1FF;
67375 : 1FF;
67376 : 1FF;
67377 : 1FF;
67378 : 1FF;
67379 : 1FF;
67380 : 1FF;
67381 : 1FF;
67382 : 1FF;
67383 : 1FF;
67384 : 1FF;
67385 : 1FF;
67386 : 1FF;
67387 : 1FF;
67388 : 1FF;
67389 : 1FF;
67390 : 1FF;
67391 : 1FF;
67392 : 1FF;
67393 : 1FF;
67394 : 1FF;
67395 : 1FF;
67396 : 1FF;
67397 : 1FF;
67398 : 1FF;
67399 : 1FF;
67400 : 1FF;
67401 : 1FF;
67402 : 1F8;
67403 : 1F8;
67404 : 1F8;
67405 : 1F8;
67406 : 1F8;
67407 : 1F8;
67408 : 1F8;
67409 : 1F8;
67410 : 1F8;
67411 : 1F8;
67412 : 1F8;
67413 : 1F8;
67414 : 1F8;
67415 : 1F8;
67416 : 1F8;
67417 : 1F8;
67418 : 1F8;
67419 : 1F8;
67420 : 1F8;
67421 : 1F8;
67422 : 1F8;
67423 : 1F8;
67424 : 1F8;
67425 : 1F8;
67426 : 1F8;
67427 : 1F8;
67428 : 1F8;
67429 : 1F8;
67430 : 1F8;
67431 : 1F8;
67432 : 1F8;
67433 : 1D8;
67434 : 1D8;
67435 : 1F8;
67436 : 1F8;
67437 : 1D8;
67438 : 1D8;
67439 : 1F8;
67440 : 1F8;
67441 : 1F8;
67442 : 1F8;
67443 : 1F8;
67444 : 1F8;
67445 : 1F8;
67446 : 1F8;
67447 : 1F8;
67448 : 1F8;
67449 : 1F8;
67450 : 1F8;
67451 : 1F8;
67452 : 110;
67453 : 110;
67454 : 1F8;
67455 : 1F8;
67456 : 1F8;
67457 : 1F8;
67458 : 1F8;
67459 : 1F8;
67460 : 1F8;
67461 : 1F8;
67462 : 1F8;
67463 : 1F8;
67464 : 1D8;
67465 : 1D8;
67466 : 1F8;
67467 : 1F8;
67468 : 1F8;
67469 : 1F8;
67470 : 1F8;
67471 : 1F8;
67472 : 1F8;
67473 : 1F8;
67474 : 1F8;
67475 : 1F8;
67476 : 1F8;
67477 : 1F8;
67478 : 1F8;
67479 : 1F8;
67480 : 1F8;
67481 : 1F8;
67482 : 1F8;
67483 : 1F8;
67484 : 1F8;
67485 : 1F8;
67486 : 1F8;
67487 : 1F8;
67488 : 1F8;
67489 : 1F8;
67490 : 1F8;
67491 : 1F8;
67492 : 1F8;
67493 : 1F8;
67494 : 1F8;
67495 : 1F8;
67496 : 1F8;
67497 : 1F8;
67498 : 1F8;
67499 : 1F8;
67500 : 1F8;
67501 : 1F8;
67502 : 1F8;
67503 : 1F8;
67504 : 1F8;
67505 : 1F8;
67506 : 1F8;
67507 : 1F8;
67508 : 1F8;
67509 : 1F8;
67510 : 1F8;
67511 : 1F8;
67512 : 1F8;
67513 : 1F8;
67514 : 1F8;
67515 : 1F8;
67516 : 1F8;
67517 : 1F8;
67518 : 1F8;
67519 : 1F8;
67520 : 1F8;
67521 : 1F8;
67522 : 1F8;
67523 : 1F8;
67524 : 1F8;
67525 : 1F8;
67526 : 1F8;
67527 : 1F8;
67528 : 1F8;
67529 : 1F8;
67530 : 1F8;
67531 : 1F8;
67532 : 1D8;
67533 : 1D8;
67534 : 1F8;
67535 : 1F8;
67536 : 1F8;
67537 : 1F8;
67538 : 1F8;
67539 : 1F8;
67540 : 1F8;
67541 : 1F8;
67542 : 1F8;
67543 : 1F8;
67544 : 1F8;
67545 : 1F8;
67546 : 1F8;
67547 : 1F8;
67548 : 1F8;
67549 : 1F8;
67550 : 1F8;
67551 : 1F8;
67552 : 1F8;
67553 : 1F8;
67554 : 1F8;
67555 : 1F8;
67556 : 1F8;
67557 : 1F8;
67558 : 1F8;
67559 : 1F8;
67560 : 1F8;
67561 : 1F8;
67562 : 1F8;
67563 : 1F8;
67564 : 1F8;
67565 : 1F8;
67566 : 1F8;
67567 : 1F8;
67568 : 1F8;
67569 : 1D8;
67570 : 1D8;
67571 : 1D8;
67572 : 1D8;
67573 : 1D8;
67574 : 1D8;
67575 : 110;
67576 : 110;
67577 : 110;
67578 : 110;
67579 : 110;
67580 : 110;
67581 : 110;
67582 : 1F8;
67583 : 1F8;
67584 : 1F8;
67585 : 1F8;
67586 : 1F8;
67587 : 1F8;
67588 : 1F8;
67589 : 1F8;
67590 : 1F8;
67591 : 1F8;
67592 : 1F8;
67593 : 1F8;
67594 : 1F8;
67595 : 1F8;
67596 : 1F8;
67597 : 1F8;
67598 : 1F8;
67599 : 1F8;
67600 : 1F8;
67601 : 1F8;
67602 : 1F8;
67603 : 1F8;
67604 : 1F8;
67605 : 1F8;
67606 : 1F8;
67607 : 1F8;
67608 : 1F8;
67609 : 1F8;
67610 : 1F8;
67611 : 1F8;
67612 : 1F8;
67613 : 1F8;
67614 : 1F8;
67615 : 1F8;
67616 : 1F8;
67617 : 1F8;
67618 : 1F8;
67619 : 1F8;
67620 : 1F8;
67621 : 1F8;
67622 : 1F8;
67623 : 1F8;
67624 : 1F8;
67625 : 1F8;
67626 : 1F8;
67627 : 1F8;
67628 : 1F8;
67629 : 1F8;
67630 : 1F8;
67631 : 1F8;
67632 : 1F8;
67633 : 1F8;
67634 : 1F8;
67635 : 1F8;
67636 : 1F8;
67637 : 1F8;
67638 : 1F8;
67639 : 1F8;
67640 : 1F8;
67641 : 1F8;
67642 : 1F8;
67643 : 1F8;
67644 : 1F8;
67645 : 1D8;
67646 : 1D8;
67647 : 1F8;
67648 : 1F8;
67649 : 1F8;
67650 : 1F8;
67651 : 1F8;
67652 : 1F8;
67653 : 1F8;
67654 : 1F8;
67655 : 1F8;
67656 : 1F8;
67657 : 1F8;
67658 : 1F8;
67659 : 1F8;
67660 : 1F8;
67661 : 1F8;
67662 : 1F8;
67663 : 1F8;
67664 : 1F8;
67665 : 1F8;
67666 : 1F8;
67667 : 1F8;
67668 : 1F8;
67669 : 1F8;
67670 : 1F8;
67671 : 1F8;
67672 : 1F8;
67673 : 1F8;
67674 : 1F8;
67675 : 1F8;
67676 : 1F8;
67677 : 1F8;
67678 : 1F8;
67679 : 1F8;
67680 : 1F8;
67681 : 1F8;
67682 : 1F8;
67683 : 1F8;
67684 : 1F8;
67685 : 1F8;
67686 : 1F8;
67687 : 1F8;
67688 : 1F8;
67689 : 1F8;
67690 : 1F8;
67691 : 1F8;
67692 : 007;
67693 : 1FF;
67694 : 1FF;
67695 : 1FF;
67696 : 1FF;
67697 : 1FF;
67698 : 1FF;
67699 : 1FF;
67700 : 1FF;
67701 : 1FF;
67702 : 1FF;
67703 : 1FF;
67704 : 1FF;
67705 : 1FF;
67706 : 1FF;
67707 : 1FF;
67708 : 1FF;
67709 : 1FF;
67710 : 1FF;
67711 : 1FF;
67712 : 1FF;
67713 : 1FF;
67714 : 1FF;
67715 : 1FF;
67716 : 1FF;
67717 : 1FF;
67718 : 1FF;
67719 : 1FF;
67720 : 1FF;
67721 : 1FF;
67722 : 1F8;
67723 : 1F8;
67724 : 1F8;
67725 : 1F8;
67726 : 1F8;
67727 : 1F8;
67728 : 1F8;
67729 : 1F8;
67730 : 1F8;
67731 : 1F8;
67732 : 1F8;
67733 : 1F8;
67734 : 1F8;
67735 : 1F8;
67736 : 1F8;
67737 : 1F8;
67738 : 1F8;
67739 : 1F8;
67740 : 1F8;
67741 : 1F8;
67742 : 1F8;
67743 : 1F8;
67744 : 1F8;
67745 : 1F8;
67746 : 1F8;
67747 : 1F8;
67748 : 1F8;
67749 : 1F8;
67750 : 1F8;
67751 : 1F8;
67752 : 1F8;
67753 : 1F8;
67754 : 1F8;
67755 : 1F8;
67756 : 1D8;
67757 : 1D8;
67758 : 1F8;
67759 : 1F8;
67760 : 1F8;
67761 : 1F8;
67762 : 1F8;
67763 : 1F8;
67764 : 1F8;
67765 : 1F8;
67766 : 1F8;
67767 : 1F8;
67768 : 1F8;
67769 : 1F8;
67770 : 1F8;
67771 : 1F8;
67772 : 110;
67773 : 110;
67774 : 1F8;
67775 : 1F8;
67776 : 1F8;
67777 : 1F8;
67778 : 1F8;
67779 : 1F8;
67780 : 1F8;
67781 : 1F8;
67782 : 1F8;
67783 : 1F8;
67784 : 1F8;
67785 : 1F8;
67786 : 1F8;
67787 : 1F8;
67788 : 1F8;
67789 : 1F8;
67790 : 1F8;
67791 : 1F8;
67792 : 1F8;
67793 : 1F8;
67794 : 1F8;
67795 : 1F8;
67796 : 1F8;
67797 : 1F8;
67798 : 1F8;
67799 : 1F8;
67800 : 1F8;
67801 : 1F8;
67802 : 1F8;
67803 : 1F8;
67804 : 1F8;
67805 : 1F8;
67806 : 1F8;
67807 : 1F8;
67808 : 1F8;
67809 : 1F8;
67810 : 1F8;
67811 : 1F8;
67812 : 1F8;
67813 : 1F8;
67814 : 1F8;
67815 : 1F8;
67816 : 1F8;
67817 : 1F8;
67818 : 1F8;
67819 : 1F8;
67820 : 1F8;
67821 : 1F8;
67822 : 1F8;
67823 : 1F8;
67824 : 1F8;
67825 : 1F8;
67826 : 1F8;
67827 : 1F8;
67828 : 1F8;
67829 : 1F8;
67830 : 1F8;
67831 : 1F8;
67832 : 1F8;
67833 : 1F8;
67834 : 1F8;
67835 : 1F8;
67836 : 1F8;
67837 : 1F8;
67838 : 1F8;
67839 : 1F8;
67840 : 1F8;
67841 : 1F8;
67842 : 1F8;
67843 : 1F8;
67844 : 1F8;
67845 : 1F8;
67846 : 1F8;
67847 : 1F8;
67848 : 1F8;
67849 : 1F8;
67850 : 1F8;
67851 : 1F8;
67852 : 1F8;
67853 : 1F8;
67854 : 1F8;
67855 : 1F8;
67856 : 1F8;
67857 : 1F8;
67858 : 1F8;
67859 : 1F8;
67860 : 1F8;
67861 : 1F8;
67862 : 1F8;
67863 : 1F8;
67864 : 1F8;
67865 : 1F8;
67866 : 1F8;
67867 : 1F8;
67868 : 1F8;
67869 : 1F8;
67870 : 1F8;
67871 : 1F8;
67872 : 1F8;
67873 : 1F8;
67874 : 1F8;
67875 : 1F8;
67876 : 1F8;
67877 : 1F8;
67878 : 1F8;
67879 : 1F8;
67880 : 1F8;
67881 : 1F8;
67882 : 1F8;
67883 : 1F8;
67884 : 1F8;
67885 : 1F8;
67886 : 1F8;
67887 : 1F8;
67888 : 1F8;
67889 : 1D8;
67890 : 1D8;
67891 : 1D8;
67892 : 1D8;
67893 : 1D8;
67894 : 1D8;
67895 : 110;
67896 : 110;
67897 : 110;
67898 : 110;
67899 : 110;
67900 : 110;
67901 : 110;
67902 : 1F8;
67903 : 1F8;
67904 : 1F8;
67905 : 1F8;
67906 : 1F8;
67907 : 1F8;
67908 : 1F8;
67909 : 1F8;
67910 : 1F8;
67911 : 1F8;
67912 : 1F8;
67913 : 1F8;
67914 : 1F8;
67915 : 1F8;
67916 : 1F8;
67917 : 1F8;
67918 : 1F8;
67919 : 1F8;
67920 : 1F8;
67921 : 1F8;
67922 : 1F8;
67923 : 1F8;
67924 : 1F8;
67925 : 1F8;
67926 : 1F8;
67927 : 1F8;
67928 : 1F8;
67929 : 1F8;
67930 : 1F8;
67931 : 1F8;
67932 : 1F8;
67933 : 1F8;
67934 : 1F8;
67935 : 1F8;
67936 : 1F8;
67937 : 1F8;
67938 : 1F8;
67939 : 1F8;
67940 : 1F8;
67941 : 1F8;
67942 : 1F8;
67943 : 1F8;
67944 : 1F8;
67945 : 1F8;
67946 : 1F8;
67947 : 1F8;
67948 : 1F8;
67949 : 1F8;
67950 : 1F8;
67951 : 1F8;
67952 : 1F8;
67953 : 1F8;
67954 : 1F8;
67955 : 1F8;
67956 : 1F8;
67957 : 1F8;
67958 : 1F8;
67959 : 1F8;
67960 : 1F8;
67961 : 1F8;
67962 : 1F8;
67963 : 1F8;
67964 : 1F8;
67965 : 1F8;
67966 : 1F8;
67967 : 1F8;
67968 : 1D8;
67969 : 1D8;
67970 : 1F8;
67971 : 1F8;
67972 : 1F8;
67973 : 1F8;
67974 : 1F8;
67975 : 1F8;
67976 : 1F8;
67977 : 1F8;
67978 : 1F8;
67979 : 1F8;
67980 : 1F8;
67981 : 1F8;
67982 : 1F8;
67983 : 1F8;
67984 : 1F8;
67985 : 1F8;
67986 : 1F8;
67987 : 1F8;
67988 : 1F8;
67989 : 1F8;
67990 : 1F8;
67991 : 1F8;
67992 : 1F8;
67993 : 1F8;
67994 : 1F8;
67995 : 1F8;
67996 : 1F8;
67997 : 1F8;
67998 : 1F8;
67999 : 1F8;
68000 : 1F8;
68001 : 1F8;
68002 : 1F8;
68003 : 1F8;
68004 : 1F8;
68005 : 1F8;
68006 : 1F8;
68007 : 1F8;
68008 : 1F8;
68009 : 1F8;
68010 : 1F8;
68011 : 007;
68012 : 007;
68013 : 007;
68014 : 007;
68015 : 007;
68016 : 007;
68017 : 007;
68018 : 1FF;
68019 : 1FF;
68020 : 1FF;
68021 : 1FF;
68022 : 1FF;
68023 : 1FF;
68024 : 1FF;
68025 : 1FF;
68026 : 1FF;
68027 : 1FF;
68028 : 1FF;
68029 : 1FF;
68030 : 1FF;
68031 : 1FF;
68032 : 1FF;
68033 : 1FF;
68034 : 1FF;
68035 : 1FF;
68036 : 1FF;
68037 : 1FF;
68038 : 1FF;
68039 : 1FF;
68040 : 1FF;
68041 : 1F8;
68042 : 1F8;
68043 : 1F8;
68044 : 1F8;
68045 : 1F8;
68046 : 1F8;
68047 : 1F8;
68048 : 1F8;
68049 : 1F8;
68050 : 1F8;
68051 : 1F8;
68052 : 1F8;
68053 : 1F8;
68054 : 1F8;
68055 : 1F8;
68056 : 1F8;
68057 : 1F8;
68058 : 1F8;
68059 : 1F8;
68060 : 1F8;
68061 : 1F8;
68062 : 1F8;
68063 : 1F8;
68064 : 1F8;
68065 : 1F8;
68066 : 1F8;
68067 : 1F8;
68068 : 1F8;
68069 : 1F8;
68070 : 1F8;
68071 : 1F8;
68072 : 1F8;
68073 : 1F8;
68074 : 1F8;
68075 : 1F8;
68076 : 1F8;
68077 : 1F8;
68078 : 1F8;
68079 : 1F8;
68080 : 1F8;
68081 : 1F8;
68082 : 1F8;
68083 : 1F8;
68084 : 1F8;
68085 : 1F8;
68086 : 1F8;
68087 : 1F8;
68088 : 1F8;
68089 : 1F8;
68090 : 1F8;
68091 : 1F8;
68092 : 110;
68093 : 110;
68094 : 1F8;
68095 : 1F8;
68096 : 1F8;
68097 : 1F8;
68098 : 1F8;
68099 : 1F8;
68100 : 1F8;
68101 : 1F8;
68102 : 1F8;
68103 : 1F8;
68104 : 1F8;
68105 : 1F8;
68106 : 1F8;
68107 : 1F8;
68108 : 1F8;
68109 : 1F8;
68110 : 1F8;
68111 : 1F8;
68112 : 1F8;
68113 : 1F8;
68114 : 1D8;
68115 : 1D8;
68116 : 1F8;
68117 : 1F8;
68118 : 1F8;
68119 : 1F8;
68120 : 1F8;
68121 : 1F8;
68122 : 1F8;
68123 : 1F8;
68124 : 1F8;
68125 : 1F8;
68126 : 1F8;
68127 : 1F8;
68128 : 1F8;
68129 : 1F8;
68130 : 1F8;
68131 : 1F8;
68132 : 1F8;
68133 : 1F8;
68134 : 1F8;
68135 : 1F8;
68136 : 1F8;
68137 : 1F8;
68138 : 1F8;
68139 : 1F8;
68140 : 1F8;
68141 : 1F8;
68142 : 1F8;
68143 : 1F8;
68144 : 1F8;
68145 : 1F8;
68146 : 1F8;
68147 : 1F8;
68148 : 1F8;
68149 : 1F8;
68150 : 1F8;
68151 : 1F8;
68152 : 1F8;
68153 : 1F8;
68154 : 1F8;
68155 : 1F8;
68156 : 1F8;
68157 : 1F8;
68158 : 1F8;
68159 : 1F8;
68160 : 1F8;
68161 : 1F8;
68162 : 1F8;
68163 : 1F8;
68164 : 1F8;
68165 : 1F8;
68166 : 1F8;
68167 : 1F8;
68168 : 1F8;
68169 : 1F8;
68170 : 1F8;
68171 : 1F8;
68172 : 1F8;
68173 : 1F8;
68174 : 1F8;
68175 : 1F8;
68176 : 1F8;
68177 : 1F8;
68178 : 1F8;
68179 : 1F8;
68180 : 1F8;
68181 : 1F8;
68182 : 1F8;
68183 : 1F8;
68184 : 1F8;
68185 : 1F8;
68186 : 1F8;
68187 : 1F8;
68188 : 1F8;
68189 : 1F8;
68190 : 1F8;
68191 : 1F8;
68192 : 1F8;
68193 : 1F8;
68194 : 1F8;
68195 : 1F8;
68196 : 1F8;
68197 : 1F8;
68198 : 1F8;
68199 : 1F8;
68200 : 1F8;
68201 : 1F8;
68202 : 1F8;
68203 : 1F8;
68204 : 1F8;
68205 : 1F8;
68206 : 1F8;
68207 : 1F8;
68208 : 1F8;
68209 : 1D8;
68210 : 1D8;
68211 : 1D8;
68212 : 1D8;
68213 : 1D8;
68214 : 1D8;
68215 : 110;
68216 : 110;
68217 : 110;
68218 : 110;
68219 : 110;
68220 : 110;
68221 : 110;
68222 : 1F8;
68223 : 1F8;
68224 : 1F8;
68225 : 1F8;
68226 : 1F8;
68227 : 1F8;
68228 : 1F8;
68229 : 1F8;
68230 : 1F8;
68231 : 1F8;
68232 : 1F8;
68233 : 1F8;
68234 : 1F8;
68235 : 1F8;
68236 : 1F8;
68237 : 1F8;
68238 : 1F8;
68239 : 1F8;
68240 : 1F8;
68241 : 1F8;
68242 : 1F8;
68243 : 1F8;
68244 : 1F8;
68245 : 1F8;
68246 : 1F8;
68247 : 1F8;
68248 : 1F8;
68249 : 1F8;
68250 : 1F8;
68251 : 1F8;
68252 : 1F8;
68253 : 1F8;
68254 : 1F8;
68255 : 1F8;
68256 : 1F8;
68257 : 1F8;
68258 : 1F8;
68259 : 1F8;
68260 : 1F8;
68261 : 1F8;
68262 : 1F8;
68263 : 1F8;
68264 : 1F8;
68265 : 1F8;
68266 : 1F8;
68267 : 1F8;
68268 : 1F8;
68269 : 1F8;
68270 : 1F8;
68271 : 1F8;
68272 : 1F8;
68273 : 1F8;
68274 : 1F8;
68275 : 1F8;
68276 : 1F8;
68277 : 1F8;
68278 : 1F8;
68279 : 1F8;
68280 : 1F8;
68281 : 1F8;
68282 : 1F8;
68283 : 1F8;
68284 : 1F8;
68285 : 1F8;
68286 : 1F8;
68287 : 1F8;
68288 : 1F8;
68289 : 1F8;
68290 : 1F8;
68291 : 1F8;
68292 : 1F8;
68293 : 1F8;
68294 : 1F8;
68295 : 1F8;
68296 : 1F8;
68297 : 1F8;
68298 : 1F8;
68299 : 1F8;
68300 : 1F8;
68301 : 1F8;
68302 : 1F8;
68303 : 1F8;
68304 : 1F8;
68305 : 1F8;
68306 : 1F8;
68307 : 1F8;
68308 : 1F8;
68309 : 1F8;
68310 : 1F8;
68311 : 1F8;
68312 : 1F8;
68313 : 1F8;
68314 : 1F8;
68315 : 1F8;
68316 : 1F8;
68317 : 1F8;
68318 : 1F8;
68319 : 1F8;
68320 : 1F8;
68321 : 1F8;
68322 : 1F8;
68323 : 1F8;
68324 : 1F8;
68325 : 1F8;
68326 : 1F8;
68327 : 1F8;
68328 : 1F8;
68329 : 1F8;
68330 : 1F8;
68331 : 007;
68332 : 007;
68333 : 007;
68334 : 007;
68335 : 007;
68336 : 007;
68337 : 007;
68338 : 007;
68339 : 007;
68340 : 007;
68341 : 007;
68342 : 007;
68343 : 1FF;
68344 : 1FF;
68345 : 1FF;
68346 : 1FF;
68347 : 1FF;
68348 : 1FF;
68349 : 1FF;
68350 : 1FF;
68351 : 1FF;
68352 : 1FF;
68353 : 1FF;
68354 : 1FF;
68355 : 1FF;
68356 : 1FF;
68357 : 1FF;
68358 : 1FF;
68359 : 1FF;
68360 : 1FF;
68361 : 1F8;
68362 : 1F8;
68363 : 1F8;
68364 : 1F8;
68365 : 1F8;
68366 : 1F8;
68367 : 1F8;
68368 : 1F8;
68369 : 1F8;
68370 : 1F8;
68371 : 1F8;
68372 : 1F8;
68373 : 1F8;
68374 : 1F8;
68375 : 1F8;
68376 : 1F8;
68377 : 1F8;
68378 : 1F8;
68379 : 1F8;
68380 : 1F8;
68381 : 1F8;
68382 : 1F8;
68383 : 1F8;
68384 : 1F8;
68385 : 1F8;
68386 : 1F8;
68387 : 1F8;
68388 : 1F8;
68389 : 1F8;
68390 : 1F8;
68391 : 1F8;
68392 : 1F8;
68393 : 1F8;
68394 : 1F8;
68395 : 1F8;
68396 : 1F8;
68397 : 1F8;
68398 : 1F8;
68399 : 1F8;
68400 : 1F8;
68401 : 1D8;
68402 : 1D8;
68403 : 1D8;
68404 : 1D8;
68405 : 1D8;
68406 : 1D8;
68407 : 1D8;
68408 : 1D8;
68409 : 1D8;
68410 : 1D8;
68411 : 1D8;
68412 : 110;
68413 : 110;
68414 : 1D8;
68415 : 1D8;
68416 : 1D8;
68417 : 1D8;
68418 : 1D8;
68419 : 1D8;
68420 : 1D8;
68421 : 1D8;
68422 : 1D8;
68423 : 1D8;
68424 : 1D8;
68425 : 1D8;
68426 : 1D8;
68427 : 1F8;
68428 : 1F8;
68429 : 1F8;
68430 : 1F8;
68431 : 1F8;
68432 : 1F8;
68433 : 1F8;
68434 : 1F8;
68435 : 1F8;
68436 : 1F8;
68437 : 1F8;
68438 : 1F8;
68439 : 1F8;
68440 : 1F8;
68441 : 1F8;
68442 : 1F8;
68443 : 1F8;
68444 : 1F8;
68445 : 1F8;
68446 : 1F8;
68447 : 1F8;
68448 : 1F8;
68449 : 1F8;
68450 : 1F8;
68451 : 1F8;
68452 : 1F8;
68453 : 1F8;
68454 : 1F8;
68455 : 1F8;
68456 : 1F8;
68457 : 1F8;
68458 : 1F8;
68459 : 1F8;
68460 : 1F8;
68461 : 1F8;
68462 : 1F8;
68463 : 1F8;
68464 : 1F8;
68465 : 1F8;
68466 : 1F8;
68467 : 1F8;
68468 : 1F8;
68469 : 1F8;
68470 : 1F8;
68471 : 1F8;
68472 : 1F8;
68473 : 1F8;
68474 : 1F8;
68475 : 1F8;
68476 : 1F8;
68477 : 1F8;
68478 : 1F8;
68479 : 1F8;
68480 : 1F8;
68481 : 1F8;
68482 : 1F8;
68483 : 1F8;
68484 : 1F8;
68485 : 1F8;
68486 : 1F8;
68487 : 1F8;
68488 : 1F8;
68489 : 1F8;
68490 : 1F8;
68491 : 1F8;
68492 : 1F8;
68493 : 1F8;
68494 : 1F8;
68495 : 1F8;
68496 : 1F8;
68497 : 1F8;
68498 : 1F8;
68499 : 1F8;
68500 : 1F8;
68501 : 1F8;
68502 : 1F8;
68503 : 1F8;
68504 : 1F8;
68505 : 1F8;
68506 : 1F8;
68507 : 1F8;
68508 : 1F8;
68509 : 1F8;
68510 : 1F8;
68511 : 1F8;
68512 : 1F8;
68513 : 1F8;
68514 : 1F8;
68515 : 1F8;
68516 : 1F8;
68517 : 1F8;
68518 : 1F8;
68519 : 1F8;
68520 : 1F8;
68521 : 1F8;
68522 : 1F8;
68523 : 1F8;
68524 : 1F8;
68525 : 1F8;
68526 : 1F8;
68527 : 1F8;
68528 : 1F8;
68529 : 1D8;
68530 : 1D8;
68531 : 1D8;
68532 : 1D8;
68533 : 1D8;
68534 : 1D8;
68535 : 110;
68536 : 110;
68537 : 110;
68538 : 110;
68539 : 110;
68540 : 110;
68541 : 110;
68542 : 1F8;
68543 : 1F8;
68544 : 1F8;
68545 : 1F8;
68546 : 1F8;
68547 : 1F8;
68548 : 1F8;
68549 : 1D8;
68550 : 1D8;
68551 : 1F8;
68552 : 1F8;
68553 : 1F8;
68554 : 1F8;
68555 : 1F8;
68556 : 1F8;
68557 : 1F8;
68558 : 1F8;
68559 : 1F8;
68560 : 1F8;
68561 : 1F8;
68562 : 1F8;
68563 : 1F8;
68564 : 1F8;
68565 : 1F8;
68566 : 1F8;
68567 : 1F8;
68568 : 1F8;
68569 : 1F8;
68570 : 1F8;
68571 : 1F8;
68572 : 1F8;
68573 : 1F8;
68574 : 1F8;
68575 : 1F8;
68576 : 1F8;
68577 : 1F8;
68578 : 1F8;
68579 : 1F8;
68580 : 1F8;
68581 : 1F8;
68582 : 1F8;
68583 : 1F8;
68584 : 1F8;
68585 : 1F8;
68586 : 1F8;
68587 : 1F8;
68588 : 1F8;
68589 : 1F8;
68590 : 1F8;
68591 : 1F8;
68592 : 1F8;
68593 : 1F8;
68594 : 1F8;
68595 : 1F8;
68596 : 1F8;
68597 : 1F8;
68598 : 1F8;
68599 : 1F8;
68600 : 1F8;
68601 : 1F8;
68602 : 1F8;
68603 : 1F8;
68604 : 1F8;
68605 : 1F8;
68606 : 1F8;
68607 : 1F8;
68608 : 1F8;
68609 : 1F8;
68610 : 1F8;
68611 : 1F8;
68612 : 1F8;
68613 : 1F8;
68614 : 1F8;
68615 : 1F8;
68616 : 1F8;
68617 : 1F8;
68618 : 1F8;
68619 : 1F8;
68620 : 1F8;
68621 : 1F8;
68622 : 1F8;
68623 : 1F8;
68624 : 1F8;
68625 : 1F8;
68626 : 1F8;
68627 : 1F8;
68628 : 1F8;
68629 : 1F8;
68630 : 1F8;
68631 : 1F8;
68632 : 1F8;
68633 : 1F8;
68634 : 1F8;
68635 : 1F8;
68636 : 1F8;
68637 : 1F8;
68638 : 1F8;
68639 : 1F8;
68640 : 1F8;
68641 : 1F8;
68642 : 1F8;
68643 : 1F8;
68644 : 1F8;
68645 : 1F8;
68646 : 1F8;
68647 : 1F8;
68648 : 1F8;
68649 : 1F8;
68650 : 007;
68651 : 007;
68652 : 007;
68653 : 007;
68654 : 007;
68655 : 007;
68656 : 007;
68657 : 007;
68658 : 007;
68659 : 007;
68660 : 007;
68661 : 007;
68662 : 007;
68663 : 007;
68664 : 007;
68665 : 007;
68666 : 007;
68667 : 007;
68668 : 007;
68669 : 1FF;
68670 : 1FF;
68671 : 1FF;
68672 : 1FF;
68673 : 1FF;
68674 : 1FF;
68675 : 1FF;
68676 : 1FF;
68677 : 1FF;
68678 : 1FF;
68679 : 1FF;
68680 : 1F8;
68681 : 1F8;
68682 : 1F8;
68683 : 1F8;
68684 : 1F8;
68685 : 1F8;
68686 : 1F8;
68687 : 1F8;
68688 : 1F8;
68689 : 1F8;
68690 : 1F8;
68691 : 1F8;
68692 : 1F8;
68693 : 1F8;
68694 : 1F8;
68695 : 1F8;
68696 : 1F8;
68697 : 1F8;
68698 : 1F8;
68699 : 1F8;
68700 : 1F8;
68701 : 1F8;
68702 : 1F8;
68703 : 1F8;
68704 : 1F8;
68705 : 1F8;
68706 : 1F8;
68707 : 1F8;
68708 : 1F8;
68709 : 1F8;
68710 : 1F8;
68711 : 1F8;
68712 : 1D8;
68713 : 1D8;
68714 : 1D8;
68715 : 1D8;
68716 : 1D8;
68717 : 1D8;
68718 : 1D8;
68719 : 1D8;
68720 : 1D8;
68721 : 1D8;
68722 : 1D8;
68723 : 1D8;
68724 : 1D8;
68725 : 1D8;
68726 : 1D8;
68727 : 1D8;
68728 : 1D8;
68729 : 1D8;
68730 : 1D8;
68731 : 1D8;
68732 : 110;
68733 : 110;
68734 : 1D8;
68735 : 1D8;
68736 : 1D8;
68737 : 1D8;
68738 : 1D8;
68739 : 1D8;
68740 : 1D8;
68741 : 1D8;
68742 : 1D8;
68743 : 1D8;
68744 : 1D8;
68745 : 1D8;
68746 : 1D8;
68747 : 1D8;
68748 : 1D8;
68749 : 1D8;
68750 : 1D8;
68751 : 1D8;
68752 : 1D8;
68753 : 1D8;
68754 : 1D8;
68755 : 1D8;
68756 : 1F8;
68757 : 1F8;
68758 : 1F8;
68759 : 1F8;
68760 : 1F8;
68761 : 1F8;
68762 : 1F8;
68763 : 1F8;
68764 : 1F8;
68765 : 1F8;
68766 : 1F8;
68767 : 1F8;
68768 : 1F8;
68769 : 1F8;
68770 : 1F8;
68771 : 1F8;
68772 : 1F8;
68773 : 1F8;
68774 : 1F8;
68775 : 1F8;
68776 : 1F8;
68777 : 1F8;
68778 : 1F8;
68779 : 1F8;
68780 : 1D8;
68781 : 1D8;
68782 : 1F8;
68783 : 1F8;
68784 : 1F8;
68785 : 1F8;
68786 : 1F8;
68787 : 1F8;
68788 : 1F8;
68789 : 1F8;
68790 : 1F8;
68791 : 1F8;
68792 : 1F8;
68793 : 1F8;
68794 : 1F8;
68795 : 1F8;
68796 : 1F8;
68797 : 1F8;
68798 : 1F8;
68799 : 1F8;
68800 : 1F8;
68801 : 1F8;
68802 : 1F8;
68803 : 1F8;
68804 : 1F8;
68805 : 1F8;
68806 : 1F8;
68807 : 1F8;
68808 : 1F8;
68809 : 1F8;
68810 : 1F8;
68811 : 1F8;
68812 : 1F8;
68813 : 1F8;
68814 : 1F8;
68815 : 1F8;
68816 : 1F8;
68817 : 1F8;
68818 : 1F8;
68819 : 1F8;
68820 : 1F8;
68821 : 1F8;
68822 : 1F8;
68823 : 1F8;
68824 : 1F8;
68825 : 1F8;
68826 : 1F8;
68827 : 1F8;
68828 : 1F8;
68829 : 1F8;
68830 : 1F8;
68831 : 1F8;
68832 : 1F8;
68833 : 1F8;
68834 : 1F8;
68835 : 1F8;
68836 : 1F8;
68837 : 1F8;
68838 : 1F8;
68839 : 1F8;
68840 : 1F8;
68841 : 1F8;
68842 : 1F8;
68843 : 1F8;
68844 : 1F8;
68845 : 1F8;
68846 : 1F8;
68847 : 1F8;
68848 : 1D8;
68849 : 1D8;
68850 : 1D8;
68851 : 1D8;
68852 : 1D8;
68853 : 1D8;
68854 : 110;
68855 : 110;
68856 : 110;
68857 : 110;
68858 : 110;
68859 : 110;
68860 : 110;
68861 : 110;
68862 : 1F8;
68863 : 1F8;
68864 : 1F8;
68865 : 1F8;
68866 : 1F8;
68867 : 1F8;
68868 : 1F8;
68869 : 1F8;
68870 : 1F8;
68871 : 1F8;
68872 : 1F8;
68873 : 1F8;
68874 : 1F8;
68875 : 1F8;
68876 : 1F8;
68877 : 1F8;
68878 : 1F8;
68879 : 1F8;
68880 : 1F8;
68881 : 1F8;
68882 : 1F8;
68883 : 1F8;
68884 : 1F8;
68885 : 1F8;
68886 : 1F8;
68887 : 1F8;
68888 : 1F8;
68889 : 1F8;
68890 : 1F8;
68891 : 1F8;
68892 : 1F8;
68893 : 1F8;
68894 : 1F8;
68895 : 1F8;
68896 : 1F8;
68897 : 1F8;
68898 : 1F8;
68899 : 1F8;
68900 : 1F8;
68901 : 1F8;
68902 : 1F8;
68903 : 1F8;
68904 : 1F8;
68905 : 1F8;
68906 : 1F8;
68907 : 1F8;
68908 : 1F8;
68909 : 1F8;
68910 : 1F8;
68911 : 1F8;
68912 : 1F8;
68913 : 1F8;
68914 : 1F8;
68915 : 1F8;
68916 : 1F8;
68917 : 1F8;
68918 : 1F8;
68919 : 1F8;
68920 : 1F8;
68921 : 1F8;
68922 : 1F8;
68923 : 1F8;
68924 : 1F8;
68925 : 1F8;
68926 : 1F8;
68927 : 1F8;
68928 : 1F8;
68929 : 1F8;
68930 : 1F8;
68931 : 1F8;
68932 : 1F8;
68933 : 1F8;
68934 : 1F8;
68935 : 1F8;
68936 : 1F8;
68937 : 1F8;
68938 : 1F8;
68939 : 1F8;
68940 : 1F8;
68941 : 1F8;
68942 : 1F8;
68943 : 1F8;
68944 : 1F8;
68945 : 1F8;
68946 : 1F8;
68947 : 1F8;
68948 : 1F8;
68949 : 1F8;
68950 : 1F8;
68951 : 1F8;
68952 : 1F8;
68953 : 1F8;
68954 : 1F8;
68955 : 1F8;
68956 : 1F8;
68957 : 1F8;
68958 : 1F8;
68959 : 1F8;
68960 : 1F8;
68961 : 1F8;
68962 : 1F8;
68963 : 1F8;
68964 : 1F8;
68965 : 1F8;
68966 : 1F8;
68967 : 1F8;
68968 : 1F8;
68969 : 1FF;
68970 : 007;
68971 : 007;
68972 : 007;
68973 : 007;
68974 : 007;
68975 : 007;
68976 : 007;
68977 : 007;
68978 : 007;
68979 : 007;
68980 : 007;
68981 : 007;
68982 : 007;
68983 : 007;
68984 : 007;
68985 : 007;
68986 : 007;
68987 : 007;
68988 : 007;
68989 : 007;
68990 : 007;
68991 : 007;
68992 : 007;
68993 : 007;
68994 : 1FF;
68995 : 1FF;
68996 : 1FF;
68997 : 1FF;
68998 : 1FF;
68999 : 1F8;
69000 : 1F8;
69001 : 1F8;
69002 : 1F8;
69003 : 1F8;
69004 : 1F8;
69005 : 1F8;
69006 : 1F8;
69007 : 1F8;
69008 : 1F8;
69009 : 1F8;
69010 : 1F8;
69011 : 1F8;
69012 : 1F8;
69013 : 1F8;
69014 : 1F8;
69015 : 1F8;
69016 : 1F8;
69017 : 1F8;
69018 : 1F8;
69019 : 1F8;
69020 : 1F8;
69021 : 1F8;
69022 : 1F8;
69023 : 1F8;
69024 : 1F8;
69025 : 1F8;
69026 : 1F8;
69027 : 1D8;
69028 : 1D8;
69029 : 1D8;
69030 : 1D8;
69031 : 1D8;
69032 : 1D8;
69033 : 1D8;
69034 : 1D8;
69035 : 1D8;
69036 : 1D8;
69037 : 1D8;
69038 : 1D8;
69039 : 1D8;
69040 : 1D8;
69041 : 1D8;
69042 : 1D8;
69043 : 1D8;
69044 : 1D8;
69045 : 1D8;
69046 : 1D8;
69047 : 1D8;
69048 : 1D8;
69049 : 1D8;
69050 : 1D8;
69051 : 1D8;
69052 : 110;
69053 : 110;
69054 : 1D8;
69055 : 1D8;
69056 : 1D8;
69057 : 1D8;
69058 : 1D8;
69059 : 1D8;
69060 : 1D8;
69061 : 1D8;
69062 : 1D8;
69063 : 1D8;
69064 : 1D8;
69065 : 1D8;
69066 : 1D8;
69067 : 1D8;
69068 : 1D8;
69069 : 1D8;
69070 : 1D8;
69071 : 1D8;
69072 : 1D8;
69073 : 1D8;
69074 : 1D8;
69075 : 1D8;
69076 : 1D8;
69077 : 1D8;
69078 : 1D8;
69079 : 1D8;
69080 : 1D8;
69081 : 1F8;
69082 : 1F8;
69083 : 1F8;
69084 : 1F8;
69085 : 1F8;
69086 : 1F8;
69087 : 1F8;
69088 : 1F8;
69089 : 1F8;
69090 : 1F8;
69091 : 1F8;
69092 : 1F8;
69093 : 1F8;
69094 : 1F8;
69095 : 1F8;
69096 : 1F8;
69097 : 1F8;
69098 : 1F8;
69099 : 1F8;
69100 : 1F8;
69101 : 1F8;
69102 : 1F8;
69103 : 1F8;
69104 : 1F8;
69105 : 1F8;
69106 : 1F8;
69107 : 1F8;
69108 : 1F8;
69109 : 1F8;
69110 : 1F8;
69111 : 1F8;
69112 : 1F8;
69113 : 1F8;
69114 : 1F8;
69115 : 1F8;
69116 : 1F8;
69117 : 1F8;
69118 : 1F8;
69119 : 1F8;
69120 : 1F8;
69121 : 1F8;
69122 : 1F8;
69123 : 1F8;
69124 : 1F8;
69125 : 1F8;
69126 : 1F8;
69127 : 1F8;
69128 : 1F8;
69129 : 1F8;
69130 : 1F8;
69131 : 1F8;
69132 : 1F8;
69133 : 1F8;
69134 : 1F8;
69135 : 1F8;
69136 : 1F8;
69137 : 1F8;
69138 : 1F8;
69139 : 1F8;
69140 : 1F8;
69141 : 1F8;
69142 : 1F8;
69143 : 1F8;
69144 : 1F8;
69145 : 1F8;
69146 : 1F8;
69147 : 1F8;
69148 : 1F8;
69149 : 1F8;
69150 : 1F8;
69151 : 1F8;
69152 : 1F8;
69153 : 1F8;
69154 : 1F8;
69155 : 1F8;
69156 : 1F8;
69157 : 1F8;
69158 : 1F8;
69159 : 1F8;
69160 : 1F8;
69161 : 1F8;
69162 : 1F8;
69163 : 1F8;
69164 : 1F8;
69165 : 1F8;
69166 : 1F8;
69167 : 1F8;
69168 : 1D8;
69169 : 1D8;
69170 : 1D8;
69171 : 1D8;
69172 : 1D8;
69173 : 1D8;
69174 : 110;
69175 : 110;
69176 : 110;
69177 : 110;
69178 : 110;
69179 : 110;
69180 : 110;
69181 : 110;
69182 : 1F8;
69183 : 1F8;
69184 : 1F8;
69185 : 1F8;
69186 : 1F8;
69187 : 1F8;
69188 : 1F8;
69189 : 1F8;
69190 : 1F8;
69191 : 1F8;
69192 : 1F8;
69193 : 1F8;
69194 : 1F8;
69195 : 1F8;
69196 : 1F8;
69197 : 1F8;
69198 : 1F8;
69199 : 1F8;
69200 : 1F8;
69201 : 1F8;
69202 : 1F8;
69203 : 1F8;
69204 : 1F8;
69205 : 1F8;
69206 : 1F8;
69207 : 1F8;
69208 : 1F8;
69209 : 1F8;
69210 : 1F8;
69211 : 1F8;
69212 : 1F8;
69213 : 1F8;
69214 : 1F8;
69215 : 1F8;
69216 : 1F8;
69217 : 1F8;
69218 : 1F8;
69219 : 1F8;
69220 : 1F8;
69221 : 1F8;
69222 : 1F8;
69223 : 1F8;
69224 : 1F8;
69225 : 1F8;
69226 : 1F8;
69227 : 1F8;
69228 : 1F8;
69229 : 1F8;
69230 : 1F8;
69231 : 1F8;
69232 : 1F8;
69233 : 1F8;
69234 : 1F8;
69235 : 1F8;
69236 : 1F8;
69237 : 1F8;
69238 : 1F8;
69239 : 1F8;
69240 : 1F8;
69241 : 1F8;
69242 : 1F8;
69243 : 1F8;
69244 : 1F8;
69245 : 1F8;
69246 : 1F8;
69247 : 1F8;
69248 : 1F8;
69249 : 1F8;
69250 : 1F8;
69251 : 1F8;
69252 : 1F8;
69253 : 1F8;
69254 : 1F8;
69255 : 1F8;
69256 : 1F8;
69257 : 1F8;
69258 : 1F8;
69259 : 1F8;
69260 : 1F8;
69261 : 1F8;
69262 : 1F8;
69263 : 1F8;
69264 : 1F8;
69265 : 1F8;
69266 : 1F8;
69267 : 1F8;
69268 : 1F8;
69269 : 1F8;
69270 : 1F8;
69271 : 1F8;
69272 : 1F8;
69273 : 1F8;
69274 : 1F8;
69275 : 1F8;
69276 : 1F8;
69277 : 1F8;
69278 : 1F8;
69279 : 1F8;
69280 : 1F8;
69281 : 1F8;
69282 : 1D8;
69283 : 1D8;
69284 : 1F8;
69285 : 1F8;
69286 : 1F8;
69287 : 1F8;
69288 : 1F8;
69289 : 007;
69290 : 007;
69291 : 007;
69292 : 007;
69293 : 007;
69294 : 007;
69295 : 007;
69296 : 007;
69297 : 007;
69298 : 007;
69299 : 007;
69300 : 007;
69301 : 007;
69302 : 007;
69303 : 007;
69304 : 007;
69305 : 007;
69306 : 007;
69307 : 007;
69308 : 007;
69309 : 007;
69310 : 007;
69311 : 007;
69312 : 007;
69313 : 007;
69314 : 007;
69315 : 007;
69316 : 007;
69317 : 007;
69318 : 007;
69319 : 1F8;
69320 : 1F8;
69321 : 1F8;
69322 : 1F8;
69323 : 1F8;
69324 : 1F8;
69325 : 1F8;
69326 : 1F8;
69327 : 1F8;
69328 : 1F8;
69329 : 1F8;
69330 : 1F8;
69331 : 1F8;
69332 : 1F8;
69333 : 1F8;
69334 : 1F8;
69335 : 1F8;
69336 : 1F8;
69337 : 1F8;
69338 : 1F8;
69339 : 1F8;
69340 : 1F8;
69341 : 1F8;
69342 : 1F8;
69343 : 1F8;
69344 : 1D8;
69345 : 1D8;
69346 : 1D8;
69347 : 1D8;
69348 : 1D8;
69349 : 1D8;
69350 : 1D8;
69351 : 1D8;
69352 : 1D8;
69353 : 1D8;
69354 : 1D8;
69355 : 1D8;
69356 : 1D8;
69357 : 1D8;
69358 : 1D8;
69359 : 1D8;
69360 : 1D8;
69361 : 1D8;
69362 : 1D8;
69363 : 1D8;
69364 : 1D8;
69365 : 1D8;
69366 : 1D8;
69367 : 1D8;
69368 : 1D8;
69369 : 1D8;
69370 : 1D8;
69371 : 1D8;
69372 : 110;
69373 : 110;
69374 : 1D8;
69375 : 1D8;
69376 : 1D8;
69377 : 1D8;
69378 : 1D8;
69379 : 1D8;
69380 : 1D8;
69381 : 1D8;
69382 : 1D8;
69383 : 1D8;
69384 : 1D8;
69385 : 1D8;
69386 : 1D8;
69387 : 1D8;
69388 : 1D8;
69389 : 1D8;
69390 : 1D8;
69391 : 1D8;
69392 : 1D8;
69393 : 1D8;
69394 : 1D8;
69395 : 1D8;
69396 : 1D8;
69397 : 1D8;
69398 : 1D8;
69399 : 1D8;
69400 : 1D8;
69401 : 1D8;
69402 : 1D8;
69403 : 1D8;
69404 : 1F8;
69405 : 1F8;
69406 : 1F8;
69407 : 1F8;
69408 : 1F8;
69409 : 1F8;
69410 : 1F8;
69411 : 1F8;
69412 : 1F8;
69413 : 1F8;
69414 : 1F8;
69415 : 1F8;
69416 : 1F8;
69417 : 1F8;
69418 : 1F8;
69419 : 1F8;
69420 : 1F8;
69421 : 1F8;
69422 : 1F8;
69423 : 1F8;
69424 : 1F8;
69425 : 1F8;
69426 : 1F8;
69427 : 1F8;
69428 : 1F8;
69429 : 1F8;
69430 : 1F8;
69431 : 1F8;
69432 : 1F8;
69433 : 1F8;
69434 : 1F8;
69435 : 1F8;
69436 : 1F8;
69437 : 1F8;
69438 : 1F8;
69439 : 1F8;
69440 : 1F8;
69441 : 1F8;
69442 : 1F8;
69443 : 1F8;
69444 : 1F8;
69445 : 1F8;
69446 : 1F8;
69447 : 1F8;
69448 : 1F8;
69449 : 1F8;
69450 : 1F8;
69451 : 1F8;
69452 : 1F8;
69453 : 1F8;
69454 : 1F8;
69455 : 1F8;
69456 : 1F8;
69457 : 1F8;
69458 : 1F8;
69459 : 1F8;
69460 : 1F8;
69461 : 1F8;
69462 : 1F8;
69463 : 1F8;
69464 : 1F8;
69465 : 1F8;
69466 : 1F8;
69467 : 1F8;
69468 : 1F8;
69469 : 1F8;
69470 : 1F8;
69471 : 1F8;
69472 : 1F8;
69473 : 1F8;
69474 : 1F8;
69475 : 1F8;
69476 : 1F8;
69477 : 1F8;
69478 : 1F8;
69479 : 1F8;
69480 : 1F8;
69481 : 1F8;
69482 : 1F8;
69483 : 1F8;
69484 : 1F8;
69485 : 1F8;
69486 : 1D8;
69487 : 1D8;
69488 : 110;
69489 : 110;
69490 : 110;
69491 : 110;
69492 : 110;
69493 : 110;
69494 : 110;
69495 : 110;
69496 : 110;
69497 : 110;
69498 : 110;
69499 : 110;
69500 : 110;
69501 : 1D8;
69502 : 1D8;
69503 : 1D8;
69504 : 1D8;
69505 : 1D8;
69506 : 1D8;
69507 : 1D8;
69508 : 1D8;
69509 : 1D8;
69510 : 1D8;
69511 : 1D8;
69512 : 1D8;
69513 : 1D8;
69514 : 1D8;
69515 : 1D8;
69516 : 1D8;
69517 : 1D8;
69518 : 1D8;
69519 : 1D8;
69520 : 1D8;
69521 : 1D8;
69522 : 1D8;
69523 : 1D8;
69524 : 1D8;
69525 : 1F8;
69526 : 1F8;
69527 : 1F8;
69528 : 1F8;
69529 : 1F8;
69530 : 1F8;
69531 : 1F8;
69532 : 1F8;
69533 : 1F8;
69534 : 1F8;
69535 : 1F8;
69536 : 1F8;
69537 : 1D8;
69538 : 1D8;
69539 : 1F8;
69540 : 1F8;
69541 : 1F8;
69542 : 1F8;
69543 : 1F8;
69544 : 1F8;
69545 : 1F8;
69546 : 1F8;
69547 : 1F8;
69548 : 1F8;
69549 : 1F8;
69550 : 1F8;
69551 : 1F8;
69552 : 1F8;
69553 : 1F8;
69554 : 1F8;
69555 : 1F8;
69556 : 1F8;
69557 : 1F8;
69558 : 1F8;
69559 : 1F8;
69560 : 1F8;
69561 : 1F8;
69562 : 1F8;
69563 : 1F8;
69564 : 1F8;
69565 : 1F8;
69566 : 1F8;
69567 : 1F8;
69568 : 1F8;
69569 : 1F8;
69570 : 1F8;
69571 : 1F8;
69572 : 1F8;
69573 : 1F8;
69574 : 1F8;
69575 : 1F8;
69576 : 1F8;
69577 : 1F8;
69578 : 1F8;
69579 : 1F8;
69580 : 1F8;
69581 : 1F8;
69582 : 1F8;
69583 : 1F8;
69584 : 1F8;
69585 : 1F8;
69586 : 1F8;
69587 : 1F8;
69588 : 1F8;
69589 : 1F8;
69590 : 1F8;
69591 : 1F8;
69592 : 1F8;
69593 : 1F8;
69594 : 1F8;
69595 : 1F8;
69596 : 1F8;
69597 : 1F8;
69598 : 1F8;
69599 : 1F8;
69600 : 1F8;
69601 : 1F8;
69602 : 1F8;
69603 : 1F8;
69604 : 1F8;
69605 : 1F8;
69606 : 1F8;
69607 : 1F8;
69608 : 1FF;
69609 : 1FF;
69610 : 1FF;
69611 : 1FF;
69612 : 1FF;
69613 : 1FF;
69614 : 007;
69615 : 007;
69616 : 007;
69617 : 007;
69618 : 007;
69619 : 007;
69620 : 007;
69621 : 007;
69622 : 007;
69623 : 007;
69624 : 007;
69625 : 007;
69626 : 007;
69627 : 007;
69628 : 007;
69629 : 007;
69630 : 007;
69631 : 007;
69632 : 007;
69633 : 007;
69634 : 007;
69635 : 007;
69636 : 007;
69637 : 007;
69638 : 1F8;
69639 : 1F8;
69640 : 1F8;
69641 : 1F8;
69642 : 1F8;
69643 : 1F8;
69644 : 1F8;
69645 : 1F8;
69646 : 1F8;
69647 : 1F8;
69648 : 1F8;
69649 : 1F8;
69650 : 1F8;
69651 : 1F8;
69652 : 1F8;
69653 : 1F8;
69654 : 1F8;
69655 : 1F8;
69656 : 1F8;
69657 : 1F8;
69658 : 1F8;
69659 : 1F8;
69660 : 1F8;
69661 : 1F8;
69662 : 1D8;
69663 : 1D8;
69664 : 1D8;
69665 : 1D8;
69666 : 1D8;
69667 : 1D8;
69668 : 1D8;
69669 : 1D8;
69670 : 1D8;
69671 : 1D8;
69672 : 1D8;
69673 : 1D8;
69674 : 1D8;
69675 : 1D8;
69676 : 1D8;
69677 : 1D8;
69678 : 1D8;
69679 : 1D8;
69680 : 1D8;
69681 : 1D8;
69682 : 1D8;
69683 : 1D8;
69684 : 1D8;
69685 : 1D8;
69686 : 1D8;
69687 : 1D8;
69688 : 1D8;
69689 : 1D8;
69690 : 1D8;
69691 : 1D8;
69692 : 110;
69693 : 110;
69694 : 1D8;
69695 : 1D8;
69696 : 1D8;
69697 : 1D8;
69698 : 1D8;
69699 : 1D8;
69700 : 1D8;
69701 : 1D8;
69702 : 1D8;
69703 : 1D8;
69704 : 1D8;
69705 : 1D8;
69706 : 1D8;
69707 : 1D8;
69708 : 1D8;
69709 : 1D8;
69710 : 1D8;
69711 : 1D8;
69712 : 1D8;
69713 : 1D8;
69714 : 1D8;
69715 : 1D8;
69716 : 1D8;
69717 : 1D8;
69718 : 1D8;
69719 : 1D8;
69720 : 1D8;
69721 : 1D8;
69722 : 1D8;
69723 : 1D8;
69724 : 1D8;
69725 : 1D8;
69726 : 1F8;
69727 : 1F8;
69728 : 1F8;
69729 : 1F8;
69730 : 1F8;
69731 : 1F8;
69732 : 1F8;
69733 : 1F8;
69734 : 1F8;
69735 : 1F8;
69736 : 1F8;
69737 : 1F8;
69738 : 1F8;
69739 : 1F8;
69740 : 1F8;
69741 : 1F8;
69742 : 1F8;
69743 : 1F8;
69744 : 1F8;
69745 : 1F8;
69746 : 1F8;
69747 : 1F8;
69748 : 1F8;
69749 : 1F8;
69750 : 1F8;
69751 : 1F8;
69752 : 1F8;
69753 : 1F8;
69754 : 1F8;
69755 : 1F8;
69756 : 1F8;
69757 : 1F8;
69758 : 1F8;
69759 : 1F8;
69760 : 1F8;
69761 : 1F8;
69762 : 1F8;
69763 : 1F8;
69764 : 1F8;
69765 : 1F8;
69766 : 1F8;
69767 : 1F8;
69768 : 1F8;
69769 : 1F8;
69770 : 1F8;
69771 : 1F8;
69772 : 1F8;
69773 : 1F8;
69774 : 1F8;
69775 : 1F8;
69776 : 1F8;
69777 : 1F8;
69778 : 1F8;
69779 : 1F8;
69780 : 1F8;
69781 : 1F8;
69782 : 1F8;
69783 : 1F8;
69784 : 1F8;
69785 : 1F8;
69786 : 1F8;
69787 : 1F8;
69788 : 1F8;
69789 : 1F8;
69790 : 1F8;
69791 : 1F8;
69792 : 1D8;
69793 : 1D8;
69794 : 1D8;
69795 : 1D8;
69796 : 1D8;
69797 : 1D8;
69798 : 1D8;
69799 : 1D8;
69800 : 1D8;
69801 : 1D8;
69802 : 1D8;
69803 : 1D8;
69804 : 1D8;
69805 : 1D8;
69806 : 1D8;
69807 : 1D8;
69808 : 110;
69809 : 110;
69810 : 110;
69811 : 110;
69812 : 110;
69813 : 110;
69814 : 110;
69815 : 110;
69816 : 110;
69817 : 110;
69818 : 110;
69819 : 110;
69820 : 110;
69821 : 1D8;
69822 : 1D8;
69823 : 1D8;
69824 : 1D8;
69825 : 1D8;
69826 : 1D8;
69827 : 1D8;
69828 : 1D8;
69829 : 1D8;
69830 : 1D8;
69831 : 1D8;
69832 : 1D8;
69833 : 1D8;
69834 : 1D8;
69835 : 1D8;
69836 : 1D8;
69837 : 1D8;
69838 : 1D8;
69839 : 1D8;
69840 : 1D8;
69841 : 1D8;
69842 : 1D8;
69843 : 1D8;
69844 : 1D8;
69845 : 1D8;
69846 : 1D8;
69847 : 1D8;
69848 : 1D8;
69849 : 1D8;
69850 : 1D8;
69851 : 1D8;
69852 : 1D8;
69853 : 1D8;
69854 : 1D8;
69855 : 1D8;
69856 : 1D8;
69857 : 1D8;
69858 : 1D8;
69859 : 1F8;
69860 : 1F8;
69861 : 1F8;
69862 : 1F8;
69863 : 1F8;
69864 : 1F8;
69865 : 1F8;
69866 : 1F8;
69867 : 1F8;
69868 : 1F8;
69869 : 1F8;
69870 : 1F8;
69871 : 1F8;
69872 : 1F8;
69873 : 1F8;
69874 : 1F8;
69875 : 1F8;
69876 : 1F8;
69877 : 1F8;
69878 : 1F8;
69879 : 1F8;
69880 : 1F8;
69881 : 1F8;
69882 : 1F8;
69883 : 1F8;
69884 : 1F8;
69885 : 1F8;
69886 : 1F8;
69887 : 1F8;
69888 : 1F8;
69889 : 1F8;
69890 : 1F8;
69891 : 1F8;
69892 : 1F8;
69893 : 1F8;
69894 : 1F8;
69895 : 1F8;
69896 : 1F8;
69897 : 1F8;
69898 : 1F8;
69899 : 1F8;
69900 : 1F8;
69901 : 1F8;
69902 : 1F8;
69903 : 1F8;
69904 : 1F8;
69905 : 1F8;
69906 : 1F8;
69907 : 1F8;
69908 : 1F8;
69909 : 1F8;
69910 : 1F8;
69911 : 1F8;
69912 : 1F8;
69913 : 1F8;
69914 : 1F8;
69915 : 1F8;
69916 : 1F8;
69917 : 1F8;
69918 : 1F8;
69919 : 1F8;
69920 : 1F8;
69921 : 1F8;
69922 : 1F8;
69923 : 1F8;
69924 : 1F8;
69925 : 1F8;
69926 : 1F8;
69927 : 1F8;
69928 : 1FF;
69929 : 1FF;
69930 : 1FF;
69931 : 1FF;
69932 : 1FF;
69933 : 1FF;
69934 : 1FF;
69935 : 1FF;
69936 : 1FF;
69937 : 1FF;
69938 : 1FF;
69939 : 007;
69940 : 007;
69941 : 007;
69942 : 007;
69943 : 007;
69944 : 007;
69945 : 007;
69946 : 007;
69947 : 007;
69948 : 007;
69949 : 007;
69950 : 007;
69951 : 007;
69952 : 007;
69953 : 007;
69954 : 007;
69955 : 007;
69956 : 007;
69957 : 007;
69958 : 1F8;
69959 : 1F8;
69960 : 1F8;
69961 : 1F8;
69962 : 1F8;
69963 : 1F8;
69964 : 1F8;
69965 : 1F8;
69966 : 1F8;
69967 : 1F8;
69968 : 1F8;
69969 : 1F8;
69970 : 1F8;
69971 : 1F8;
69972 : 1F8;
69973 : 1F8;
69974 : 1F8;
69975 : 1F8;
69976 : 1F8;
69977 : 1F8;
69978 : 1F8;
69979 : 1F8;
69980 : 1F8;
69981 : 1D8;
69982 : 1D8;
69983 : 1D8;
69984 : 1D8;
69985 : 1D8;
69986 : 1D8;
69987 : 1D8;
69988 : 1D8;
69989 : 1D8;
69990 : 1D8;
69991 : 1D8;
69992 : 1D8;
69993 : 1D8;
69994 : 1D8;
69995 : 1D8;
69996 : 1D8;
69997 : 1D8;
69998 : 1D8;
69999 : 1D8;
70000 : 1D8;
70001 : 1D8;
70002 : 1D8;
70003 : 1D8;
70004 : 1D8;
70005 : 1D8;
70006 : 1D8;
70007 : 1D8;
70008 : 1D8;
70009 : 1D8;
70010 : 1D8;
70011 : 1D8;
70012 : 1D8;
70013 : 1D8;
70014 : 1D8;
70015 : 1D8;
70016 : 1D8;
70017 : 1D8;
70018 : 1D8;
70019 : 1D8;
70020 : 1D8;
70021 : 1D8;
70022 : 1D8;
70023 : 1D8;
70024 : 1D8;
70025 : 1D8;
70026 : 1D8;
70027 : 1D8;
70028 : 1D8;
70029 : 1D8;
70030 : 1D8;
70031 : 1D8;
70032 : 1D8;
70033 : 1D8;
70034 : 1D8;
70035 : 1D8;
70036 : 1D8;
70037 : 1D8;
70038 : 1D8;
70039 : 1D8;
70040 : 1D8;
70041 : 1D8;
70042 : 1D8;
70043 : 1D8;
70044 : 1D8;
70045 : 1D8;
70046 : 1D8;
70047 : 1F8;
70048 : 1F8;
70049 : 1F8;
70050 : 1F8;
70051 : 1F8;
70052 : 1F8;
70053 : 1F8;
70054 : 1F8;
70055 : 1F8;
70056 : 1F8;
70057 : 1F8;
70058 : 1F8;
70059 : 1F8;
70060 : 1F8;
70061 : 1F8;
70062 : 1F8;
70063 : 1F8;
70064 : 1F8;
70065 : 1F8;
70066 : 1F8;
70067 : 1F8;
70068 : 1F8;
70069 : 1F8;
70070 : 1F8;
70071 : 1F8;
70072 : 1D8;
70073 : 1D8;
70074 : 1F8;
70075 : 1F8;
70076 : 1F8;
70077 : 1F8;
70078 : 1F8;
70079 : 1F8;
70080 : 1F8;
70081 : 1F8;
70082 : 1F8;
70083 : 1F8;
70084 : 1F8;
70085 : 1F8;
70086 : 1F8;
70087 : 1F8;
70088 : 1F8;
70089 : 1F8;
70090 : 1F8;
70091 : 1F8;
70092 : 1F8;
70093 : 1F8;
70094 : 1F8;
70095 : 1F8;
70096 : 1F8;
70097 : 1F8;
70098 : 1F8;
70099 : 1F8;
70100 : 1F8;
70101 : 1F8;
70102 : 1F8;
70103 : 1F8;
70104 : 1F8;
70105 : 1D8;
70106 : 1D8;
70107 : 1D8;
70108 : 1D8;
70109 : 1D8;
70110 : 1D8;
70111 : 1D8;
70112 : 1D8;
70113 : 1D8;
70114 : 1D8;
70115 : 1D8;
70116 : 1D8;
70117 : 1D8;
70118 : 1D8;
70119 : 1D8;
70120 : 1D8;
70121 : 1D8;
70122 : 1D8;
70123 : 1D8;
70124 : 1D8;
70125 : 1D8;
70126 : 1D8;
70127 : 110;
70128 : 110;
70129 : 110;
70130 : 110;
70131 : 110;
70132 : 110;
70133 : 110;
70134 : 110;
70135 : 110;
70136 : 110;
70137 : 110;
70138 : 110;
70139 : 110;
70140 : 110;
70141 : 1D8;
70142 : 1D8;
70143 : 1D8;
70144 : 1D8;
70145 : 1D8;
70146 : 1D8;
70147 : 1D8;
70148 : 1D8;
70149 : 1D8;
70150 : 1D8;
70151 : 1D8;
70152 : 1D8;
70153 : 1D8;
70154 : 1D8;
70155 : 1D8;
70156 : 1D8;
70157 : 1D8;
70158 : 1D8;
70159 : 1D8;
70160 : 1D8;
70161 : 1D8;
70162 : 1D8;
70163 : 1D8;
70164 : 1D8;
70165 : 1D8;
70166 : 1D8;
70167 : 1D8;
70168 : 1D8;
70169 : 1D8;
70170 : 1D8;
70171 : 1D8;
70172 : 1D8;
70173 : 1D8;
70174 : 1D8;
70175 : 1D8;
70176 : 1D8;
70177 : 1D8;
70178 : 1D8;
70179 : 1D8;
70180 : 1D8;
70181 : 1D8;
70182 : 1D8;
70183 : 1D8;
70184 : 1D8;
70185 : 1D8;
70186 : 1F8;
70187 : 1F8;
70188 : 1F8;
70189 : 1F8;
70190 : 1F8;
70191 : 1F8;
70192 : 1F8;
70193 : 1F8;
70194 : 1F8;
70195 : 1F8;
70196 : 1F8;
70197 : 1F8;
70198 : 1F8;
70199 : 1F8;
70200 : 1F8;
70201 : 1F8;
70202 : 1F8;
70203 : 1F8;
70204 : 1F8;
70205 : 1F8;
70206 : 1F8;
70207 : 1F8;
70208 : 1F8;
70209 : 1F8;
70210 : 1F8;
70211 : 1F8;
70212 : 1F8;
70213 : 1F8;
70214 : 1F8;
70215 : 1F8;
70216 : 1F8;
70217 : 1F8;
70218 : 1F8;
70219 : 1F8;
70220 : 1F8;
70221 : 1F8;
70222 : 1F8;
70223 : 1F8;
70224 : 1F8;
70225 : 1F8;
70226 : 1F8;
70227 : 1F8;
70228 : 1F8;
70229 : 1F8;
70230 : 1F8;
70231 : 1F8;
70232 : 1F8;
70233 : 1F8;
70234 : 1F8;
70235 : 1F8;
70236 : 1F8;
70237 : 1F8;
70238 : 1F8;
70239 : 1F8;
70240 : 1F8;
70241 : 1F8;
70242 : 1F8;
70243 : 1F8;
70244 : 1F8;
70245 : 1F8;
70246 : 1F8;
70247 : 1FF;
70248 : 1FF;
70249 : 1FF;
70250 : 1FF;
70251 : 1FF;
70252 : 1FF;
70253 : 1FF;
70254 : 1FF;
70255 : 1FF;
70256 : 1FF;
70257 : 1FF;
70258 : 1FF;
70259 : 1FF;
70260 : 1FF;
70261 : 1FF;
70262 : 1FF;
70263 : 1FF;
70264 : 1FF;
70265 : 007;
70266 : 007;
70267 : 007;
70268 : 007;
70269 : 007;
70270 : 007;
70271 : 007;
70272 : 007;
70273 : 007;
70274 : 007;
70275 : 007;
70276 : 007;
70277 : 1F8;
70278 : 1F8;
70279 : 1F8;
70280 : 1F8;
70281 : 1F8;
70282 : 1F8;
70283 : 1F8;
70284 : 1F8;
70285 : 1F8;
70286 : 1F8;
70287 : 1F8;
70288 : 1F8;
70289 : 1F8;
70290 : 1F8;
70291 : 1F8;
70292 : 1F8;
70293 : 1F8;
70294 : 1F8;
70295 : 1F8;
70296 : 1F8;
70297 : 1F8;
70298 : 1F8;
70299 : 1F8;
70300 : 1F8;
70301 : 1D8;
70302 : 1D8;
70303 : 1D8;
70304 : 1D8;
70305 : 1D8;
70306 : 1D8;
70307 : 1D8;
70308 : 1D8;
70309 : 1D8;
70310 : 1D8;
70311 : 1D8;
70312 : 1D8;
70313 : 1D8;
70314 : 1D8;
70315 : 1D8;
70316 : 1D8;
70317 : 1D8;
70318 : 1D8;
70319 : 1D8;
70320 : 1D8;
70321 : 1D8;
70322 : 1D8;
70323 : 1D8;
70324 : 1D8;
70325 : 1D8;
70326 : 1D8;
70327 : 1D8;
70328 : 1D8;
70329 : 1D8;
70330 : 1D8;
70331 : 1D8;
70332 : 1D8;
70333 : 1D8;
70334 : 1D8;
70335 : 1D8;
70336 : 1D8;
70337 : 1D8;
70338 : 1D8;
70339 : 1D8;
70340 : 1D8;
70341 : 1D8;
70342 : 1D8;
70343 : 1D8;
70344 : 1D8;
70345 : 1D8;
70346 : 1D8;
70347 : 1D8;
70348 : 1D8;
70349 : 1D8;
70350 : 1D8;
70351 : 1D8;
70352 : 1D8;
70353 : 1D8;
70354 : 1D8;
70355 : 1D8;
70356 : 1D8;
70357 : 1D8;
70358 : 1D8;
70359 : 1D8;
70360 : 1D8;
70361 : 1D8;
70362 : 1D8;
70363 : 1D8;
70364 : 1D8;
70365 : 1D8;
70366 : 1D8;
70367 : 1F8;
70368 : 1F8;
70369 : 1F8;
70370 : 1F8;
70371 : 1F8;
70372 : 007;
70373 : 007;
70374 : 1FF;
70375 : 1FF;
70376 : 1FF;
70377 : 1F8;
70378 : 1F8;
70379 : 1F8;
70380 : 1D8;
70381 : 1D8;
70382 : 1F8;
70383 : 1F8;
70384 : 1F8;
70385 : 1F8;
70386 : 1F8;
70387 : 1F8;
70388 : 1F8;
70389 : 1F8;
70390 : 1F8;
70391 : 1F8;
70392 : 1F8;
70393 : 1F8;
70394 : 1F8;
70395 : 1F8;
70396 : 1F8;
70397 : 1F8;
70398 : 1F8;
70399 : 1F8;
70400 : 1F8;
70401 : 1F8;
70402 : 1F8;
70403 : 1F8;
70404 : 1F8;
70405 : 1F8;
70406 : 1F8;
70407 : 1F8;
70408 : 1F8;
70409 : 1F8;
70410 : 1F8;
70411 : 1F8;
70412 : 1F8;
70413 : 1F8;
70414 : 1F8;
70415 : 1F8;
70416 : 1F8;
70417 : 1D8;
70418 : 1D8;
70419 : 1F8;
70420 : 1F8;
70421 : 1D8;
70422 : 1D8;
70423 : 1D8;
70424 : 1D8;
70425 : 1D8;
70426 : 1D8;
70427 : 1D8;
70428 : 1D8;
70429 : 1D8;
70430 : 1D8;
70431 : 1D8;
70432 : 1D8;
70433 : 1D8;
70434 : 1D8;
70435 : 1D8;
70436 : 1D8;
70437 : 1D8;
70438 : 1D8;
70439 : 1D8;
70440 : 1D8;
70441 : 1D8;
70442 : 1D8;
70443 : 1D8;
70444 : 1D8;
70445 : 1D8;
70446 : 1D8;
70447 : 110;
70448 : 110;
70449 : 110;
70450 : 110;
70451 : 110;
70452 : 110;
70453 : 110;
70454 : 110;
70455 : 110;
70456 : 110;
70457 : 110;
70458 : 110;
70459 : 110;
70460 : 110;
70461 : 1D8;
70462 : 1D8;
70463 : 1D8;
70464 : 1D8;
70465 : 1D8;
70466 : 1D8;
70467 : 1D8;
70468 : 1D8;
70469 : 1D8;
70470 : 1D8;
70471 : 1D8;
70472 : 1D8;
70473 : 1D8;
70474 : 1D8;
70475 : 1D8;
70476 : 1D8;
70477 : 1D8;
70478 : 1D8;
70479 : 1D8;
70480 : 1D8;
70481 : 1D8;
70482 : 1D8;
70483 : 1D8;
70484 : 1D8;
70485 : 1D8;
70486 : 1D8;
70487 : 1D8;
70488 : 1D8;
70489 : 1D8;
70490 : 1D8;
70491 : 1D8;
70492 : 1D8;
70493 : 1D8;
70494 : 1D8;
70495 : 1D8;
70496 : 1D8;
70497 : 1D8;
70498 : 1D8;
70499 : 1D8;
70500 : 1D8;
70501 : 1D8;
70502 : 1D8;
70503 : 1D8;
70504 : 1D8;
70505 : 1D8;
70506 : 1D8;
70507 : 1D8;
70508 : 1D8;
70509 : 1D8;
70510 : 1F8;
70511 : 1F8;
70512 : 1F8;
70513 : 1F8;
70514 : 1F8;
70515 : 1F8;
70516 : 1F8;
70517 : 1F8;
70518 : 1F8;
70519 : 1F8;
70520 : 1F8;
70521 : 1F8;
70522 : 1F8;
70523 : 1F8;
70524 : 1F8;
70525 : 1F8;
70526 : 1F8;
70527 : 1F8;
70528 : 1F8;
70529 : 1F8;
70530 : 1F8;
70531 : 1F8;
70532 : 1F8;
70533 : 1F8;
70534 : 1F8;
70535 : 1F8;
70536 : 1F8;
70537 : 1F8;
70538 : 1F8;
70539 : 1F8;
70540 : 1F8;
70541 : 1F8;
70542 : 1F8;
70543 : 1F8;
70544 : 1F8;
70545 : 1F8;
70546 : 1F8;
70547 : 1F8;
70548 : 1F8;
70549 : 1F8;
70550 : 1F8;
70551 : 1F8;
70552 : 1F8;
70553 : 1F8;
70554 : 1F8;
70555 : 1F8;
70556 : 1F8;
70557 : 1F8;
70558 : 1F8;
70559 : 1F8;
70560 : 1F8;
70561 : 1D8;
70562 : 1D8;
70563 : 1F8;
70564 : 1F8;
70565 : 1F8;
70566 : 1FF;
70567 : 1FF;
70568 : 1FF;
70569 : 1FF;
70570 : 1FF;
70571 : 1FF;
70572 : 1FF;
70573 : 1FF;
70574 : 1FF;
70575 : 1FF;
70576 : 1FF;
70577 : 1FF;
70578 : 1FF;
70579 : 1FF;
70580 : 1FF;
70581 : 1FF;
70582 : 1FF;
70583 : 1FF;
70584 : 1FF;
70585 : 1FF;
70586 : 1FF;
70587 : 1FF;
70588 : 1FF;
70589 : 1FF;
70590 : 007;
70591 : 007;
70592 : 007;
70593 : 007;
70594 : 007;
70595 : 007;
70596 : 007;
70597 : 1F8;
70598 : 1F8;
70599 : 1F8;
70600 : 1F8;
70601 : 1F8;
70602 : 1F8;
70603 : 1F8;
70604 : 1F8;
70605 : 1F8;
70606 : 1F8;
70607 : 1F8;
70608 : 1F8;
70609 : 1F8;
70610 : 1F8;
70611 : 1F8;
70612 : 1F8;
70613 : 1F8;
70614 : 1F8;
70615 : 1F8;
70616 : 1F8;
70617 : 1F8;
70618 : 1F8;
70619 : 1F8;
70620 : 1F8;
70621 : 1F8;
70622 : 1D8;
70623 : 1D8;
70624 : 1D8;
70625 : 1D8;
70626 : 1D8;
70627 : 1D8;
70628 : 1D8;
70629 : 1D8;
70630 : 1D8;
70631 : 1D8;
70632 : 1D8;
70633 : 1D8;
70634 : 1D8;
70635 : 1D8;
70636 : 1D8;
70637 : 1D8;
70638 : 1D8;
70639 : 1D8;
70640 : 1D8;
70641 : 1D8;
70642 : 1D8;
70643 : 1D8;
70644 : 1D8;
70645 : 1D8;
70646 : 1D8;
70647 : 1D8;
70648 : 1D8;
70649 : 1D8;
70650 : 1D8;
70651 : 1D8;
70652 : 1D8;
70653 : 1D8;
70654 : 1D8;
70655 : 1D8;
70656 : 1D8;
70657 : 1D8;
70658 : 1D8;
70659 : 1D8;
70660 : 1D8;
70661 : 1D8;
70662 : 1D8;
70663 : 1D8;
70664 : 1D8;
70665 : 1D8;
70666 : 1D8;
70667 : 1D8;
70668 : 1D8;
70669 : 1D8;
70670 : 1D8;
70671 : 1D8;
70672 : 1D8;
70673 : 1D8;
70674 : 1D8;
70675 : 1D8;
70676 : 1D8;
70677 : 1D8;
70678 : 1D8;
70679 : 1D8;
70680 : 1D8;
70681 : 1D8;
70682 : 1D8;
70683 : 1D8;
70684 : 1D8;
70685 : 1D8;
70686 : 1F8;
70687 : 1F8;
70688 : 1F8;
70689 : 1F8;
70690 : 007;
70691 : 007;
70692 : 007;
70693 : 007;
70694 : 1FF;
70695 : 1FF;
70696 : 1FF;
70697 : 1FF;
70698 : 1FF;
70699 : 1F8;
70700 : 1F8;
70701 : 1F8;
70702 : 1F8;
70703 : 1F8;
70704 : 1F8;
70705 : 1F8;
70706 : 1F8;
70707 : 1F8;
70708 : 1F8;
70709 : 1F8;
70710 : 1F8;
70711 : 1F8;
70712 : 1F8;
70713 : 1F8;
70714 : 1F8;
70715 : 1F8;
70716 : 1F8;
70717 : 1F8;
70718 : 1F8;
70719 : 1F8;
70720 : 1F8;
70721 : 1F8;
70722 : 1F8;
70723 : 1F8;
70724 : 1F8;
70725 : 1F8;
70726 : 1F8;
70727 : 1F8;
70728 : 1F8;
70729 : 1F8;
70730 : 1F8;
70731 : 1F8;
70732 : 1F8;
70733 : 1F8;
70734 : 1F8;
70735 : 1F8;
70736 : 1F8;
70737 : 1F8;
70738 : 1D8;
70739 : 1D8;
70740 : 1D8;
70741 : 1D8;
70742 : 1D8;
70743 : 1D8;
70744 : 1D8;
70745 : 1D8;
70746 : 1D8;
70747 : 1D8;
70748 : 1D8;
70749 : 1D8;
70750 : 1D8;
70751 : 1D8;
70752 : 1D8;
70753 : 1D8;
70754 : 1D8;
70755 : 1D8;
70756 : 1D8;
70757 : 1D8;
70758 : 1D8;
70759 : 1D8;
70760 : 1D8;
70761 : 1D8;
70762 : 1D8;
70763 : 1D8;
70764 : 1D8;
70765 : 1D8;
70766 : 1D8;
70767 : 1D8;
70768 : 1D8;
70769 : 1D8;
70770 : 1D8;
70771 : 1D8;
70772 : 1D8;
70773 : 1D8;
70774 : 1D8;
70775 : 1D8;
70776 : 1D8;
70777 : 1D8;
70778 : 1D8;
70779 : 1D8;
70780 : 1D8;
70781 : 1D8;
70782 : 1D8;
70783 : 1D8;
70784 : 1D8;
70785 : 1D8;
70786 : 1D8;
70787 : 1D8;
70788 : 1D8;
70789 : 1D8;
70790 : 1D8;
70791 : 1D8;
70792 : 1D8;
70793 : 1D8;
70794 : 1D8;
70795 : 1D8;
70796 : 1D8;
70797 : 1D8;
70798 : 1D8;
70799 : 1D8;
70800 : 1D8;
70801 : 1D8;
70802 : 1D8;
70803 : 1D8;
70804 : 1D8;
70805 : 1D8;
70806 : 1D8;
70807 : 1D8;
70808 : 1D8;
70809 : 1D8;
70810 : 1D8;
70811 : 1D8;
70812 : 1D8;
70813 : 1D8;
70814 : 1D8;
70815 : 1D8;
70816 : 1D8;
70817 : 1D8;
70818 : 1D8;
70819 : 1D8;
70820 : 1D8;
70821 : 1D8;
70822 : 1D8;
70823 : 1D8;
70824 : 1D8;
70825 : 1D8;
70826 : 1D8;
70827 : 1D8;
70828 : 1D8;
70829 : 1D8;
70830 : 1D8;
70831 : 1D8;
70832 : 1F8;
70833 : 1F8;
70834 : 1F8;
70835 : 1F8;
70836 : 1F8;
70837 : 1F8;
70838 : 1F8;
70839 : 1F8;
70840 : 1F8;
70841 : 1F8;
70842 : 1F8;
70843 : 1F8;
70844 : 1F8;
70845 : 1F8;
70846 : 1F8;
70847 : 1F8;
70848 : 1F8;
70849 : 1F8;
70850 : 1F8;
70851 : 1F8;
70852 : 1F8;
70853 : 1F8;
70854 : 1F8;
70855 : 1F8;
70856 : 1F8;
70857 : 1F8;
70858 : 1F8;
70859 : 1F8;
70860 : 1F8;
70861 : 1F8;
70862 : 1F8;
70863 : 1F8;
70864 : 1F8;
70865 : 1F8;
70866 : 1F8;
70867 : 1F8;
70868 : 1F8;
70869 : 1F8;
70870 : 1F8;
70871 : 1F8;
70872 : 1F8;
70873 : 1F8;
70874 : 1F8;
70875 : 1F8;
70876 : 1F8;
70877 : 1F8;
70878 : 1F8;
70879 : 1F8;
70880 : 1F8;
70881 : 1F8;
70882 : 1F8;
70883 : 1F8;
70884 : 1F8;
70885 : 1F8;
70886 : 1FF;
70887 : 1FF;
70888 : 1FF;
70889 : 1FF;
70890 : 1FF;
70891 : 1FF;
70892 : 1FF;
70893 : 1FF;
70894 : 1FF;
70895 : 1FF;
70896 : 1FF;
70897 : 1FF;
70898 : 1FF;
70899 : 1FF;
70900 : 1FF;
70901 : 1FF;
70902 : 1FF;
70903 : 1FF;
70904 : 1FF;
70905 : 1FF;
70906 : 1FF;
70907 : 1FF;
70908 : 1FF;
70909 : 1FF;
70910 : 1FF;
70911 : 1FF;
70912 : 1FF;
70913 : 1FF;
70914 : 1FF;
70915 : 007;
70916 : 1F8;
70917 : 1F8;
70918 : 1F8;
70919 : 1F8;
70920 : 1F8;
70921 : 1F8;
70922 : 1F8;
70923 : 1F8;
70924 : 1F8;
70925 : 1F8;
70926 : 1F8;
70927 : 1F8;
70928 : 1F8;
70929 : 1F8;
70930 : 1F8;
70931 : 1F8;
70932 : 1F8;
70933 : 1F8;
70934 : 1F8;
70935 : 1F8;
70936 : 1F8;
70937 : 1F8;
70938 : 1F8;
70939 : 1F8;
70940 : 1F8;
70941 : 1F8;
70942 : 1F8;
70943 : 1F8;
70944 : 1D8;
70945 : 1D8;
70946 : 1D8;
70947 : 1D8;
70948 : 1D8;
70949 : 1D8;
70950 : 1D8;
70951 : 1D8;
70952 : 1D8;
70953 : 1D8;
70954 : 1D8;
70955 : 1D8;
70956 : 1D8;
70957 : 1D8;
70958 : 1D8;
70959 : 1D8;
70960 : 1D8;
70961 : 1D8;
70962 : 1D8;
70963 : 1D8;
70964 : 1D8;
70965 : 1D8;
70966 : 1D8;
70967 : 1D8;
70968 : 1D8;
70969 : 1D8;
70970 : 1D8;
70971 : 1D8;
70972 : 1D8;
70973 : 1D8;
70974 : 1D8;
70975 : 1D8;
70976 : 1D8;
70977 : 1D8;
70978 : 1D8;
70979 : 1D8;
70980 : 1D8;
70981 : 1D8;
70982 : 1D8;
70983 : 1D8;
70984 : 1D8;
70985 : 1D8;
70986 : 1D8;
70987 : 1D8;
70988 : 1D8;
70989 : 1D8;
70990 : 1D8;
70991 : 1D8;
70992 : 1D8;
70993 : 1D8;
70994 : 1D8;
70995 : 1D8;
70996 : 1D8;
70997 : 1D8;
70998 : 1D8;
70999 : 1D8;
71000 : 1D8;
71001 : 1D8;
71002 : 1D8;
71003 : 1D8;
71004 : 1F8;
71005 : 1F8;
71006 : 1F8;
71007 : 1F8;
71008 : 1F8;
71009 : 007;
71010 : 007;
71011 : 007;
71012 : 007;
71013 : 007;
71014 : 1FF;
71015 : 1FF;
71016 : 1FF;
71017 : 1FF;
71018 : 1FF;
71019 : 1FF;
71020 : 1F8;
71021 : 1F8;
71022 : 1F8;
71023 : 1F8;
71024 : 1F8;
71025 : 1F8;
71026 : 1F8;
71027 : 1F8;
71028 : 1F8;
71029 : 1F8;
71030 : 1F8;
71031 : 1F8;
71032 : 1F8;
71033 : 1F8;
71034 : 1F8;
71035 : 1F8;
71036 : 1F8;
71037 : 1F8;
71038 : 1F8;
71039 : 1F8;
71040 : 1F8;
71041 : 1F8;
71042 : 1F8;
71043 : 1F8;
71044 : 1F8;
71045 : 1F8;
71046 : 1F8;
71047 : 1F8;
71048 : 1F8;
71049 : 1F8;
71050 : 1F8;
71051 : 1F8;
71052 : 1F8;
71053 : 1F8;
71054 : 1F8;
71055 : 1F8;
71056 : 1F8;
71057 : 1F8;
71058 : 1D8;
71059 : 1D8;
71060 : 1D8;
71061 : 1D8;
71062 : 1D8;
71063 : 1D8;
71064 : 1D8;
71065 : 1D8;
71066 : 1D8;
71067 : 1D8;
71068 : 1D8;
71069 : 1D8;
71070 : 1D8;
71071 : 1D8;
71072 : 1D8;
71073 : 1D8;
71074 : 1D8;
71075 : 1D8;
71076 : 1D8;
71077 : 1D8;
71078 : 1D8;
71079 : 1D8;
71080 : 1D8;
71081 : 1D8;
71082 : 1D8;
71083 : 1D8;
71084 : 1D8;
71085 : 1D8;
71086 : 1D8;
71087 : 1D8;
71088 : 1D8;
71089 : 1D8;
71090 : 1D8;
71091 : 1D8;
71092 : 1D8;
71093 : 1D8;
71094 : 1D8;
71095 : 1D8;
71096 : 1D8;
71097 : 1D8;
71098 : 1D8;
71099 : 1D8;
71100 : 1D8;
71101 : 1D8;
71102 : 1D8;
71103 : 1D8;
71104 : 1D8;
71105 : 1D8;
71106 : 1D8;
71107 : 1D8;
71108 : 1D8;
71109 : 1D8;
71110 : 1D8;
71111 : 1D8;
71112 : 1D8;
71113 : 1D8;
71114 : 1D8;
71115 : 1D8;
71116 : 1D8;
71117 : 1D8;
71118 : 1D8;
71119 : 1D8;
71120 : 1D8;
71121 : 1D8;
71122 : 1D8;
71123 : 1D8;
71124 : 1D8;
71125 : 1D8;
71126 : 1D8;
71127 : 1D8;
71128 : 1D8;
71129 : 1D8;
71130 : 1D8;
71131 : 1D8;
71132 : 1D8;
71133 : 1D8;
71134 : 1D8;
71135 : 1D8;
71136 : 1D8;
71137 : 1D8;
71138 : 1D8;
71139 : 1D8;
71140 : 1D8;
71141 : 1D8;
71142 : 1D8;
71143 : 1D8;
71144 : 1D8;
71145 : 1D8;
71146 : 1D8;
71147 : 1D8;
71148 : 1D8;
71149 : 1D8;
71150 : 1D8;
71151 : 1D8;
71152 : 1D8;
71153 : 1D8;
71154 : 1F8;
71155 : 1F8;
71156 : 1F8;
71157 : 1F8;
71158 : 1F8;
71159 : 1F8;
71160 : 1F8;
71161 : 1F8;
71162 : 1F8;
71163 : 1F8;
71164 : 1F8;
71165 : 1F8;
71166 : 1F8;
71167 : 1F8;
71168 : 1F8;
71169 : 1F8;
71170 : 1F8;
71171 : 1F8;
71172 : 1F8;
71173 : 1F8;
71174 : 1F8;
71175 : 1F8;
71176 : 1F8;
71177 : 1F8;
71178 : 1F8;
71179 : 1F8;
71180 : 1F8;
71181 : 1F8;
71182 : 1F8;
71183 : 1F8;
71184 : 1F8;
71185 : 1F8;
71186 : 1F8;
71187 : 1F8;
71188 : 1F8;
71189 : 1F8;
71190 : 1F8;
71191 : 1F8;
71192 : 1F8;
71193 : 1F8;
71194 : 1F8;
71195 : 1F8;
71196 : 1F8;
71197 : 1F8;
71198 : 1F8;
71199 : 1F8;
71200 : 1F8;
71201 : 1F8;
71202 : 1F8;
71203 : 1F8;
71204 : 1F8;
71205 : 1FF;
71206 : 1FF;
71207 : 1FF;
71208 : 1FF;
71209 : 1FF;
71210 : 1FF;
71211 : 1FF;
71212 : 1FF;
71213 : 1FF;
71214 : 1FF;
71215 : 1FF;
71216 : 1FF;
71217 : 1FF;
71218 : 1FF;
71219 : 1FF;
71220 : 1FF;
71221 : 1FF;
71222 : 1FF;
71223 : 1FF;
71224 : 1FF;
71225 : 1FF;
71226 : 1FF;
71227 : 1FF;
71228 : 1FF;
71229 : 1FF;
71230 : 1FF;
71231 : 1FF;
71232 : 1FF;
71233 : 1FF;
71234 : 1FF;
71235 : 1F8;
71236 : 1F8;
71237 : 1F8;
71238 : 1F8;
71239 : 1F8;
71240 : 1F8;
71241 : 1F8;
71242 : 1F8;
71243 : 1F8;
71244 : 1F8;
71245 : 1F8;
71246 : 1F8;
71247 : 1F8;
71248 : 1F8;
71249 : 1F8;
71250 : 1F8;
71251 : 1F8;
71252 : 1F8;
71253 : 1F8;
71254 : 1F8;
71255 : 1F8;
71256 : 1F8;
71257 : 1F8;
71258 : 1F8;
71259 : 1F8;
71260 : 1F8;
71261 : 1F8;
71262 : 1F8;
71263 : 1F8;
71264 : 1F8;
71265 : 1F8;
71266 : 1F8;
71267 : 1D8;
71268 : 1D8;
71269 : 1D8;
71270 : 1D8;
71271 : 1D8;
71272 : 1D8;
71273 : 1D8;
71274 : 1D8;
71275 : 1D8;
71276 : 1D8;
71277 : 1D8;
71278 : 1D8;
71279 : 1D8;
71280 : 1D8;
71281 : 1D8;
71282 : 1D8;
71283 : 1D8;
71284 : 1D8;
71285 : 1D8;
71286 : 1D8;
71287 : 1D8;
71288 : 1D8;
71289 : 1D8;
71290 : 1D8;
71291 : 1D8;
71292 : 1D8;
71293 : 1D8;
71294 : 1D8;
71295 : 1D8;
71296 : 1D8;
71297 : 1D8;
71298 : 1D8;
71299 : 1D8;
71300 : 1D8;
71301 : 1D8;
71302 : 1D8;
71303 : 1D8;
71304 : 1D8;
71305 : 1D8;
71306 : 1D8;
71307 : 1D8;
71308 : 1D8;
71309 : 1D8;
71310 : 1D8;
71311 : 1D8;
71312 : 1D8;
71313 : 1D8;
71314 : 1D8;
71315 : 1D8;
71316 : 1D8;
71317 : 1D8;
71318 : 1D8;
71319 : 1D8;
71320 : 1D8;
71321 : 1F8;
71322 : 1F8;
71323 : 1F8;
71324 : 1F8;
71325 : 1F8;
71326 : 1F8;
71327 : 1F8;
71328 : 007;
71329 : 007;
71330 : 007;
71331 : 007;
71332 : 007;
71333 : 007;
71334 : 1FF;
71335 : 1FF;
71336 : 1FF;
71337 : 1FF;
71338 : 1FF;
71339 : 1FF;
71340 : 1FF;
71341 : 1F8;
71342 : 1F8;
71343 : 1F8;
71344 : 1F8;
71345 : 1F8;
71346 : 1F8;
71347 : 1F8;
71348 : 1F8;
71349 : 1F8;
71350 : 1F8;
71351 : 1F8;
71352 : 1F8;
71353 : 1F8;
71354 : 1F8;
71355 : 1F8;
71356 : 1F8;
71357 : 1F8;
71358 : 1F8;
71359 : 1F8;
71360 : 1F8;
71361 : 1F8;
71362 : 1F8;
71363 : 1F8;
71364 : 1F8;
71365 : 1F8;
71366 : 1F8;
71367 : 1F8;
71368 : 1F8;
71369 : 1F8;
71370 : 1F8;
71371 : 1F8;
71372 : 1F8;
71373 : 1F8;
71374 : 1F8;
71375 : 1F8;
71376 : 1F8;
71377 : 1F8;
71378 : 1F8;
71379 : 1D8;
71380 : 1D8;
71381 : 1D8;
71382 : 1D8;
71383 : 1D8;
71384 : 1D8;
71385 : 1D8;
71386 : 1D8;
71387 : 1D8;
71388 : 1D8;
71389 : 1D8;
71390 : 1D8;
71391 : 1D8;
71392 : 1D8;
71393 : 1D8;
71394 : 1D8;
71395 : 1D8;
71396 : 1D8;
71397 : 1D8;
71398 : 1D8;
71399 : 1D8;
71400 : 1D8;
71401 : 1D8;
71402 : 1D8;
71403 : 1D8;
71404 : 1D8;
71405 : 1D8;
71406 : 1D8;
71407 : 1D8;
71408 : 1D8;
71409 : 1D8;
71410 : 1D8;
71411 : 1D8;
71412 : 1D8;
71413 : 1D8;
71414 : 1D8;
71415 : 1D8;
71416 : 1D8;
71417 : 1D8;
71418 : 1D8;
71419 : 1D8;
71420 : 1D8;
71421 : 1D8;
71422 : 1D8;
71423 : 1D8;
71424 : 1D8;
71425 : 1D8;
71426 : 1D8;
71427 : 1D8;
71428 : 1D8;
71429 : 1D8;
71430 : 1D8;
71431 : 1D8;
71432 : 1D8;
71433 : 1D8;
71434 : 1D8;
71435 : 1D8;
71436 : 1D8;
71437 : 1D8;
71438 : 1D8;
71439 : 1D8;
71440 : 1D8;
71441 : 1D8;
71442 : 1D8;
71443 : 1D8;
71444 : 1D8;
71445 : 1D8;
71446 : 1D8;
71447 : 1D8;
71448 : 1D8;
71449 : 1D8;
71450 : 1D8;
71451 : 1D8;
71452 : 1D8;
71453 : 1D8;
71454 : 1D8;
71455 : 1D8;
71456 : 1D8;
71457 : 1D8;
71458 : 1D8;
71459 : 1D8;
71460 : 1D8;
71461 : 1D8;
71462 : 1D8;
71463 : 1D8;
71464 : 1D8;
71465 : 1D8;
71466 : 1D8;
71467 : 1D8;
71468 : 1D8;
71469 : 1D8;
71470 : 1D8;
71471 : 1D8;
71472 : 1F8;
71473 : 1F8;
71474 : 1F8;
71475 : 1F8;
71476 : 1F8;
71477 : 1F8;
71478 : 1F8;
71479 : 1F8;
71480 : 1F8;
71481 : 1F8;
71482 : 1F8;
71483 : 1F8;
71484 : 1F8;
71485 : 1F8;
71486 : 1F8;
71487 : 1F8;
71488 : 1F8;
71489 : 1F8;
71490 : 1F8;
71491 : 1F8;
71492 : 1F8;
71493 : 1F8;
71494 : 1F8;
71495 : 1F8;
71496 : 1F8;
71497 : 1F8;
71498 : 1F8;
71499 : 1F8;
71500 : 1F8;
71501 : 1F8;
71502 : 1F8;
71503 : 1F8;
71504 : 1F8;
71505 : 1F8;
71506 : 1F8;
71507 : 1F8;
71508 : 1F8;
71509 : 1F8;
71510 : 1F8;
71511 : 1F8;
71512 : 1F8;
71513 : 1F8;
71514 : 1F8;
71515 : 1F8;
71516 : 1F8;
71517 : 1F8;
71518 : 1F8;
71519 : 1F8;
71520 : 1F8;
71521 : 1F8;
71522 : 1F8;
71523 : 1F8;
71524 : 1F8;
71525 : 1FF;
71526 : 1FF;
71527 : 1FF;
71528 : 1FF;
71529 : 1FF;
71530 : 1FF;
71531 : 1FF;
71532 : 1FF;
71533 : 1FF;
71534 : 1FF;
71535 : 1FF;
71536 : 1FF;
71537 : 1FF;
71538 : 1FF;
71539 : 1FF;
71540 : 1FF;
71541 : 1FF;
71542 : 1FF;
71543 : 1FF;
71544 : 1FF;
71545 : 1FF;
71546 : 1FF;
71547 : 1FF;
71548 : 1FF;
71549 : 1FF;
71550 : 1FF;
71551 : 1FF;
71552 : 1FF;
71553 : 1FF;
71554 : 1FF;
71555 : 1F8;
71556 : 1F8;
71557 : 1F8;
71558 : 1F8;
71559 : 1F8;
71560 : 1F8;
71561 : 1F8;
71562 : 1F8;
71563 : 1F8;
71564 : 1F8;
71565 : 1F8;
71566 : 1D8;
71567 : 1D8;
71568 : 1F8;
71569 : 1F8;
71570 : 1F8;
71571 : 1F8;
71572 : 1F8;
71573 : 1F8;
71574 : 1F8;
71575 : 1F8;
71576 : 1F8;
71577 : 1F8;
71578 : 1F8;
71579 : 1F8;
71580 : 1F8;
71581 : 1F8;
71582 : 1F8;
71583 : 1F8;
71584 : 1F8;
71585 : 1F8;
71586 : 1F8;
71587 : 1F8;
71588 : 1F8;
71589 : 1F8;
71590 : 1F8;
71591 : 1F8;
71592 : 1D8;
71593 : 1D8;
71594 : 1D8;
71595 : 1D8;
71596 : 1D8;
71597 : 1D8;
71598 : 1D8;
71599 : 1D8;
71600 : 1D8;
71601 : 1D8;
71602 : 1D8;
71603 : 1D8;
71604 : 1D8;
71605 : 1D8;
71606 : 1D8;
71607 : 1D8;
71608 : 1D8;
71609 : 1D8;
71610 : 1D8;
71611 : 1D8;
71612 : 1D8;
71613 : 1D8;
71614 : 1D8;
71615 : 1D8;
71616 : 1D8;
71617 : 1D8;
71618 : 1D8;
71619 : 1D8;
71620 : 1D8;
71621 : 1D8;
71622 : 1D8;
71623 : 1D8;
71624 : 1D8;
71625 : 1D8;
71626 : 1D8;
71627 : 1D8;
71628 : 1D8;
71629 : 1D8;
71630 : 1D8;
71631 : 1D8;
71632 : 1D8;
71633 : 1D8;
71634 : 1D8;
71635 : 1D8;
71636 : 1F8;
71637 : 1F8;
71638 : 1F8;
71639 : 1F8;
71640 : 1F8;
71641 : 1F8;
71642 : 1F8;
71643 : 1F8;
71644 : 1F8;
71645 : 1F8;
71646 : 1F8;
71647 : 1F8;
71648 : 007;
71649 : 007;
71650 : 007;
71651 : 007;
71652 : 007;
71653 : 007;
71654 : 1FF;
71655 : 1FF;
71656 : 1FF;
71657 : 1FF;
71658 : 1FF;
71659 : 1FF;
71660 : 1FF;
71661 : 1F8;
71662 : 1F8;
71663 : 1F8;
71664 : 1F8;
71665 : 1F8;
71666 : 1F8;
71667 : 1F8;
71668 : 1F8;
71669 : 1F8;
71670 : 1F8;
71671 : 1F8;
71672 : 1F8;
71673 : 1F8;
71674 : 1F8;
71675 : 1F8;
71676 : 1F8;
71677 : 1F8;
71678 : 1F8;
71679 : 1F8;
71680 : 1F8;
71681 : 1F8;
71682 : 1F8;
71683 : 1F8;
71684 : 1F8;
71685 : 1F8;
71686 : 1F8;
71687 : 1F8;
71688 : 1F8;
71689 : 1D8;
71690 : 1D8;
71691 : 1F8;
71692 : 1F8;
71693 : 1F8;
71694 : 1F8;
71695 : 1F8;
71696 : 1F8;
71697 : 1F8;
71698 : 1F8;
71699 : 1F8;
71700 : 1F8;
71701 : 1D8;
71702 : 1D8;
71703 : 1D8;
71704 : 1D8;
71705 : 1D8;
71706 : 1D8;
71707 : 1D8;
71708 : 1D8;
71709 : 1D8;
71710 : 1D8;
71711 : 1D8;
71712 : 1D8;
71713 : 1D8;
71714 : 1D8;
71715 : 1D8;
71716 : 1D8;
71717 : 1D8;
71718 : 1D8;
71719 : 1D8;
71720 : 1D8;
71721 : 1D8;
71722 : 1D8;
71723 : 1D8;
71724 : 1D8;
71725 : 1D8;
71726 : 1D8;
71727 : 1D8;
71728 : 1D8;
71729 : 1D8;
71730 : 1D8;
71731 : 1D8;
71732 : 1D8;
71733 : 1D8;
71734 : 1D8;
71735 : 1D8;
71736 : 1D8;
71737 : 1D8;
71738 : 1D8;
71739 : 1D8;
71740 : 1D8;
71741 : 1D8;
71742 : 1D8;
71743 : 1D8;
71744 : 1D8;
71745 : 1D8;
71746 : 1D8;
71747 : 1D8;
71748 : 1D8;
71749 : 1D8;
71750 : 1D8;
71751 : 1D8;
71752 : 1D8;
71753 : 1D8;
71754 : 1D8;
71755 : 1D8;
71756 : 1D8;
71757 : 1D8;
71758 : 1D8;
71759 : 1D8;
71760 : 1D8;
71761 : 1D8;
71762 : 1D8;
71763 : 1D8;
71764 : 1D8;
71765 : 1D8;
71766 : 1D8;
71767 : 1D8;
71768 : 1D8;
71769 : 1D8;
71770 : 1D8;
71771 : 1D8;
71772 : 1D8;
71773 : 1D8;
71774 : 1D8;
71775 : 1D8;
71776 : 1D8;
71777 : 1D8;
71778 : 1D8;
71779 : 1D8;
71780 : 1D8;
71781 : 1D8;
71782 : 1D8;
71783 : 1D8;
71784 : 1D8;
71785 : 1D8;
71786 : 1D8;
71787 : 1D8;
71788 : 1D8;
71789 : 1D8;
71790 : 1F8;
71791 : 1F8;
71792 : 1F8;
71793 : 1F8;
71794 : 1F8;
71795 : 1F8;
71796 : 1F8;
71797 : 1F8;
71798 : 1F8;
71799 : 1F8;
71800 : 1F8;
71801 : 1F8;
71802 : 1F8;
71803 : 1F8;
71804 : 1F8;
71805 : 1F8;
71806 : 1F8;
71807 : 1F8;
71808 : 1F8;
71809 : 1F8;
71810 : 1F8;
71811 : 1F8;
71812 : 1F8;
71813 : 1F8;
71814 : 1F8;
71815 : 1F8;
71816 : 1F8;
71817 : 1F8;
71818 : 1F8;
71819 : 1F8;
71820 : 1F8;
71821 : 1F8;
71822 : 1F8;
71823 : 1F8;
71824 : 1F8;
71825 : 1F8;
71826 : 1F8;
71827 : 1F8;
71828 : 1F8;
71829 : 1F8;
71830 : 1F8;
71831 : 1F8;
71832 : 1F8;
71833 : 1F8;
71834 : 1F8;
71835 : 1F8;
71836 : 1F8;
71837 : 1F8;
71838 : 1F8;
71839 : 1F8;
71840 : 1F8;
71841 : 1F8;
71842 : 1F8;
71843 : 1F8;
71844 : 1FF;
71845 : 1FF;
71846 : 1FF;
71847 : 1FF;
71848 : 1FF;
71849 : 1FF;
71850 : 1FF;
71851 : 1FF;
71852 : 1FF;
71853 : 1FF;
71854 : 1FF;
71855 : 1FF;
71856 : 1FF;
71857 : 1FF;
71858 : 1FF;
71859 : 1FF;
71860 : 1FF;
71861 : 1FF;
71862 : 1FF;
71863 : 1FF;
71864 : 1FF;
71865 : 1FF;
71866 : 1FF;
71867 : 1FF;
71868 : 1FF;
71869 : 1FF;
71870 : 1FF;
71871 : 1FF;
71872 : 1FF;
71873 : 1FF;
71874 : 1F8;
71875 : 1F8;
71876 : 1F8;
71877 : 1F8;
71878 : 1F8;
71879 : 1F8;
71880 : 1F8;
71881 : 1F8;
71882 : 1F8;
71883 : 1F8;
71884 : 1F8;
71885 : 1F8;
71886 : 1F8;
71887 : 1F8;
71888 : 1F8;
71889 : 1F8;
71890 : 1F8;
71891 : 1F8;
71892 : 1F8;
71893 : 1F8;
71894 : 1F8;
71895 : 1F8;
71896 : 1F8;
71897 : 1F8;
71898 : 1F8;
71899 : 1F8;
71900 : 1F8;
71901 : 1F8;
71902 : 1F8;
71903 : 1F8;
71904 : 1F8;
71905 : 1F8;
71906 : 1F8;
71907 : 1F8;
71908 : 1F8;
71909 : 1F8;
71910 : 1F8;
71911 : 1F8;
71912 : 1F8;
71913 : 1F8;
71914 : 1F8;
71915 : 1F8;
71916 : 1F8;
71917 : 1F8;
71918 : 1F8;
71919 : 1F8;
71920 : 1F8;
71921 : 1D8;
71922 : 1D8;
71923 : 1D8;
71924 : 1D8;
71925 : 1D8;
71926 : 1D8;
71927 : 1D8;
71928 : 1D8;
71929 : 1D8;
71930 : 1D8;
71931 : 1D8;
71932 : 1D8;
71933 : 1D8;
71934 : 1D8;
71935 : 1D8;
71936 : 1D8;
71937 : 1D8;
71938 : 1D8;
71939 : 1D8;
71940 : 1D8;
71941 : 1D8;
71942 : 1D8;
71943 : 1D8;
71944 : 1D8;
71945 : 1D8;
71946 : 1D8;
71947 : 1F8;
71948 : 1F8;
71949 : 1F8;
71950 : 1F8;
71951 : 1F8;
71952 : 1F8;
71953 : 1F8;
71954 : 1F8;
71955 : 1F8;
71956 : 1F8;
71957 : 1F8;
71958 : 1F8;
71959 : 1F8;
71960 : 1F8;
71961 : 1F8;
71962 : 1F8;
71963 : 1F8;
71964 : 1F8;
71965 : 1F8;
71966 : 1F8;
71967 : 007;
71968 : 007;
71969 : 007;
71970 : 007;
71971 : 007;
71972 : 007;
71973 : 007;
71974 : 1FF;
71975 : 1FF;
71976 : 1FF;
71977 : 1FF;
71978 : 1FF;
71979 : 1FF;
71980 : 1FF;
71981 : 1FF;
71982 : 1F8;
71983 : 1F8;
71984 : 1F8;
71985 : 1F8;
71986 : 1F8;
71987 : 1F8;
71988 : 1F8;
71989 : 1F8;
71990 : 1F8;
71991 : 1F8;
71992 : 1F8;
71993 : 1F8;
71994 : 1F8;
71995 : 1F8;
71996 : 1F8;
71997 : 1F8;
71998 : 1F8;
71999 : 1F8;
72000 : 1F8;
72001 : 1F8;
72002 : 1F8;
72003 : 1F8;
72004 : 1F8;
72005 : 1F8;
72006 : 1F8;
72007 : 1F8;
72008 : 1F8;
72009 : 1F8;
72010 : 1F8;
72011 : 1F8;
72012 : 1F8;
72013 : 1F8;
72014 : 1F8;
72015 : 1F8;
72016 : 1F8;
72017 : 1F8;
72018 : 1F8;
72019 : 1F8;
72020 : 1F8;
72021 : 1F8;
72022 : 1F8;
72023 : 1F8;
72024 : 1F8;
72025 : 1D8;
72026 : 1D8;
72027 : 1D8;
72028 : 1D8;
72029 : 1D8;
72030 : 1D8;
72031 : 1D8;
72032 : 1D8;
72033 : 1D8;
72034 : 1D8;
72035 : 1D8;
72036 : 1D8;
72037 : 1D8;
72038 : 1D8;
72039 : 1D8;
72040 : 1D8;
72041 : 1D8;
72042 : 1D8;
72043 : 1D8;
72044 : 1D8;
72045 : 1D8;
72046 : 1D8;
72047 : 1D8;
72048 : 1D8;
72049 : 1D8;
72050 : 1D8;
72051 : 1D8;
72052 : 1D8;
72053 : 1D8;
72054 : 1D8;
72055 : 1D8;
72056 : 1D8;
72057 : 1D8;
72058 : 1D8;
72059 : 1D8;
72060 : 1D8;
72061 : 1D8;
72062 : 1D8;
72063 : 1D8;
72064 : 1D8;
72065 : 1D8;
72066 : 1D8;
72067 : 1D8;
72068 : 1D8;
72069 : 1D8;
72070 : 1D8;
72071 : 1D8;
72072 : 1D8;
72073 : 1D8;
72074 : 1D8;
72075 : 1D8;
72076 : 1D8;
72077 : 1D8;
72078 : 1D8;
72079 : 1D8;
72080 : 1D8;
72081 : 1D8;
72082 : 1D8;
72083 : 1D8;
72084 : 1D8;
72085 : 1D8;
72086 : 1D8;
72087 : 1D8;
72088 : 1D8;
72089 : 1D8;
72090 : 1D8;
72091 : 1D8;
72092 : 1D8;
72093 : 1D8;
72094 : 1D8;
72095 : 1D8;
72096 : 1D8;
72097 : 1D8;
72098 : 1D8;
72099 : 1D8;
72100 : 1D8;
72101 : 1D8;
72102 : 1D8;
72103 : 1D8;
72104 : 1D8;
72105 : 1D8;
72106 : 1F8;
72107 : 1F8;
72108 : 1F8;
72109 : 1F8;
72110 : 1F8;
72111 : 1F8;
72112 : 1F8;
72113 : 1F8;
72114 : 1F8;
72115 : 1F8;
72116 : 1F8;
72117 : 1F8;
72118 : 1F8;
72119 : 1F8;
72120 : 1F8;
72121 : 1F8;
72122 : 1F8;
72123 : 1F8;
72124 : 1F8;
72125 : 1F8;
72126 : 1F8;
72127 : 1F8;
72128 : 1F8;
72129 : 1F8;
72130 : 1F8;
72131 : 1F8;
72132 : 1F8;
72133 : 1F8;
72134 : 1F8;
72135 : 1F8;
72136 : 1F8;
72137 : 1F8;
72138 : 1F8;
72139 : 1F8;
72140 : 1F8;
72141 : 1F8;
72142 : 1F8;
72143 : 1F8;
72144 : 1F8;
72145 : 1F8;
72146 : 1F8;
72147 : 1F8;
72148 : 1F8;
72149 : 1F8;
72150 : 1F8;
72151 : 1F8;
72152 : 1F8;
72153 : 1F8;
72154 : 1F8;
72155 : 1F8;
72156 : 1D8;
72157 : 1D8;
72158 : 1F8;
72159 : 1F8;
72160 : 1F8;
72161 : 1F8;
72162 : 1F8;
72163 : 1F8;
72164 : 1F8;
72165 : 1F8;
72166 : 1F8;
72167 : 1F8;
72168 : 1F8;
72169 : 1FF;
72170 : 1FF;
72171 : 1FF;
72172 : 1FF;
72173 : 1FF;
72174 : 1FF;
72175 : 1FF;
72176 : 1FF;
72177 : 1FF;
72178 : 1FF;
72179 : 1FF;
72180 : 1FF;
72181 : 1FF;
72182 : 1FF;
72183 : 1FF;
72184 : 1FF;
72185 : 1FF;
72186 : 1FF;
72187 : 1FF;
72188 : 1FF;
72189 : 1FF;
72190 : 1FF;
72191 : 1FF;
72192 : 1FF;
72193 : 1F8;
72194 : 1F8;
72195 : 1F8;
72196 : 1F8;
72197 : 1F8;
72198 : 1F8;
72199 : 1F8;
72200 : 1F8;
72201 : 1F8;
72202 : 1F8;
72203 : 1F8;
72204 : 1F8;
72205 : 1F8;
72206 : 1F8;
72207 : 1F8;
72208 : 1F8;
72209 : 1F8;
72210 : 1F8;
72211 : 1F8;
72212 : 1F8;
72213 : 1F8;
72214 : 1F8;
72215 : 1F8;
72216 : 1F8;
72217 : 1F8;
72218 : 1F8;
72219 : 1F8;
72220 : 1F8;
72221 : 1F8;
72222 : 1F8;
72223 : 1F8;
72224 : 1F8;
72225 : 1F8;
72226 : 1F8;
72227 : 1F8;
72228 : 1F8;
72229 : 1F8;
72230 : 1F8;
72231 : 1F8;
72232 : 1F8;
72233 : 1F8;
72234 : 1F8;
72235 : 1F8;
72236 : 1F8;
72237 : 1F8;
72238 : 1F8;
72239 : 1F8;
72240 : 1F8;
72241 : 1F8;
72242 : 1F8;
72243 : 1F8;
72244 : 1F8;
72245 : 1D8;
72246 : 1D8;
72247 : 1F8;
72248 : 1F8;
72249 : 1F8;
72250 : 1F8;
72251 : 1F8;
72252 : 1F8;
72253 : 1F8;
72254 : 1F8;
72255 : 1F8;
72256 : 1F8;
72257 : 1F8;
72258 : 1F8;
72259 : 1F8;
72260 : 1F8;
72261 : 1F8;
72262 : 1F8;
72263 : 1F8;
72264 : 1F8;
72265 : 1D8;
72266 : 1D8;
72267 : 1F8;
72268 : 1F8;
72269 : 1F8;
72270 : 1F8;
72271 : 1F8;
72272 : 1F8;
72273 : 1F8;
72274 : 1F8;
72275 : 1F8;
72276 : 1F8;
72277 : 1F8;
72278 : 1F8;
72279 : 1F8;
72280 : 1F8;
72281 : 1F8;
72282 : 1F8;
72283 : 1F8;
72284 : 1F8;
72285 : 1F8;
72286 : 1F8;
72287 : 007;
72288 : 007;
72289 : 007;
72290 : 007;
72291 : 007;
72292 : 007;
72293 : 007;
72294 : 007;
72295 : 1FF;
72296 : 1FF;
72297 : 1FF;
72298 : 1FF;
72299 : 1FF;
72300 : 1FF;
72301 : 1FF;
72302 : 1F8;
72303 : 1F8;
72304 : 1F8;
72305 : 1F8;
72306 : 1F8;
72307 : 1F8;
72308 : 1F8;
72309 : 1F8;
72310 : 1F8;
72311 : 1F8;
72312 : 1F8;
72313 : 1F8;
72314 : 1F8;
72315 : 1F8;
72316 : 1F8;
72317 : 1F8;
72318 : 1F8;
72319 : 1F8;
72320 : 1F8;
72321 : 1F8;
72322 : 1F8;
72323 : 1F8;
72324 : 1F8;
72325 : 1F8;
72326 : 1F8;
72327 : 1F8;
72328 : 1F8;
72329 : 1F8;
72330 : 1F8;
72331 : 1F8;
72332 : 1F8;
72333 : 1F8;
72334 : 1F8;
72335 : 1F8;
72336 : 1F8;
72337 : 1F8;
72338 : 1F8;
72339 : 1F8;
72340 : 1F8;
72341 : 1F8;
72342 : 1F8;
72343 : 1F8;
72344 : 1F8;
72345 : 1F8;
72346 : 1F8;
72347 : 1F8;
72348 : 1F8;
72349 : 1F8;
72350 : 1F8;
72351 : 1F8;
72352 : 1D8;
72353 : 1D8;
72354 : 1D8;
72355 : 1D8;
72356 : 1D8;
72357 : 1D8;
72358 : 1D8;
72359 : 1D8;
72360 : 1D8;
72361 : 1D8;
72362 : 1D8;
72363 : 1D8;
72364 : 1D8;
72365 : 1D8;
72366 : 1D8;
72367 : 1D8;
72368 : 1D8;
72369 : 1D8;
72370 : 1D8;
72371 : 1D8;
72372 : 1D8;
72373 : 1D8;
72374 : 1D8;
72375 : 1D8;
72376 : 1D8;
72377 : 1D8;
72378 : 1D8;
72379 : 1D8;
72380 : 1D8;
72381 : 1D8;
72382 : 1D8;
72383 : 1D8;
72384 : 1D8;
72385 : 1D8;
72386 : 1D8;
72387 : 1D8;
72388 : 1D8;
72389 : 1D8;
72390 : 1D8;
72391 : 1D8;
72392 : 1D8;
72393 : 1D8;
72394 : 1D8;
72395 : 1D8;
72396 : 1D8;
72397 : 1D8;
72398 : 1D8;
72399 : 1D8;
72400 : 1D8;
72401 : 1D8;
72402 : 1D8;
72403 : 1D8;
72404 : 1D8;
72405 : 1D8;
72406 : 1D8;
72407 : 1D8;
72408 : 1D8;
72409 : 1D8;
72410 : 1D8;
72411 : 1D8;
72412 : 1D8;
72413 : 1D8;
72414 : 1D8;
72415 : 1D8;
72416 : 1D8;
72417 : 1D8;
72418 : 1D8;
72419 : 1F8;
72420 : 1F8;
72421 : 1F8;
72422 : 1F8;
72423 : 1F8;
72424 : 1F8;
72425 : 1F8;
72426 : 1F8;
72427 : 1F8;
72428 : 1F8;
72429 : 1F8;
72430 : 1F8;
72431 : 1F8;
72432 : 1F8;
72433 : 1F8;
72434 : 1F8;
72435 : 1F8;
72436 : 1F8;
72437 : 1F8;
72438 : 1F8;
72439 : 1F8;
72440 : 1F8;
72441 : 1F8;
72442 : 1F8;
72443 : 1F8;
72444 : 1F8;
72445 : 1F8;
72446 : 1F8;
72447 : 1F8;
72448 : 1F8;
72449 : 1F8;
72450 : 1F8;
72451 : 1F8;
72452 : 1F8;
72453 : 1F8;
72454 : 1F8;
72455 : 1F8;
72456 : 1F8;
72457 : 1F8;
72458 : 1F8;
72459 : 1F8;
72460 : 1F8;
72461 : 1F8;
72462 : 1F8;
72463 : 1F8;
72464 : 1F8;
72465 : 1F8;
72466 : 1F8;
72467 : 1F8;
72468 : 1F8;
72469 : 1F8;
72470 : 1F8;
72471 : 1F8;
72472 : 1F8;
72473 : 1F8;
72474 : 1F8;
72475 : 1F8;
72476 : 1F8;
72477 : 1F8;
72478 : 1F8;
72479 : 1F8;
72480 : 1F8;
72481 : 1F8;
72482 : 1F8;
72483 : 1F8;
72484 : 1F8;
72485 : 1F8;
72486 : 1F8;
72487 : 1F8;
72488 : 1F8;
72489 : 1F8;
72490 : 1F8;
72491 : 1F8;
72492 : 1F8;
72493 : 1F8;
72494 : 1FF;
72495 : 1FF;
72496 : 1FF;
72497 : 1FF;
72498 : 1FF;
72499 : 1FF;
72500 : 1FF;
72501 : 1FF;
72502 : 1FF;
72503 : 1FF;
72504 : 1FF;
72505 : 1FF;
72506 : 1FF;
72507 : 1FF;
72508 : 1FF;
72509 : 1FF;
72510 : 1FF;
72511 : 1FF;
72512 : 1FF;
72513 : 1F8;
72514 : 1F8;
72515 : 1F8;
72516 : 1F8;
72517 : 1F8;
72518 : 1F8;
72519 : 1F8;
72520 : 1F8;
72521 : 1F8;
72522 : 1F8;
72523 : 1F8;
72524 : 1F8;
72525 : 1F8;
72526 : 1F8;
72527 : 1F8;
72528 : 1F8;
72529 : 1F8;
72530 : 1F8;
72531 : 1F8;
72532 : 1F8;
72533 : 1F8;
72534 : 1F8;
72535 : 1F8;
72536 : 1F8;
72537 : 1F8;
72538 : 1F8;
72539 : 1F8;
72540 : 1F8;
72541 : 1F8;
72542 : 1F8;
72543 : 1F8;
72544 : 1F8;
72545 : 1F8;
72546 : 1F8;
72547 : 1F8;
72548 : 1F8;
72549 : 1F8;
72550 : 1F8;
72551 : 1F8;
72552 : 1F8;
72553 : 1F8;
72554 : 1F8;
72555 : 1F8;
72556 : 1F8;
72557 : 1D8;
72558 : 1D8;
72559 : 1F8;
72560 : 1F8;
72561 : 1F8;
72562 : 1F8;
72563 : 1F8;
72564 : 1F8;
72565 : 1F8;
72566 : 1F8;
72567 : 1F8;
72568 : 1F8;
72569 : 1F8;
72570 : 1F8;
72571 : 1F8;
72572 : 1F8;
72573 : 1F8;
72574 : 1F8;
72575 : 1F8;
72576 : 1F8;
72577 : 1F8;
72578 : 1F8;
72579 : 1F8;
72580 : 1F8;
72581 : 1F8;
72582 : 1F8;
72583 : 1F8;
72584 : 1F8;
72585 : 1F8;
72586 : 1F8;
72587 : 1F8;
72588 : 1F8;
72589 : 1F8;
72590 : 1F8;
72591 : 1F8;
72592 : 1F8;
72593 : 1F8;
72594 : 1F8;
72595 : 1F8;
72596 : 1F8;
72597 : 1F8;
72598 : 1F8;
72599 : 1F8;
72600 : 1F8;
72601 : 1F8;
72602 : 1F8;
72603 : 1F8;
72604 : 1F8;
72605 : 1F8;
72606 : 1F8;
72607 : 007;
72608 : 007;
72609 : 007;
72610 : 007;
72611 : 007;
72612 : 007;
72613 : 007;
72614 : 007;
72615 : 1C0;
72616 : 1C0;
72617 : 1C0;
72618 : 1C0;
72619 : 1C0;
72620 : 1C0;
72621 : 1C0;
72622 : 1F8;
72623 : 1F8;
72624 : 1F8;
72625 : 1F8;
72626 : 1F8;
72627 : 1F8;
72628 : 1F8;
72629 : 1F8;
72630 : 1F8;
72631 : 1F8;
72632 : 1F8;
72633 : 1F8;
72634 : 1F8;
72635 : 1F8;
72636 : 1F8;
72637 : 1F8;
72638 : 1F8;
72639 : 1F8;
72640 : 1F8;
72641 : 1F8;
72642 : 1F8;
72643 : 1F8;
72644 : 1F8;
72645 : 1F8;
72646 : 1F8;
72647 : 1F8;
72648 : 1F8;
72649 : 1F8;
72650 : 1F8;
72651 : 1F8;
72652 : 1F8;
72653 : 1D8;
72654 : 1D8;
72655 : 1F8;
72656 : 1F8;
72657 : 1F8;
72658 : 1F8;
72659 : 1F8;
72660 : 1F8;
72661 : 1F8;
72662 : 1F8;
72663 : 1F8;
72664 : 1F8;
72665 : 1F8;
72666 : 1F8;
72667 : 1F8;
72668 : 1F8;
72669 : 1F8;
72670 : 1F8;
72671 : 1F8;
72672 : 1F8;
72673 : 1F8;
72674 : 1F8;
72675 : 1F8;
72676 : 1F8;
72677 : 1F8;
72678 : 1F8;
72679 : 1F8;
72680 : 1F8;
72681 : 1F8;
72682 : 1F8;
72683 : 1F8;
72684 : 1F8;
72685 : 1F8;
72686 : 1D8;
72687 : 1D8;
72688 : 1D8;
72689 : 1D8;
72690 : 1D8;
72691 : 1D8;
72692 : 1D8;
72693 : 1D8;
72694 : 1D8;
72695 : 1D8;
72696 : 1D8;
72697 : 1D8;
72698 : 1D8;
72699 : 1D8;
72700 : 1D8;
72701 : 1D8;
72702 : 1D8;
72703 : 1D8;
72704 : 1D8;
72705 : 1D8;
72706 : 1D8;
72707 : 1D8;
72708 : 1D8;
72709 : 1D8;
72710 : 1D8;
72711 : 1D8;
72712 : 1D8;
72713 : 1D8;
72714 : 1D8;
72715 : 1D8;
72716 : 1D8;
72717 : 1D8;
72718 : 1D8;
72719 : 1D8;
72720 : 1D8;
72721 : 1D8;
72722 : 1D8;
72723 : 1D8;
72724 : 1D8;
72725 : 1F8;
72726 : 1F8;
72727 : 1F8;
72728 : 1F8;
72729 : 1F8;
72730 : 1F8;
72731 : 1F8;
72732 : 1F8;
72733 : 1F8;
72734 : 1F8;
72735 : 1F8;
72736 : 1F8;
72737 : 1F8;
72738 : 1F8;
72739 : 1F8;
72740 : 1F8;
72741 : 1F8;
72742 : 1F8;
72743 : 1F8;
72744 : 1F8;
72745 : 1F8;
72746 : 1F8;
72747 : 1F8;
72748 : 1D8;
72749 : 1D8;
72750 : 1F8;
72751 : 1F8;
72752 : 1F8;
72753 : 1F8;
72754 : 1F8;
72755 : 1F8;
72756 : 1F8;
72757 : 1F8;
72758 : 1F8;
72759 : 1F8;
72760 : 1F8;
72761 : 1F8;
72762 : 1F8;
72763 : 1F8;
72764 : 1F8;
72765 : 1F8;
72766 : 1F8;
72767 : 1F8;
72768 : 1F8;
72769 : 1F8;
72770 : 1F8;
72771 : 1F8;
72772 : 1F8;
72773 : 1F8;
72774 : 1F8;
72775 : 1F8;
72776 : 1F8;
72777 : 1F8;
72778 : 1F8;
72779 : 1F8;
72780 : 1F8;
72781 : 1F8;
72782 : 1F8;
72783 : 1F8;
72784 : 1F8;
72785 : 1F8;
72786 : 1F8;
72787 : 1F8;
72788 : 1F8;
72789 : 1F8;
72790 : 1F8;
72791 : 1F8;
72792 : 1F8;
72793 : 1F8;
72794 : 1F8;
72795 : 1F8;
72796 : 1F8;
72797 : 1F8;
72798 : 1F8;
72799 : 1F8;
72800 : 1F8;
72801 : 1F8;
72802 : 1F8;
72803 : 1F8;
72804 : 1F8;
72805 : 1F8;
72806 : 1F8;
72807 : 1F8;
72808 : 1F8;
72809 : 1F8;
72810 : 1F8;
72811 : 1F8;
72812 : 1F8;
72813 : 1F8;
72814 : 1F8;
72815 : 1F8;
72816 : 1F8;
72817 : 1F8;
72818 : 1F8;
72819 : 1F8;
72820 : 1FF;
72821 : 1FF;
72822 : 1FF;
72823 : 1FF;
72824 : 1FF;
72825 : 1FF;
72826 : 1FF;
72827 : 1FF;
72828 : 1FF;
72829 : 1FF;
72830 : 1FF;
72831 : 1FF;
72832 : 1F8;
72833 : 1F8;
72834 : 1F8;
72835 : 1F8;
72836 : 1F8;
72837 : 1F8;
72838 : 1F8;
72839 : 1F8;
72840 : 1F8;
72841 : 1F8;
72842 : 1F8;
72843 : 1F8;
72844 : 1F8;
72845 : 1F8;
72846 : 1F8;
72847 : 1F8;
72848 : 1F8;
72849 : 1F8;
72850 : 1F8;
72851 : 1F8;
72852 : 1F8;
72853 : 1F8;
72854 : 1F8;
72855 : 1F8;
72856 : 1F8;
72857 : 1F8;
72858 : 1F8;
72859 : 1F8;
72860 : 1F8;
72861 : 1F8;
72862 : 1F8;
72863 : 1F8;
72864 : 1F8;
72865 : 1F8;
72866 : 1F8;
72867 : 1F8;
72868 : 1F8;
72869 : 1F8;
72870 : 1F8;
72871 : 1F8;
72872 : 1F8;
72873 : 1F8;
72874 : 1F8;
72875 : 1F8;
72876 : 1F8;
72877 : 1F8;
72878 : 1F8;
72879 : 1F8;
72880 : 1F8;
72881 : 1F8;
72882 : 1F8;
72883 : 1F8;
72884 : 1F8;
72885 : 1F8;
72886 : 1F8;
72887 : 1F8;
72888 : 1F8;
72889 : 1F8;
72890 : 1F8;
72891 : 1F8;
72892 : 1F8;
72893 : 1F8;
72894 : 1F8;
72895 : 1F8;
72896 : 1F8;
72897 : 1F8;
72898 : 1F8;
72899 : 1F8;
72900 : 1F8;
72901 : 1F8;
72902 : 1F8;
72903 : 1F8;
72904 : 1F8;
72905 : 1F8;
72906 : 1F8;
72907 : 1F8;
72908 : 1F8;
72909 : 1F8;
72910 : 1F8;
72911 : 1F8;
72912 : 1F8;
72913 : 1F8;
72914 : 1F8;
72915 : 1F8;
72916 : 1F8;
72917 : 1F8;
72918 : 1F8;
72919 : 1F8;
72920 : 1F8;
72921 : 1F8;
72922 : 1F8;
72923 : 1F8;
72924 : 1F8;
72925 : 1F8;
72926 : 1F8;
72927 : 1FF;
72928 : 1FF;
72929 : 1FF;
72930 : 1FF;
72931 : 1FF;
72932 : 1FF;
72933 : 1C0;
72934 : 1C0;
72935 : 1C0;
72936 : 1C0;
72937 : 1C0;
72938 : 1C0;
72939 : 1C0;
72940 : 1C0;
72941 : 1C0;
72942 : 1F8;
72943 : 1F8;
72944 : 1F8;
72945 : 1F8;
72946 : 1F8;
72947 : 1F8;
72948 : 1F8;
72949 : 1F8;
72950 : 1F8;
72951 : 1F8;
72952 : 1F8;
72953 : 1F8;
72954 : 1F8;
72955 : 1F8;
72956 : 1F8;
72957 : 1F8;
72958 : 1F8;
72959 : 1F8;
72960 : 1F8;
72961 : 1F8;
72962 : 1F8;
72963 : 1F8;
72964 : 1F8;
72965 : 1F8;
72966 : 1F8;
72967 : 1F8;
72968 : 1F8;
72969 : 1F8;
72970 : 1F8;
72971 : 1F8;
72972 : 1F8;
72973 : 1F8;
72974 : 1F8;
72975 : 1F8;
72976 : 1F8;
72977 : 1F8;
72978 : 1F8;
72979 : 1F8;
72980 : 1F8;
72981 : 1F8;
72982 : 1F8;
72983 : 1F8;
72984 : 1F8;
72985 : 1F8;
72986 : 1F8;
72987 : 1F8;
72988 : 1F8;
72989 : 1F8;
72990 : 1F8;
72991 : 1F8;
72992 : 1F8;
72993 : 1F8;
72994 : 1F8;
72995 : 1F8;
72996 : 1F8;
72997 : 1F8;
72998 : 1F8;
72999 : 1F8;
73000 : 1F8;
73001 : 1F8;
73002 : 1F8;
73003 : 1F8;
73004 : 1F8;
73005 : 1F8;
73006 : 1F8;
73007 : 1F8;
73008 : 1F8;
73009 : 1F8;
73010 : 1F8;
73011 : 1F8;
73012 : 1F8;
73013 : 1F8;
73014 : 1F8;
73015 : 1F8;
73016 : 1F8;
73017 : 1F8;
73018 : 1F8;
73019 : 1F8;
73020 : 1F8;
73021 : 1F8;
73022 : 1F8;
73023 : 1F8;
73024 : 1F8;
73025 : 1F8;
73026 : 1F8;
73027 : 1F8;
73028 : 1F8;
73029 : 1F8;
73030 : 1F8;
73031 : 1F8;
73032 : 1F8;
73033 : 1F8;
73034 : 1F8;
73035 : 1F8;
73036 : 1F8;
73037 : 1F8;
73038 : 1F8;
73039 : 1F8;
73040 : 1F8;
73041 : 1F8;
73042 : 1F8;
73043 : 1F8;
73044 : 1F8;
73045 : 1F8;
73046 : 1F8;
73047 : 1F8;
73048 : 1F8;
73049 : 1F8;
73050 : 1F8;
73051 : 1F8;
73052 : 1F8;
73053 : 1F8;
73054 : 1F8;
73055 : 1F8;
73056 : 1F8;
73057 : 1F8;
73058 : 1F8;
73059 : 1F8;
73060 : 1F8;
73061 : 1F8;
73062 : 1F8;
73063 : 1F8;
73064 : 1F8;
73065 : 1F8;
73066 : 1F8;
73067 : 1F8;
73068 : 1F8;
73069 : 1F8;
73070 : 1F8;
73071 : 1F8;
73072 : 1F8;
73073 : 1F8;
73074 : 1F8;
73075 : 1F8;
73076 : 1F8;
73077 : 1F8;
73078 : 1F8;
73079 : 1F8;
73080 : 1F8;
73081 : 1F8;
73082 : 1F8;
73083 : 1F8;
73084 : 1F8;
73085 : 1F8;
73086 : 1F8;
73087 : 1F8;
73088 : 1F8;
73089 : 1F8;
73090 : 1F8;
73091 : 1F8;
73092 : 1F8;
73093 : 1F8;
73094 : 1F8;
73095 : 1F8;
73096 : 1F8;
73097 : 1F8;
73098 : 1F8;
73099 : 1F8;
73100 : 1F8;
73101 : 1F8;
73102 : 1F8;
73103 : 1F8;
73104 : 1F8;
73105 : 1F8;
73106 : 1F8;
73107 : 1F8;
73108 : 1F8;
73109 : 1F8;
73110 : 1F8;
73111 : 1F8;
73112 : 1F8;
73113 : 1F8;
73114 : 1F8;
73115 : 1F8;
73116 : 1F8;
73117 : 1F8;
73118 : 1F8;
73119 : 1F8;
73120 : 1F8;
73121 : 1F8;
73122 : 1F8;
73123 : 1F8;
73124 : 1F8;
73125 : 1F8;
73126 : 1F8;
73127 : 1F8;
73128 : 1F8;
73129 : 1F8;
73130 : 1F8;
73131 : 1F8;
73132 : 1F8;
73133 : 1F8;
73134 : 1F8;
73135 : 1F8;
73136 : 1F8;
73137 : 1F8;
73138 : 1F8;
73139 : 1F8;
73140 : 1F8;
73141 : 1F8;
73142 : 1F8;
73143 : 1F8;
73144 : 1F8;
73145 : 1FF;
73146 : 1FF;
73147 : 1FF;
73148 : 1FF;
73149 : 1FF;
73150 : 1FF;
73151 : 1FF;
73152 : 1F8;
73153 : 1F8;
73154 : 1F8;
73155 : 1F8;
73156 : 1F8;
73157 : 1F8;
73158 : 1F8;
73159 : 1F8;
73160 : 1F8;
73161 : 1F8;
73162 : 1F8;
73163 : 1F8;
73164 : 1F8;
73165 : 1F8;
73166 : 1F8;
73167 : 1F8;
73168 : 1F8;
73169 : 1F8;
73170 : 1F8;
73171 : 1F8;
73172 : 1F8;
73173 : 1F8;
73174 : 1F8;
73175 : 1F8;
73176 : 1F8;
73177 : 1F8;
73178 : 1F8;
73179 : 1F8;
73180 : 1F8;
73181 : 1F8;
73182 : 1F8;
73183 : 1F8;
73184 : 1F8;
73185 : 1F8;
73186 : 1F8;
73187 : 1F8;
73188 : 1F8;
73189 : 1F8;
73190 : 1F8;
73191 : 1F8;
73192 : 1F8;
73193 : 1F8;
73194 : 1F8;
73195 : 1F8;
73196 : 1F8;
73197 : 1F8;
73198 : 1F8;
73199 : 1F8;
73200 : 1F8;
73201 : 1F8;
73202 : 1F8;
73203 : 1F8;
73204 : 1F8;
73205 : 1F8;
73206 : 1F8;
73207 : 1F8;
73208 : 1F8;
73209 : 1F8;
73210 : 1F8;
73211 : 1F8;
73212 : 1F8;
73213 : 1F8;
73214 : 1F8;
73215 : 1F8;
73216 : 1F8;
73217 : 1F8;
73218 : 1F8;
73219 : 1F8;
73220 : 1F8;
73221 : 1F8;
73222 : 1F8;
73223 : 1F8;
73224 : 1F8;
73225 : 1F8;
73226 : 1F8;
73227 : 1F8;
73228 : 1F8;
73229 : 1F8;
73230 : 1F8;
73231 : 1F8;
73232 : 1F8;
73233 : 1F8;
73234 : 1F8;
73235 : 1F8;
73236 : 1F8;
73237 : 1F8;
73238 : 1F8;
73239 : 1F8;
73240 : 1F8;
73241 : 1F8;
73242 : 1F8;
73243 : 1F8;
73244 : 1F8;
73245 : 1F8;
73246 : 1F8;
73247 : 1FF;
73248 : 1FF;
73249 : 1FF;
73250 : 1FF;
73251 : 1FF;
73252 : 1FF;
73253 : 1C0;
73254 : 1C0;
73255 : 1C0;
73256 : 1C0;
73257 : 1C0;
73258 : 1C0;
73259 : 1C0;
73260 : 1C0;
73261 : 1C0;
73262 : 1F8;
73263 : 1F8;
73264 : 1F8;
73265 : 1F8;
73266 : 1F8;
73267 : 1F8;
73268 : 1F8;
73269 : 1F8;
73270 : 1F8;
73271 : 1F8;
73272 : 1F8;
73273 : 1F8;
73274 : 1F8;
73275 : 1F8;
73276 : 1F8;
73277 : 1F8;
73278 : 1F8;
73279 : 1F8;
73280 : 1F8;
73281 : 1F8;
73282 : 1F8;
73283 : 1F8;
73284 : 1F8;
73285 : 1F8;
73286 : 1F8;
73287 : 1F8;
73288 : 1F8;
73289 : 1F8;
73290 : 1F8;
73291 : 1F8;
73292 : 1F8;
73293 : 1F8;
73294 : 1F8;
73295 : 1F8;
73296 : 1F8;
73297 : 1F8;
73298 : 1F8;
73299 : 1F8;
73300 : 1F8;
73301 : 1F8;
73302 : 1F8;
73303 : 1F8;
73304 : 1F8;
73305 : 1F8;
73306 : 1F8;
73307 : 1F8;
73308 : 1F8;
73309 : 1F8;
73310 : 1F8;
73311 : 1F8;
73312 : 1F8;
73313 : 1F8;
73314 : 1F8;
73315 : 1F8;
73316 : 1F8;
73317 : 1F8;
73318 : 1F8;
73319 : 1F8;
73320 : 1F8;
73321 : 1F8;
73322 : 1F8;
73323 : 1F8;
73324 : 1F8;
73325 : 1F8;
73326 : 1F8;
73327 : 1F8;
73328 : 1F8;
73329 : 1F8;
73330 : 1F8;
73331 : 1F8;
73332 : 1F8;
73333 : 1D8;
73334 : 1D8;
73335 : 1F8;
73336 : 1F8;
73337 : 1F8;
73338 : 1F8;
73339 : 1F8;
73340 : 1F8;
73341 : 1F8;
73342 : 1F8;
73343 : 1F8;
73344 : 1F8;
73345 : 1F8;
73346 : 1F8;
73347 : 1F8;
73348 : 1F8;
73349 : 1F8;
73350 : 1F8;
73351 : 1F8;
73352 : 1F8;
73353 : 1F8;
73354 : 1F8;
73355 : 1F8;
73356 : 1F8;
73357 : 1F8;
73358 : 1F8;
73359 : 1F8;
73360 : 1F8;
73361 : 1F8;
73362 : 1F8;
73363 : 1F8;
73364 : 1F8;
73365 : 1F8;
73366 : 1F8;
73367 : 1F8;
73368 : 1F8;
73369 : 1F8;
73370 : 1F8;
73371 : 1F8;
73372 : 1F8;
73373 : 1F8;
73374 : 1F8;
73375 : 1F8;
73376 : 1F8;
73377 : 1F8;
73378 : 1F8;
73379 : 1F8;
73380 : 1F8;
73381 : 1F8;
73382 : 1F8;
73383 : 1F8;
73384 : 1F8;
73385 : 1F8;
73386 : 1F8;
73387 : 1D8;
73388 : 1D8;
73389 : 1F8;
73390 : 1F8;
73391 : 1F8;
73392 : 1F8;
73393 : 1F8;
73394 : 1F8;
73395 : 1F8;
73396 : 1F8;
73397 : 1F8;
73398 : 1F8;
73399 : 1F8;
73400 : 1F8;
73401 : 1F8;
73402 : 1F8;
73403 : 1F8;
73404 : 1F8;
73405 : 1F8;
73406 : 1F8;
73407 : 1F8;
73408 : 1F8;
73409 : 1F8;
73410 : 1F8;
73411 : 1F8;
73412 : 1F8;
73413 : 1F8;
73414 : 1F8;
73415 : 1F8;
73416 : 1F8;
73417 : 1F8;
73418 : 1F8;
73419 : 1F8;
73420 : 1F8;
73421 : 1F8;
73422 : 1F8;
73423 : 1F8;
73424 : 1F8;
73425 : 1F8;
73426 : 1F8;
73427 : 1F8;
73428 : 1F8;
73429 : 1F8;
73430 : 1F8;
73431 : 1F8;
73432 : 1F8;
73433 : 1F8;
73434 : 1F8;
73435 : 1F8;
73436 : 1F8;
73437 : 1F8;
73438 : 1F8;
73439 : 1F8;
73440 : 1F8;
73441 : 1F8;
73442 : 1F8;
73443 : 1F8;
73444 : 1F8;
73445 : 1F8;
73446 : 1F8;
73447 : 1F8;
73448 : 1F8;
73449 : 1F8;
73450 : 1F8;
73451 : 1F8;
73452 : 1F8;
73453 : 1F8;
73454 : 1F8;
73455 : 1F8;
73456 : 1F8;
73457 : 1D8;
73458 : 1D8;
73459 : 1F8;
73460 : 1F8;
73461 : 1F8;
73462 : 1F8;
73463 : 1F8;
73464 : 1F8;
73465 : 1F8;
73466 : 1F8;
73467 : 1F8;
73468 : 1F8;
73469 : 1F8;
73470 : 1FF;
73471 : 1F8;
73472 : 1F8;
73473 : 1F8;
73474 : 1F8;
73475 : 1F8;
73476 : 1F8;
73477 : 1F8;
73478 : 1F8;
73479 : 1F8;
73480 : 1F8;
73481 : 1F8;
73482 : 1F8;
73483 : 1F8;
73484 : 1F8;
73485 : 1F8;
73486 : 1F8;
73487 : 1F8;
73488 : 1F8;
73489 : 1F8;
73490 : 1F8;
73491 : 1F8;
73492 : 1F8;
73493 : 1F8;
73494 : 1F8;
73495 : 1F8;
73496 : 1F8;
73497 : 1F8;
73498 : 1F8;
73499 : 1F8;
73500 : 1F8;
73501 : 1F8;
73502 : 1F8;
73503 : 1F8;
73504 : 1F8;
73505 : 1F8;
73506 : 1F8;
73507 : 1F8;
73508 : 1F8;
73509 : 1F8;
73510 : 1F8;
73511 : 1F8;
73512 : 1F8;
73513 : 1F8;
73514 : 1F8;
73515 : 1F8;
73516 : 1F8;
73517 : 1F8;
73518 : 1F8;
73519 : 1F8;
73520 : 1F8;
73521 : 1F8;
73522 : 1F8;
73523 : 1F8;
73524 : 1F8;
73525 : 1F8;
73526 : 1F8;
73527 : 1F8;
73528 : 1F8;
73529 : 1F8;
73530 : 1F8;
73531 : 1F8;
73532 : 1F8;
73533 : 1F8;
73534 : 1F8;
73535 : 1F8;
73536 : 1F8;
73537 : 1F8;
73538 : 1F8;
73539 : 1F8;
73540 : 1F8;
73541 : 1F8;
73542 : 1F8;
73543 : 1F8;
73544 : 1F8;
73545 : 1F8;
73546 : 1F8;
73547 : 1F8;
73548 : 1F8;
73549 : 1F8;
73550 : 1F8;
73551 : 1F8;
73552 : 1F8;
73553 : 1F8;
73554 : 1F8;
73555 : 1F8;
73556 : 1F8;
73557 : 1F8;
73558 : 1F8;
73559 : 1F8;
73560 : 1F8;
73561 : 1F8;
73562 : 1F8;
73563 : 1F8;
73564 : 1F8;
73565 : 1F8;
73566 : 1F8;
73567 : 1F8;
73568 : 1FF;
73569 : 1FF;
73570 : 1FF;
73571 : 1FF;
73572 : 1FF;
73573 : 1C0;
73574 : 1C0;
73575 : 1C0;
73576 : 1C0;
73577 : 1C0;
73578 : 1C0;
73579 : 1C0;
73580 : 1C0;
73581 : 1F8;
73582 : 1F8;
73583 : 1F8;
73584 : 1F8;
73585 : 1F8;
73586 : 1F8;
73587 : 1F8;
73588 : 1F8;
73589 : 1F8;
73590 : 1F8;
73591 : 1F8;
73592 : 1F8;
73593 : 1F8;
73594 : 1F8;
73595 : 1F8;
73596 : 1F8;
73597 : 1F8;
73598 : 1F8;
73599 : 1F8;
73600 : 1F8;
73601 : 1F8;
73602 : 1F8;
73603 : 1F8;
73604 : 1F8;
73605 : 1F8;
73606 : 1F8;
73607 : 1F8;
73608 : 1F8;
73609 : 1F8;
73610 : 1F8;
73611 : 1F8;
73612 : 1F8;
73613 : 1F8;
73614 : 1F8;
73615 : 1F8;
73616 : 1F8;
73617 : 1F8;
73618 : 1F8;
73619 : 1F8;
73620 : 1F8;
73621 : 1F8;
73622 : 1F8;
73623 : 1F8;
73624 : 1F8;
73625 : 1F8;
73626 : 1F8;
73627 : 1F8;
73628 : 1F8;
73629 : 1F8;
73630 : 1F8;
73631 : 1F8;
73632 : 1F8;
73633 : 1F8;
73634 : 1F8;
73635 : 1F8;
73636 : 1F8;
73637 : 1F8;
73638 : 1F8;
73639 : 1F8;
73640 : 1F8;
73641 : 1F8;
73642 : 1F8;
73643 : 1F8;
73644 : 1F8;
73645 : 1F8;
73646 : 1F8;
73647 : 1F8;
73648 : 1F8;
73649 : 1F8;
73650 : 1F8;
73651 : 1F8;
73652 : 1F8;
73653 : 1F8;
73654 : 1F8;
73655 : 1F8;
73656 : 1F8;
73657 : 1F8;
73658 : 1F8;
73659 : 1F8;
73660 : 1F8;
73661 : 1F8;
73662 : 1F8;
73663 : 1F8;
73664 : 1F8;
73665 : 1F8;
73666 : 1F8;
73667 : 1F8;
73668 : 1F8;
73669 : 1F8;
73670 : 1F8;
73671 : 1F8;
73672 : 1F8;
73673 : 1F8;
73674 : 1F8;
73675 : 1F8;
73676 : 1F8;
73677 : 1F8;
73678 : 1F8;
73679 : 1F8;
73680 : 1F8;
73681 : 1F8;
73682 : 1F8;
73683 : 1F8;
73684 : 1F8;
73685 : 1F8;
73686 : 1F8;
73687 : 1F8;
73688 : 1F8;
73689 : 1F8;
73690 : 1F8;
73691 : 1F8;
73692 : 1F8;
73693 : 1F8;
73694 : 1F8;
73695 : 1D8;
73696 : 1D8;
73697 : 1F8;
73698 : 1F8;
73699 : 1F8;
73700 : 1F8;
73701 : 1F8;
73702 : 1F8;
73703 : 1F8;
73704 : 1F8;
73705 : 1F8;
73706 : 1F8;
73707 : 1F8;
73708 : 1F8;
73709 : 1F8;
73710 : 1F8;
73711 : 1F8;
73712 : 1F8;
73713 : 1F8;
73714 : 1F8;
73715 : 1F8;
73716 : 1F8;
73717 : 1F8;
73718 : 1F8;
73719 : 1F8;
73720 : 1F8;
73721 : 1F8;
73722 : 1F8;
73723 : 1F8;
73724 : 1F8;
73725 : 1F8;
73726 : 1F8;
73727 : 1F8;
73728 : 1F8;
73729 : 1F8;
73730 : 1F8;
73731 : 1F8;
73732 : 1F8;
73733 : 1F8;
73734 : 1F8;
73735 : 1F8;
73736 : 1F8;
73737 : 1F8;
73738 : 1F8;
73739 : 1F8;
73740 : 1F8;
73741 : 1F8;
73742 : 1F8;
73743 : 1F8;
73744 : 1F8;
73745 : 1F8;
73746 : 1F8;
73747 : 1F8;
73748 : 1F8;
73749 : 1F8;
73750 : 1F8;
73751 : 1F8;
73752 : 1F8;
73753 : 1F8;
73754 : 1F8;
73755 : 1F8;
73756 : 1F8;
73757 : 1F8;
73758 : 1F8;
73759 : 1F8;
73760 : 1F8;
73761 : 1F8;
73762 : 1F8;
73763 : 1F8;
73764 : 1F8;
73765 : 1D8;
73766 : 1D8;
73767 : 1F8;
73768 : 1F8;
73769 : 1F8;
73770 : 1F8;
73771 : 1F8;
73772 : 1F8;
73773 : 1F8;
73774 : 1F8;
73775 : 1F8;
73776 : 1F8;
73777 : 1F8;
73778 : 1F8;
73779 : 1F8;
73780 : 1F8;
73781 : 1F8;
73782 : 1F8;
73783 : 1F8;
73784 : 1F8;
73785 : 1F8;
73786 : 1F8;
73787 : 1F8;
73788 : 1F8;
73789 : 1F8;
73790 : 1F8;
73791 : 1F8;
73792 : 1F8;
73793 : 1F8;
73794 : 1F8;
73795 : 1F8;
73796 : 1F8;
73797 : 1F8;
73798 : 1F8;
73799 : 1F8;
73800 : 1F8;
73801 : 1F8;
73802 : 1F8;
73803 : 1F8;
73804 : 1F8;
73805 : 1F8;
73806 : 1F8;
73807 : 1F8;
73808 : 1F8;
73809 : 1F8;
73810 : 1F8;
73811 : 1F8;
73812 : 1F8;
73813 : 1F8;
73814 : 1F8;
73815 : 1F8;
73816 : 1F8;
73817 : 1F8;
73818 : 1D8;
73819 : 1D8;
73820 : 1F8;
73821 : 1F8;
73822 : 1F8;
73823 : 1F8;
73824 : 1F8;
73825 : 1F8;
73826 : 1F8;
73827 : 1F8;
73828 : 1F8;
73829 : 1F8;
73830 : 1F8;
73831 : 1F8;
73832 : 1F8;
73833 : 1F8;
73834 : 1F8;
73835 : 1F8;
73836 : 1F8;
73837 : 1F8;
73838 : 1F8;
73839 : 1F8;
73840 : 1F8;
73841 : 1F8;
73842 : 1F8;
73843 : 1F8;
73844 : 1F8;
73845 : 1F8;
73846 : 1F8;
73847 : 1F8;
73848 : 1F8;
73849 : 1F8;
73850 : 1F8;
73851 : 1F8;
73852 : 1F8;
73853 : 1F8;
73854 : 1F8;
73855 : 1F8;
73856 : 1F8;
73857 : 1F8;
73858 : 1F8;
73859 : 1F8;
73860 : 1F8;
73861 : 1F8;
73862 : 1F8;
73863 : 1F8;
73864 : 1F8;
73865 : 1F8;
73866 : 1F8;
73867 : 1F8;
73868 : 1F8;
73869 : 1F8;
73870 : 1F8;
73871 : 1F8;
73872 : 1F8;
73873 : 1F8;
73874 : 1F8;
73875 : 1F8;
73876 : 1F8;
73877 : 1F8;
73878 : 1F8;
73879 : 1F8;
73880 : 1F8;
73881 : 1F8;
73882 : 1F8;
73883 : 1F8;
73884 : 1F8;
73885 : 1F8;
73886 : 1F8;
73887 : 1F8;
73888 : 1FF;
73889 : 1FF;
73890 : 1FF;
73891 : 1FF;
73892 : 1C0;
73893 : 1C0;
73894 : 1C0;
73895 : 1C0;
73896 : 1C0;
73897 : 1C0;
73898 : 1C0;
73899 : 1C0;
73900 : 1C0;
73901 : 1F8;
73902 : 1F8;
73903 : 1F8;
73904 : 1F8;
73905 : 1F8;
73906 : 1D8;
73907 : 1D8;
73908 : 1F8;
73909 : 1F8;
73910 : 1F8;
73911 : 1F8;
73912 : 1F8;
73913 : 1F8;
73914 : 1F8;
73915 : 1F8;
73916 : 1F8;
73917 : 1F8;
73918 : 1F8;
73919 : 1F8;
73920 : 1F8;
73921 : 1F8;
73922 : 1F8;
73923 : 1F8;
73924 : 1F8;
73925 : 1F8;
73926 : 1F8;
73927 : 1F8;
73928 : 1F8;
73929 : 1F8;
73930 : 1F8;
73931 : 1F8;
73932 : 1F8;
73933 : 1F8;
73934 : 1F8;
73935 : 1F8;
73936 : 1F8;
73937 : 1F8;
73938 : 1F8;
73939 : 1F8;
73940 : 1F8;
73941 : 1F8;
73942 : 1F8;
73943 : 1F8;
73944 : 1F8;
73945 : 1F8;
73946 : 1F8;
73947 : 1F8;
73948 : 1F8;
73949 : 1F8;
73950 : 1F8;
73951 : 1F8;
73952 : 1F8;
73953 : 1F8;
73954 : 1F8;
73955 : 1F8;
73956 : 1F8;
73957 : 1F8;
73958 : 1F8;
73959 : 1F8;
73960 : 1F8;
73961 : 1F8;
73962 : 1F8;
73963 : 1F8;
73964 : 1F8;
73965 : 1F8;
73966 : 1F8;
73967 : 1F8;
73968 : 1F8;
73969 : 1F8;
73970 : 1F8;
73971 : 1F8;
73972 : 1F8;
73973 : 1F8;
73974 : 1F8;
73975 : 1F8;
73976 : 1F8;
73977 : 1F8;
73978 : 1F8;
73979 : 1F8;
73980 : 1F8;
73981 : 1F8;
73982 : 1F8;
73983 : 1F8;
73984 : 1F8;
73985 : 1F8;
73986 : 1F8;
73987 : 1F8;
73988 : 1F8;
73989 : 1F8;
73990 : 1F8;
73991 : 1F8;
73992 : 1F8;
73993 : 1F8;
73994 : 1F8;
73995 : 1F8;
73996 : 1F8;
73997 : 1F8;
73998 : 1F8;
73999 : 1F8;
74000 : 1F8;
74001 : 1F8;
74002 : 1F8;
74003 : 1F8;
74004 : 1F8;
74005 : 1F8;
74006 : 1F8;
74007 : 1F8;
74008 : 1F8;
74009 : 1F8;
74010 : 1F8;
74011 : 1F8;
74012 : 1F8;
74013 : 1F8;
74014 : 1F8;
74015 : 1F8;
74016 : 1F8;
74017 : 1F8;
74018 : 1F8;
74019 : 1F8;
74020 : 1F8;
74021 : 1F8;
74022 : 1F8;
74023 : 1F8;
74024 : 1F8;
74025 : 1F8;
74026 : 1F8;
74027 : 1F8;
74028 : 1F8;
74029 : 1F8;
74030 : 1F8;
74031 : 1F8;
74032 : 1F8;
74033 : 1F8;
74034 : 1F8;
74035 : 1F8;
74036 : 1F8;
74037 : 1F8;
74038 : 1F8;
74039 : 1F8;
74040 : 1F8;
74041 : 1F8;
74042 : 1F8;
74043 : 1F8;
74044 : 1F8;
74045 : 1F8;
74046 : 1D8;
74047 : 1D8;
74048 : 1F8;
74049 : 1F8;
74050 : 1F8;
74051 : 1F8;
74052 : 1F8;
74053 : 1F8;
74054 : 1F8;
74055 : 1F8;
74056 : 1F8;
74057 : 1F8;
74058 : 1F8;
74059 : 1F8;
74060 : 1F8;
74061 : 1F8;
74062 : 1F8;
74063 : 1F8;
74064 : 1F8;
74065 : 1F8;
74066 : 1F8;
74067 : 1F8;
74068 : 1F8;
74069 : 1F8;
74070 : 1F8;
74071 : 1F8;
74072 : 1F8;
74073 : 1F8;
74074 : 1F8;
74075 : 1F8;
74076 : 1F8;
74077 : 1F8;
74078 : 1F8;
74079 : 1F8;
74080 : 1F8;
74081 : 1F8;
74082 : 1F8;
74083 : 1F8;
74084 : 1F8;
74085 : 1F8;
74086 : 1F8;
74087 : 1F8;
74088 : 1F8;
74089 : 1F8;
74090 : 1F8;
74091 : 1F8;
74092 : 1F8;
74093 : 1F8;
74094 : 1F8;
74095 : 1F8;
74096 : 1F8;
74097 : 1F8;
74098 : 1F8;
74099 : 1F8;
74100 : 1F8;
74101 : 1F8;
74102 : 1F8;
74103 : 1F8;
74104 : 1F8;
74105 : 1F8;
74106 : 1F8;
74107 : 1F8;
74108 : 1F8;
74109 : 1F8;
74110 : 1F8;
74111 : 1F8;
74112 : 1F8;
74113 : 1F8;
74114 : 1F8;
74115 : 1F8;
74116 : 1F8;
74117 : 1F8;
74118 : 1F8;
74119 : 1F8;
74120 : 1F8;
74121 : 1F8;
74122 : 1F8;
74123 : 1F8;
74124 : 1F8;
74125 : 1F8;
74126 : 1F8;
74127 : 1F8;
74128 : 1F8;
74129 : 1F8;
74130 : 1F8;
74131 : 1F8;
74132 : 1F8;
74133 : 1F8;
74134 : 1F8;
74135 : 1F8;
74136 : 1F8;
74137 : 1F8;
74138 : 1F8;
74139 : 1F8;
74140 : 1F8;
74141 : 1F8;
74142 : 1F8;
74143 : 1F8;
74144 : 1F8;
74145 : 1F8;
74146 : 1F8;
74147 : 1F8;
74148 : 1F8;
74149 : 1F8;
74150 : 1F8;
74151 : 1F8;
74152 : 1F8;
74153 : 1F8;
74154 : 1F8;
74155 : 1F8;
74156 : 1F8;
74157 : 1F8;
74158 : 1F8;
74159 : 1F8;
74160 : 1F8;
74161 : 1F8;
74162 : 1F8;
74163 : 1F8;
74164 : 1F8;
74165 : 1F8;
74166 : 1F8;
74167 : 1F8;
74168 : 1F8;
74169 : 1F8;
74170 : 1F8;
74171 : 1F8;
74172 : 1F8;
74173 : 1F8;
74174 : 1F8;
74175 : 1F8;
74176 : 1F8;
74177 : 1F8;
74178 : 1F8;
74179 : 1F8;
74180 : 1F8;
74181 : 1F8;
74182 : 1F8;
74183 : 1F8;
74184 : 1F8;
74185 : 1F8;
74186 : 1F8;
74187 : 1F8;
74188 : 1F8;
74189 : 1F8;
74190 : 1F8;
74191 : 1F8;
74192 : 1F8;
74193 : 1F8;
74194 : 1F8;
74195 : 1D8;
74196 : 1D8;
74197 : 1D8;
74198 : 1D8;
74199 : 1F8;
74200 : 1F8;
74201 : 1F8;
74202 : 1F8;
74203 : 1F8;
74204 : 1F8;
74205 : 1F8;
74206 : 1F8;
74207 : 1F8;
74208 : 1F8;
74209 : 1FF;
74210 : 1FF;
74211 : 1FF;
74212 : 1C0;
74213 : 1C0;
74214 : 1C0;
74215 : 1C0;
74216 : 1C0;
74217 : 1C0;
74218 : 1C0;
74219 : 1C0;
74220 : 1F8;
74221 : 1F8;
74222 : 1F8;
74223 : 1F8;
74224 : 1F8;
74225 : 1F8;
74226 : 1F8;
74227 : 1F8;
74228 : 1F8;
74229 : 1F8;
74230 : 1F8;
74231 : 1F8;
74232 : 1F8;
74233 : 1D8;
74234 : 1D8;
74235 : 1F8;
74236 : 1F8;
74237 : 1F8;
74238 : 1F8;
74239 : 1F8;
74240 : 1F8;
74241 : 1F8;
74242 : 1F8;
74243 : 1F8;
74244 : 1F8;
74245 : 1F8;
74246 : 1F8;
74247 : 1F8;
74248 : 1F8;
74249 : 1F8;
74250 : 1F8;
74251 : 1F8;
74252 : 1F8;
74253 : 1F8;
74254 : 1F8;
74255 : 1F8;
74256 : 1F8;
74257 : 1F8;
74258 : 1F8;
74259 : 1F8;
74260 : 1F8;
74261 : 1F8;
74262 : 1F8;
74263 : 1F8;
74264 : 1F8;
74265 : 1F8;
74266 : 1F8;
74267 : 1F8;
74268 : 1F8;
74269 : 1F8;
74270 : 1F8;
74271 : 1F8;
74272 : 1F8;
74273 : 1F8;
74274 : 1F8;
74275 : 1F8;
74276 : 1F8;
74277 : 1F8;
74278 : 1F8;
74279 : 1F8;
74280 : 1F8;
74281 : 1F8;
74282 : 1F8;
74283 : 1D8;
74284 : 1D8;
74285 : 1F8;
74286 : 1F8;
74287 : 1F8;
74288 : 1F8;
74289 : 1F8;
74290 : 1F8;
74291 : 1F8;
74292 : 1F8;
74293 : 1F8;
74294 : 1F8;
74295 : 1F8;
74296 : 1F8;
74297 : 1F8;
74298 : 1F8;
74299 : 1F8;
74300 : 1F8;
74301 : 1F8;
74302 : 1F8;
74303 : 1F8;
74304 : 1F8;
74305 : 1F8;
74306 : 1F8;
74307 : 1F8;
74308 : 1F8;
74309 : 1F8;
74310 : 1F8;
74311 : 1F8;
74312 : 1F8;
74313 : 1F8;
74314 : 1F8;
74315 : 1F8;
74316 : 1F8;
74317 : 1F8;
74318 : 1F8;
74319 : 1F8;
74320 : 1F8;
74321 : 1F8;
74322 : 1F8;
74323 : 1F8;
74324 : 1F8;
74325 : 1F8;
74326 : 1F8;
74327 : 1F8;
74328 : 1F8;
74329 : 1F8;
74330 : 1F8;
74331 : 1F8;
74332 : 1F8;
74333 : 1F8;
74334 : 1F8;
74335 : 1F8;
74336 : 1F8;
74337 : 1F8;
74338 : 1F8;
74339 : 1F8;
74340 : 1F8;
74341 : 1F8;
74342 : 1F8;
74343 : 1F8;
74344 : 1F8;
74345 : 1F8;
74346 : 1F8;
74347 : 1F8;
74348 : 1F8;
74349 : 1F8;
74350 : 1F8;
74351 : 1F8;
74352 : 1F8;
74353 : 1F8;
74354 : 1F8;
74355 : 1F8;
74356 : 1F8;
74357 : 1F8;
74358 : 1F8;
74359 : 1F8;
74360 : 1F8;
74361 : 1F8;
74362 : 1F8;
74363 : 1F8;
74364 : 1F8;
74365 : 1F8;
74366 : 1F8;
74367 : 1F8;
74368 : 1F8;
74369 : 1F8;
74370 : 1F8;
74371 : 1F8;
74372 : 1F8;
74373 : 1F8;
74374 : 1F8;
74375 : 1F8;
74376 : 1F8;
74377 : 1F8;
74378 : 1F8;
74379 : 1F8;
74380 : 1F8;
74381 : 1F8;
74382 : 1F8;
74383 : 1F8;
74384 : 1F8;
74385 : 1F8;
74386 : 1F8;
74387 : 1F8;
74388 : 1F8;
74389 : 1F8;
74390 : 1F8;
74391 : 1F8;
74392 : 1F8;
74393 : 1F8;
74394 : 1F8;
74395 : 1F8;
74396 : 1F8;
74397 : 1F8;
74398 : 1F8;
74399 : 1F8;
74400 : 1F8;
74401 : 1F8;
74402 : 1F8;
74403 : 1F8;
74404 : 1F8;
74405 : 1F8;
74406 : 1F8;
74407 : 1F8;
74408 : 1F8;
74409 : 1F8;
74410 : 1F8;
74411 : 1F8;
74412 : 1F8;
74413 : 1F8;
74414 : 1F8;
74415 : 1F8;
74416 : 1F8;
74417 : 1F8;
74418 : 1F8;
74419 : 1F8;
74420 : 1F8;
74421 : 1F8;
74422 : 1F8;
74423 : 1F8;
74424 : 1F8;
74425 : 1F8;
74426 : 1F8;
74427 : 1F8;
74428 : 1F8;
74429 : 1F8;
74430 : 1F8;
74431 : 1F8;
74432 : 1F8;
74433 : 1F8;
74434 : 1F8;
74435 : 1F8;
74436 : 1F8;
74437 : 1F8;
74438 : 1F8;
74439 : 1F8;
74440 : 1F8;
74441 : 1F8;
74442 : 1F8;
74443 : 1F8;
74444 : 1F8;
74445 : 1F8;
74446 : 1F8;
74447 : 1F8;
74448 : 1F8;
74449 : 1F8;
74450 : 1F8;
74451 : 1F8;
74452 : 1F8;
74453 : 1F8;
74454 : 1F8;
74455 : 1F8;
74456 : 1F8;
74457 : 1F8;
74458 : 1F8;
74459 : 1F8;
74460 : 1F8;
74461 : 1F8;
74462 : 1F8;
74463 : 1F8;
74464 : 1F8;
74465 : 1F8;
74466 : 1F8;
74467 : 1F8;
74468 : 1F8;
74469 : 1F8;
74470 : 1F8;
74471 : 1F8;
74472 : 1F8;
74473 : 1F8;
74474 : 1F8;
74475 : 1F8;
74476 : 1F8;
74477 : 1F8;
74478 : 1F8;
74479 : 1F8;
74480 : 1F8;
74481 : 1F8;
74482 : 1F8;
74483 : 1F8;
74484 : 1F8;
74485 : 1F8;
74486 : 1F8;
74487 : 1F8;
74488 : 1F8;
74489 : 1F8;
74490 : 1F8;
74491 : 1F8;
74492 : 1F8;
74493 : 1F8;
74494 : 1F8;
74495 : 1F8;
74496 : 1F8;
74497 : 1F8;
74498 : 1F8;
74499 : 1F8;
74500 : 1F8;
74501 : 1F8;
74502 : 1F8;
74503 : 1F8;
74504 : 1F8;
74505 : 1F8;
74506 : 1F8;
74507 : 1F8;
74508 : 1F8;
74509 : 1F8;
74510 : 1F8;
74511 : 1F8;
74512 : 1F8;
74513 : 1F8;
74514 : 1F8;
74515 : 1F8;
74516 : 1F8;
74517 : 1F8;
74518 : 1F8;
74519 : 1F8;
74520 : 1F8;
74521 : 1F8;
74522 : 1F8;
74523 : 1F8;
74524 : 1F8;
74525 : 1F8;
74526 : 1F8;
74527 : 1F8;
74528 : 1F8;
74529 : 1F8;
74530 : 1FF;
74531 : 1FF;
74532 : 1C0;
74533 : 1C0;
74534 : 1C0;
74535 : 1C0;
74536 : 1C0;
74537 : 1C0;
74538 : 1C0;
74539 : 1F8;
74540 : 1F8;
74541 : 1F8;
74542 : 1F8;
74543 : 1F8;
74544 : 1F8;
74545 : 1F8;
74546 : 1F8;
74547 : 1F8;
74548 : 1F8;
74549 : 1F8;
74550 : 1F8;
74551 : 1F8;
74552 : 1F8;
74553 : 1F8;
74554 : 1F8;
74555 : 1F8;
74556 : 1F8;
74557 : 1F8;
74558 : 1F8;
74559 : 1F8;
74560 : 1F8;
74561 : 1F8;
74562 : 1F8;
74563 : 1F8;
74564 : 1F8;
74565 : 1F8;
74566 : 1F8;
74567 : 1F8;
74568 : 1F8;
74569 : 1F8;
74570 : 1F8;
74571 : 1F8;
74572 : 1F8;
74573 : 1F8;
74574 : 1F8;
74575 : 1F8;
74576 : 1F8;
74577 : 1F8;
74578 : 1F8;
74579 : 1F8;
74580 : 1F8;
74581 : 1F8;
74582 : 1F8;
74583 : 1F8;
74584 : 1F8;
74585 : 1F8;
74586 : 1F8;
74587 : 1F8;
74588 : 1F8;
74589 : 1F8;
74590 : 1F8;
74591 : 1F8;
74592 : 1F8;
74593 : 1F8;
74594 : 1F8;
74595 : 1F8;
74596 : 1F8;
74597 : 1F8;
74598 : 1F8;
74599 : 1F8;
74600 : 1F8;
74601 : 1F8;
74602 : 1F8;
74603 : 1F8;
74604 : 1F8;
74605 : 1F8;
74606 : 1F8;
74607 : 1F8;
74608 : 1F8;
74609 : 1F8;
74610 : 1F8;
74611 : 1F8;
74612 : 1F8;
74613 : 1F8;
74614 : 1F8;
74615 : 1F8;
74616 : 1F8;
74617 : 1F8;
74618 : 1F8;
74619 : 1F8;
74620 : 1F8;
74621 : 1F8;
74622 : 1F8;
74623 : 1F8;
74624 : 1F8;
74625 : 1F8;
74626 : 1F8;
74627 : 1F8;
74628 : 1F8;
74629 : 1F8;
74630 : 1F8;
74631 : 1F8;
74632 : 1F8;
74633 : 1F8;
74634 : 1F8;
74635 : 1F8;
74636 : 1F8;
74637 : 1F8;
74638 : 1F8;
74639 : 1F8;
74640 : 1F8;
74641 : 1F8;
74642 : 1F8;
74643 : 1F8;
74644 : 1F8;
74645 : 1F8;
74646 : 1F8;
74647 : 1F8;
74648 : 1F8;
74649 : 1F8;
74650 : 1F8;
74651 : 1F8;
74652 : 1F8;
74653 : 1F8;
74654 : 1F8;
74655 : 1F8;
74656 : 1F8;
74657 : 1F8;
74658 : 1F8;
74659 : 1F8;
74660 : 1F8;
74661 : 1F8;
74662 : 1F8;
74663 : 1F8;
74664 : 1F8;
74665 : 1F8;
74666 : 1F8;
74667 : 1F8;
74668 : 1F8;
74669 : 1F8;
74670 : 1F8;
74671 : 1F8;
74672 : 1F8;
74673 : 1F8;
74674 : 1F8;
74675 : 1F8;
74676 : 1F8;
74677 : 1F8;
74678 : 1F8;
74679 : 1F8;
74680 : 1F8;
74681 : 1F8;
74682 : 1F8;
74683 : 1F8;
74684 : 1F8;
74685 : 1F8;
74686 : 1F8;
74687 : 1F8;
74688 : 1F8;
74689 : 1F8;
74690 : 1F8;
74691 : 1F8;
74692 : 1F8;
74693 : 1F8;
74694 : 1F8;
74695 : 1F8;
74696 : 1F8;
74697 : 1F8;
74698 : 1F8;
74699 : 1F8;
74700 : 1F8;
74701 : 1F8;
74702 : 1F8;
74703 : 1F8;
74704 : 1F8;
74705 : 1F8;
74706 : 1F8;
74707 : 1F8;
74708 : 1F8;
74709 : 1F8;
74710 : 1F8;
74711 : 1F8;
74712 : 1F8;
74713 : 1F8;
74714 : 1F8;
74715 : 1F8;
74716 : 1F8;
74717 : 1F8;
74718 : 1F8;
74719 : 1F8;
74720 : 1F8;
74721 : 1F8;
74722 : 1F8;
74723 : 1F8;
74724 : 1F8;
74725 : 1F8;
74726 : 1F8;
74727 : 1F8;
74728 : 1F8;
74729 : 1F8;
74730 : 1F8;
74731 : 1F8;
74732 : 1F8;
74733 : 1F8;
74734 : 1F8;
74735 : 1F8;
74736 : 1F8;
74737 : 1F8;
74738 : 1F8;
74739 : 1F8;
74740 : 1F8;
74741 : 1F8;
74742 : 1F8;
74743 : 1F8;
74744 : 1F8;
74745 : 1F8;
74746 : 1F8;
74747 : 1F8;
74748 : 1F8;
74749 : 1F8;
74750 : 1D8;
74751 : 1D8;
74752 : 1F8;
74753 : 1F8;
74754 : 1F8;
74755 : 1F8;
74756 : 1F8;
74757 : 1F8;
74758 : 1F8;
74759 : 1F8;
74760 : 1F8;
74761 : 1F8;
74762 : 1F8;
74763 : 1F8;
74764 : 1F8;
74765 : 1F8;
74766 : 1F8;
74767 : 1F8;
74768 : 1F8;
74769 : 1F8;
74770 : 1F8;
74771 : 1F8;
74772 : 1F8;
74773 : 1F8;
74774 : 1F8;
74775 : 1F8;
74776 : 1F8;
74777 : 1F8;
74778 : 1F8;
74779 : 1F8;
74780 : 1F8;
74781 : 1F8;
74782 : 1F8;
74783 : 1F8;
74784 : 1F8;
74785 : 1F8;
74786 : 1F8;
74787 : 1F8;
74788 : 1F8;
74789 : 1F8;
74790 : 1F8;
74791 : 1F8;
74792 : 1F8;
74793 : 1F8;
74794 : 1F8;
74795 : 1F8;
74796 : 1F8;
74797 : 1F8;
74798 : 1F8;
74799 : 1F8;
74800 : 1F8;
74801 : 1F8;
74802 : 1F8;
74803 : 1F8;
74804 : 1F8;
74805 : 1F8;
74806 : 1F8;
74807 : 1F8;
74808 : 1F8;
74809 : 1F8;
74810 : 1F8;
74811 : 1F8;
74812 : 1F8;
74813 : 1F8;
74814 : 1F8;
74815 : 1F8;
74816 : 1F8;
74817 : 1F8;
74818 : 1F8;
74819 : 1F8;
74820 : 1F8;
74821 : 1F8;
74822 : 1F8;
74823 : 1F8;
74824 : 1F8;
74825 : 1F8;
74826 : 1F8;
74827 : 1F8;
74828 : 1F8;
74829 : 1F8;
74830 : 1F8;
74831 : 1F8;
74832 : 1F8;
74833 : 1F8;
74834 : 1F8;
74835 : 1F8;
74836 : 1F8;
74837 : 1F8;
74838 : 1F8;
74839 : 1F8;
74840 : 1F8;
74841 : 1F8;
74842 : 1F8;
74843 : 1F8;
74844 : 1F8;
74845 : 1F8;
74846 : 1F8;
74847 : 1F8;
74848 : 1F8;
74849 : 1F8;
74850 : 1F8;
74851 : 1F8;
74852 : 1C0;
74853 : 1C0;
74854 : 1C0;
74855 : 1C0;
74856 : 1C0;
74857 : 1F8;
74858 : 1F8;
74859 : 1F8;
74860 : 1F8;
74861 : 1F8;
74862 : 1F8;
74863 : 1F8;
74864 : 1F8;
74865 : 1F8;
74866 : 1F8;
74867 : 1F8;
74868 : 1F8;
74869 : 1F8;
74870 : 1F8;
74871 : 1F8;
74872 : 1F8;
74873 : 1F8;
74874 : 1F8;
74875 : 1F8;
74876 : 1F8;
74877 : 1F8;
74878 : 1F8;
74879 : 1F8;
74880 : 1F8;
74881 : 1F8;
74882 : 1F8;
74883 : 1F8;
74884 : 1F8;
74885 : 1F8;
74886 : 1F8;
74887 : 1F8;
74888 : 1F8;
74889 : 1F8;
74890 : 1F8;
74891 : 1F8;
74892 : 1F8;
74893 : 1F8;
74894 : 1F8;
74895 : 1F8;
74896 : 1F8;
74897 : 1F8;
74898 : 1F8;
74899 : 1F8;
74900 : 1F8;
74901 : 1F8;
74902 : 1F8;
74903 : 1F8;
74904 : 1F8;
74905 : 1F8;
74906 : 1F8;
74907 : 1F8;
74908 : 1F8;
74909 : 1F8;
74910 : 1F8;
74911 : 1F8;
74912 : 1F8;
74913 : 1F8;
74914 : 1F8;
74915 : 1F8;
74916 : 1F8;
74917 : 1F8;
74918 : 1F8;
74919 : 1F8;
74920 : 1F8;
74921 : 1F8;
74922 : 1F8;
74923 : 1F8;
74924 : 1F8;
74925 : 1F8;
74926 : 1F8;
74927 : 1F8;
74928 : 1F8;
74929 : 1F8;
74930 : 1F8;
74931 : 1F8;
74932 : 1F8;
74933 : 1F8;
74934 : 1F8;
74935 : 1F8;
74936 : 1F8;
74937 : 1F8;
74938 : 1F8;
74939 : 1F8;
74940 : 1F8;
74941 : 1F8;
74942 : 1F8;
74943 : 1F8;
74944 : 1F8;
74945 : 1F8;
74946 : 1F8;
74947 : 1F8;
74948 : 1F8;
74949 : 1F8;
74950 : 1F8;
74951 : 1F8;
74952 : 1F8;
74953 : 1F8;
74954 : 1F8;
74955 : 1F8;
74956 : 1F8;
74957 : 1F8;
74958 : 1F8;
74959 : 1F8;
74960 : 1F8;
74961 : 1F8;
74962 : 1F8;
74963 : 1F8;
74964 : 1F8;
74965 : 1F8;
74966 : 1F8;
74967 : 1F8;
74968 : 1F8;
74969 : 1F8;
74970 : 1F8;
74971 : 1F8;
74972 : 1F8;
74973 : 1F8;
74974 : 1F8;
74975 : 1F8;
74976 : 1F8;
74977 : 1F8;
74978 : 1F8;
74979 : 1F8;
74980 : 1F8;
74981 : 1F8;
74982 : 1F8;
74983 : 1F8;
74984 : 1F8;
74985 : 1F8;
74986 : 1F8;
74987 : 1F8;
74988 : 1F8;
74989 : 1F8;
74990 : 1F8;
74991 : 1F8;
74992 : 1F8;
74993 : 1F8;
74994 : 1F8;
74995 : 1F8;
74996 : 1F8;
74997 : 1F8;
74998 : 1F8;
74999 : 1F8;
75000 : 1F8;
75001 : 1F8;
75002 : 1F8;
75003 : 1F8;
75004 : 1F8;
75005 : 1F8;
75006 : 1F8;
75007 : 1F8;
75008 : 1F8;
75009 : 1F8;
75010 : 1F8;
75011 : 1F8;
75012 : 1F8;
75013 : 1F8;
75014 : 1F8;
75015 : 1F8;
75016 : 1F8;
75017 : 1F8;
75018 : 1F8;
75019 : 1F8;
75020 : 1F8;
75021 : 1F8;
75022 : 1F8;
75023 : 1F8;
75024 : 1F8;
75025 : 1F8;
75026 : 1F8;
75027 : 1F8;
75028 : 1F8;
75029 : 1F8;
75030 : 1F8;
75031 : 1F8;
75032 : 1F8;
75033 : 1F8;
75034 : 1F8;
75035 : 1F8;
75036 : 1F8;
75037 : 1F8;
75038 : 1F8;
75039 : 1F8;
75040 : 1F8;
75041 : 1F8;
75042 : 1F8;
75043 : 1F8;
75044 : 1F8;
75045 : 1F8;
75046 : 1F8;
75047 : 1F8;
75048 : 1F8;
75049 : 1F8;
75050 : 1F8;
75051 : 1F8;
75052 : 1F8;
75053 : 1F8;
75054 : 1F8;
75055 : 1F8;
75056 : 1F8;
75057 : 1F8;
75058 : 1F8;
75059 : 1F8;
75060 : 1F8;
75061 : 1F8;
75062 : 1F8;
75063 : 1F8;
75064 : 1F8;
75065 : 1F8;
75066 : 1F8;
75067 : 1F8;
75068 : 1F8;
75069 : 1F8;
75070 : 1F8;
75071 : 1F8;
75072 : 1F8;
75073 : 1F8;
75074 : 1F8;
75075 : 1F8;
75076 : 1F8;
75077 : 1F8;
75078 : 1F8;
75079 : 1F8;
75080 : 1F8;
75081 : 1F8;
75082 : 1F8;
75083 : 1F8;
75084 : 1F8;
75085 : 1F8;
75086 : 1F8;
75087 : 1D8;
75088 : 1D8;
75089 : 1F8;
75090 : 1F8;
75091 : 1F8;
75092 : 1F8;
75093 : 1F8;
75094 : 1F8;
75095 : 1F8;
75096 : 1F8;
75097 : 1F8;
75098 : 1F8;
75099 : 1F8;
75100 : 1F8;
75101 : 1F8;
75102 : 1F8;
75103 : 1F8;
75104 : 1F8;
75105 : 1F8;
75106 : 1F8;
75107 : 1F8;
75108 : 1F8;
75109 : 1F8;
75110 : 1F8;
75111 : 1F8;
75112 : 1F8;
75113 : 1F8;
75114 : 1F8;
75115 : 1F8;
75116 : 1F8;
75117 : 1F8;
75118 : 1F8;
75119 : 1F8;
75120 : 1F8;
75121 : 1F8;
75122 : 1F8;
75123 : 1F8;
75124 : 1F8;
75125 : 1F8;
75126 : 1F8;
75127 : 1F8;
75128 : 1F8;
75129 : 1F8;
75130 : 1F8;
75131 : 1F8;
75132 : 1F8;
75133 : 1F8;
75134 : 1F8;
75135 : 1F8;
75136 : 1F8;
75137 : 1F8;
75138 : 1F8;
75139 : 1F8;
75140 : 1F8;
75141 : 1F8;
75142 : 1F8;
75143 : 1F8;
75144 : 1F8;
75145 : 1F8;
75146 : 1F8;
75147 : 1F8;
75148 : 1F8;
75149 : 1F8;
75150 : 1F8;
75151 : 1F8;
75152 : 1F8;
75153 : 1F8;
75154 : 1F8;
75155 : 1F8;
75156 : 1F8;
75157 : 1F8;
75158 : 1F8;
75159 : 1F8;
75160 : 1F8;
75161 : 1F8;
75162 : 1F8;
75163 : 1F8;
75164 : 1F8;
75165 : 1F8;
75166 : 1F8;
75167 : 1F8;
75168 : 1F8;
75169 : 1F8;
75170 : 1F8;
75171 : 1F8;
75172 : 1F8;
75173 : 1F8;
75174 : 1F8;
75175 : 1F8;
75176 : 1F8;
75177 : 1F8;
75178 : 1F8;
75179 : 1F8;
75180 : 1F8;
75181 : 1F8;
75182 : 1F8;
75183 : 1F8;
75184 : 1F8;
75185 : 1F8;
75186 : 1F8;
75187 : 1F8;
75188 : 1F8;
75189 : 1F8;
75190 : 1F8;
75191 : 1F8;
75192 : 1F8;
75193 : 1F8;
75194 : 1F8;
75195 : 1F8;
75196 : 1F8;
75197 : 1F8;
75198 : 1F8;
75199 : 1F8;
75200 : 1F8;
75201 : 1F8;
75202 : 1F8;
75203 : 1F8;
75204 : 1F8;
75205 : 1F8;
75206 : 1F8;
75207 : 1F8;
75208 : 1F8;
75209 : 1F8;
75210 : 1F8;
75211 : 1F8;
75212 : 1F8;
75213 : 1F8;
75214 : 1F8;
75215 : 1F8;
75216 : 1F8;
75217 : 1F8;
75218 : 1F8;
75219 : 1F8;
75220 : 1F8;
75221 : 1F8;
75222 : 1F8;
75223 : 1F8;
75224 : 1F8;
75225 : 1F8;
75226 : 1F8;
75227 : 1F8;
75228 : 1F8;
75229 : 1F8;
75230 : 1F8;
75231 : 1F8;
75232 : 1F8;
75233 : 1F8;
75234 : 1F8;
75235 : 1F8;
75236 : 1F8;
75237 : 1F8;
75238 : 1F8;
75239 : 1F8;
75240 : 1F8;
75241 : 1F8;
75242 : 1F8;
75243 : 1F8;
75244 : 1F8;
75245 : 1F8;
75246 : 1F8;
75247 : 1F8;
75248 : 1F8;
75249 : 1F8;
75250 : 1F8;
75251 : 1F8;
75252 : 1F8;
75253 : 1F8;
75254 : 1F8;
75255 : 1F8;
75256 : 1F8;
75257 : 1F8;
75258 : 1F8;
75259 : 1F8;
75260 : 1F8;
75261 : 1F8;
75262 : 1F8;
75263 : 1F8;
75264 : 1F8;
75265 : 1F8;
75266 : 1F8;
75267 : 1F8;
75268 : 1F8;
75269 : 1F8;
75270 : 1F8;
75271 : 1F8;
75272 : 1F8;
75273 : 1F8;
75274 : 1F8;
75275 : 1F8;
75276 : 1F8;
75277 : 1F8;
75278 : 1F8;
75279 : 1F8;
75280 : 1F8;
75281 : 1F8;
75282 : 1F8;
75283 : 1F8;
75284 : 1F8;
75285 : 1F8;
75286 : 1F8;
75287 : 1F8;
75288 : 1F8;
75289 : 1F8;
75290 : 1F8;
75291 : 1F8;
75292 : 1F8;
75293 : 1F8;
75294 : 1F8;
75295 : 1F8;
75296 : 1F8;
75297 : 1F8;
75298 : 1F8;
75299 : 1F8;
75300 : 1F8;
75301 : 1F8;
75302 : 1F8;
75303 : 1F8;
75304 : 1F8;
75305 : 1F8;
75306 : 1F8;
75307 : 1F8;
75308 : 1F8;
75309 : 1F8;
75310 : 1F8;
75311 : 1F8;
75312 : 1F8;
75313 : 1F8;
75314 : 1F8;
75315 : 1F8;
75316 : 1F8;
75317 : 1F8;
75318 : 1F8;
75319 : 1F8;
75320 : 1F8;
75321 : 1F8;
75322 : 1F8;
75323 : 1F8;
75324 : 1F8;
75325 : 1F8;
75326 : 1F8;
75327 : 1F8;
75328 : 1F8;
75329 : 1F8;
75330 : 1F8;
75331 : 1F8;
75332 : 1F8;
75333 : 1F8;
75334 : 1F8;
75335 : 1F8;
75336 : 1F8;
75337 : 1F8;
75338 : 1F8;
75339 : 1F8;
75340 : 1F8;
75341 : 1F8;
75342 : 1F8;
75343 : 1F8;
75344 : 1F8;
75345 : 1F8;
75346 : 1F8;
75347 : 1F8;
75348 : 1F8;
75349 : 1F8;
75350 : 1F8;
75351 : 1F8;
75352 : 1F8;
75353 : 1F8;
75354 : 1F8;
75355 : 1F8;
75356 : 1F8;
75357 : 1F8;
75358 : 1F8;
75359 : 1F8;
75360 : 1F8;
75361 : 1F8;
75362 : 1F8;
75363 : 1F8;
75364 : 1F8;
75365 : 1F8;
75366 : 1F8;
75367 : 1F8;
75368 : 1F8;
75369 : 1F8;
75370 : 1F8;
75371 : 1F8;
75372 : 1F8;
75373 : 1F8;
75374 : 1F8;
75375 : 1F8;
75376 : 1F8;
75377 : 1F8;
75378 : 1F8;
75379 : 1F8;
75380 : 1F8;
75381 : 1F8;
75382 : 1F8;
75383 : 1F8;
75384 : 1F8;
75385 : 1F8;
75386 : 1F8;
75387 : 1F8;
75388 : 1F8;
75389 : 1F8;
75390 : 1F8;
75391 : 1F8;
75392 : 1F8;
75393 : 1F8;
75394 : 1F8;
75395 : 1F8;
75396 : 1F8;
75397 : 1F8;
75398 : 1F8;
75399 : 1F8;
75400 : 1F8;
75401 : 1F8;
75402 : 1F8;
75403 : 1F8;
75404 : 1F8;
75405 : 1F8;
75406 : 1F8;
75407 : 1F8;
75408 : 1F8;
75409 : 1F8;
75410 : 1F8;
75411 : 1F8;
75412 : 1F8;
75413 : 1F8;
75414 : 1F8;
75415 : 1F8;
75416 : 1F8;
75417 : 1F8;
75418 : 1F8;
75419 : 1F8;
75420 : 1F8;
75421 : 1F8;
75422 : 1F8;
75423 : 1F8;
75424 : 1F8;
75425 : 1F8;
75426 : 1F8;
75427 : 1F8;
75428 : 1F8;
75429 : 1F8;
75430 : 1F8;
75431 : 1F8;
75432 : 1F8;
75433 : 1F8;
75434 : 1F8;
75435 : 1F8;
75436 : 1F8;
75437 : 1F8;
75438 : 1F8;
75439 : 1F8;
75440 : 1F8;
75441 : 1F8;
75442 : 1F8;
75443 : 1F8;
75444 : 1F8;
75445 : 1F8;
75446 : 1F8;
75447 : 1F8;
75448 : 1F8;
75449 : 1F8;
75450 : 1F8;
75451 : 1F8;
75452 : 1F8;
75453 : 1F8;
75454 : 1F8;
75455 : 1F8;
75456 : 1F8;
75457 : 1F8;
75458 : 1F8;
75459 : 1F8;
75460 : 1F8;
75461 : 1F8;
75462 : 1F8;
75463 : 1F8;
75464 : 1F8;
75465 : 1F8;
75466 : 1F8;
75467 : 1F8;
75468 : 1F8;
75469 : 1F8;
75470 : 1F8;
75471 : 1F8;
75472 : 1F8;
75473 : 1F8;
75474 : 1F8;
75475 : 1F8;
75476 : 1F8;
75477 : 1F8;
75478 : 1F8;
75479 : 1F8;
75480 : 1F8;
75481 : 1F8;
75482 : 1F8;
75483 : 1F8;
75484 : 1F8;
75485 : 1F8;
75486 : 1F8;
75487 : 1F8;
75488 : 1F8;
75489 : 1F8;
75490 : 1F8;
75491 : 1F8;
75492 : 1F8;
75493 : 1F8;
75494 : 1F8;
75495 : 1F8;
75496 : 1F8;
75497 : 1F8;
75498 : 1F8;
75499 : 1F8;
75500 : 1F8;
75501 : 1F8;
75502 : 1F8;
75503 : 1F8;
75504 : 1F8;
75505 : 1F8;
75506 : 1F8;
75507 : 1F8;
75508 : 1F8;
75509 : 1F8;
75510 : 1F8;
75511 : 1F8;
75512 : 1F8;
75513 : 1F8;
75514 : 1F8;
75515 : 1F8;
75516 : 1F8;
75517 : 1F8;
75518 : 1F8;
75519 : 1F8;
75520 : 1F8;
75521 : 1F8;
75522 : 1F8;
75523 : 1F8;
75524 : 1F8;
75525 : 1D8;
75526 : 1D8;
75527 : 1F8;
75528 : 1F8;
75529 : 1F8;
75530 : 1F8;
75531 : 1F8;
75532 : 1F8;
75533 : 1F8;
75534 : 1F8;
75535 : 1F8;
75536 : 1F8;
75537 : 1F8;
75538 : 1F8;
75539 : 1F8;
75540 : 1F8;
75541 : 1F8;
75542 : 1F8;
75543 : 1F8;
75544 : 1F8;
75545 : 1F8;
75546 : 1F8;
75547 : 1F8;
75548 : 1F8;
75549 : 1F8;
75550 : 1F8;
75551 : 1F8;
75552 : 1F8;
75553 : 1F8;
75554 : 1F8;
75555 : 1F8;
75556 : 1F8;
75557 : 1F8;
75558 : 1F8;
75559 : 1F8;
75560 : 1F8;
75561 : 1F8;
75562 : 1F8;
75563 : 1F8;
75564 : 1F8;
75565 : 1F8;
75566 : 1F8;
75567 : 1F8;
75568 : 1F8;
75569 : 1F8;
75570 : 1F8;
75571 : 1F8;
75572 : 1F8;
75573 : 1F8;
75574 : 1F8;
75575 : 1F8;
75576 : 1F8;
75577 : 1F8;
75578 : 1F8;
75579 : 1F8;
75580 : 1F8;
75581 : 1F8;
75582 : 1F8;
75583 : 1F8;
75584 : 1F8;
75585 : 1F8;
75586 : 1F8;
75587 : 1F8;
75588 : 1F8;
75589 : 1F8;
75590 : 1F8;
75591 : 1F8;
75592 : 1F8;
75593 : 1F8;
75594 : 1F8;
75595 : 1F8;
75596 : 1F8;
75597 : 1F8;
75598 : 1F8;
75599 : 1F8;
75600 : 1F8;
75601 : 1F8;
75602 : 1F8;
75603 : 1F8;
75604 : 1F8;
75605 : 1F8;
75606 : 1F8;
75607 : 1F8;
75608 : 1F8;
75609 : 1F8;
75610 : 1F8;
75611 : 1F8;
75612 : 1F8;
75613 : 1F8;
75614 : 1F8;
75615 : 1F8;
75616 : 1F8;
75617 : 1F8;
75618 : 1F8;
75619 : 1F8;
75620 : 1F8;
75621 : 1F8;
75622 : 1F8;
75623 : 1F8;
75624 : 1F8;
75625 : 1F8;
75626 : 1F8;
75627 : 1F8;
75628 : 1F8;
75629 : 1F8;
75630 : 1F8;
75631 : 1F8;
75632 : 1F8;
75633 : 1F8;
75634 : 1F8;
75635 : 1F8;
75636 : 1F8;
75637 : 1F8;
75638 : 1F8;
75639 : 1F8;
75640 : 1F8;
75641 : 1F8;
75642 : 1F8;
75643 : 1F8;
75644 : 1F8;
75645 : 1F8;
75646 : 1F8;
75647 : 1F8;
75648 : 1F8;
75649 : 1F8;
75650 : 1F8;
75651 : 1F8;
75652 : 1F8;
75653 : 1F8;
75654 : 1F8;
75655 : 1F8;
75656 : 1F8;
75657 : 1F8;
75658 : 1F8;
75659 : 1F8;
75660 : 1F8;
75661 : 1F8;
75662 : 1F8;
75663 : 1F8;
75664 : 1F8;
75665 : 1F8;
75666 : 1F8;
75667 : 1F8;
75668 : 1F8;
75669 : 1F8;
75670 : 1F8;
75671 : 1F8;
75672 : 1F8;
75673 : 1F8;
75674 : 1D8;
75675 : 1D8;
75676 : 1F8;
75677 : 1F8;
75678 : 1F8;
75679 : 1F8;
75680 : 1F8;
75681 : 1F8;
75682 : 1F8;
75683 : 1F8;
75684 : 1F8;
75685 : 1F8;
75686 : 1F8;
75687 : 1F8;
75688 : 1F8;
75689 : 1F8;
75690 : 1F8;
75691 : 1F8;
75692 : 1F8;
75693 : 1F8;
75694 : 1F8;
75695 : 1F8;
75696 : 1F8;
75697 : 1F8;
75698 : 1F8;
75699 : 1F8;
75700 : 1F8;
75701 : 1F8;
75702 : 1F8;
75703 : 1F8;
75704 : 1F8;
75705 : 1F8;
75706 : 1F8;
75707 : 1F8;
75708 : 1F8;
75709 : 1F8;
75710 : 1F8;
75711 : 1F8;
75712 : 1F8;
75713 : 1F8;
75714 : 1F8;
75715 : 1F8;
75716 : 1F8;
75717 : 1F8;
75718 : 1F8;
75719 : 1F8;
75720 : 1F8;
75721 : 1F8;
75722 : 1F8;
75723 : 1F8;
75724 : 1F8;
75725 : 1F8;
75726 : 1F8;
75727 : 1F8;
75728 : 1F8;
75729 : 1F8;
75730 : 1F8;
75731 : 1F8;
75732 : 1F8;
75733 : 1F8;
75734 : 1F8;
75735 : 1F8;
75736 : 1F8;
75737 : 1F8;
75738 : 1F8;
75739 : 1F8;
75740 : 1F8;
75741 : 1F8;
75742 : 1F8;
75743 : 1F8;
75744 : 1F8;
75745 : 1F8;
75746 : 1F8;
75747 : 1F8;
75748 : 1F8;
75749 : 1F8;
75750 : 1F8;
75751 : 1F8;
75752 : 1F8;
75753 : 1F8;
75754 : 1F8;
75755 : 1F8;
75756 : 1F8;
75757 : 1F8;
75758 : 1F8;
75759 : 1F8;
75760 : 1F8;
75761 : 1F8;
75762 : 1F8;
75763 : 1F8;
75764 : 1F8;
75765 : 1F8;
75766 : 1F8;
75767 : 1F8;
75768 : 1F8;
75769 : 1F8;
75770 : 1F8;
75771 : 1F8;
75772 : 1F8;
75773 : 1F8;
75774 : 1F8;
75775 : 1F8;
75776 : 1F8;
75777 : 1F8;
75778 : 1F8;
75779 : 1F8;
75780 : 1F8;
75781 : 1F8;
75782 : 1F8;
75783 : 1F8;
75784 : 1F8;
75785 : 1F8;
75786 : 1F8;
75787 : 1F8;
75788 : 1F8;
75789 : 1F8;
75790 : 1F8;
75791 : 1F8;
75792 : 1F8;
75793 : 1F8;
75794 : 1F8;
75795 : 1F8;
75796 : 1F8;
75797 : 1F8;
75798 : 1F8;
75799 : 1F8;
75800 : 1F8;
75801 : 1F8;
75802 : 1F8;
75803 : 1F8;
75804 : 1F8;
75805 : 1F8;
75806 : 1F8;
75807 : 1F8;
75808 : 1F8;
75809 : 1F8;
75810 : 1F8;
75811 : 1F8;
75812 : 1F8;
75813 : 1F8;
75814 : 1F8;
75815 : 1F8;
75816 : 1F8;
75817 : 1F8;
75818 : 1F8;
75819 : 1F8;
75820 : 1F8;
75821 : 1F8;
75822 : 1F8;
75823 : 1F8;
75824 : 1F8;
75825 : 1F8;
75826 : 1F8;
75827 : 1F8;
75828 : 1F8;
75829 : 1F8;
75830 : 1F8;
75831 : 1F8;
75832 : 1F8;
75833 : 1F8;
75834 : 1F8;
75835 : 1F8;
75836 : 1F8;
75837 : 1F8;
75838 : 1F8;
75839 : 1F8;
75840 : 1F8;
75841 : 1F8;
75842 : 1F8;
75843 : 1F8;
75844 : 1F8;
75845 : 1F8;
75846 : 1F8;
75847 : 1F8;
75848 : 1F8;
75849 : 1F8;
75850 : 1F8;
75851 : 1F8;
75852 : 1F8;
75853 : 1F8;
75854 : 1F8;
75855 : 1F8;
75856 : 1F8;
75857 : 1F8;
75858 : 1F8;
75859 : 1F8;
75860 : 1F8;
75861 : 1F8;
75862 : 1F8;
75863 : 1F8;
75864 : 1F8;
75865 : 1F8;
75866 : 1F8;
75867 : 1F8;
75868 : 1F8;
75869 : 1F8;
75870 : 1F8;
75871 : 1F8;
75872 : 1F8;
75873 : 1F8;
75874 : 1F8;
75875 : 1F8;
75876 : 1F8;
75877 : 1F8;
75878 : 1F8;
75879 : 1F8;
75880 : 1F8;
75881 : 1F8;
75882 : 1F8;
75883 : 1F8;
75884 : 1F8;
75885 : 1F8;
75886 : 1F8;
75887 : 1F8;
75888 : 1F8;
75889 : 1F8;
75890 : 1F8;
75891 : 1F8;
75892 : 1F8;
75893 : 1F8;
75894 : 1F8;
75895 : 1F8;
75896 : 1F8;
75897 : 1F8;
75898 : 1F8;
75899 : 1F8;
75900 : 1F8;
75901 : 1F8;
75902 : 1F8;
75903 : 1F8;
75904 : 1F8;
75905 : 1F8;
75906 : 1F8;
75907 : 1F8;
75908 : 1F8;
75909 : 1F8;
75910 : 1F8;
75911 : 1F8;
75912 : 1F8;
75913 : 1F8;
75914 : 1F8;
75915 : 1F8;
75916 : 1F8;
75917 : 1F8;
75918 : 1F8;
75919 : 1F8;
75920 : 1F8;
75921 : 1F8;
75922 : 1F8;
75923 : 1F8;
75924 : 1F8;
75925 : 1F8;
75926 : 1F8;
75927 : 1F8;
75928 : 1F8;
75929 : 1F8;
75930 : 1F8;
75931 : 1F8;
75932 : 1F8;
75933 : 1F8;
75934 : 1F8;
75935 : 1F8;
75936 : 1F8;
75937 : 1F8;
75938 : 1F8;
75939 : 1F8;
75940 : 1F8;
75941 : 1F8;
75942 : 1F8;
75943 : 1F8;
75944 : 1F8;
75945 : 1F8;
75946 : 1F8;
75947 : 1F8;
75948 : 1F8;
75949 : 1F8;
75950 : 1F8;
75951 : 1F8;
75952 : 1F8;
75953 : 1F8;
75954 : 1F8;
75955 : 1F8;
75956 : 1F8;
75957 : 1F8;
75958 : 1F8;
75959 : 1F8;
75960 : 1F8;
75961 : 1F8;
75962 : 1F8;
75963 : 1F8;
75964 : 1F8;
75965 : 1F8;
75966 : 1F8;
75967 : 1F8;
75968 : 1F8;
75969 : 1F8;
75970 : 1F8;
75971 : 1F8;
75972 : 1F8;
75973 : 1F8;
75974 : 1F8;
75975 : 1F8;
75976 : 1F8;
75977 : 1F8;
75978 : 1F8;
75979 : 1F8;
75980 : 1F8;
75981 : 1F8;
75982 : 1F8;
75983 : 1F8;
75984 : 1F8;
75985 : 1F8;
75986 : 1F8;
75987 : 1F8;
75988 : 1F8;
75989 : 1F8;
75990 : 1F8;
75991 : 1F8;
75992 : 1F8;
75993 : 1F8;
75994 : 1F8;
75995 : 1F8;
75996 : 1F8;
75997 : 1F8;
75998 : 1F8;
75999 : 1F8;
76000 : 1F8;
76001 : 1F8;
76002 : 1F8;
76003 : 1F8;
76004 : 1F8;
76005 : 1F8;
76006 : 1F8;
76007 : 1F8;
76008 : 1F8;
76009 : 1F8;
76010 : 1F8;
76011 : 1F8;
76012 : 1F8;
76013 : 1F8;
76014 : 1F8;
76015 : 1F8;
76016 : 1F8;
76017 : 1F8;
76018 : 1F8;
76019 : 1F8;
76020 : 1F8;
76021 : 1F8;
76022 : 1F8;
76023 : 1F8;
76024 : 1F8;
76025 : 1F8;
76026 : 1F8;
76027 : 1F8;
76028 : 1F8;
76029 : 1D8;
76030 : 1D8;
76031 : 1F8;
76032 : 1F8;
76033 : 1F8;
76034 : 1F8;
76035 : 1F8;
76036 : 1F8;
76037 : 1F8;
76038 : 1F8;
76039 : 1F8;
76040 : 1F8;
76041 : 1F8;
76042 : 1F8;
76043 : 1F8;
76044 : 1F8;
76045 : 1F8;
76046 : 1F8;
76047 : 1F8;
76048 : 1F8;
76049 : 1F8;
76050 : 1F8;
76051 : 1F8;
76052 : 1F8;
76053 : 1F8;
76054 : 1F8;
76055 : 1F8;
76056 : 1F8;
76057 : 1F8;
76058 : 1F8;
76059 : 1F8;
76060 : 1F8;
76061 : 1F8;
76062 : 1F8;
76063 : 1F8;
76064 : 1F8;
76065 : 1F8;
76066 : 1F8;
76067 : 1F8;
76068 : 1F8;
76069 : 1F8;
76070 : 1F8;
76071 : 1F8;
76072 : 1F8;
76073 : 1F8;
76074 : 1F8;
76075 : 1F8;
76076 : 1F8;
76077 : 1F8;
76078 : 1F8;
76079 : 1F8;
76080 : 1F8;
76081 : 1F8;
76082 : 1F8;
76083 : 1F8;
76084 : 1F8;
76085 : 1F8;
76086 : 1F8;
76087 : 1F8;
76088 : 1F8;
76089 : 1F8;
76090 : 1F8;
76091 : 1F8;
76092 : 1F8;
76093 : 1F8;
76094 : 1F8;
76095 : 1F8;
76096 : 1F8;
76097 : 1F8;
76098 : 1F8;
76099 : 1F8;
76100 : 1F8;
76101 : 1F8;
76102 : 1F8;
76103 : 1F8;
76104 : 1F8;
76105 : 1F8;
76106 : 1F8;
76107 : 1F8;
76108 : 1F8;
76109 : 1F8;
76110 : 1F8;
76111 : 1F8;
76112 : 1F8;
76113 : 1F8;
76114 : 1F8;
76115 : 1F8;
76116 : 1F8;
76117 : 1F8;
76118 : 1F8;
76119 : 1F8;
76120 : 1F8;
76121 : 1F8;
76122 : 1F8;
76123 : 1F8;
76124 : 1F8;
76125 : 1F8;
76126 : 1F8;
76127 : 1F8;
76128 : 1F8;
76129 : 1F8;
76130 : 1F8;
76131 : 1F8;
76132 : 1F8;
76133 : 1F8;
76134 : 1F8;
76135 : 1F8;
76136 : 1F8;
76137 : 1F8;
76138 : 1F8;
76139 : 1F8;
76140 : 1F8;
76141 : 1F8;
76142 : 1F8;
76143 : 1F8;
76144 : 1F8;
76145 : 1F8;
76146 : 1F8;
76147 : 1F8;
76148 : 1F8;
76149 : 1F8;
76150 : 1F8;
76151 : 1F8;
76152 : 1F8;
76153 : 1F8;
76154 : 1F8;
76155 : 1F8;
76156 : 1F8;
76157 : 1F8;
76158 : 1F8;
76159 : 1F8;
76160 : 1F8;
76161 : 1F8;
76162 : 1F8;
76163 : 1F8;
76164 : 1F8;
76165 : 1F8;
76166 : 1F8;
76167 : 1F8;
76168 : 1F8;
76169 : 1F8;
76170 : 1F8;
76171 : 1F8;
76172 : 1F8;
76173 : 1F8;
76174 : 1F8;
76175 : 1F8;
76176 : 1F8;
76177 : 1F8;
76178 : 1F8;
76179 : 1F8;
76180 : 1F8;
76181 : 1F8;
76182 : 1F8;
76183 : 1F8;
76184 : 1F8;
76185 : 1F8;
76186 : 1F8;
76187 : 1F8;
76188 : 1F8;
76189 : 1F8;
76190 : 1F8;
76191 : 1F8;
76192 : 1F8;
76193 : 1F8;
76194 : 1F8;
76195 : 1F8;
76196 : 1F8;
76197 : 1F8;
76198 : 1F8;
76199 : 1F8;
76200 : 1F8;
76201 : 1F8;
76202 : 1F8;
76203 : 1F8;
76204 : 1F8;
76205 : 1F8;
76206 : 1F8;
76207 : 1F8;
76208 : 1F8;
76209 : 1F8;
76210 : 1F8;
76211 : 1F8;
76212 : 1F8;
76213 : 1F8;
76214 : 1F8;
76215 : 1F8;
76216 : 1F8;
76217 : 1F8;
76218 : 1F8;
76219 : 1F8;
76220 : 1F8;
76221 : 1F8;
76222 : 1F8;
76223 : 1F8;
76224 : 1F8;
76225 : 1F8;
76226 : 1F8;
76227 : 1F8;
76228 : 1F8;
76229 : 1F8;
76230 : 1F8;
76231 : 1F8;
76232 : 1F8;
76233 : 1F8;
76234 : 1F8;
76235 : 1F8;
76236 : 1F8;
76237 : 1F8;
76238 : 1F8;
76239 : 1F8;
76240 : 1F8;
76241 : 1F8;
76242 : 1F8;
76243 : 1F8;
76244 : 1F8;
76245 : 1F8;
76246 : 1F8;
76247 : 1F8;
76248 : 1F8;
76249 : 1F8;
76250 : 1F8;
76251 : 1F8;
76252 : 1F8;
76253 : 1F8;
76254 : 1F8;
76255 : 1F8;
76256 : 1F8;
76257 : 1F8;
76258 : 1F8;
76259 : 1F8;
76260 : 1F8;
76261 : 1F8;
76262 : 1F8;
76263 : 1F8;
76264 : 1F8;
76265 : 1F8;
76266 : 1F8;
76267 : 1F8;
76268 : 1F8;
76269 : 1F8;
76270 : 1F8;
76271 : 1F8;
76272 : 1F8;
76273 : 1F8;
76274 : 1F8;
76275 : 1F8;
76276 : 1F8;
76277 : 1F8;
76278 : 1F8;
76279 : 1F8;
76280 : 1F8;
76281 : 1F8;
76282 : 1F8;
76283 : 1F8;
76284 : 1F8;
76285 : 1F8;
76286 : 1F8;
76287 : 1F8;
76288 : 1F8;
76289 : 1F8;
76290 : 1F8;
76291 : 1F8;
76292 : 1F8;
76293 : 1F8;
76294 : 1F8;
76295 : 1F8;
76296 : 1F8;
76297 : 1F8;
76298 : 1F8;
76299 : 1F8;
76300 : 1F8;
76301 : 1F8;
76302 : 1F8;
76303 : 1F8;
76304 : 1F8;
76305 : 1F8;
76306 : 1F8;
76307 : 1F8;
76308 : 1F8;
76309 : 1F8;
76310 : 1F8;
76311 : 1F8;
76312 : 1F8;
76313 : 1F8;
76314 : 1F8;
76315 : 1F8;
76316 : 1F8;
76317 : 1F8;
76318 : 1F8;
76319 : 1F8;
76320 : 1F8;
76321 : 1F8;
76322 : 1F8;
76323 : 1F8;
76324 : 1F8;
76325 : 1F8;
76326 : 1F8;
76327 : 1F8;
76328 : 1F8;
76329 : 1F8;
76330 : 1F8;
76331 : 1F8;
76332 : 1F8;
76333 : 1F8;
76334 : 1F8;
76335 : 1F8;
76336 : 1F8;
76337 : 1D8;
76338 : 1D8;
76339 : 1F8;
76340 : 1F8;
76341 : 1F8;
76342 : 1F8;
76343 : 1F8;
76344 : 1F8;
76345 : 1F8;
76346 : 1F8;
76347 : 1F8;
76348 : 1F8;
76349 : 1F8;
76350 : 1F8;
76351 : 1F8;
76352 : 1F8;
76353 : 1F8;
76354 : 1F8;
76355 : 1F8;
76356 : 1F8;
76357 : 1F8;
76358 : 1F8;
76359 : 1F8;
76360 : 1F8;
76361 : 1F8;
76362 : 1F8;
76363 : 1F8;
76364 : 1D8;
76365 : 1D8;
76366 : 1F8;
76367 : 1F8;
76368 : 1F8;
76369 : 1F8;
76370 : 1F8;
76371 : 1F8;
76372 : 1F8;
76373 : 1F8;
76374 : 1F8;
76375 : 1F8;
76376 : 1F8;
76377 : 1F8;
76378 : 1F8;
76379 : 1F8;
76380 : 1F8;
76381 : 1F8;
76382 : 1F8;
76383 : 1F8;
76384 : 1F8;
76385 : 1F8;
76386 : 1F8;
76387 : 1F8;
76388 : 1F8;
76389 : 1F8;
76390 : 1F8;
76391 : 1F8;
76392 : 1F8;
76393 : 1F8;
76394 : 1F8;
76395 : 1F8;
76396 : 1F8;
76397 : 1F8;
76398 : 1F8;
76399 : 1F8;
76400 : 1F8;
76401 : 1F8;
76402 : 1F8;
76403 : 1F8;
76404 : 1F8;
76405 : 1F8;
76406 : 1F8;
76407 : 1F8;
76408 : 1F8;
76409 : 1F8;
76410 : 1F8;
76411 : 1F8;
76412 : 1F8;
76413 : 1F8;
76414 : 1F8;
76415 : 1F8;
76416 : 1F8;
76417 : 1F8;
76418 : 1F8;
76419 : 1F8;
76420 : 1F8;
76421 : 1F8;
76422 : 1F8;
76423 : 1F8;
76424 : 1F8;
76425 : 1F8;
76426 : 1F8;
76427 : 1F8;
76428 : 1F8;
76429 : 1F8;
76430 : 1F8;
76431 : 1F8;
76432 : 1F8;
76433 : 1F8;
76434 : 1F8;
76435 : 1F8;
76436 : 1F8;
76437 : 1F8;
76438 : 1F8;
76439 : 1F8;
76440 : 1F8;
76441 : 1F8;
76442 : 1F8;
76443 : 1F8;
76444 : 1F8;
76445 : 1F8;
76446 : 1F8;
76447 : 1F8;
76448 : 1F8;
76449 : 1F8;
76450 : 1F8;
76451 : 1F8;
76452 : 1F8;
76453 : 1F8;
76454 : 1F8;
76455 : 1F8;
76456 : 1F8;
76457 : 1F8;
76458 : 1F8;
76459 : 1F8;
76460 : 1F8;
76461 : 1F8;
76462 : 1F8;
76463 : 1F8;
76464 : 1F8;
76465 : 1F8;
76466 : 1F8;
76467 : 1F8;
76468 : 1F8;
76469 : 1F8;
76470 : 1F8;
76471 : 1F8;
76472 : 1F8;
76473 : 1F8;
76474 : 1F8;
76475 : 1F8;
76476 : 1F8;
76477 : 1F8;
76478 : 1F8;
76479 : 1F8;
76480 : 1F8;
76481 : 1F8;
76482 : 1F8;
76483 : 1F8;
76484 : 1F8;
76485 : 1F8;
76486 : 1F8;
76487 : 1F8;
76488 : 1F8;
76489 : 1F8;
76490 : 1F8;
76491 : 1F8;
76492 : 1F8;
76493 : 1F8;
76494 : 1F8;
76495 : 1F8;
76496 : 1F8;
76497 : 1F8;
76498 : 1F8;
76499 : 1F8;
76500 : 1F8;
76501 : 1F8;
76502 : 1F8;
76503 : 1F8;
76504 : 1F8;
76505 : 1F8;
76506 : 1F8;
76507 : 1F8;
76508 : 1F8;
76509 : 1F8;
76510 : 1F8;
76511 : 1F8;
76512 : 1F8;
76513 : 1F8;
76514 : 1F8;
76515 : 1F8;
76516 : 1F8;
76517 : 1F8;
76518 : 1F8;
76519 : 1F8;
76520 : 1F8;
76521 : 1F8;
76522 : 1F8;
76523 : 1F8;
76524 : 1F8;
76525 : 1F8;
76526 : 1F8;
76527 : 1F8;
76528 : 1F8;
76529 : 1F8;
76530 : 1F8;
76531 : 1F8;
76532 : 1F8;
76533 : 1F8;
76534 : 1F8;
76535 : 1F8;
76536 : 1F8;
76537 : 1F8;
76538 : 1F8;
76539 : 1F8;
76540 : 1F8;
76541 : 1F8;
76542 : 1F8;
76543 : 1F8;
76544 : 1F8;
76545 : 1F8;
76546 : 1F8;
76547 : 1F8;
76548 : 1F8;
76549 : 1F8;
76550 : 1F8;
76551 : 1F8;
76552 : 1F8;
76553 : 1F8;
76554 : 1F8;
76555 : 1F8;
76556 : 1F8;
76557 : 1F8;
76558 : 1F8;
76559 : 1F8;
76560 : 1F8;
76561 : 1F8;
76562 : 1F8;
76563 : 1F8;
76564 : 1F8;
76565 : 1F8;
76566 : 1F8;
76567 : 1F8;
76568 : 1F8;
76569 : 1F8;
76570 : 1F8;
76571 : 1F8;
76572 : 1F8;
76573 : 1F8;
76574 : 1F8;
76575 : 1F8;
76576 : 1F8;
76577 : 1F8;
76578 : 1F8;
76579 : 1F8;
76580 : 1F8;
76581 : 1F8;
76582 : 1F8;
76583 : 1F8;
76584 : 1F8;
76585 : 1F8;
76586 : 1F8;
76587 : 1F8;
76588 : 1F8;
76589 : 1F8;
76590 : 1F8;
76591 : 1F8;
76592 : 1F8;
76593 : 1F8;
76594 : 1F8;
76595 : 1F8;
76596 : 1F8;
76597 : 1F8;
76598 : 1F8;
76599 : 1F8;
76600 : 1F8;
76601 : 1F8;
76602 : 1F8;
76603 : 1F8;
76604 : 1F8;
76605 : 1F8;
76606 : 1F8;
76607 : 1F8;
76608 : 1F8;
76609 : 1F8;
76610 : 1F8;
76611 : 1F8;
76612 : 1F8;
76613 : 1F8;
76614 : 1F8;
76615 : 1F8;
76616 : 1F8;
76617 : 1F8;
76618 : 1F8;
76619 : 1F8;
76620 : 1F8;
76621 : 1F8;
76622 : 1F8;
76623 : 1F8;
76624 : 1F8;
76625 : 1F8;
76626 : 1F8;
76627 : 1F8;
76628 : 1F8;
76629 : 1F8;
76630 : 1F8;
76631 : 1F8;
76632 : 1F8;
76633 : 1F8;
76634 : 1F8;
76635 : 1F8;
76636 : 1F8;
76637 : 1F8;
76638 : 1F8;
76639 : 1F8;
76640 : 1F8;
76641 : 1F8;
76642 : 1F8;
76643 : 1F8;
76644 : 1F8;
76645 : 1F8;
76646 : 1F8;
76647 : 1F8;
76648 : 1F8;
76649 : 1F8;
76650 : 1F8;
76651 : 1F8;
76652 : 1F8;
76653 : 1F8;
76654 : 1F8;
76655 : 1F8;
76656 : 1F8;
76657 : 1F8;
76658 : 1F8;
76659 : 1F8;
76660 : 1F8;
76661 : 1F8;
76662 : 1F8;
76663 : 1F8;
76664 : 1F8;
76665 : 1F8;
76666 : 1F8;
76667 : 1F8;
76668 : 1F8;
76669 : 1F8;
76670 : 1F8;
76671 : 1F8;
76672 : 1F8;
76673 : 1F8;
76674 : 1F8;
76675 : 1F8;
76676 : 1F8;
76677 : 1F8;
76678 : 1F8;
76679 : 1F8;
76680 : 1F8;
76681 : 1F8;
76682 : 1F8;
76683 : 1F8;
76684 : 1F8;
76685 : 1F8;
76686 : 1F8;
76687 : 1F8;
76688 : 1F8;
76689 : 1F8;
76690 : 1F8;
76691 : 1F8;
76692 : 1F8;
76693 : 1F8;
76694 : 1F8;
76695 : 1F8;
76696 : 1F8;
76697 : 1F8;
76698 : 1F8;
76699 : 1F8;
76700 : 1F8;
76701 : 1F8;
76702 : 1F8;
76703 : 1F8;
76704 : 1F8;
76705 : 1F8;
76706 : 1F8;
76707 : 1F8;
76708 : 1F8;
76709 : 1F8;
76710 : 1F8;
76711 : 1F8;
76712 : 1F8;
76713 : 1F8;
76714 : 1F8;
76715 : 1F8;
76716 : 1F8;
76717 : 1F8;
76718 : 1F8;
76719 : 1F8;
76720 : 1F8;
76721 : 1F8;
76722 : 1F8;
76723 : 1F8;
76724 : 1F8;
76725 : 1F8;
76726 : 1F8;
76727 : 1F8;
76728 : 1F8;
76729 : 1F8;
76730 : 1F8;
76731 : 1F8;
76732 : 1F8;
76733 : 1F8;
76734 : 1F8;
76735 : 1F8;
76736 : 1F8;
76737 : 1F8;
76738 : 1F8;
76739 : 1F8;
76740 : 1F8;
76741 : 1F8;
76742 : 1F8;
76743 : 1F8;
76744 : 1F8;
76745 : 1F8;
76746 : 1F8;
76747 : 1F8;
76748 : 1F8;
76749 : 1F8;
76750 : 1F8;
76751 : 1F8;
76752 : 1F8;
76753 : 1F8;
76754 : 1F8;
76755 : 1F8;
76756 : 1F8;
76757 : 1F8;
76758 : 1F8;
76759 : 1F8;
76760 : 1F8;
76761 : 1F8;
76762 : 1F8;
76763 : 1F8;
76764 : 1F8;
76765 : 1F8;
76766 : 1F8;
76767 : 1F8;
76768 : 1F8;
76769 : 1F8;
76770 : 1F8;
76771 : 1F8;
76772 : 1F8;
76773 : 1F8;
76774 : 1F8;
76775 : 1F8;
76776 : 1F8;
76777 : 1F8;
76778 : 1F8;
76779 : 1F8;
76780 : 1F8;
76781 : 1F8;
76782 : 1F8;
76783 : 1F8;
76784 : 1F8;
76785 : 1F8;
76786 : 1F8;
76787 : 1F8;
76788 : 1F8;
76789 : 1F8;
76790 : 1F8;
76791 : 1F8;
76792 : 1F8;
76793 : 1F8;
76794 : 1F8;
76795 : 1F8;
76796 : 1F8;
76797 : 1F8;
76798 : 1F8;
76799 : 1F8;
END;
