Analysis & Synthesis report for CoProcessador
Tue Sep 01 14:36:37 2026
Quartus Prime Version 20.1.1 Build 720 11/11/2020 SJ Lite Edition


---------------------
; Table of Contents ;
---------------------
  1. Legal Notice
  2. Analysis & Synthesis Summary
  3. Analysis & Synthesis Settings
  4. Parallel Compilation
  5. Analysis & Synthesis Source Files Read
  6. Analysis & Synthesis Resource Usage Summary
  7. Analysis & Synthesis Resource Utilization by Entity
  8. Analysis & Synthesis RAM Summary
  9. Analysis & Synthesis IP Cores Summary
 10. State Machine - |DE1_SOC_golden_top|test_driver:test_driver_inst|state
 11. State Machine - |DE1_SOC_golden_top|top_video:video_system|compositor:compositor_inst|state
 12. State Machine - |DE1_SOC_golden_top|top_video:video_system|rasterizador_top:rasterizer_top_inst|rasterizador_triangulo:u_triangle|state
 13. State Machine - |DE1_SOC_golden_top|top_video:video_system|rasterizador_top:rasterizer_top_inst|rasterizador_quadrado:u_square|state
 14. State Machine - |DE1_SOC_golden_top|top_video:video_system|motor_sprite:motor_sprite_inst|state
 15. State Machine - |DE1_SOC_golden_top|top_video:video_system|motor_background:motor_background_inst|state
 16. State Machine - |DE1_SOC_golden_top|top_video:video_system|vga_driver:vga_driver_inst|v_state_d1
 17. State Machine - |DE1_SOC_golden_top|top_video:video_system|vga_driver:vga_driver_inst|h_state_d1
 18. State Machine - |DE1_SOC_golden_top|top_video:video_system|vga_driver:vga_driver_inst|v_state
 19. State Machine - |DE1_SOC_golden_top|top_video:video_system|vga_driver:vga_driver_inst|h_state
 20. Registers Removed During Synthesis
 21. Removed Registers Triggering Further Register Optimizations
 22. General Register Statistics
 23. Inverted Register Statistics
 24. Multiplexer Restructuring Statistics (Restructuring Performed)
 25. Source assignments for top_video:video_system|framebuffer:framebuffer_inst|framebuffer_ram:framebuffer_ram_bank0|altsyncram:altsyncram_component|altsyncram_lsr1:auto_generated
 26. Source assignments for top_video:video_system|framebuffer:framebuffer_inst|framebuffer_ram:framebuffer_ram_bank1|altsyncram:altsyncram_component|altsyncram_lsr1:auto_generated
 27. Source assignments for top_video:video_system|palette_ram:palette_ram_inst|altsyncram:altsyncram_component|altsyncram_7062:auto_generated
 28. Source assignments for top_video:video_system|bg_tile_ram:bg_tile_ram_inst|altsyncram:altsyncram_component|altsyncram_fn52:auto_generated
 29. Source assignments for top_video:video_system|bg_tile_pattern_ram:bg_tile_pattern_ram_inst|altsyncram:altsyncram_component|altsyncram_5t62:auto_generated
 30. Source assignments for top_video:video_system|sprite_attribute_ram:sprite_attribute_ram_inst|altsyncram:altsyncram_component|altsyncram_7h62:auto_generated
 31. Source assignments for top_video:video_system|sprite_pattern_ram:sprite_pattern_ram_inst|altsyncram:altsyncram_component|altsyncram_hi82:auto_generated
 32. Parameter Settings for User Entity Instance: top_video:video_system|pll01:pll01_inst|pll01_0002:pll01_inst|altera_pll:altera_pll_i
 33. Parameter Settings for User Entity Instance: top_video:video_system|vga_driver:vga_driver_inst
 34. Parameter Settings for User Entity Instance: top_video:video_system|framebuffer:framebuffer_inst|fb_addr_gen:wr_addr_gen
 35. Parameter Settings for User Entity Instance: top_video:video_system|framebuffer:framebuffer_inst|fb_addr_gen:rd_addr_gen
 36. Parameter Settings for User Entity Instance: top_video:video_system|framebuffer:framebuffer_inst|framebuffer_ram:framebuffer_ram_bank0|altsyncram:altsyncram_component
 37. Parameter Settings for User Entity Instance: top_video:video_system|framebuffer:framebuffer_inst|framebuffer_ram:framebuffer_ram_bank1|altsyncram:altsyncram_component
 38. Parameter Settings for User Entity Instance: top_video:video_system|palette_ram:palette_ram_inst|altsyncram:altsyncram_component
 39. Parameter Settings for User Entity Instance: top_video:video_system|bg_tile_ram:bg_tile_ram_inst|altsyncram:altsyncram_component
 40. Parameter Settings for User Entity Instance: top_video:video_system|bg_tile_pattern_ram:bg_tile_pattern_ram_inst|altsyncram:altsyncram_component
 41. Parameter Settings for User Entity Instance: top_video:video_system|motor_background:motor_background_inst
 42. Parameter Settings for User Entity Instance: top_video:video_system|sprite_attribute_ram:sprite_attribute_ram_inst|altsyncram:altsyncram_component
 43. Parameter Settings for User Entity Instance: top_video:video_system|sprite_pattern_ram:sprite_pattern_ram_inst|altsyncram:altsyncram_component
 44. Parameter Settings for User Entity Instance: top_video:video_system|rasterizador_top:rasterizer_top_inst|rasterizador_triangulo:u_triangle
 45. Parameter Settings for User Entity Instance: top_video:video_system|rasterizador_top:rasterizer_top_inst|rasterizador_triangulo:u_triangle|divisor_unsigned:u_div
 46. altsyncram Parameter Settings by Entity Instance
 47. Port Connectivity Checks: "top_video:video_system|compositor:compositor_inst"
 48. Port Connectivity Checks: "top_video:video_system|rasterizador_top:rasterizer_top_inst|rasterizador_triangulo:u_triangle|divisor_unsigned:u_div"
 49. Port Connectivity Checks: "top_video:video_system|vga_driver:vga_driver_inst"
 50. Port Connectivity Checks: "top_video:video_system"
 51. Post-Synthesis Netlist Statistics for Top Partition
 52. Elapsed Time Per Partition
 53. Analysis & Synthesis Messages



----------------
; Legal Notice ;
----------------
Copyright (C) 2020  Intel Corporation. All rights reserved.
Your use of Intel Corporation's design tools, logic functions 
and other software and tools, and any partner logic 
functions, and any output files from any of the foregoing 
(including device programming or simulation files), and any 
associated documentation or information are expressly subject 
to the terms and conditions of the Intel Program License 
Subscription Agreement, the Intel Quartus Prime License Agreement,
the Intel FPGA IP License Agreement, or other applicable license
agreement, including, without limitation, that your use is for
the sole purpose of programming logic devices manufactured by
Intel and sold by Intel or its authorized distributors.  Please
refer to the applicable agreement for further details, at
https://fpgasoftware.intel.com/eula.



+-------------------------------------------------------------------------------+
; Analysis & Synthesis Summary                                                  ;
+---------------------------------+---------------------------------------------+
; Analysis & Synthesis Status     ; Successful - Tue Sep 01 14:36:32 2026       ;
; Quartus Prime Version           ; 20.1.1 Build 720 11/11/2020 SJ Lite Edition ;
; Revision Name                   ; CoProcessador                               ;
; Top-level Entity Name           ; DE1_SOC_golden_top                          ;
; Family                          ; Cyclone V                                   ;
; Logic utilization (in ALMs)     ; N/A                                         ;
; Total registers                 ; 941                                         ;
; Total pins                      ; 241                                         ;
; Total virtual pins              ; 0                                           ;
; Total block memory bits         ; 1,659,776                                   ;
; Total DSP Blocks                ; 0                                           ;
; Total HSSI RX PCSs              ; 0                                           ;
; Total HSSI PMA RX Deserializers ; 0                                           ;
; Total HSSI TX PCSs              ; 0                                           ;
; Total HSSI PMA TX Serializers   ; 0                                           ;
; Total PLLs                      ; 1                                           ;
; Total DLLs                      ; 0                                           ;
+---------------------------------+---------------------------------------------+


+---------------------------------------------------------------------------------------------------------------------------+
; Analysis & Synthesis Settings                                                                                             ;
+---------------------------------------------------------------------------------+--------------------+--------------------+
; Option                                                                          ; Setting            ; Default Value      ;
+---------------------------------------------------------------------------------+--------------------+--------------------+
; Device                                                                          ; 5CSEMA5F31C6       ;                    ;
; Top-level entity name                                                           ; DE1_SOC_golden_top ; CoProcessador      ;
; Family name                                                                     ; Cyclone V          ; Cyclone V          ;
; Use smart compilation                                                           ; Off                ; Off                ;
; Enable parallel Assembler and Timing Analyzer during compilation                ; On                 ; On                 ;
; Enable compact report table                                                     ; Off                ; Off                ;
; Restructure Multiplexers                                                        ; Auto               ; Auto               ;
; MLAB Add Timing Constraints For Mixed-Port Feed-Through Mode Setting Don't Care ; Off                ; Off                ;
; Create Debugging Nodes for IP Cores                                             ; Off                ; Off                ;
; Preserve fewer node names                                                       ; On                 ; On                 ;
; Intel FPGA IP Evaluation Mode                                                   ; Enable             ; Enable             ;
; Verilog Version                                                                 ; Verilog_2001       ; Verilog_2001       ;
; VHDL Version                                                                    ; VHDL_1993          ; VHDL_1993          ;
; State Machine Processing                                                        ; Auto               ; Auto               ;
; Safe State Machine                                                              ; Off                ; Off                ;
; Extract Verilog State Machines                                                  ; On                 ; On                 ;
; Extract VHDL State Machines                                                     ; On                 ; On                 ;
; Ignore Verilog initial constructs                                               ; Off                ; Off                ;
; Iteration limit for constant Verilog loops                                      ; 5000               ; 5000               ;
; Iteration limit for non-constant Verilog loops                                  ; 250                ; 250                ;
; Add Pass-Through Logic to Inferred RAMs                                         ; On                 ; On                 ;
; Infer RAMs from Raw Logic                                                       ; On                 ; On                 ;
; Parallel Synthesis                                                              ; On                 ; On                 ;
; DSP Block Balancing                                                             ; Auto               ; Auto               ;
; NOT Gate Push-Back                                                              ; On                 ; On                 ;
; Power-Up Don't Care                                                             ; On                 ; On                 ;
; Remove Redundant Logic Cells                                                    ; Off                ; Off                ;
; Remove Duplicate Registers                                                      ; On                 ; On                 ;
; Ignore CARRY Buffers                                                            ; Off                ; Off                ;
; Ignore CASCADE Buffers                                                          ; Off                ; Off                ;
; Ignore GLOBAL Buffers                                                           ; Off                ; Off                ;
; Ignore ROW GLOBAL Buffers                                                       ; Off                ; Off                ;
; Ignore LCELL Buffers                                                            ; Off                ; Off                ;
; Ignore SOFT Buffers                                                             ; On                 ; On                 ;
; Limit AHDL Integers to 32 Bits                                                  ; Off                ; Off                ;
; Optimization Technique                                                          ; Balanced           ; Balanced           ;
; Carry Chain Length                                                              ; 70                 ; 70                 ;
; Auto Carry Chains                                                               ; On                 ; On                 ;
; Auto Open-Drain Pins                                                            ; On                 ; On                 ;
; Perform WYSIWYG Primitive Resynthesis                                           ; Off                ; Off                ;
; Auto ROM Replacement                                                            ; On                 ; On                 ;
; Auto RAM Replacement                                                            ; On                 ; On                 ;
; Auto DSP Block Replacement                                                      ; On                 ; On                 ;
; Auto Shift Register Replacement                                                 ; Auto               ; Auto               ;
; Allow Shift Register Merging across Hierarchies                                 ; Auto               ; Auto               ;
; Auto Clock Enable Replacement                                                   ; On                 ; On                 ;
; Strict RAM Replacement                                                          ; Off                ; Off                ;
; Allow Synchronous Control Signals                                               ; On                 ; On                 ;
; Force Use of Synchronous Clear Signals                                          ; Off                ; Off                ;
; Auto Resource Sharing                                                           ; Off                ; Off                ;
; Allow Any RAM Size For Recognition                                              ; Off                ; Off                ;
; Allow Any ROM Size For Recognition                                              ; Off                ; Off                ;
; Allow Any Shift Register Size For Recognition                                   ; Off                ; Off                ;
; Use LogicLock Constraints during Resource Balancing                             ; On                 ; On                 ;
; Ignore translate_off and synthesis_off directives                               ; Off                ; Off                ;
; Timing-Driven Synthesis                                                         ; On                 ; On                 ;
; Report Parameter Settings                                                       ; On                 ; On                 ;
; Report Source Assignments                                                       ; On                 ; On                 ;
; Report Connectivity Checks                                                      ; On                 ; On                 ;
; Ignore Maximum Fan-Out Assignments                                              ; Off                ; Off                ;
; Synchronization Register Chain Length                                           ; 3                  ; 3                  ;
; Power Optimization During Synthesis                                             ; Normal compilation ; Normal compilation ;
; HDL message level                                                               ; Level2             ; Level2             ;
; Suppress Register Optimization Related Messages                                 ; Off                ; Off                ;
; Number of Removed Registers Reported in Synthesis Report                        ; 5000               ; 5000               ;
; Number of Swept Nodes Reported in Synthesis Report                              ; 5000               ; 5000               ;
; Number of Inverted Registers Reported in Synthesis Report                       ; 100                ; 100                ;
; Clock MUX Protection                                                            ; On                 ; On                 ;
; Auto Gated Clock Conversion                                                     ; Off                ; Off                ;
; Block Design Naming                                                             ; Auto               ; Auto               ;
; SDC constraint protection                                                       ; Off                ; Off                ;
; Synthesis Effort                                                                ; Auto               ; Auto               ;
; Shift Register Replacement - Allow Asynchronous Clear Signal                    ; On                 ; On                 ;
; Pre-Mapping Resynthesis Optimization                                            ; Off                ; Off                ;
; Analysis & Synthesis Message Level                                              ; Medium             ; Medium             ;
; Disable Register Merging Across Hierarchies                                     ; Auto               ; Auto               ;
; Resource Aware Inference For Block RAM                                          ; On                 ; On                 ;
; Automatic Parallel Synthesis                                                    ; On                 ; On                 ;
; Partial Reconfiguration Bitstream ID                                            ; Off                ; Off                ;
+---------------------------------------------------------------------------------+--------------------+--------------------+


+------------------------------------------+
; Parallel Compilation                     ;
+----------------------------+-------------+
; Processors                 ; Number      ;
+----------------------------+-------------+
; Number detected on machine ; 8           ;
; Maximum allowed            ; 4           ;
;                            ;             ;
; Average used               ; 1.00        ;
; Maximum used               ; 4           ;
;                            ;             ;
; Usage by Processor         ; % Time Used ;
;     Processor 1            ; 100.0%      ;
;     Processor 2            ;   0.0%      ;
;     Processor 3            ;   0.0%      ;
;     Processor 4            ;   0.0%      ;
+----------------------------+-------------+


+--------------------------------------------------------------------------------------------------------------------------------------------------------------------------------------------------------------------------------------------------------+
; Analysis & Synthesis Source Files Read                                                                                                                                                                                                                 ;
+-----------------------------------------------------------------------------+-----------------+----------------------------------------+-----------------------------------------------------------------------------------------------------+---------+
; File Name with User-Entered Path                                            ; Used in Netlist ; File Type                              ; File Name with Absolute Path                                                                        ; Library ;
+-----------------------------------------------------------------------------+-----------------+----------------------------------------+-----------------------------------------------------------------------------------------------------+---------+
; memory_files/framebuffer_ram.v                                              ; yes             ; User Wizard-Generated File             ; E:/CoprocessadorGrafico/memory_files/framebuffer_ram.v                                              ;         ;
; memory_files/bg_tile_ram.v                                                  ; yes             ; User Wizard-Generated File             ; E:/CoprocessadorGrafico/memory_files/bg_tile_ram.v                                                  ;         ;
; DE1_SOC_golden_top.v                                                        ; yes             ; User Verilog HDL File                  ; E:/CoprocessadorGrafico/DE1_SOC_golden_top.v                                                        ;         ;
; vga_driver.v                                                                ; yes             ; User Verilog HDL File                  ; E:/CoprocessadorGrafico/vga_driver.v                                                                ;         ;
; top_video.v                                                                 ; yes             ; User Verilog HDL File                  ; E:/CoprocessadorGrafico/top_video.v                                                                 ;         ;
; tb_vga_memory.v                                                             ; yes             ; User Verilog HDL File                  ; E:/CoprocessadorGrafico/tb_vga_memory.v                                                             ;         ;
; pll01.v                                                                     ; yes             ; User Wizard-Generated File             ; E:/CoprocessadorGrafico/pll01.v                                                                     ; pll01   ;
; pll01/pll01_0002.v                                                          ; yes             ; User Verilog HDL File                  ; E:/CoprocessadorGrafico/pll01/pll01_0002.v                                                          ; pll01   ;
; motor_background.v                                                          ; yes             ; User Verilog HDL File                  ; E:/CoprocessadorGrafico/motor_background.v                                                          ;         ;
; motor_sprite.v                                                              ; yes             ; User Verilog HDL File                  ; E:/CoprocessadorGrafico/motor_sprite.v                                                              ;         ;
; fb_addr_gen.v                                                               ; yes             ; User Verilog HDL File                  ; E:/CoprocessadorGrafico/fb_addr_gen.v                                                               ;         ;
; framebuffer.v                                                               ; yes             ; User Verilog HDL File                  ; E:/CoprocessadorGrafico/framebuffer.v                                                               ;         ;
; rasterizador_quadrado.v                                                     ; yes             ; User Verilog HDL File                  ; E:/CoprocessadorGrafico/rasterizador_quadrado.v                                                     ;         ;
; rasterizador_triangulo.v                                                    ; yes             ; User Verilog HDL File                  ; E:/CoprocessadorGrafico/rasterizador_triangulo.v                                                    ;         ;
; rasterizador_top.v                                                          ; yes             ; User Verilog HDL File                  ; E:/CoprocessadorGrafico/rasterizador_top.v                                                          ;         ;
; divisor_unsigned.v                                                          ; yes             ; User Verilog HDL File                  ; E:/CoprocessadorGrafico/divisor_unsigned.v                                                          ;         ;
; memory_files/sprite_attribute_ram.v                                         ; yes             ; User Wizard-Generated File             ; E:/CoprocessadorGrafico/memory_files/sprite_attribute_ram.v                                         ;         ;
; memory_files/sprite_pattern_ram.v                                           ; yes             ; User Wizard-Generated File             ; E:/CoprocessadorGrafico/memory_files/sprite_pattern_ram.v                                           ;         ;
; memory_files/palette_ram.v                                                  ; yes             ; User Wizard-Generated File             ; E:/CoprocessadorGrafico/memory_files/palette_ram.v                                                  ;         ;
; compositor.v                                                                ; yes             ; User Verilog HDL File                  ; E:/CoprocessadorGrafico/compositor.v                                                                ;         ;
; memory_files/bg_tile_pattern_ram.v                                          ; yes             ; User Wizard-Generated File             ; E:/CoprocessadorGrafico/memory_files/bg_tile_pattern_ram.v                                          ;         ;
; test_driver.v                                                               ; yes             ; User Verilog HDL File                  ; E:/CoprocessadorGrafico/test_driver.v                                                               ;         ;
; altera_pll.v                                                                ; yes             ; Megafunction                           ; d:/quartuslite/quartus/libraries/megafunctions/altera_pll.v                                         ;         ;
; altsyncram.tdf                                                              ; yes             ; Megafunction                           ; d:/quartuslite/quartus/libraries/megafunctions/altsyncram.tdf                                       ;         ;
; stratix_ram_block.inc                                                       ; yes             ; Megafunction                           ; d:/quartuslite/quartus/libraries/megafunctions/stratix_ram_block.inc                                ;         ;
; lpm_mux.inc                                                                 ; yes             ; Megafunction                           ; d:/quartuslite/quartus/libraries/megafunctions/lpm_mux.inc                                          ;         ;
; lpm_decode.inc                                                              ; yes             ; Megafunction                           ; d:/quartuslite/quartus/libraries/megafunctions/lpm_decode.inc                                       ;         ;
; aglobal201.inc                                                              ; yes             ; Megafunction                           ; d:/quartuslite/quartus/libraries/megafunctions/aglobal201.inc                                       ;         ;
; a_rdenreg.inc                                                               ; yes             ; Megafunction                           ; d:/quartuslite/quartus/libraries/megafunctions/a_rdenreg.inc                                        ;         ;
; altrom.inc                                                                  ; yes             ; Megafunction                           ; d:/quartuslite/quartus/libraries/megafunctions/altrom.inc                                           ;         ;
; altram.inc                                                                  ; yes             ; Megafunction                           ; d:/quartuslite/quartus/libraries/megafunctions/altram.inc                                           ;         ;
; altdpram.inc                                                                ; yes             ; Megafunction                           ; d:/quartuslite/quartus/libraries/megafunctions/altdpram.inc                                         ;         ;
; db/altsyncram_lsr1.tdf                                                      ; yes             ; Auto-Generated Megafunction            ; E:/CoprocessadorGrafico/db/altsyncram_lsr1.tdf                                                      ;         ;
; db/decode_nma.tdf                                                           ; yes             ; Auto-Generated Megafunction            ; E:/CoprocessadorGrafico/db/decode_nma.tdf                                                           ;         ;
; db/decode_g2a.tdf                                                           ; yes             ; Auto-Generated Megafunction            ; E:/CoprocessadorGrafico/db/decode_g2a.tdf                                                           ;         ;
; db/mux_8hb.tdf                                                              ; yes             ; Auto-Generated Megafunction            ; E:/CoprocessadorGrafico/db/mux_8hb.tdf                                                              ;         ;
; db/altsyncram_7062.tdf                                                      ; yes             ; Auto-Generated Megafunction            ; E:/CoprocessadorGrafico/db/altsyncram_7062.tdf                                                      ;         ;
; memory_files/initialization_files/palette_default.mif                       ; yes             ; Auto-Found Memory Initialization File  ; E:/CoprocessadorGrafico/memory_files/initialization_files/palette_default.mif                       ;         ;
; db/altsyncram_fn52.tdf                                                      ; yes             ; Auto-Generated Megafunction            ; E:/CoprocessadorGrafico/db/altsyncram_fn52.tdf                                                      ;         ;
; memory_files/initialization_files/bg_tile_ram.mif                           ; yes             ; Auto-Found Memory Initialization File  ; E:/CoprocessadorGrafico/memory_files/initialization_files/bg_tile_ram.mif                           ;         ;
; db/altsyncram_5t62.tdf                                                      ; yes             ; Auto-Generated Megafunction            ; E:/CoprocessadorGrafico/db/altsyncram_5t62.tdf                                                      ;         ;
; memory_files/initialization_files/bg_tile_pattern_praia.mif                 ; yes             ; Auto-Found Memory Initialization File  ; E:/CoprocessadorGrafico/memory_files/initialization_files/bg_tile_pattern_praia.mif                 ;         ;
; db/decode_5la.tdf                                                           ; yes             ; Auto-Generated Megafunction            ; E:/CoprocessadorGrafico/db/decode_5la.tdf                                                           ;         ;
; db/mux_lfb.tdf                                                              ; yes             ; Auto-Generated Megafunction            ; E:/CoprocessadorGrafico/db/mux_lfb.tdf                                                              ;         ;
; db/altsyncram_7h62.tdf                                                      ; yes             ; Auto-Generated Megafunction            ; E:/CoprocessadorGrafico/db/altsyncram_7h62.tdf                                                      ;         ;
; memory_files/initialization_files/sprite_attribute_ram.mif                  ; yes             ; Auto-Found Memory Initialization File  ; E:/CoprocessadorGrafico/memory_files/initialization_files/sprite_attribute_ram.mif                  ;         ;
; db/altsyncram_hi82.tdf                                                      ; yes             ; Auto-Generated Megafunction            ; E:/CoprocessadorGrafico/db/altsyncram_hi82.tdf                                                      ;         ;
; memory_files/initialization_files/sprite_pattern_ram_pikachu_charmander.mif ; yes             ; Auto-Found Memory Initialization File  ; E:/CoprocessadorGrafico/memory_files/initialization_files/sprite_pattern_ram_pikachu_charmander.mif ;         ;
+-----------------------------------------------------------------------------+-----------------+----------------------------------------+-----------------------------------------------------------------------------------------------------+---------+


+--------------------------------------------------------------+
; Analysis & Synthesis Resource Usage Summary                  ;
+---------------------------------------------+----------------+
; Resource                                    ; Usage          ;
+---------------------------------------------+----------------+
; Estimate of Logic utilization (ALMs needed) ; 726            ;
;                                             ;                ;
; Combinational ALUT usage for logic          ; 993            ;
;     -- 7 input functions                    ; 26             ;
;     -- 6 input functions                    ; 326            ;
;     -- 5 input functions                    ; 85             ;
;     -- 4 input functions                    ; 84             ;
;     -- <=3 input functions                  ; 472            ;
;                                             ;                ;
; Dedicated logic registers                   ; 941            ;
;                                             ;                ;
; I/O pins                                    ; 241            ;
; Total MLAB memory bits                      ; 0              ;
; Total block memory bits                     ; 1659776        ;
;                                             ;                ;
; Total DSP Blocks                            ; 0              ;
;                                             ;                ;
; Total PLLs                                  ; 1              ;
;     -- PLLs                                 ; 1              ;
;                                             ;                ;
; Maximum fan-out node                        ; CLOCK_50~input ;
; Maximum fan-out                             ; 1149           ;
; Total fan-out                               ; 14078          ;
; Average fan-out                             ; 5.07           ;
+---------------------------------------------+----------------+


+-----------------------------------------------------------------------------------------------------------------------------------------------------------------------------------------------------------------------------------------------------------------------------------------------------------------------------------------------------------------------------------------------------------------+
; Analysis & Synthesis Resource Utilization by Entity                                                                                                                                                                                                                                                                                                                                                             ;
+--------------------------------------------------------+---------------------+---------------------------+-------------------+------------+------+--------------+-------------------------------------------------------------------------------------------------------------------------------------------------------------------------------------------------------+------------------------+--------------+
; Compilation Hierarchy Node                             ; Combinational ALUTs ; Dedicated Logic Registers ; Block Memory Bits ; DSP Blocks ; Pins ; Virtual Pins ; Full Hierarchy Name                                                                                                                                                                                   ; Entity Name            ; Library Name ;
+--------------------------------------------------------+---------------------+---------------------------+-------------------+------------+------+--------------+-------------------------------------------------------------------------------------------------------------------------------------------------------------------------------------------------------+------------------------+--------------+
; |DE1_SOC_golden_top                                    ; 993 (1)             ; 941 (0)                   ; 1659776           ; 0          ; 241  ; 0            ; |DE1_SOC_golden_top                                                                                                                                                                                   ; DE1_SOC_golden_top     ; work         ;
;    |test_driver:test_driver_inst|                      ; 11 (11)             ; 14 (14)                   ; 0                 ; 0          ; 0    ; 0            ; |DE1_SOC_golden_top|test_driver:test_driver_inst                                                                                                                                                      ; test_driver            ; work         ;
;    |top_video:video_system|                            ; 981 (5)             ; 927 (7)                   ; 1659776           ; 0          ; 0    ; 0            ; |DE1_SOC_golden_top|top_video:video_system                                                                                                                                                            ; top_video              ; work         ;
;       |bg_tile_pattern_ram:bg_tile_pattern_ram_inst|   ; 0 (0)               ; 2 (0)                     ; 131072            ; 0          ; 0    ; 0            ; |DE1_SOC_golden_top|top_video:video_system|bg_tile_pattern_ram:bg_tile_pattern_ram_inst                                                                                                               ; bg_tile_pattern_ram    ; work         ;
;          |altsyncram:altsyncram_component|             ; 0 (0)               ; 2 (0)                     ; 131072            ; 0          ; 0    ; 0            ; |DE1_SOC_golden_top|top_video:video_system|bg_tile_pattern_ram:bg_tile_pattern_ram_inst|altsyncram:altsyncram_component                                                                               ; altsyncram             ; work         ;
;             |altsyncram_5t62:auto_generated|           ; 0 (0)               ; 2 (2)                     ; 131072            ; 0          ; 0    ; 0            ; |DE1_SOC_golden_top|top_video:video_system|bg_tile_pattern_ram:bg_tile_pattern_ram_inst|altsyncram:altsyncram_component|altsyncram_5t62:auto_generated                                                ; altsyncram_5t62        ; work         ;
;       |bg_tile_ram:bg_tile_ram_inst|                   ; 0 (0)               ; 0 (0)                     ; 9600              ; 0          ; 0    ; 0            ; |DE1_SOC_golden_top|top_video:video_system|bg_tile_ram:bg_tile_ram_inst                                                                                                                               ; bg_tile_ram            ; work         ;
;          |altsyncram:altsyncram_component|             ; 0 (0)               ; 0 (0)                     ; 9600              ; 0          ; 0    ; 0            ; |DE1_SOC_golden_top|top_video:video_system|bg_tile_ram:bg_tile_ram_inst|altsyncram:altsyncram_component                                                                                               ; altsyncram             ; work         ;
;             |altsyncram_fn52:auto_generated|           ; 0 (0)               ; 0 (0)                     ; 9600              ; 0          ; 0    ; 0            ; |DE1_SOC_golden_top|top_video:video_system|bg_tile_ram:bg_tile_ram_inst|altsyncram:altsyncram_component|altsyncram_fn52:auto_generated                                                                ; altsyncram_fn52        ; work         ;
;       |compositor:compositor_inst|                     ; 53 (53)             ; 8 (8)                     ; 0                 ; 0          ; 0    ; 0            ; |DE1_SOC_golden_top|top_video:video_system|compositor:compositor_inst                                                                                                                                 ; compositor             ; work         ;
;       |framebuffer:framebuffer_inst|                   ; 75 (0)              ; 9 (1)                     ; 1382400           ; 0          ; 0    ; 0            ; |DE1_SOC_golden_top|top_video:video_system|framebuffer:framebuffer_inst                                                                                                                               ; framebuffer            ; work         ;
;          |fb_addr_gen:rd_addr_gen|                     ; 18 (18)             ; 0 (0)                     ; 0                 ; 0          ; 0    ; 0            ; |DE1_SOC_golden_top|top_video:video_system|framebuffer:framebuffer_inst|fb_addr_gen:rd_addr_gen                                                                                                       ; fb_addr_gen            ; work         ;
;          |fb_addr_gen:wr_addr_gen|                     ; 18 (18)             ; 0 (0)                     ; 0                 ; 0          ; 0    ; 0            ; |DE1_SOC_golden_top|top_video:video_system|framebuffer:framebuffer_inst|fb_addr_gen:wr_addr_gen                                                                                                       ; fb_addr_gen            ; work         ;
;          |framebuffer_ram:framebuffer_ram_bank0|       ; 29 (0)              ; 0 (0)                     ; 691200            ; 0          ; 0    ; 0            ; |DE1_SOC_golden_top|top_video:video_system|framebuffer:framebuffer_inst|framebuffer_ram:framebuffer_ram_bank0                                                                                         ; framebuffer_ram        ; work         ;
;             |altsyncram:altsyncram_component|          ; 29 (0)              ; 0 (0)                     ; 691200            ; 0          ; 0    ; 0            ; |DE1_SOC_golden_top|top_video:video_system|framebuffer:framebuffer_inst|framebuffer_ram:framebuffer_ram_bank0|altsyncram:altsyncram_component                                                         ; altsyncram             ; work         ;
;                |altsyncram_lsr1:auto_generated|        ; 29 (0)              ; 0 (0)                     ; 691200            ; 0          ; 0    ; 0            ; |DE1_SOC_golden_top|top_video:video_system|framebuffer:framebuffer_inst|framebuffer_ram:framebuffer_ram_bank0|altsyncram:altsyncram_component|altsyncram_lsr1:auto_generated                          ; altsyncram_lsr1        ; work         ;
;                   |decode_g2a:rden_decode_b|           ; 10 (10)             ; 0 (0)                     ; 0                 ; 0          ; 0    ; 0            ; |DE1_SOC_golden_top|top_video:video_system|framebuffer:framebuffer_inst|framebuffer_ram:framebuffer_ram_bank0|altsyncram:altsyncram_component|altsyncram_lsr1:auto_generated|decode_g2a:rden_decode_b ; decode_g2a             ; work         ;
;                   |decode_nma:decode2|                 ; 10 (10)             ; 0 (0)                     ; 0                 ; 0          ; 0    ; 0            ; |DE1_SOC_golden_top|top_video:video_system|framebuffer:framebuffer_inst|framebuffer_ram:framebuffer_ram_bank0|altsyncram:altsyncram_component|altsyncram_lsr1:auto_generated|decode_nma:decode2       ; decode_nma             ; work         ;
;                   |mux_8hb:mux3|                       ; 9 (9)               ; 0 (0)                     ; 0                 ; 0          ; 0    ; 0            ; |DE1_SOC_golden_top|top_video:video_system|framebuffer:framebuffer_inst|framebuffer_ram:framebuffer_ram_bank0|altsyncram:altsyncram_component|altsyncram_lsr1:auto_generated|mux_8hb:mux3             ; mux_8hb                ; work         ;
;          |framebuffer_ram:framebuffer_ram_bank1|       ; 10 (0)              ; 8 (0)                     ; 691200            ; 0          ; 0    ; 0            ; |DE1_SOC_golden_top|top_video:video_system|framebuffer:framebuffer_inst|framebuffer_ram:framebuffer_ram_bank1                                                                                         ; framebuffer_ram        ; work         ;
;             |altsyncram:altsyncram_component|          ; 10 (0)              ; 8 (0)                     ; 691200            ; 0          ; 0    ; 0            ; |DE1_SOC_golden_top|top_video:video_system|framebuffer:framebuffer_inst|framebuffer_ram:framebuffer_ram_bank1|altsyncram:altsyncram_component                                                         ; altsyncram             ; work         ;
;                |altsyncram_lsr1:auto_generated|        ; 10 (0)              ; 8 (8)                     ; 691200            ; 0          ; 0    ; 0            ; |DE1_SOC_golden_top|top_video:video_system|framebuffer:framebuffer_inst|framebuffer_ram:framebuffer_ram_bank1|altsyncram:altsyncram_component|altsyncram_lsr1:auto_generated                          ; altsyncram_lsr1        ; work         ;
;                   |decode_nma:decode2|                 ; 10 (10)             ; 0 (0)                     ; 0                 ; 0          ; 0    ; 0            ; |DE1_SOC_golden_top|top_video:video_system|framebuffer:framebuffer_inst|framebuffer_ram:framebuffer_ram_bank1|altsyncram:altsyncram_component|altsyncram_lsr1:auto_generated|decode_nma:decode2       ; decode_nma             ; work         ;
;       |motor_background:motor_background_inst|         ; 348 (348)           ; 458 (458)                 ; 0                 ; 0          ; 0    ; 0            ; |DE1_SOC_golden_top|top_video:video_system|motor_background:motor_background_inst                                                                                                                     ; motor_background       ; work         ;
;       |motor_sprite:motor_sprite_inst|                 ; 77 (77)             ; 79 (79)                   ; 0                 ; 0          ; 0    ; 0            ; |DE1_SOC_golden_top|top_video:video_system|motor_sprite:motor_sprite_inst                                                                                                                             ; motor_sprite           ; work         ;
;       |palette_ram:palette_ram_inst|                   ; 0 (0)               ; 0 (0)                     ; 4608              ; 0          ; 0    ; 0            ; |DE1_SOC_golden_top|top_video:video_system|palette_ram:palette_ram_inst                                                                                                                               ; palette_ram            ; work         ;
;          |altsyncram:altsyncram_component|             ; 0 (0)               ; 0 (0)                     ; 4608              ; 0          ; 0    ; 0            ; |DE1_SOC_golden_top|top_video:video_system|palette_ram:palette_ram_inst|altsyncram:altsyncram_component                                                                                               ; altsyncram             ; work         ;
;             |altsyncram_7062:auto_generated|           ; 0 (0)               ; 0 (0)                     ; 4608              ; 0          ; 0    ; 0            ; |DE1_SOC_golden_top|top_video:video_system|palette_ram:palette_ram_inst|altsyncram:altsyncram_component|altsyncram_7062:auto_generated                                                                ; altsyncram_7062        ; work         ;
;       |pll01:pll01_inst|                               ; 0 (0)               ; 0 (0)                     ; 0                 ; 0          ; 0    ; 0            ; |DE1_SOC_golden_top|top_video:video_system|pll01:pll01_inst                                                                                                                                           ; pll01                  ; pll01        ;
;          |pll01_0002:pll01_inst|                       ; 0 (0)               ; 0 (0)                     ; 0                 ; 0          ; 0    ; 0            ; |DE1_SOC_golden_top|top_video:video_system|pll01:pll01_inst|pll01_0002:pll01_inst                                                                                                                     ; pll01_0002             ; pll01        ;
;             |altera_pll:altera_pll_i|                  ; 0 (0)               ; 0 (0)                     ; 0                 ; 0          ; 0    ; 0            ; |DE1_SOC_golden_top|top_video:video_system|pll01:pll01_inst|pll01_0002:pll01_inst|altera_pll:altera_pll_i                                                                                             ; altera_pll             ; work         ;
;       |rasterizador_top:rasterizer_top_inst|           ; 279 (0)             ; 317 (0)                   ; 0                 ; 0          ; 0    ; 0            ; |DE1_SOC_golden_top|top_video:video_system|rasterizador_top:rasterizer_top_inst                                                                                                                       ; rasterizador_top       ; work         ;
;          |rasterizador_quadrado:u_square|              ; 53 (53)             ; 66 (66)                   ; 0                 ; 0          ; 0    ; 0            ; |DE1_SOC_golden_top|top_video:video_system|rasterizador_top:rasterizer_top_inst|rasterizador_quadrado:u_square                                                                                        ; rasterizador_quadrado  ; work         ;
;          |rasterizador_triangulo:u_triangle|           ; 226 (185)           ; 251 (181)                 ; 0                 ; 0          ; 0    ; 0            ; |DE1_SOC_golden_top|top_video:video_system|rasterizador_top:rasterizer_top_inst|rasterizador_triangulo:u_triangle                                                                                     ; rasterizador_triangulo ; work         ;
;             |divisor_unsigned:u_div|                   ; 41 (41)             ; 70 (70)                   ; 0                 ; 0          ; 0    ; 0            ; |DE1_SOC_golden_top|top_video:video_system|rasterizador_top:rasterizer_top_inst|rasterizador_triangulo:u_triangle|divisor_unsigned:u_div                                                              ; divisor_unsigned       ; work         ;
;       |sprite_attribute_ram:sprite_attribute_ram_inst| ; 0 (0)               ; 0 (0)                     ; 1024              ; 0          ; 0    ; 0            ; |DE1_SOC_golden_top|top_video:video_system|sprite_attribute_ram:sprite_attribute_ram_inst                                                                                                             ; sprite_attribute_ram   ; work         ;
;          |altsyncram:altsyncram_component|             ; 0 (0)               ; 0 (0)                     ; 1024              ; 0          ; 0    ; 0            ; |DE1_SOC_golden_top|top_video:video_system|sprite_attribute_ram:sprite_attribute_ram_inst|altsyncram:altsyncram_component                                                                             ; altsyncram             ; work         ;
;             |altsyncram_7h62:auto_generated|           ; 0 (0)               ; 0 (0)                     ; 1024              ; 0          ; 0    ; 0            ; |DE1_SOC_golden_top|top_video:video_system|sprite_attribute_ram:sprite_attribute_ram_inst|altsyncram:altsyncram_component|altsyncram_7h62:auto_generated                                              ; altsyncram_7h62        ; work         ;
;       |sprite_pattern_ram:sprite_pattern_ram_inst|     ; 8 (0)               ; 2 (0)                     ; 131072            ; 0          ; 0    ; 0            ; |DE1_SOC_golden_top|top_video:video_system|sprite_pattern_ram:sprite_pattern_ram_inst                                                                                                                 ; sprite_pattern_ram     ; work         ;
;          |altsyncram:altsyncram_component|             ; 8 (0)               ; 2 (0)                     ; 131072            ; 0          ; 0    ; 0            ; |DE1_SOC_golden_top|top_video:video_system|sprite_pattern_ram:sprite_pattern_ram_inst|altsyncram:altsyncram_component                                                                                 ; altsyncram             ; work         ;
;             |altsyncram_hi82:auto_generated|           ; 8 (0)               ; 2 (2)                     ; 131072            ; 0          ; 0    ; 0            ; |DE1_SOC_golden_top|top_video:video_system|sprite_pattern_ram:sprite_pattern_ram_inst|altsyncram:altsyncram_component|altsyncram_hi82:auto_generated                                                  ; altsyncram_hi82        ; work         ;
;                |mux_lfb:mux3|                          ; 8 (8)               ; 0 (0)                     ; 0                 ; 0          ; 0    ; 0            ; |DE1_SOC_golden_top|top_video:video_system|sprite_pattern_ram:sprite_pattern_ram_inst|altsyncram:altsyncram_component|altsyncram_hi82:auto_generated|mux_lfb:mux3                                     ; mux_lfb                ; work         ;
;       |vga_driver:vga_driver_inst|                     ; 136 (136)           ; 45 (45)                   ; 0                 ; 0          ; 0    ; 0            ; |DE1_SOC_golden_top|top_video:video_system|vga_driver:vga_driver_inst                                                                                                                                 ; vga_driver             ; work         ;
+--------------------------------------------------------+---------------------+---------------------------+-------------------+------------+------+--------------+-------------------------------------------------------------------------------------------------------------------------------------------------------------------------------------------------------+------------------------+--------------+
Note: For table entries with two numbers listed, the numbers in parentheses indicate the number of resources of the given type used by the specific entity alone. The numbers listed outside of parentheses indicate the total resources of the given type used by the specific entity and all of its sub-entities in the hierarchy.


+----------------------------------------------------------------------------------------------------------------------------------------------------------------------------------------------------------------------------------------------------------------------------------------------------------------------------------------------------------+
; Analysis & Synthesis RAM Summary                                                                                                                                                                                                                                                                                                                         ;
+---------------------------------------------------------------------------------------------------------------------------------------------------------------------+------------+------------------+--------------+--------------+--------------+--------------+--------+-------------------------------------------------------------------------------+
; Name                                                                                                                                                                ; Type       ; Mode             ; Port A Depth ; Port A Width ; Port B Depth ; Port B Width ; Size   ; MIF                                                                           ;
+---------------------------------------------------------------------------------------------------------------------------------------------------------------------+------------+------------------+--------------+--------------+--------------+--------------+--------+-------------------------------------------------------------------------------+
; top_video:video_system|bg_tile_pattern_ram:bg_tile_pattern_ram_inst|altsyncram:altsyncram_component|altsyncram_5t62:auto_generated|ALTSYNCRAM                       ; M10K block ; Simple Dual Port ; 16384        ; 8            ; 16384        ; 8            ; 131072 ; ./memory_files/initialization_files/bg_tile_pattern_praia.mif                 ;
; top_video:video_system|bg_tile_ram:bg_tile_ram_inst|altsyncram:altsyncram_component|altsyncram_fn52:auto_generated|ALTSYNCRAM                                       ; M10K block ; Simple Dual Port ; 1200         ; 8            ; 1200         ; 8            ; 9600   ; ./memory_files/initialization_files/bg_tile_ram.mif                           ;
; top_video:video_system|framebuffer:framebuffer_inst|framebuffer_ram:framebuffer_ram_bank0|altsyncram:altsyncram_component|altsyncram_lsr1:auto_generated|ALTSYNCRAM ; M10K block ; Simple Dual Port ; 76800        ; 9            ; 76800        ; 9            ; 691200 ; None                                                                          ;
; top_video:video_system|framebuffer:framebuffer_inst|framebuffer_ram:framebuffer_ram_bank1|altsyncram:altsyncram_component|altsyncram_lsr1:auto_generated|ALTSYNCRAM ; M10K block ; Simple Dual Port ; 76800        ; 9            ; 76800        ; 9            ; 691200 ; None                                                                          ;
; top_video:video_system|palette_ram:palette_ram_inst|altsyncram:altsyncram_component|altsyncram_7062:auto_generated|ALTSYNCRAM                                       ; M10K block ; Simple Dual Port ; 512          ; 9            ; 512          ; 9            ; 4608   ; ./memory_files/initialization_files/palette_default.mif                       ;
; top_video:video_system|sprite_attribute_ram:sprite_attribute_ram_inst|altsyncram:altsyncram_component|altsyncram_7h62:auto_generated|ALTSYNCRAM                     ; M10K block ; Simple Dual Port ; 32           ; 32           ; 32           ; 32           ; 1024   ; ./memory_files/initialization_files/sprite_attribute_ram.mif                  ;
; top_video:video_system|sprite_pattern_ram:sprite_pattern_ram_inst|altsyncram:altsyncram_component|altsyncram_hi82:auto_generated|ALTSYNCRAM                         ; M10K block ; Simple Dual Port ; 16384        ; 8            ; 16384        ; 8            ; 131072 ; ./memory_files/initialization_files/sprite_pattern_ram_pikachu_charmander.mif ;
+---------------------------------------------------------------------------------------------------------------------------------------------------------------------+------------+------------------+--------------+--------------+--------------+--------------+--------+-------------------------------------------------------------------------------+


+---------------------------------------------------------------------------------------------------------------------------------------------------------------------------------------------------------------------+
; Analysis & Synthesis IP Cores Summary                                                                                                                                                                               ;
+--------+--------------+---------+--------------+--------------+---------------------------------------------------------------------------------------------------------------+-------------------------------------+
; Vendor ; IP Core Name ; Version ; Release Date ; License Type ; Entity Instance                                                                                               ; IP Include File                     ;
+--------+--------------+---------+--------------+--------------+---------------------------------------------------------------------------------------------------------------+-------------------------------------+
; Altera ; RAM: 2-PORT  ; 25.1    ; N/A          ; N/A          ; |DE1_SOC_golden_top|top_video:video_system|bg_tile_pattern_ram:bg_tile_pattern_ram_inst                       ; memory_files/bg_tile_pattern_ram.v  ;
; Altera ; RAM: 2-PORT  ; 25.1    ; N/A          ; N/A          ; |DE1_SOC_golden_top|top_video:video_system|bg_tile_ram:bg_tile_ram_inst                                       ; memory_files/bg_tile_ram.v          ;
; Altera ; RAM: 2-PORT  ; 20.1    ; N/A          ; N/A          ; |DE1_SOC_golden_top|top_video:video_system|framebuffer:framebuffer_inst|framebuffer_ram:framebuffer_ram_bank0 ; memory_files/framebuffer_ram.v      ;
; Altera ; RAM: 2-PORT  ; 20.1    ; N/A          ; N/A          ; |DE1_SOC_golden_top|top_video:video_system|framebuffer:framebuffer_inst|framebuffer_ram:framebuffer_ram_bank1 ; memory_files/framebuffer_ram.v      ;
; Altera ; RAM: 2-PORT  ; 25.1    ; N/A          ; N/A          ; |DE1_SOC_golden_top|top_video:video_system|palette_ram:palette_ram_inst                                       ; memory_files/palette_ram.v          ;
; Altera ; altera_pll   ; 20.1    ; N/A          ; N/A          ; |DE1_SOC_golden_top|top_video:video_system|pll01:pll01_inst                                                   ; pll01.v                             ;
; Altera ; RAM: 2-PORT  ; 25.1    ; N/A          ; N/A          ; |DE1_SOC_golden_top|top_video:video_system|sprite_attribute_ram:sprite_attribute_ram_inst                     ; memory_files/sprite_attribute_ram.v ;
; Altera ; RAM: 2-PORT  ; 25.1    ; N/A          ; N/A          ; |DE1_SOC_golden_top|top_video:video_system|sprite_pattern_ram:sprite_pattern_ram_inst                         ; memory_files/sprite_pattern_ram.v   ;
+--------+--------------+---------+--------------+--------------+---------------------------------------------------------------------------------------------------------------+-------------------------------------+


Encoding Type:  One-Hot
+-------------------------------------------------------------------------------------------------------------------------------------------------------------------------------------------------+
; State Machine - |DE1_SOC_golden_top|test_driver:test_driver_inst|state                                                                                                                          ;
+-----------------------+---------------------+-----------------------+-----------------------+---------------------+---------------------+-------------------+--------------+--------------------+
; Name                  ; state.T_SIGNAL_DONE ; state.T_WAIT_TRIANGLE ; state.T_DRAW_TRIANGLE ; state.T_WAIT_SQUARE ; state.T_DRAW_SQUARE ; state.T_WAIT_POLY ; state.T_IDLE ; state.T_WAIT_FRAME ;
+-----------------------+---------------------+-----------------------+-----------------------+---------------------+---------------------+-------------------+--------------+--------------------+
; state.T_IDLE          ; 0                   ; 0                     ; 0                     ; 0                   ; 0                   ; 0                 ; 0            ; 0                  ;
; state.T_WAIT_POLY     ; 0                   ; 0                     ; 0                     ; 0                   ; 0                   ; 1                 ; 1            ; 0                  ;
; state.T_DRAW_SQUARE   ; 0                   ; 0                     ; 0                     ; 0                   ; 1                   ; 0                 ; 1            ; 0                  ;
; state.T_WAIT_SQUARE   ; 0                   ; 0                     ; 0                     ; 1                   ; 0                   ; 0                 ; 1            ; 0                  ;
; state.T_DRAW_TRIANGLE ; 0                   ; 0                     ; 1                     ; 0                   ; 0                   ; 0                 ; 1            ; 0                  ;
; state.T_WAIT_TRIANGLE ; 0                   ; 1                     ; 0                     ; 0                   ; 0                   ; 0                 ; 1            ; 0                  ;
; state.T_SIGNAL_DONE   ; 1                   ; 0                     ; 0                     ; 0                   ; 0                   ; 0                 ; 1            ; 0                  ;
; state.T_WAIT_FRAME    ; 0                   ; 0                     ; 0                     ; 0                   ; 0                   ; 0                 ; 1            ; 1                  ;
+-----------------------+---------------------+-----------------------+-----------------------+---------------------+---------------------+-------------------+--------------+--------------------+


Encoding Type:  One-Hot
+---------------------------------------------------------------------------------------------+
; State Machine - |DE1_SOC_golden_top|top_video:video_system|compositor:compositor_inst|state ;
+--------------+-------------+--------------+------------+--------------+---------------------+
; Name         ; state.S_SPR ; state.S_POLY ; state.S_BG ; state.S_IDLE ; state.S_DONE        ;
+--------------+-------------+--------------+------------+--------------+---------------------+
; state.S_IDLE ; 0           ; 0            ; 0          ; 0            ; 0                   ;
; state.S_BG   ; 0           ; 0            ; 1          ; 1            ; 0                   ;
; state.S_POLY ; 0           ; 1            ; 0          ; 1            ; 0                   ;
; state.S_SPR  ; 1           ; 0            ; 0          ; 1            ; 0                   ;
; state.S_DONE ; 0           ; 0            ; 0          ; 1            ; 1                   ;
+--------------+-------------+--------------+------------+--------------+---------------------+


Encoding Type:  One-Hot
+------------------------------------------------------------------------------------------------------------------------------------------------------------------------------------------------------------------------------------------------------------------+
; State Machine - |DE1_SOC_golden_top|top_video:video_system|rasterizador_top:rasterizer_top_inst|rasterizador_triangulo:u_triangle|state                                                                                                                          ;
+----------------------+--------------+------------------+-----------------+------------------+-----------------+------------------+-----------------+------------------+-----------------+------------------+---------------+----------------------+--------------+
; Name                 ; state.S_DONE ; state.S_BOT_FILL ; state.S_BOT_ROW ; state.S_BOT_INIT ; state.S_DIV_BOT ; state.S_TOP_FILL ; state.S_TOP_ROW ; state.S_TOP_INIT ; state.S_DIV_TOP ; state.S_DIV_LONG ; state.S_SETUP ; state.S_PALETTE_WAIT ; state.S_IDLE ;
+----------------------+--------------+------------------+-----------------+------------------+-----------------+------------------+-----------------+------------------+-----------------+------------------+---------------+----------------------+--------------+
; state.S_IDLE         ; 0            ; 0                ; 0               ; 0                ; 0               ; 0                ; 0               ; 0                ; 0               ; 0                ; 0             ; 0                    ; 0            ;
; state.S_PALETTE_WAIT ; 0            ; 0                ; 0               ; 0                ; 0               ; 0                ; 0               ; 0                ; 0               ; 0                ; 0             ; 1                    ; 1            ;
; state.S_SETUP        ; 0            ; 0                ; 0               ; 0                ; 0               ; 0                ; 0               ; 0                ; 0               ; 0                ; 1             ; 0                    ; 1            ;
; state.S_DIV_LONG     ; 0            ; 0                ; 0               ; 0                ; 0               ; 0                ; 0               ; 0                ; 0               ; 1                ; 0             ; 0                    ; 1            ;
; state.S_DIV_TOP      ; 0            ; 0                ; 0               ; 0                ; 0               ; 0                ; 0               ; 0                ; 1               ; 0                ; 0             ; 0                    ; 1            ;
; state.S_TOP_INIT     ; 0            ; 0                ; 0               ; 0                ; 0               ; 0                ; 0               ; 1                ; 0               ; 0                ; 0             ; 0                    ; 1            ;
; state.S_TOP_ROW      ; 0            ; 0                ; 0               ; 0                ; 0               ; 0                ; 1               ; 0                ; 0               ; 0                ; 0             ; 0                    ; 1            ;
; state.S_TOP_FILL     ; 0            ; 0                ; 0               ; 0                ; 0               ; 1                ; 0               ; 0                ; 0               ; 0                ; 0             ; 0                    ; 1            ;
; state.S_DIV_BOT      ; 0            ; 0                ; 0               ; 0                ; 1               ; 0                ; 0               ; 0                ; 0               ; 0                ; 0             ; 0                    ; 1            ;
; state.S_BOT_INIT     ; 0            ; 0                ; 0               ; 1                ; 0               ; 0                ; 0               ; 0                ; 0               ; 0                ; 0             ; 0                    ; 1            ;
; state.S_BOT_ROW      ; 0            ; 0                ; 1               ; 0                ; 0               ; 0                ; 0               ; 0                ; 0               ; 0                ; 0             ; 0                    ; 1            ;
; state.S_BOT_FILL     ; 0            ; 1                ; 0               ; 0                ; 0               ; 0                ; 0               ; 0                ; 0               ; 0                ; 0             ; 0                    ; 1            ;
; state.S_DONE         ; 1            ; 0                ; 0               ; 0                ; 0               ; 0                ; 0               ; 0                ; 0               ; 0                ; 0             ; 0                    ; 1            ;
+----------------------+--------------+------------------+-----------------+------------------+-----------------+------------------+-----------------+------------------+-----------------+------------------+---------------+----------------------+--------------+


Encoding Type:  One-Hot
+--------------------------------------------------------------------------------------------------------------------------------------+
; State Machine - |DE1_SOC_golden_top|top_video:video_system|rasterizador_top:rasterizer_top_inst|rasterizador_quadrado:u_square|state ;
+----------------------+--------------+---------------+----------------------+--------------+------------------------------------------+
; Name                 ; state.S_FILL ; state.S_SETUP ; state.S_PALETTE_WAIT ; state.S_IDLE ; state.S_DONE                             ;
+----------------------+--------------+---------------+----------------------+--------------+------------------------------------------+
; state.S_IDLE         ; 0            ; 0             ; 0                    ; 0            ; 0                                        ;
; state.S_PALETTE_WAIT ; 0            ; 0             ; 1                    ; 1            ; 0                                        ;
; state.S_SETUP        ; 0            ; 1             ; 0                    ; 1            ; 0                                        ;
; state.S_FILL         ; 1            ; 0             ; 0                    ; 1            ; 0                                        ;
; state.S_DONE         ; 0            ; 0             ; 0                    ; 1            ; 1                                        ;
+----------------------+--------------+---------------+----------------------+--------------+------------------------------------------+


Encoding Type:  One-Hot
+-------------------------------------------------------------------------------------------------------------------------------------------------------------------------------------------------------------+
; State Machine - |DE1_SOC_golden_top|top_video:video_system|motor_sprite:motor_sprite_inst|state                                                                                                             ;
+--------------------+--------------+------------------+------------------+-----------------+------------------+--------------------+--------------------+-------------------+-----------------+--------------+
; Name               ; state.S_DONE ; state.S_NEXT_LVL ; state.S_NEXT_SPR ; state.S_NEXT_PX ; state.S_WRITE_PX ; state.S_PALETTE_RD ; state.S_PATTERN_RD ; state.S_CHECK_SPR ; state.S_ATTR_RD ; state.S_IDLE ;
+--------------------+--------------+------------------+------------------+-----------------+------------------+--------------------+--------------------+-------------------+-----------------+--------------+
; state.S_IDLE       ; 0            ; 0                ; 0                ; 0               ; 0                ; 0                  ; 0                  ; 0                 ; 0               ; 0            ;
; state.S_ATTR_RD    ; 0            ; 0                ; 0                ; 0               ; 0                ; 0                  ; 0                  ; 0                 ; 1               ; 1            ;
; state.S_CHECK_SPR  ; 0            ; 0                ; 0                ; 0               ; 0                ; 0                  ; 0                  ; 1                 ; 0               ; 1            ;
; state.S_PATTERN_RD ; 0            ; 0                ; 0                ; 0               ; 0                ; 0                  ; 1                  ; 0                 ; 0               ; 1            ;
; state.S_PALETTE_RD ; 0            ; 0                ; 0                ; 0               ; 0                ; 1                  ; 0                  ; 0                 ; 0               ; 1            ;
; state.S_WRITE_PX   ; 0            ; 0                ; 0                ; 0               ; 1                ; 0                  ; 0                  ; 0                 ; 0               ; 1            ;
; state.S_NEXT_PX    ; 0            ; 0                ; 0                ; 1               ; 0                ; 0                  ; 0                  ; 0                 ; 0               ; 1            ;
; state.S_NEXT_SPR   ; 0            ; 0                ; 1                ; 0               ; 0                ; 0                  ; 0                  ; 0                 ; 0               ; 1            ;
; state.S_NEXT_LVL   ; 0            ; 1                ; 0                ; 0               ; 0                ; 0                  ; 0                  ; 0                 ; 0               ; 1            ;
; state.S_DONE       ; 1            ; 0                ; 0                ; 0               ; 0                ; 0                  ; 0                  ; 0                 ; 0               ; 1            ;
+--------------------+--------------+------------------+------------------+-----------------+------------------+--------------------+--------------------+-------------------+-----------------+--------------+


Encoding Type:  One-Hot
+-------------------------------------------------------------------------------------------------------------------------------------------------------------------------------------------------------------------------------------------------------------------------------------------------------------------------------------+
; State Machine - |DE1_SOC_golden_top|top_video:video_system|motor_background:motor_background_inst|state                                                                                                                                                                                                                             ;
+------------------------+-----------------------+------------------------+-----------------------+--------------+---------------+----------------------+---------------------+----------------------+---------------------+------------------------+-----------------------+----------------------+-------------------+--------------+
; Name                   ; state.S_PALETTE_WAIT2 ; state.S_PREFETCH_WAIT2 ; state.S_PATTERN_WAIT2 ; state.S_DONE ; state.S_WRITE ; state.S_PALETTE_WAIT ; state.S_PALETTE_SET ; state.S_PATTERN_WAIT ; state.S_PATTERN_SET ; state.S_PREFETCH_STORE ; state.S_PREFETCH_WAIT ; state.S_PREFETCH_SET ; state.S_ROW_CHECK ; state.S_IDLE ;
+------------------------+-----------------------+------------------------+-----------------------+--------------+---------------+----------------------+---------------------+----------------------+---------------------+------------------------+-----------------------+----------------------+-------------------+--------------+
; state.S_IDLE           ; 0                     ; 0                      ; 0                     ; 0            ; 0             ; 0                    ; 0                   ; 0                    ; 0                   ; 0                      ; 0                     ; 0                    ; 0                 ; 0            ;
; state.S_ROW_CHECK      ; 0                     ; 0                      ; 0                     ; 0            ; 0             ; 0                    ; 0                   ; 0                    ; 0                   ; 0                      ; 0                     ; 0                    ; 1                 ; 1            ;
; state.S_PREFETCH_SET   ; 0                     ; 0                      ; 0                     ; 0            ; 0             ; 0                    ; 0                   ; 0                    ; 0                   ; 0                      ; 0                     ; 1                    ; 0                 ; 1            ;
; state.S_PREFETCH_WAIT  ; 0                     ; 0                      ; 0                     ; 0            ; 0             ; 0                    ; 0                   ; 0                    ; 0                   ; 0                      ; 1                     ; 0                    ; 0                 ; 1            ;
; state.S_PREFETCH_STORE ; 0                     ; 0                      ; 0                     ; 0            ; 0             ; 0                    ; 0                   ; 0                    ; 0                   ; 1                      ; 0                     ; 0                    ; 0                 ; 1            ;
; state.S_PATTERN_SET    ; 0                     ; 0                      ; 0                     ; 0            ; 0             ; 0                    ; 0                   ; 0                    ; 1                   ; 0                      ; 0                     ; 0                    ; 0                 ; 1            ;
; state.S_PATTERN_WAIT   ; 0                     ; 0                      ; 0                     ; 0            ; 0             ; 0                    ; 0                   ; 1                    ; 0                   ; 0                      ; 0                     ; 0                    ; 0                 ; 1            ;
; state.S_PALETTE_SET    ; 0                     ; 0                      ; 0                     ; 0            ; 0             ; 0                    ; 1                   ; 0                    ; 0                   ; 0                      ; 0                     ; 0                    ; 0                 ; 1            ;
; state.S_PALETTE_WAIT   ; 0                     ; 0                      ; 0                     ; 0            ; 0             ; 1                    ; 0                   ; 0                    ; 0                   ; 0                      ; 0                     ; 0                    ; 0                 ; 1            ;
; state.S_WRITE          ; 0                     ; 0                      ; 0                     ; 0            ; 1             ; 0                    ; 0                   ; 0                    ; 0                   ; 0                      ; 0                     ; 0                    ; 0                 ; 1            ;
; state.S_DONE           ; 0                     ; 0                      ; 0                     ; 1            ; 0             ; 0                    ; 0                   ; 0                    ; 0                   ; 0                      ; 0                     ; 0                    ; 0                 ; 1            ;
; state.S_PATTERN_WAIT2  ; 0                     ; 0                      ; 1                     ; 0            ; 0             ; 0                    ; 0                   ; 0                    ; 0                   ; 0                      ; 0                     ; 0                    ; 0                 ; 1            ;
; state.S_PREFETCH_WAIT2 ; 0                     ; 1                      ; 0                     ; 0            ; 0             ; 0                    ; 0                   ; 0                    ; 0                   ; 0                      ; 0                     ; 0                    ; 0                 ; 1            ;
; state.S_PALETTE_WAIT2  ; 1                     ; 0                      ; 0                     ; 0            ; 0             ; 0                    ; 0                   ; 0                    ; 0                   ; 0                      ; 0                     ; 0                    ; 0                 ; 1            ;
+------------------------+-----------------------+------------------------+-----------------------+--------------+---------------+----------------------+---------------------+----------------------+---------------------+------------------------+-----------------------+----------------------+-------------------+--------------+


Encoding Type:  One-Hot
+---------------------------------------------------------------------------------------------------------------------------------------+
; State Machine - |DE1_SOC_golden_top|top_video:video_system|vga_driver:vga_driver_inst|v_state_d1                                      ;
+---------------------------+-------------------------+--------------------------+--------------------------+---------------------------+
; Name                      ; v_state_d1.V_BACK_STATE ; v_state_d1.V_PULSE_STATE ; v_state_d1.V_FRONT_STATE ; v_state_d1.V_ACTIVE_STATE ;
+---------------------------+-------------------------+--------------------------+--------------------------+---------------------------+
; v_state_d1.V_ACTIVE_STATE ; 0                       ; 0                        ; 0                        ; 0                         ;
; v_state_d1.V_FRONT_STATE  ; 0                       ; 0                        ; 1                        ; 1                         ;
; v_state_d1.V_PULSE_STATE  ; 0                       ; 1                        ; 0                        ; 1                         ;
; v_state_d1.V_BACK_STATE   ; 1                       ; 0                        ; 0                        ; 1                         ;
+---------------------------+-------------------------+--------------------------+--------------------------+---------------------------+


Encoding Type:  One-Hot
+---------------------------------------------------------------------------------------------------------------------------------------+
; State Machine - |DE1_SOC_golden_top|top_video:video_system|vga_driver:vga_driver_inst|h_state_d1                                      ;
+---------------------------+-------------------------+--------------------------+--------------------------+---------------------------+
; Name                      ; h_state_d1.H_BACK_STATE ; h_state_d1.H_PULSE_STATE ; h_state_d1.H_FRONT_STATE ; h_state_d1.H_ACTIVE_STATE ;
+---------------------------+-------------------------+--------------------------+--------------------------+---------------------------+
; h_state_d1.H_ACTIVE_STATE ; 0                       ; 0                        ; 0                        ; 0                         ;
; h_state_d1.H_FRONT_STATE  ; 0                       ; 0                        ; 1                        ; 1                         ;
; h_state_d1.H_PULSE_STATE  ; 0                       ; 1                        ; 0                        ; 1                         ;
; h_state_d1.H_BACK_STATE   ; 1                       ; 0                        ; 0                        ; 1                         ;
+---------------------------+-------------------------+--------------------------+--------------------------+---------------------------+


Encoding Type:  One-Hot
+------------------------------------------------------------------------------------------------------------------------+
; State Machine - |DE1_SOC_golden_top|top_video:video_system|vga_driver:vga_driver_inst|v_state                          ;
+------------------------+----------------------+-----------------------+-----------------------+------------------------+
; Name                   ; v_state.V_BACK_STATE ; v_state.V_PULSE_STATE ; v_state.V_FRONT_STATE ; v_state.V_ACTIVE_STATE ;
+------------------------+----------------------+-----------------------+-----------------------+------------------------+
; v_state.V_ACTIVE_STATE ; 0                    ; 0                     ; 0                     ; 0                      ;
; v_state.V_FRONT_STATE  ; 0                    ; 0                     ; 1                     ; 1                      ;
; v_state.V_PULSE_STATE  ; 0                    ; 1                     ; 0                     ; 1                      ;
; v_state.V_BACK_STATE   ; 1                    ; 0                     ; 0                     ; 1                      ;
+------------------------+----------------------+-----------------------+-----------------------+------------------------+


Encoding Type:  One-Hot
+------------------------------------------------------------------------------------------------------------------------+
; State Machine - |DE1_SOC_golden_top|top_video:video_system|vga_driver:vga_driver_inst|h_state                          ;
+------------------------+----------------------+-----------------------+-----------------------+------------------------+
; Name                   ; h_state.H_BACK_STATE ; h_state.H_PULSE_STATE ; h_state.H_FRONT_STATE ; h_state.H_ACTIVE_STATE ;
+------------------------+----------------------+-----------------------+-----------------------+------------------------+
; h_state.H_ACTIVE_STATE ; 0                    ; 0                     ; 0                     ; 0                      ;
; h_state.H_FRONT_STATE  ; 0                    ; 0                     ; 1                     ; 1                      ;
; h_state.H_PULSE_STATE  ; 0                    ; 1                     ; 0                     ; 1                      ;
; h_state.H_BACK_STATE   ; 1                    ; 0                     ; 0                     ; 1                      ;
+------------------------+----------------------+-----------------------+-----------------------+------------------------+


+---------------------------------------------------------------------------------------------------------------------------------------------------------------------------------------------------------------------------------------------------------------------------------------------------------------------------------------------------------------------------+
; Registers Removed During Synthesis                                                                                                                                                                                                                                                                                                                                        ;
+-------------------------------------------------------------------------------------------------------------------------------------------------------------------------------+-------------------------------------------------------------------------------------------------------------------------------------------------------------------------------------------+
; Register name                                                                                                                                                                 ; Reason for Removal                                                                                                                                                                        ;
+-------------------------------------------------------------------------------------------------------------------------------------------------------------------------------+-------------------------------------------------------------------------------------------------------------------------------------------------------------------------------------------+
; top_video:video_system|vga_driver:vga_driver_inst|red_reg[0..2]                                                                                                               ; Stuck at GND due to stuck port data_in                                                                                                                                                    ;
; top_video:video_system|vga_driver:vga_driver_inst|green_reg[0..4]                                                                                                             ; Stuck at GND due to stuck port data_in                                                                                                                                                    ;
; top_video:video_system|vga_driver:vga_driver_inst|blue_reg[0..4]                                                                                                              ; Stuck at GND due to stuck port data_in                                                                                                                                                    ;
; top_video:video_system|vga_driver:vga_driver_inst|red_reg[3,4]                                                                                                                ; Stuck at GND due to stuck port data_in                                                                                                                                                    ;
; test_driver:test_driver_inst|rast_v2y[7]                                                                                                                                      ; Stuck at VCC due to stuck port data_in                                                                                                                                                    ;
; test_driver:test_driver_inst|rast_v2y[6]                                                                                                                                      ; Stuck at GND due to stuck port data_in                                                                                                                                                    ;
; test_driver:test_driver_inst|rast_v2y[5]                                                                                                                                      ; Stuck at VCC due to stuck port data_in                                                                                                                                                    ;
; test_driver:test_driver_inst|rast_v2y[0..4]                                                                                                                                   ; Stuck at GND due to stuck port data_in                                                                                                                                                    ;
; test_driver:test_driver_inst|rast_v2x[0,1]                                                                                                                                    ; Stuck at GND due to stuck port data_in                                                                                                                                                    ;
; test_driver:test_driver_inst|rast_v2x[2]                                                                                                                                      ; Stuck at VCC due to stuck port data_in                                                                                                                                                    ;
; test_driver:test_driver_inst|rast_v2x[3]                                                                                                                                      ; Stuck at GND due to stuck port data_in                                                                                                                                                    ;
; test_driver:test_driver_inst|rast_v2x[4,5]                                                                                                                                    ; Stuck at VCC due to stuck port data_in                                                                                                                                                    ;
; test_driver:test_driver_inst|rast_v2x[6]                                                                                                                                      ; Stuck at GND due to stuck port data_in                                                                                                                                                    ;
; test_driver:test_driver_inst|rast_v2x[7]                                                                                                                                      ; Stuck at VCC due to stuck port data_in                                                                                                                                                    ;
; test_driver:test_driver_inst|rast_v2x[8]                                                                                                                                      ; Stuck at GND due to stuck port data_in                                                                                                                                                    ;
; test_driver:test_driver_inst|rast_palette_sel                                                                                                                                 ; Stuck at GND due to stuck port data_in                                                                                                                                                    ;
; test_driver:test_driver_inst|rast_color_index[2..7]                                                                                                                           ; Stuck at GND due to stuck port data_in                                                                                                                                                    ;
; test_driver:test_driver_inst|rast_v1y[0,1]                                                                                                                                    ; Stuck at GND due to stuck port data_in                                                                                                                                                    ;
; test_driver:test_driver_inst|rast_v1y[5]                                                                                                                                      ; Stuck at VCC due to stuck port data_in                                                                                                                                                    ;
; test_driver:test_driver_inst|rast_v1y[6]                                                                                                                                      ; Stuck at GND due to stuck port data_in                                                                                                                                                    ;
; test_driver:test_driver_inst|rast_v1x[0,1]                                                                                                                                    ; Stuck at GND due to stuck port data_in                                                                                                                                                    ;
; test_driver:test_driver_inst|rast_v1x[3..5]                                                                                                                                   ; Stuck at VCC due to stuck port data_in                                                                                                                                                    ;
; test_driver:test_driver_inst|rast_v1x[7,8]                                                                                                                                    ; Stuck at GND due to stuck port data_in                                                                                                                                                    ;
; test_driver:test_driver_inst|rast_v0y[0,1]                                                                                                                                    ; Stuck at GND due to stuck port data_in                                                                                                                                                    ;
; test_driver:test_driver_inst|rast_v0y[2]                                                                                                                                      ; Stuck at VCC due to stuck port data_in                                                                                                                                                    ;
; test_driver:test_driver_inst|rast_v0y[3,7]                                                                                                                                    ; Stuck at GND due to stuck port data_in                                                                                                                                                    ;
; test_driver:test_driver_inst|rast_v0x[0]                                                                                                                                      ; Stuck at GND due to stuck port data_in                                                                                                                                                    ;
; test_driver:test_driver_inst|rast_v0x[2]                                                                                                                                      ; Stuck at VCC due to stuck port data_in                                                                                                                                                    ;
; test_driver:test_driver_inst|rast_v0x[3]                                                                                                                                      ; Stuck at GND due to stuck port data_in                                                                                                                                                    ;
; test_driver:test_driver_inst|rast_v0x[4]                                                                                                                                      ; Stuck at VCC due to stuck port data_in                                                                                                                                                    ;
; test_driver:test_driver_inst|rast_v0x[5,6,8]                                                                                                                                  ; Stuck at GND due to stuck port data_in                                                                                                                                                    ;
; top_video:video_system|rasterizador_top:rasterizer_top_inst|rasterizador_triangulo:u_triangle|palette_rd_addr[2..8]                                                           ; Stuck at GND due to stuck port data_in                                                                                                                                                    ;
; top_video:video_system|rasterizador_top:rasterizer_top_inst|rasterizador_triangulo:u_triangle|iv2y[0..4]                                                                      ; Stuck at GND due to stuck port data_in                                                                                                                                                    ;
; top_video:video_system|rasterizador_top:rasterizer_top_inst|rasterizador_triangulo:u_triangle|iv2y[5]                                                                         ; Stuck at VCC due to stuck port data_in                                                                                                                                                    ;
; top_video:video_system|rasterizador_top:rasterizer_top_inst|rasterizador_triangulo:u_triangle|iv2y[6]                                                                         ; Stuck at GND due to stuck port data_in                                                                                                                                                    ;
; top_video:video_system|rasterizador_top:rasterizer_top_inst|rasterizador_triangulo:u_triangle|iv2y[7]                                                                         ; Stuck at VCC due to stuck port data_in                                                                                                                                                    ;
; top_video:video_system|rasterizador_top:rasterizer_top_inst|rasterizador_triangulo:u_triangle|iv2x[0,1]                                                                       ; Stuck at GND due to stuck port data_in                                                                                                                                                    ;
; top_video:video_system|rasterizador_top:rasterizer_top_inst|rasterizador_triangulo:u_triangle|iv2x[2]                                                                         ; Stuck at VCC due to stuck port data_in                                                                                                                                                    ;
; top_video:video_system|rasterizador_top:rasterizer_top_inst|rasterizador_triangulo:u_triangle|iv2x[3]                                                                         ; Stuck at GND due to stuck port data_in                                                                                                                                                    ;
; top_video:video_system|rasterizador_top:rasterizer_top_inst|rasterizador_triangulo:u_triangle|iv2x[4,5]                                                                       ; Stuck at VCC due to stuck port data_in                                                                                                                                                    ;
; top_video:video_system|rasterizador_top:rasterizer_top_inst|rasterizador_triangulo:u_triangle|iv2x[6]                                                                         ; Stuck at GND due to stuck port data_in                                                                                                                                                    ;
; top_video:video_system|rasterizador_top:rasterizer_top_inst|rasterizador_triangulo:u_triangle|iv2x[7]                                                                         ; Stuck at VCC due to stuck port data_in                                                                                                                                                    ;
; top_video:video_system|rasterizador_top:rasterizer_top_inst|rasterizador_triangulo:u_triangle|iv2x[8]                                                                         ; Stuck at GND due to stuck port data_in                                                                                                                                                    ;
; top_video:video_system|rasterizador_top:rasterizer_top_inst|rasterizador_triangulo:u_triangle|iv1y[0,1]                                                                       ; Stuck at GND due to stuck port data_in                                                                                                                                                    ;
; top_video:video_system|rasterizador_top:rasterizer_top_inst|rasterizador_triangulo:u_triangle|iv1y[5]                                                                         ; Stuck at VCC due to stuck port data_in                                                                                                                                                    ;
; top_video:video_system|rasterizador_top:rasterizer_top_inst|rasterizador_triangulo:u_triangle|iv1y[6]                                                                         ; Stuck at GND due to stuck port data_in                                                                                                                                                    ;
; top_video:video_system|rasterizador_top:rasterizer_top_inst|rasterizador_triangulo:u_triangle|iv1x[0,1]                                                                       ; Stuck at GND due to stuck port data_in                                                                                                                                                    ;
; top_video:video_system|rasterizador_top:rasterizer_top_inst|rasterizador_triangulo:u_triangle|iv1x[3..5]                                                                      ; Stuck at VCC due to stuck port data_in                                                                                                                                                    ;
; top_video:video_system|rasterizador_top:rasterizer_top_inst|rasterizador_triangulo:u_triangle|iv1x[7,8]                                                                       ; Stuck at GND due to stuck port data_in                                                                                                                                                    ;
; top_video:video_system|rasterizador_top:rasterizer_top_inst|rasterizador_triangulo:u_triangle|iv0y[0,1]                                                                       ; Stuck at GND due to stuck port data_in                                                                                                                                                    ;
; top_video:video_system|rasterizador_top:rasterizer_top_inst|rasterizador_triangulo:u_triangle|iv0y[2]                                                                         ; Stuck at VCC due to stuck port data_in                                                                                                                                                    ;
; top_video:video_system|rasterizador_top:rasterizer_top_inst|rasterizador_triangulo:u_triangle|iv0y[3,7]                                                                       ; Stuck at GND due to stuck port data_in                                                                                                                                                    ;
; top_video:video_system|rasterizador_top:rasterizer_top_inst|rasterizador_triangulo:u_triangle|iv0x[0]                                                                         ; Stuck at GND due to stuck port data_in                                                                                                                                                    ;
; top_video:video_system|rasterizador_top:rasterizer_top_inst|rasterizador_triangulo:u_triangle|iv0x[2]                                                                         ; Stuck at VCC due to stuck port data_in                                                                                                                                                    ;
; top_video:video_system|rasterizador_top:rasterizer_top_inst|rasterizador_triangulo:u_triangle|iv0x[3]                                                                         ; Stuck at GND due to stuck port data_in                                                                                                                                                    ;
; top_video:video_system|rasterizador_top:rasterizer_top_inst|rasterizador_triangulo:u_triangle|iv0x[4]                                                                         ; Stuck at VCC due to stuck port data_in                                                                                                                                                    ;
; top_video:video_system|rasterizador_top:rasterizer_top_inst|rasterizador_triangulo:u_triangle|iv0x[5,6,8]                                                                     ; Stuck at GND due to stuck port data_in                                                                                                                                                    ;
; top_video:video_system|rasterizador_top:rasterizer_top_inst|rasterizador_quadrado:u_square|yMax[0,1]                                                                          ; Stuck at GND due to stuck port data_in                                                                                                                                                    ;
; top_video:video_system|rasterizador_top:rasterizer_top_inst|rasterizador_quadrado:u_square|xR[0]                                                                              ; Stuck at GND due to stuck port data_in                                                                                                                                                    ;
; top_video:video_system|rasterizador_top:rasterizer_top_inst|rasterizador_quadrado:u_square|xR[4]                                                                              ; Stuck at VCC due to stuck port data_in                                                                                                                                                    ;
; top_video:video_system|rasterizador_top:rasterizer_top_inst|rasterizador_quadrado:u_square|xR[8]                                                                              ; Stuck at GND due to stuck port data_in                                                                                                                                                    ;
; top_video:video_system|rasterizador_top:rasterizer_top_inst|rasterizador_quadrado:u_square|xL[0]                                                                              ; Stuck at GND due to stuck port data_in                                                                                                                                                    ;
; top_video:video_system|rasterizador_top:rasterizer_top_inst|rasterizador_quadrado:u_square|xL[4]                                                                              ; Stuck at VCC due to stuck port data_in                                                                                                                                                    ;
; top_video:video_system|rasterizador_top:rasterizer_top_inst|rasterizador_quadrado:u_square|xL[8]                                                                              ; Stuck at GND due to stuck port data_in                                                                                                                                                    ;
; top_video:video_system|rasterizador_top:rasterizer_top_inst|rasterizador_quadrado:u_square|palette_rd_addr[2..8]                                                              ; Stuck at GND due to stuck port data_in                                                                                                                                                    ;
; top_video:video_system|framebuffer:framebuffer_inst|framebuffer_ram:framebuffer_ram_bank0|altsyncram:altsyncram_component|altsyncram_lsr1:auto_generated|address_reg_b[3]     ; Merged with top_video:video_system|framebuffer:framebuffer_inst|framebuffer_ram:framebuffer_ram_bank1|altsyncram:altsyncram_component|altsyncram_lsr1:auto_generated|address_reg_b[3]     ;
; top_video:video_system|framebuffer:framebuffer_inst|framebuffer_ram:framebuffer_ram_bank0|altsyncram:altsyncram_component|altsyncram_lsr1:auto_generated|address_reg_b[2]     ; Merged with top_video:video_system|framebuffer:framebuffer_inst|framebuffer_ram:framebuffer_ram_bank1|altsyncram:altsyncram_component|altsyncram_lsr1:auto_generated|address_reg_b[2]     ;
; top_video:video_system|framebuffer:framebuffer_inst|framebuffer_ram:framebuffer_ram_bank0|altsyncram:altsyncram_component|altsyncram_lsr1:auto_generated|address_reg_b[1]     ; Merged with top_video:video_system|framebuffer:framebuffer_inst|framebuffer_ram:framebuffer_ram_bank1|altsyncram:altsyncram_component|altsyncram_lsr1:auto_generated|address_reg_b[1]     ;
; top_video:video_system|framebuffer:framebuffer_inst|framebuffer_ram:framebuffer_ram_bank0|altsyncram:altsyncram_component|altsyncram_lsr1:auto_generated|address_reg_b[0]     ; Merged with top_video:video_system|framebuffer:framebuffer_inst|framebuffer_ram:framebuffer_ram_bank1|altsyncram:altsyncram_component|altsyncram_lsr1:auto_generated|address_reg_b[0]     ;
; top_video:video_system|framebuffer:framebuffer_inst|framebuffer_ram:framebuffer_ram_bank0|altsyncram:altsyncram_component|altsyncram_lsr1:auto_generated|out_address_reg_b[3] ; Merged with top_video:video_system|framebuffer:framebuffer_inst|framebuffer_ram:framebuffer_ram_bank1|altsyncram:altsyncram_component|altsyncram_lsr1:auto_generated|out_address_reg_b[3] ;
; top_video:video_system|framebuffer:framebuffer_inst|framebuffer_ram:framebuffer_ram_bank0|altsyncram:altsyncram_component|altsyncram_lsr1:auto_generated|out_address_reg_b[2] ; Merged with top_video:video_system|framebuffer:framebuffer_inst|framebuffer_ram:framebuffer_ram_bank1|altsyncram:altsyncram_component|altsyncram_lsr1:auto_generated|out_address_reg_b[2] ;
; top_video:video_system|framebuffer:framebuffer_inst|framebuffer_ram:framebuffer_ram_bank0|altsyncram:altsyncram_component|altsyncram_lsr1:auto_generated|out_address_reg_b[1] ; Merged with top_video:video_system|framebuffer:framebuffer_inst|framebuffer_ram:framebuffer_ram_bank1|altsyncram:altsyncram_component|altsyncram_lsr1:auto_generated|out_address_reg_b[1] ;
; top_video:video_system|framebuffer:framebuffer_inst|framebuffer_ram:framebuffer_ram_bank0|altsyncram:altsyncram_component|altsyncram_lsr1:auto_generated|out_address_reg_b[0] ; Merged with top_video:video_system|framebuffer:framebuffer_inst|framebuffer_ram:framebuffer_ram_bank1|altsyncram:altsyncram_component|altsyncram_lsr1:auto_generated|out_address_reg_b[0] ;
; top_video:video_system|rasterizador_top:rasterizer_top_inst|rasterizador_triangulo:u_triangle|iv1x[2]                                                                         ; Merged with top_video:video_system|rasterizador_top:rasterizer_top_inst|rasterizador_triangulo:u_triangle|iv0y[4]                                                                         ;
; top_video:video_system|rasterizador_top:rasterizer_top_inst|rasterizador_triangulo:u_triangle|iv1y[2..4]                                                                      ; Merged with top_video:video_system|rasterizador_top:rasterizer_top_inst|rasterizador_triangulo:u_triangle|iv0y[4]                                                                         ;
; top_video:video_system|rasterizador_top:rasterizer_top_inst|rasterizador_triangulo:u_triangle|palette_rd_addr[0]                                                              ; Merged with top_video:video_system|rasterizador_top:rasterizer_top_inst|rasterizador_triangulo:u_triangle|iv0y[4]                                                                         ;
; top_video:video_system|rasterizador_top:rasterizer_top_inst|rasterizador_quadrado:u_square|xR[1,7]                                                                            ; Merged with top_video:video_system|rasterizador_top:rasterizer_top_inst|rasterizador_quadrado:u_square|xL[6]                                                                              ;
; top_video:video_system|rasterizador_top:rasterizer_top_inst|rasterizador_quadrado:u_square|xL[7]                                                                              ; Merged with top_video:video_system|rasterizador_top:rasterizer_top_inst|rasterizador_quadrado:u_square|xL[1]                                                                              ;
; top_video:video_system|rasterizador_top:rasterizer_top_inst|rasterizador_quadrado:u_square|xR[6]                                                                              ; Merged with top_video:video_system|rasterizador_top:rasterizer_top_inst|rasterizador_quadrado:u_square|xL[1]                                                                              ;
; top_video:video_system|rasterizador_top:rasterizer_top_inst|rasterizador_quadrado:u_square|xR[5]                                                                              ; Merged with top_video:video_system|rasterizador_top:rasterizer_top_inst|rasterizador_quadrado:u_square|xR[3]                                                                              ;
; top_video:video_system|motor_sprite:motor_sprite_inst|sidx_cnt[4]                                                                                                             ; Merged with top_video:video_system|motor_sprite:motor_sprite_inst|attr_rd_addr[4]                                                                                                         ;
; top_video:video_system|motor_sprite:motor_sprite_inst|sidx_cnt[3]                                                                                                             ; Merged with top_video:video_system|motor_sprite:motor_sprite_inst|attr_rd_addr[3]                                                                                                         ;
; top_video:video_system|motor_sprite:motor_sprite_inst|sidx_cnt[2]                                                                                                             ; Merged with top_video:video_system|motor_sprite:motor_sprite_inst|attr_rd_addr[2]                                                                                                         ;
; top_video:video_system|motor_sprite:motor_sprite_inst|sidx_cnt[1]                                                                                                             ; Merged with top_video:video_system|motor_sprite:motor_sprite_inst|attr_rd_addr[1]                                                                                                         ;
; top_video:video_system|motor_sprite:motor_sprite_inst|sidx_cnt[0]                                                                                                             ; Merged with top_video:video_system|motor_sprite:motor_sprite_inst|attr_rd_addr[0]                                                                                                         ;
; test_driver:test_driver_inst|rast_v0y[4]                                                                                                                                      ; Merged with test_driver:test_driver_inst|rast_color_index[0]                                                                                                                              ;
; test_driver:test_driver_inst|rast_v1x[2]                                                                                                                                      ; Merged with test_driver:test_driver_inst|rast_color_index[0]                                                                                                                              ;
; test_driver:test_driver_inst|rast_v1y[2..4]                                                                                                                                   ; Merged with test_driver:test_driver_inst|rast_color_index[0]                                                                                                                              ;
; top_video:video_system|rasterizador_top:rasterizer_top_inst|rasterizador_quadrado:u_square|xL[5]                                                                              ; Merged with top_video:video_system|rasterizador_top:rasterizer_top_inst|rasterizador_quadrado:u_square|xL[3]                                                                              ;
; top_video:video_system|rasterizador_top:rasterizer_top_inst|rasterizador_triangulo:u_triangle|div_den[8,9,11..23]                                                             ; Merged with top_video:video_system|rasterizador_top:rasterizer_top_inst|rasterizador_triangulo:u_triangle|div_den[10]                                                                     ;
; top_video:video_system|rasterizador_top:rasterizer_top_inst|rasterizador_triangulo:u_triangle|div_num[7,17..23]                                                               ; Merged with top_video:video_system|rasterizador_top:rasterizer_top_inst|rasterizador_triangulo:u_triangle|div_den[10]                                                                     ;
; top_video:video_system|rasterizador_top:rasterizer_top_inst|rasterizador_triangulo:u_triangle|div_num[6]                                                                      ; Merged with top_video:video_system|rasterizador_top:rasterizer_top_inst|rasterizador_triangulo:u_triangle|div_den[7]                                                                      ;
; top_video:video_system|rasterizador_top:rasterizer_top_inst|rasterizador_triangulo:u_triangle|div_num[5]                                                                      ; Merged with top_video:video_system|rasterizador_top:rasterizer_top_inst|rasterizador_triangulo:u_triangle|div_den[6]                                                                      ;
; top_video:video_system|rasterizador_top:rasterizer_top_inst|rasterizador_triangulo:u_triangle|div_num[4]                                                                      ; Merged with top_video:video_system|rasterizador_top:rasterizer_top_inst|rasterizador_triangulo:u_triangle|div_den[5]                                                                      ;
; top_video:video_system|rasterizador_top:rasterizer_top_inst|rasterizador_triangulo:u_triangle|div_num[3]                                                                      ; Merged with top_video:video_system|rasterizador_top:rasterizer_top_inst|rasterizador_triangulo:u_triangle|div_den[4]                                                                      ;
; top_video:video_system|rasterizador_top:rasterizer_top_inst|rasterizador_triangulo:u_triangle|div_num[2]                                                                      ; Merged with top_video:video_system|rasterizador_top:rasterizer_top_inst|rasterizador_triangulo:u_triangle|div_den[3]                                                                      ;
; top_video:video_system|rasterizador_top:rasterizer_top_inst|rasterizador_triangulo:u_triangle|div_num[1]                                                                      ; Merged with top_video:video_system|rasterizador_top:rasterizer_top_inst|rasterizador_triangulo:u_triangle|div_den[2]                                                                      ;
; top_video:video_system|rasterizador_top:rasterizer_top_inst|rasterizador_triangulo:u_triangle|div_num[0]                                                                      ; Merged with top_video:video_system|rasterizador_top:rasterizer_top_inst|rasterizador_triangulo:u_triangle|div_den[1]                                                                      ;
; test_driver:test_driver_inst|rast_v0x[1,7]                                                                                                                                    ; Merged with test_driver:test_driver_inst|rast_color_index[1]                                                                                                                              ;
; test_driver:test_driver_inst|rast_v0y[5,6]                                                                                                                                    ; Merged with test_driver:test_driver_inst|rast_color_index[1]                                                                                                                              ;
; test_driver:test_driver_inst|rast_v1x[6]                                                                                                                                      ; Merged with test_driver:test_driver_inst|rast_color_index[1]                                                                                                                              ;
; test_driver:test_driver_inst|rast_v1y[7]                                                                                                                                      ; Merged with test_driver:test_driver_inst|rast_color_index[1]                                                                                                                              ;
; top_video:video_system|rasterizador_top:rasterizer_top_inst|rasterizador_triangulo:u_triangle|iv0x[7]                                                                         ; Merged with top_video:video_system|rasterizador_top:rasterizer_top_inst|rasterizador_triangulo:u_triangle|iv0x[1]                                                                         ;
; top_video:video_system|rasterizador_top:rasterizer_top_inst|rasterizador_triangulo:u_triangle|iv0y[5,6]                                                                       ; Merged with top_video:video_system|rasterizador_top:rasterizer_top_inst|rasterizador_triangulo:u_triangle|iv0x[1]                                                                         ;
; top_video:video_system|rasterizador_top:rasterizer_top_inst|rasterizador_triangulo:u_triangle|iv1x[6]                                                                         ; Merged with top_video:video_system|rasterizador_top:rasterizer_top_inst|rasterizador_triangulo:u_triangle|iv0x[1]                                                                         ;
; top_video:video_system|rasterizador_top:rasterizer_top_inst|rasterizador_triangulo:u_triangle|iv1y[7]                                                                         ; Merged with top_video:video_system|rasterizador_top:rasterizer_top_inst|rasterizador_triangulo:u_triangle|iv0x[1]                                                                         ;
; top_video:video_system|rasterizador_top:rasterizer_top_inst|rasterizador_triangulo:u_triangle|palette_rd_addr[1]                                                              ; Merged with top_video:video_system|rasterizador_top:rasterizer_top_inst|rasterizador_triangulo:u_triangle|iv0x[1]                                                                         ;
; top_video:video_system|rasterizador_top:rasterizer_top_inst|rasterizador_quadrado:u_square|xL[1]                                                                              ; Stuck at GND due to stuck port data_in                                                                                                                                                    ;
; top_video:video_system|motor_background:motor_background_inst|palette_rd_addr[8]                                                                                              ; Stuck at GND due to stuck port data_in                                                                                                                                                    ;
; top_video:video_system|rasterizador_top:rasterizer_top_inst|rasterizador_quadrado:u_square|yMax[6]                                                                            ; Stuck at GND due to stuck port data_in                                                                                                                                                    ;
; top_video:video_system|rasterizador_top:rasterizer_top_inst|rasterizador_quadrado:u_square|yMax[5]                                                                            ; Stuck at VCC due to stuck port data_in                                                                                                                                                    ;
; top_video:video_system|rasterizador_top:rasterizer_top_inst|rasterizador_triangulo:u_triangle|div_den[0,10]                                                                   ; Stuck at GND due to stuck port data_in                                                                                                                                                    ;
; top_video:video_system|rasterizador_top:rasterizer_top_inst|rasterizador_triangulo:u_triangle|div_num[8]                                                                      ; Stuck at GND due to stuck port data_in                                                                                                                                                    ;
; top_video:video_system|vga_driver:vga_driver_inst|v_state_d1.V_FRONT_STATE                                                                                                    ; Lost fanout                                                                                                                                                                               ;
; top_video:video_system|vga_driver:vga_driver_inst|v_state_d1.V_PULSE_STATE                                                                                                    ; Lost fanout                                                                                                                                                                               ;
; top_video:video_system|vga_driver:vga_driver_inst|v_state_d1.V_BACK_STATE                                                                                                     ; Lost fanout                                                                                                                                                                               ;
; top_video:video_system|vga_driver:vga_driver_inst|h_state_d1.H_FRONT_STATE                                                                                                    ; Lost fanout                                                                                                                                                                               ;
; top_video:video_system|vga_driver:vga_driver_inst|h_state_d1.H_PULSE_STATE                                                                                                    ; Lost fanout                                                                                                                                                                               ;
; top_video:video_system|vga_driver:vga_driver_inst|h_state_d1.H_BACK_STATE                                                                                                     ; Lost fanout                                                                                                                                                                               ;
; test_driver:test_driver_inst|state~10                                                                                                                                         ; Lost fanout                                                                                                                                                                               ;
; test_driver:test_driver_inst|state~11                                                                                                                                         ; Lost fanout                                                                                                                                                                               ;
; test_driver:test_driver_inst|state~12                                                                                                                                         ; Lost fanout                                                                                                                                                                               ;
; top_video:video_system|compositor:compositor_inst|state~5                                                                                                                     ; Lost fanout                                                                                                                                                                               ;
; top_video:video_system|compositor:compositor_inst|state~6                                                                                                                     ; Lost fanout                                                                                                                                                                               ;
; top_video:video_system|rasterizador_top:rasterizer_top_inst|rasterizador_triangulo:u_triangle|state~14                                                                        ; Lost fanout                                                                                                                                                                               ;
; top_video:video_system|rasterizador_top:rasterizer_top_inst|rasterizador_triangulo:u_triangle|state~15                                                                        ; Lost fanout                                                                                                                                                                               ;
; top_video:video_system|rasterizador_top:rasterizer_top_inst|rasterizador_triangulo:u_triangle|state~16                                                                        ; Lost fanout                                                                                                                                                                               ;
; top_video:video_system|rasterizador_top:rasterizer_top_inst|rasterizador_triangulo:u_triangle|state~17                                                                        ; Lost fanout                                                                                                                                                                               ;
; top_video:video_system|rasterizador_top:rasterizer_top_inst|rasterizador_quadrado:u_square|state~6                                                                            ; Lost fanout                                                                                                                                                                               ;
; top_video:video_system|rasterizador_top:rasterizer_top_inst|rasterizador_quadrado:u_square|state~7                                                                            ; Lost fanout                                                                                                                                                                               ;
; top_video:video_system|motor_sprite:motor_sprite_inst|state~11                                                                                                                ; Lost fanout                                                                                                                                                                               ;
; top_video:video_system|motor_sprite:motor_sprite_inst|state~12                                                                                                                ; Lost fanout                                                                                                                                                                               ;
; top_video:video_system|motor_sprite:motor_sprite_inst|state~13                                                                                                                ; Lost fanout                                                                                                                                                                               ;
; top_video:video_system|motor_sprite:motor_sprite_inst|state~14                                                                                                                ; Lost fanout                                                                                                                                                                               ;
; top_video:video_system|motor_background:motor_background_inst|state~14                                                                                                        ; Lost fanout                                                                                                                                                                               ;
; top_video:video_system|motor_background:motor_background_inst|state~15                                                                                                        ; Lost fanout                                                                                                                                                                               ;
; top_video:video_system|motor_background:motor_background_inst|state~16                                                                                                        ; Lost fanout                                                                                                                                                                               ;
; top_video:video_system|motor_background:motor_background_inst|state~17                                                                                                        ; Lost fanout                                                                                                                                                                               ;
; top_video:video_system|vga_driver:vga_driver_inst|v_state_d1~2                                                                                                                ; Lost fanout                                                                                                                                                                               ;
; top_video:video_system|vga_driver:vga_driver_inst|v_state_d1~3                                                                                                                ; Lost fanout                                                                                                                                                                               ;
; top_video:video_system|vga_driver:vga_driver_inst|v_state_d1~4                                                                                                                ; Lost fanout                                                                                                                                                                               ;
; top_video:video_system|vga_driver:vga_driver_inst|v_state_d1~5                                                                                                                ; Lost fanout                                                                                                                                                                               ;
; top_video:video_system|vga_driver:vga_driver_inst|v_state_d1~6                                                                                                                ; Lost fanout                                                                                                                                                                               ;
; top_video:video_system|vga_driver:vga_driver_inst|v_state_d1~7                                                                                                                ; Lost fanout                                                                                                                                                                               ;
; top_video:video_system|vga_driver:vga_driver_inst|v_state_d1~8                                                                                                                ; Lost fanout                                                                                                                                                                               ;
; top_video:video_system|vga_driver:vga_driver_inst|v_state_d1~9                                                                                                                ; Lost fanout                                                                                                                                                                               ;
; top_video:video_system|vga_driver:vga_driver_inst|h_state_d1~2                                                                                                                ; Lost fanout                                                                                                                                                                               ;
; top_video:video_system|vga_driver:vga_driver_inst|h_state_d1~3                                                                                                                ; Lost fanout                                                                                                                                                                               ;
; top_video:video_system|vga_driver:vga_driver_inst|h_state_d1~4                                                                                                                ; Lost fanout                                                                                                                                                                               ;
; top_video:video_system|vga_driver:vga_driver_inst|h_state_d1~5                                                                                                                ; Lost fanout                                                                                                                                                                               ;
; top_video:video_system|vga_driver:vga_driver_inst|h_state_d1~6                                                                                                                ; Lost fanout                                                                                                                                                                               ;
; top_video:video_system|vga_driver:vga_driver_inst|h_state_d1~7                                                                                                                ; Lost fanout                                                                                                                                                                               ;
; top_video:video_system|vga_driver:vga_driver_inst|h_state_d1~8                                                                                                                ; Lost fanout                                                                                                                                                                               ;
; top_video:video_system|vga_driver:vga_driver_inst|h_state_d1~9                                                                                                                ; Lost fanout                                                                                                                                                                               ;
; top_video:video_system|vga_driver:vga_driver_inst|v_state~5                                                                                                                   ; Lost fanout                                                                                                                                                                               ;
; top_video:video_system|vga_driver:vga_driver_inst|v_state~6                                                                                                                   ; Lost fanout                                                                                                                                                                               ;
; top_video:video_system|vga_driver:vga_driver_inst|v_state~7                                                                                                                   ; Lost fanout                                                                                                                                                                               ;
; top_video:video_system|vga_driver:vga_driver_inst|v_state~8                                                                                                                   ; Lost fanout                                                                                                                                                                               ;
; top_video:video_system|vga_driver:vga_driver_inst|v_state~9                                                                                                                   ; Lost fanout                                                                                                                                                                               ;
; top_video:video_system|vga_driver:vga_driver_inst|v_state~10                                                                                                                  ; Lost fanout                                                                                                                                                                               ;
; top_video:video_system|vga_driver:vga_driver_inst|v_state~11                                                                                                                  ; Lost fanout                                                                                                                                                                               ;
; top_video:video_system|vga_driver:vga_driver_inst|v_state~12                                                                                                                  ; Lost fanout                                                                                                                                                                               ;
; top_video:video_system|vga_driver:vga_driver_inst|h_state~5                                                                                                                   ; Lost fanout                                                                                                                                                                               ;
; top_video:video_system|vga_driver:vga_driver_inst|h_state~6                                                                                                                   ; Lost fanout                                                                                                                                                                               ;
; top_video:video_system|vga_driver:vga_driver_inst|h_state~7                                                                                                                   ; Lost fanout                                                                                                                                                                               ;
; top_video:video_system|vga_driver:vga_driver_inst|h_state~8                                                                                                                   ; Lost fanout                                                                                                                                                                               ;
; top_video:video_system|vga_driver:vga_driver_inst|h_state~9                                                                                                                   ; Lost fanout                                                                                                                                                                               ;
; top_video:video_system|vga_driver:vga_driver_inst|h_state~10                                                                                                                  ; Lost fanout                                                                                                                                                                               ;
; top_video:video_system|vga_driver:vga_driver_inst|h_state~11                                                                                                                  ; Lost fanout                                                                                                                                                                               ;
; top_video:video_system|vga_driver:vga_driver_inst|h_state~12                                                                                                                  ; Lost fanout                                                                                                                                                                               ;
; top_video:video_system|rasterizador_top:rasterizer_top_inst|rasterizador_quadrado:u_square|xL[6]                                                                              ; Merged with top_video:video_system|rasterizador_top:rasterizer_top_inst|rasterizador_quadrado:u_square|xL[3]                                                                              ;
; top_video:video_system|rasterizador_top:rasterizer_top_inst|rasterizador_quadrado:u_square|yMax[7]                                                                            ; Merged with top_video:video_system|rasterizador_top:rasterizer_top_inst|rasterizador_quadrado:u_square|xL[3]                                                                              ;
; top_video:video_system|rasterizador_top:rasterizer_top_inst|rasterizador_quadrado:u_square|yMax[3,4]                                                                          ; Merged with top_video:video_system|rasterizador_top:rasterizer_top_inst|rasterizador_quadrado:u_square|yMax[2]                                                                            ;
; top_video:video_system|rasterizador_top:rasterizer_top_inst|rasterizador_triangulo:u_triangle|inv_top[17]                                                                     ; Lost fanout                                                                                                                                                                               ;
; top_video:video_system|rasterizador_top:rasterizer_top_inst|rasterizador_triangulo:u_triangle|xacc_short[17]                                                                  ; Lost fanout                                                                                                                                                                               ;
; top_video:video_system|rasterizador_top:rasterizer_top_inst|rasterizador_triangulo:u_triangle|inv_bot[17]                                                                     ; Lost fanout                                                                                                                                                                               ;
; top_video:video_system|rasterizador_top:rasterizer_top_inst|rasterizador_triangulo:u_triangle|inv_long[17]                                                                    ; Lost fanout                                                                                                                                                                               ;
; top_video:video_system|rasterizador_top:rasterizer_top_inst|rasterizador_triangulo:u_triangle|divisor_unsigned:u_div|quotient[17]                                             ; Lost fanout                                                                                                                                                                               ;
; top_video:video_system|rasterizador_top:rasterizer_top_inst|rasterizador_triangulo:u_triangle|xacc_long[17]                                                                   ; Lost fanout                                                                                                                                                                               ;
; top_video:video_system|rasterizador_top:rasterizer_top_inst|rasterizador_triangulo:u_triangle|div_den[1]                                                                      ; Stuck at GND due to stuck port data_in                                                                                                                                                    ;
; top_video:video_system|rasterizador_top:rasterizer_top_inst|rasterizador_triangulo:u_triangle|divisor_unsigned:u_div|num_shift[0]                                             ; Stuck at GND due to stuck port data_in                                                                                                                                                    ;
; Total Number of Removed Registers = 271                                                                                                                                       ;                                                                                                                                                                                           ;
+-------------------------------------------------------------------------------------------------------------------------------------------------------------------------------+-------------------------------------------------------------------------------------------------------------------------------------------------------------------------------------------+


+-------------------------------------------------------------------------------------------------------------------------------------------------------------------------------------------------------------------+
; Removed Registers Triggering Further Register Optimizations                                                                                                                                                       ;
+--------------------------------------------------+---------------------------+------------------------------------------------------------------------------------------------------------------------------------+
; Register name                                    ; Reason for Removal        ; Registers Removed due to This Register                                                                                             ;
+--------------------------------------------------+---------------------------+------------------------------------------------------------------------------------------------------------------------------------+
; test_driver:test_driver_inst|rast_v2y[0]         ; Stuck at GND              ; top_video:video_system|rasterizador_top:rasterizer_top_inst|rasterizador_triangulo:u_triangle|iv2y[0],                             ;
;                                                  ; due to stuck port data_in ; top_video:video_system|rasterizador_top:rasterizer_top_inst|rasterizador_triangulo:u_triangle|div_den[10],                         ;
;                                                  ;                           ; top_video:video_system|rasterizador_top:rasterizer_top_inst|rasterizador_triangulo:u_triangle|div_den[0],                          ;
;                                                  ;                           ; top_video:video_system|rasterizador_top:rasterizer_top_inst|rasterizador_triangulo:u_triangle|div_num[8],                          ;
;                                                  ;                           ; top_video:video_system|rasterizador_top:rasterizer_top_inst|rasterizador_triangulo:u_triangle|divisor_unsigned:u_div|quotient[17], ;
;                                                  ;                           ; top_video:video_system|rasterizador_top:rasterizer_top_inst|rasterizador_triangulo:u_triangle|div_den[1],                          ;
;                                                  ;                           ; top_video:video_system|rasterizador_top:rasterizer_top_inst|rasterizador_triangulo:u_triangle|divisor_unsigned:u_div|num_shift[0]  ;
; test_driver:test_driver_inst|rast_v1y[0]         ; Stuck at GND              ; top_video:video_system|rasterizador_top:rasterizer_top_inst|rasterizador_triangulo:u_triangle|iv1y[0],                             ;
;                                                  ; due to stuck port data_in ; top_video:video_system|rasterizador_top:rasterizer_top_inst|rasterizador_quadrado:u_square|yMax[0],                                ;
;                                                  ;                           ; top_video:video_system|rasterizador_top:rasterizer_top_inst|rasterizador_quadrado:u_square|yMax[1],                                ;
;                                                  ;                           ; top_video:video_system|rasterizador_top:rasterizer_top_inst|rasterizador_quadrado:u_square|yMax[6],                                ;
;                                                  ;                           ; top_video:video_system|rasterizador_top:rasterizer_top_inst|rasterizador_quadrado:u_square|yMax[5],                                ;
;                                                  ;                           ; top_video:video_system|rasterizador_top:rasterizer_top_inst|rasterizador_triangulo:u_triangle|inv_bot[17]                          ;
; test_driver:test_driver_inst|rast_v2x[0]         ; Stuck at GND              ; top_video:video_system|rasterizador_top:rasterizer_top_inst|rasterizador_triangulo:u_triangle|iv2x[0],                             ;
;                                                  ; due to stuck port data_in ; top_video:video_system|rasterizador_top:rasterizer_top_inst|rasterizador_triangulo:u_triangle|inv_top[17],                         ;
;                                                  ;                           ; top_video:video_system|rasterizador_top:rasterizer_top_inst|rasterizador_triangulo:u_triangle|inv_long[17]                         ;
; test_driver:test_driver_inst|rast_color_index[5] ; Stuck at GND              ; top_video:video_system|rasterizador_top:rasterizer_top_inst|rasterizador_triangulo:u_triangle|palette_rd_addr[5],                  ;
;                                                  ; due to stuck port data_in ; top_video:video_system|rasterizador_top:rasterizer_top_inst|rasterizador_quadrado:u_square|palette_rd_addr[5]                      ;
; test_driver:test_driver_inst|rast_color_index[6] ; Stuck at GND              ; top_video:video_system|rasterizador_top:rasterizer_top_inst|rasterizador_triangulo:u_triangle|palette_rd_addr[6],                  ;
;                                                  ; due to stuck port data_in ; top_video:video_system|rasterizador_top:rasterizer_top_inst|rasterizador_quadrado:u_square|palette_rd_addr[6]                      ;
; test_driver:test_driver_inst|rast_palette_sel    ; Stuck at GND              ; top_video:video_system|rasterizador_top:rasterizer_top_inst|rasterizador_triangulo:u_triangle|palette_rd_addr[8],                  ;
;                                                  ; due to stuck port data_in ; top_video:video_system|rasterizador_top:rasterizer_top_inst|rasterizador_quadrado:u_square|palette_rd_addr[8]                      ;
; test_driver:test_driver_inst|rast_color_index[2] ; Stuck at GND              ; top_video:video_system|rasterizador_top:rasterizer_top_inst|rasterizador_triangulo:u_triangle|palette_rd_addr[2],                  ;
;                                                  ; due to stuck port data_in ; top_video:video_system|rasterizador_top:rasterizer_top_inst|rasterizador_quadrado:u_square|palette_rd_addr[2]                      ;
; test_driver:test_driver_inst|rast_color_index[3] ; Stuck at GND              ; top_video:video_system|rasterizador_top:rasterizer_top_inst|rasterizador_triangulo:u_triangle|palette_rd_addr[3],                  ;
;                                                  ; due to stuck port data_in ; top_video:video_system|rasterizador_top:rasterizer_top_inst|rasterizador_quadrado:u_square|palette_rd_addr[3]                      ;
; test_driver:test_driver_inst|rast_color_index[7] ; Stuck at GND              ; top_video:video_system|rasterizador_top:rasterizer_top_inst|rasterizador_triangulo:u_triangle|palette_rd_addr[7],                  ;
;                                                  ; due to stuck port data_in ; top_video:video_system|rasterizador_top:rasterizer_top_inst|rasterizador_quadrado:u_square|palette_rd_addr[7]                      ;
; test_driver:test_driver_inst|rast_color_index[4] ; Stuck at GND              ; top_video:video_system|rasterizador_top:rasterizer_top_inst|rasterizador_triangulo:u_triangle|palette_rd_addr[4],                  ;
;                                                  ; due to stuck port data_in ; top_video:video_system|rasterizador_top:rasterizer_top_inst|rasterizador_quadrado:u_square|palette_rd_addr[4]                      ;
; test_driver:test_driver_inst|rast_v1x[0]         ; Stuck at GND              ; top_video:video_system|rasterizador_top:rasterizer_top_inst|rasterizador_triangulo:u_triangle|iv1x[0],                             ;
;                                                  ; due to stuck port data_in ; top_video:video_system|rasterizador_top:rasterizer_top_inst|rasterizador_quadrado:u_square|xR[0]                                   ;
; test_driver:test_driver_inst|rast_v1x[4]         ; Stuck at VCC              ; top_video:video_system|rasterizador_top:rasterizer_top_inst|rasterizador_triangulo:u_triangle|iv1x[4],                             ;
;                                                  ; due to stuck port data_in ; top_video:video_system|rasterizador_top:rasterizer_top_inst|rasterizador_quadrado:u_square|xR[4]                                   ;
; test_driver:test_driver_inst|rast_v1x[8]         ; Stuck at GND              ; top_video:video_system|rasterizador_top:rasterizer_top_inst|rasterizador_triangulo:u_triangle|iv1x[8],                             ;
;                                                  ; due to stuck port data_in ; top_video:video_system|rasterizador_top:rasterizer_top_inst|rasterizador_quadrado:u_square|xR[8]                                   ;
; test_driver:test_driver_inst|rast_v2y[3]         ; Stuck at GND              ; top_video:video_system|rasterizador_top:rasterizer_top_inst|rasterizador_triangulo:u_triangle|iv2y[3]                              ;
;                                                  ; due to stuck port data_in ;                                                                                                                                    ;
; test_driver:test_driver_inst|rast_v2y[1]         ; Stuck at GND              ; top_video:video_system|rasterizador_top:rasterizer_top_inst|rasterizador_triangulo:u_triangle|iv2y[1]                              ;
;                                                  ; due to stuck port data_in ;                                                                                                                                    ;
; test_driver:test_driver_inst|rast_v2x[1]         ; Stuck at GND              ; top_video:video_system|rasterizador_top:rasterizer_top_inst|rasterizador_triangulo:u_triangle|iv2x[1]                              ;
;                                                  ; due to stuck port data_in ;                                                                                                                                    ;
; test_driver:test_driver_inst|rast_v2x[2]         ; Stuck at VCC              ; top_video:video_system|rasterizador_top:rasterizer_top_inst|rasterizador_triangulo:u_triangle|iv2x[2]                              ;
;                                                  ; due to stuck port data_in ;                                                                                                                                    ;
; test_driver:test_driver_inst|rast_v2x[3]         ; Stuck at GND              ; top_video:video_system|rasterizador_top:rasterizer_top_inst|rasterizador_triangulo:u_triangle|iv2x[3]                              ;
;                                                  ; due to stuck port data_in ;                                                                                                                                    ;
; test_driver:test_driver_inst|rast_v2x[4]         ; Stuck at VCC              ; top_video:video_system|rasterizador_top:rasterizer_top_inst|rasterizador_triangulo:u_triangle|iv2x[4]                              ;
;                                                  ; due to stuck port data_in ;                                                                                                                                    ;
; test_driver:test_driver_inst|rast_v2x[5]         ; Stuck at VCC              ; top_video:video_system|rasterizador_top:rasterizer_top_inst|rasterizador_triangulo:u_triangle|iv2x[5]                              ;
;                                                  ; due to stuck port data_in ;                                                                                                                                    ;
; test_driver:test_driver_inst|rast_v2x[6]         ; Stuck at GND              ; top_video:video_system|rasterizador_top:rasterizer_top_inst|rasterizador_triangulo:u_triangle|iv2x[6]                              ;
;                                                  ; due to stuck port data_in ;                                                                                                                                    ;
; test_driver:test_driver_inst|rast_v2x[7]         ; Stuck at VCC              ; top_video:video_system|rasterizador_top:rasterizer_top_inst|rasterizador_triangulo:u_triangle|iv2x[7]                              ;
;                                                  ; due to stuck port data_in ;                                                                                                                                    ;
; test_driver:test_driver_inst|rast_v2x[8]         ; Stuck at GND              ; top_video:video_system|rasterizador_top:rasterizer_top_inst|rasterizador_triangulo:u_triangle|iv2x[8]                              ;
;                                                  ; due to stuck port data_in ;                                                                                                                                    ;
; test_driver:test_driver_inst|rast_v2y[2]         ; Stuck at GND              ; top_video:video_system|rasterizador_top:rasterizer_top_inst|rasterizador_triangulo:u_triangle|iv2y[2]                              ;
;                                                  ; due to stuck port data_in ;                                                                                                                                    ;
; test_driver:test_driver_inst|rast_v2y[7]         ; Stuck at VCC              ; top_video:video_system|rasterizador_top:rasterizer_top_inst|rasterizador_triangulo:u_triangle|iv2y[7]                              ;
;                                                  ; due to stuck port data_in ;                                                                                                                                    ;
; test_driver:test_driver_inst|rast_v1y[1]         ; Stuck at GND              ; top_video:video_system|rasterizador_top:rasterizer_top_inst|rasterizador_triangulo:u_triangle|iv1y[1]                              ;
;                                                  ; due to stuck port data_in ;                                                                                                                                    ;
; test_driver:test_driver_inst|rast_v1y[5]         ; Stuck at VCC              ; top_video:video_system|rasterizador_top:rasterizer_top_inst|rasterizador_triangulo:u_triangle|iv1y[5]                              ;
;                                                  ; due to stuck port data_in ;                                                                                                                                    ;
; test_driver:test_driver_inst|rast_v1y[6]         ; Stuck at GND              ; top_video:video_system|rasterizador_top:rasterizer_top_inst|rasterizador_triangulo:u_triangle|iv1y[6]                              ;
;                                                  ; due to stuck port data_in ;                                                                                                                                    ;
; test_driver:test_driver_inst|rast_v2y[6]         ; Stuck at GND              ; top_video:video_system|rasterizador_top:rasterizer_top_inst|rasterizador_triangulo:u_triangle|iv2y[6]                              ;
;                                                  ; due to stuck port data_in ;                                                                                                                                    ;
; test_driver:test_driver_inst|rast_v1x[1]         ; Stuck at GND              ; top_video:video_system|rasterizador_top:rasterizer_top_inst|rasterizador_triangulo:u_triangle|iv1x[1]                              ;
;                                                  ; due to stuck port data_in ;                                                                                                                                    ;
; test_driver:test_driver_inst|rast_v1x[3]         ; Stuck at VCC              ; top_video:video_system|rasterizador_top:rasterizer_top_inst|rasterizador_triangulo:u_triangle|iv1x[3]                              ;
;                                                  ; due to stuck port data_in ;                                                                                                                                    ;
; test_driver:test_driver_inst|rast_v2y[5]         ; Stuck at VCC              ; top_video:video_system|rasterizador_top:rasterizer_top_inst|rasterizador_triangulo:u_triangle|iv2y[5]                              ;
;                                                  ; due to stuck port data_in ;                                                                                                                                    ;
; test_driver:test_driver_inst|rast_v1x[5]         ; Stuck at VCC              ; top_video:video_system|rasterizador_top:rasterizer_top_inst|rasterizador_triangulo:u_triangle|iv1x[5]                              ;
;                                                  ; due to stuck port data_in ;                                                                                                                                    ;
; test_driver:test_driver_inst|rast_v1x[7]         ; Stuck at GND              ; top_video:video_system|rasterizador_top:rasterizer_top_inst|rasterizador_triangulo:u_triangle|iv1x[7]                              ;
;                                                  ; due to stuck port data_in ;                                                                                                                                    ;
; test_driver:test_driver_inst|rast_v2y[4]         ; Stuck at GND              ; top_video:video_system|rasterizador_top:rasterizer_top_inst|rasterizador_triangulo:u_triangle|iv2y[4]                              ;
;                                                  ; due to stuck port data_in ;                                                                                                                                    ;
; test_driver:test_driver_inst|rast_v0y[0]         ; Stuck at GND              ; top_video:video_system|rasterizador_top:rasterizer_top_inst|rasterizador_triangulo:u_triangle|iv0y[0]                              ;
;                                                  ; due to stuck port data_in ;                                                                                                                                    ;
; test_driver:test_driver_inst|rast_v0y[1]         ; Stuck at GND              ; top_video:video_system|rasterizador_top:rasterizer_top_inst|rasterizador_triangulo:u_triangle|iv0y[1]                              ;
;                                                  ; due to stuck port data_in ;                                                                                                                                    ;
; test_driver:test_driver_inst|rast_v0y[2]         ; Stuck at VCC              ; top_video:video_system|rasterizador_top:rasterizer_top_inst|rasterizador_triangulo:u_triangle|iv0y[2]                              ;
;                                                  ; due to stuck port data_in ;                                                                                                                                    ;
; test_driver:test_driver_inst|rast_v0y[3]         ; Stuck at GND              ; top_video:video_system|rasterizador_top:rasterizer_top_inst|rasterizador_triangulo:u_triangle|iv0y[3]                              ;
;                                                  ; due to stuck port data_in ;                                                                                                                                    ;
; test_driver:test_driver_inst|rast_v0y[7]         ; Stuck at GND              ; top_video:video_system|rasterizador_top:rasterizer_top_inst|rasterizador_triangulo:u_triangle|iv0y[7]                              ;
;                                                  ; due to stuck port data_in ;                                                                                                                                    ;
; test_driver:test_driver_inst|rast_v0x[0]         ; Stuck at GND              ; top_video:video_system|rasterizador_top:rasterizer_top_inst|rasterizador_triangulo:u_triangle|iv0x[0]                              ;
;                                                  ; due to stuck port data_in ;                                                                                                                                    ;
; test_driver:test_driver_inst|rast_v0x[2]         ; Stuck at VCC              ; top_video:video_system|rasterizador_top:rasterizer_top_inst|rasterizador_triangulo:u_triangle|iv0x[2]                              ;
;                                                  ; due to stuck port data_in ;                                                                                                                                    ;
; test_driver:test_driver_inst|rast_v0x[3]         ; Stuck at GND              ; top_video:video_system|rasterizador_top:rasterizer_top_inst|rasterizador_triangulo:u_triangle|iv0x[3]                              ;
;                                                  ; due to stuck port data_in ;                                                                                                                                    ;
; test_driver:test_driver_inst|rast_v0x[4]         ; Stuck at VCC              ; top_video:video_system|rasterizador_top:rasterizer_top_inst|rasterizador_triangulo:u_triangle|iv0x[4]                              ;
;                                                  ; due to stuck port data_in ;                                                                                                                                    ;
; test_driver:test_driver_inst|rast_v0x[5]         ; Stuck at GND              ; top_video:video_system|rasterizador_top:rasterizer_top_inst|rasterizador_triangulo:u_triangle|iv0x[5]                              ;
;                                                  ; due to stuck port data_in ;                                                                                                                                    ;
; test_driver:test_driver_inst|rast_v0x[6]         ; Stuck at GND              ; top_video:video_system|rasterizador_top:rasterizer_top_inst|rasterizador_triangulo:u_triangle|iv0x[6]                              ;
;                                                  ; due to stuck port data_in ;                                                                                                                                    ;
; test_driver:test_driver_inst|rast_v0x[8]         ; Stuck at GND              ; top_video:video_system|rasterizador_top:rasterizer_top_inst|rasterizador_triangulo:u_triangle|iv0x[8]                              ;
;                                                  ; due to stuck port data_in ;                                                                                                                                    ;
+--------------------------------------------------+---------------------------+------------------------------------------------------------------------------------------------------------------------------------+


+------------------------------------------------------+
; General Register Statistics                          ;
+----------------------------------------------+-------+
; Statistic                                    ; Value ;
+----------------------------------------------+-------+
; Total registers                              ; 941   ;
; Number of registers using Synchronous Clear  ; 262   ;
; Number of registers using Synchronous Load   ; 99    ;
; Number of registers using Asynchronous Clear ; 7     ;
; Number of registers using Asynchronous Load  ; 0     ;
; Number of registers using Clock Enable       ; 799   ;
; Number of registers using Preset             ; 0     ;
+----------------------------------------------+-------+


+--------------------------------------------------+
; Inverted Register Statistics                     ;
+----------------------------------------+---------+
; Inverted Register                      ; Fan out ;
+----------------------------------------+---------+
; top_video:video_system|wr_buf_sel      ; 21      ;
; Total number of inverted registers = 1 ;         ;
+----------------------------------------+---------+


+----------------------------------------------------------------------------------------------------------------------------------------------------------------------------------------------------------------------------------------------------------------------+
; Multiplexer Restructuring Statistics (Restructuring Performed)                                                                                                                                                                                                       ;
+--------------------+-----------+---------------+----------------------+------------------------+------------+--------------------------------------------------------------------------------------------------------------------------------------------------------+
; Multiplexer Inputs ; Bus Width ; Baseline Area ; Area if Restructured ; Saving if Restructured ; Registered ; Example Multiplexer Output                                                                                                                             ;
+--------------------+-----------+---------------+----------------------+------------------------+------------+--------------------------------------------------------------------------------------------------------------------------------------------------------+
; 3:1                ; 11 bits   ; 22 LEs        ; 0 LEs                ; 22 LEs                 ; Yes        ; |DE1_SOC_golden_top|top_video:video_system|motor_background:motor_background_inst|tile_rd_addr[7]                                                      ;
; 3:1                ; 14 bits   ; 28 LEs        ; 0 LEs                ; 28 LEs                 ; Yes        ; |DE1_SOC_golden_top|top_video:video_system|motor_background:motor_background_inst|pattern_rd_addr[7]                                                   ;
; 3:1                ; 26 bits   ; 52 LEs        ; 0 LEs                ; 52 LEs                 ; Yes        ; |DE1_SOC_golden_top|top_video:video_system|motor_background:motor_background_inst|fb_wr_y[7]                                                           ;
; 3:1                ; 2 bits    ; 4 LEs         ; 2 LEs                ; 2 LEs                  ; Yes        ; |DE1_SOC_golden_top|top_video:video_system|rasterizador_top:rasterizer_top_inst|rasterizador_triangulo:u_triangle|divisor_unsigned:u_div|count[4]      ;
; 3:1                ; 23 bits   ; 46 LEs        ; 0 LEs                ; 46 LEs                 ; Yes        ; |DE1_SOC_golden_top|top_video:video_system|rasterizador_top:rasterizer_top_inst|rasterizador_triangulo:u_triangle|divisor_unsigned:u_div|num_shift[22] ;
; 3:1                ; 21 bits   ; 42 LEs        ; 0 LEs                ; 42 LEs                 ; Yes        ; |DE1_SOC_golden_top|top_video:video_system|rasterizador_top:rasterizer_top_inst|rasterizador_triangulo:u_triangle|divisor_unsigned:u_div|count[2]      ;
; 3:1                ; 17 bits   ; 34 LEs        ; 0 LEs                ; 34 LEs                 ; Yes        ; |DE1_SOC_golden_top|top_video:video_system|motor_background:motor_background_inst|frame_scroll_x[2]                                                    ;
; 3:1                ; 5 bits    ; 10 LEs        ; 5 LEs                ; 5 LEs                  ; Yes        ; |DE1_SOC_golden_top|top_video:video_system|motor_background:motor_background_inst|cached_tile_row[0]                                                   ;
; 4:1                ; 8 bits    ; 16 LEs        ; 8 LEs                ; 8 LEs                  ; Yes        ; |DE1_SOC_golden_top|top_video:video_system|motor_background:motor_background_inst|palette_rd_addr[0]                                                   ;
; 4:1                ; 23 bits   ; 46 LEs        ; 0 LEs                ; 46 LEs                 ; Yes        ; |DE1_SOC_golden_top|top_video:video_system|rasterizador_top:rasterizer_top_inst|rasterizador_triangulo:u_triangle|divisor_unsigned:u_div|remainder[16] ;
; 4:1                ; 4 bits    ; 8 LEs         ; 8 LEs                ; 0 LEs                  ; Yes        ; |DE1_SOC_golden_top|top_video:video_system|rasterizador_top:rasterizer_top_inst|rasterizador_quadrado:u_square|cur_x[2]                                ;
; 5:1                ; 2 bits    ; 6 LEs         ; 4 LEs                ; 2 LEs                  ; Yes        ; |DE1_SOC_golden_top|top_video:video_system|rasterizador_top:rasterizer_top_inst|rasterizador_triangulo:u_triangle|divisor_unsigned:u_div|done          ;
; 4:1                ; 3 bits    ; 6 LEs         ; 3 LEs                ; 3 LEs                  ; Yes        ; |DE1_SOC_golden_top|top_video:video_system|rasterizador_top:rasterizer_top_inst|rasterizador_quadrado:u_square|cur_y[6]                                ;
; 5:1                ; 18 bits   ; 54 LEs        ; 0 LEs                ; 54 LEs                 ; Yes        ; |DE1_SOC_golden_top|top_video:video_system|rasterizador_top:rasterizer_top_inst|rasterizador_triangulo:u_triangle|inv_top[0]                           ;
; 5:1                ; 18 bits   ; 54 LEs        ; 0 LEs                ; 54 LEs                 ; Yes        ; |DE1_SOC_golden_top|top_video:video_system|rasterizador_top:rasterizer_top_inst|rasterizador_triangulo:u_triangle|inv_bot[10]                          ;
; 4:1                ; 21 bits   ; 42 LEs        ; 21 LEs               ; 21 LEs                 ; Yes        ; |DE1_SOC_golden_top|top_video:video_system|rasterizador_top:rasterizer_top_inst|rasterizador_triangulo:u_triangle|cur_y[3]                             ;
; 4:1                ; 5 bits    ; 10 LEs        ; 5 LEs                ; 5 LEs                  ; Yes        ; |DE1_SOC_golden_top|top_video:video_system|rasterizador_top:rasterizer_top_inst|rasterizador_triangulo:u_triangle|xacc_long[9]                         ;
; 5:1                ; 5 bits    ; 15 LEs        ; 10 LEs               ; 5 LEs                  ; Yes        ; |DE1_SOC_golden_top|top_video:video_system|motor_sprite:motor_sprite_inst|attr_rd_addr[3]                                                              ;
; 5:1                ; 5 bits    ; 15 LEs        ; 5 LEs                ; 10 LEs                 ; Yes        ; |DE1_SOC_golden_top|top_video:video_system|motor_sprite:motor_sprite_inst|level_cnt[3]                                                                 ;
; 6:1                ; 9 bits    ; 36 LEs        ; 9 LEs                ; 27 LEs                 ; Yes        ; |DE1_SOC_golden_top|top_video:video_system|rasterizador_top:rasterizer_top_inst|rasterizador_triangulo:u_triangle|xacc_short[7]                        ;
; 6:1                ; 4 bits    ; 16 LEs        ; 8 LEs                ; 8 LEs                  ; Yes        ; |DE1_SOC_golden_top|top_video:video_system|motor_sprite:motor_sprite_inst|lx_cnt[3]                                                                    ;
; 6:1                ; 6 bits    ; 24 LEs        ; 12 LEs               ; 12 LEs                 ; Yes        ; |DE1_SOC_golden_top|top_video:video_system|motor_background:motor_background_inst|prefetch_idx[0]                                                      ;
; 6:1                ; 3 bits    ; 12 LEs        ; 3 LEs                ; 9 LEs                  ; Yes        ; |DE1_SOC_golden_top|top_video:video_system|rasterizador_top:rasterizer_top_inst|rasterizador_triangulo:u_triangle|div_den[10]                          ;
; 6:1                ; 6 bits    ; 24 LEs        ; 12 LEs               ; 12 LEs                 ; Yes        ; |DE1_SOC_golden_top|top_video:video_system|rasterizador_top:rasterizer_top_inst|rasterizador_triangulo:u_triangle|div_den[2]                           ;
; 5:1                ; 9 bits    ; 27 LEs        ; 0 LEs                ; 27 LEs                 ; Yes        ; |DE1_SOC_golden_top|top_video:video_system|rasterizador_top:rasterizer_top_inst|rasterizador_triangulo:u_triangle|xR[5]                                ;
; 7:1                ; 4 bits    ; 16 LEs        ; 8 LEs                ; 8 LEs                  ; Yes        ; |DE1_SOC_golden_top|top_video:video_system|rasterizador_top:rasterizer_top_inst|rasterizador_triangulo:u_triangle|xacc_short[16]                       ;
; 7:1                ; 3 bits    ; 12 LEs        ; 6 LEs                ; 6 LEs                  ; Yes        ; |DE1_SOC_golden_top|top_video:video_system|rasterizador_top:rasterizer_top_inst|rasterizador_triangulo:u_triangle|xacc_short[11]                       ;
; 7:1                ; 4 bits    ; 16 LEs        ; 8 LEs                ; 8 LEs                  ; Yes        ; |DE1_SOC_golden_top|top_video:video_system|motor_sprite:motor_sprite_inst|ly_cnt[0]                                                                    ;
; 8:1                ; 9 bits    ; 45 LEs        ; 0 LEs                ; 45 LEs                 ; Yes        ; |DE1_SOC_golden_top|top_video:video_system|motor_background:motor_background_inst|screen_x[6]                                                          ;
; 8:1                ; 8 bits    ; 40 LEs        ; 0 LEs                ; 40 LEs                 ; Yes        ; |DE1_SOC_golden_top|top_video:video_system|motor_background:motor_background_inst|screen_y[7]                                                          ;
; 7:1                ; 9 bits    ; 36 LEs        ; 18 LEs               ; 18 LEs                 ; Yes        ; |DE1_SOC_golden_top|top_video:video_system|rasterizador_top:rasterizer_top_inst|rasterizador_triangulo:u_triangle|cur_x[1]                             ;
; 10:1               ; 10 bits   ; 60 LEs        ; 0 LEs                ; 60 LEs                 ; Yes        ; |DE1_SOC_golden_top|top_video:video_system|vga_driver:vga_driver_inst|v_counter[1]                                                                     ;
; 10:1               ; 10 bits   ; 60 LEs        ; 0 LEs                ; 60 LEs                 ; Yes        ; |DE1_SOC_golden_top|top_video:video_system|vga_driver:vga_driver_inst|h_counter[0]                                                                     ;
; 9:1                ; 8 bits    ; 48 LEs        ; 32 LEs               ; 16 LEs                 ; Yes        ; |DE1_SOC_golden_top|top_video:video_system|rasterizador_top:rasterizer_top_inst|rasterizador_triangulo:u_triangle|div_num[16]                          ;
; 20:1               ; 9 bits    ; 117 LEs       ; 108 LEs              ; 9 LEs                  ; Yes        ; |DE1_SOC_golden_top|top_video:video_system|vga_driver:vga_driver_inst|blue_reg[7]                                                                      ;
; 3:1                ; 4 bits    ; 8 LEs         ; 8 LEs                ; 0 LEs                  ; No         ; |DE1_SOC_golden_top|top_video:video_system|motor_background:motor_background_inst|next_scroll_y                                                        ;
; 3:1                ; 3 bits    ; 6 LEs         ; 6 LEs                ; 0 LEs                  ; No         ; |DE1_SOC_golden_top|top_video:video_system|motor_background:motor_background_inst|next_scroll_x                                                        ;
; 4:1                ; 26 bits   ; 52 LEs        ; 52 LEs               ; 0 LEs                  ; No         ; |DE1_SOC_golden_top|top_video:video_system|compositor:compositor_inst|fb_wr_x[1]                                                                       ;
; 4:1                ; 6 bits    ; 12 LEs        ; 12 LEs               ; 0 LEs                  ; No         ; |DE1_SOC_golden_top|top_video:video_system|compositor:compositor_inst|palette_rd_addr[3]                                                               ;
; 5:1                ; 3 bits    ; 9 LEs         ; 9 LEs                ; 0 LEs                  ; No         ; |DE1_SOC_golden_top|top_video:video_system|compositor:compositor_inst|palette_rd_addr[0]                                                               ;
; 8:1                ; 2 bits    ; 10 LEs        ; 8 LEs                ; 2 LEs                  ; No         ; |DE1_SOC_golden_top|test_driver:test_driver_inst|state                                                                                                 ;
; 10:1               ; 2 bits    ; 12 LEs        ; 8 LEs                ; 4 LEs                  ; No         ; |DE1_SOC_golden_top|test_driver:test_driver_inst|state                                                                                                 ;
; 10:1               ; 5 bits    ; 30 LEs        ; 20 LEs               ; 10 LEs                 ; No         ; |DE1_SOC_golden_top|top_video:video_system|compositor:compositor_inst|state                                                                            ;
; 9:1                ; 2 bits    ; 12 LEs        ; 6 LEs                ; 6 LEs                  ; No         ; |DE1_SOC_golden_top|top_video:video_system|rasterizador_top:rasterizer_top_inst|rasterizador_triangulo:u_triangle|state                                ;
; 9:1                ; 2 bits    ; 12 LEs        ; 6 LEs                ; 6 LEs                  ; No         ; |DE1_SOC_golden_top|top_video:video_system|rasterizador_top:rasterizer_top_inst|rasterizador_triangulo:u_triangle|state                                ;
+--------------------+-----------+---------------+----------------------+------------------------+------------+--------------------------------------------------------------------------------------------------------------------------------------------------------+


+---------------------------------------------------------------------------------------------------------------------------------------------------------------------------------+
; Source assignments for top_video:video_system|framebuffer:framebuffer_inst|framebuffer_ram:framebuffer_ram_bank0|altsyncram:altsyncram_component|altsyncram_lsr1:auto_generated ;
+---------------------------------+--------------------+------+-------------------------------------------------------------------------------------------------------------------+
; Assignment                      ; Value              ; From ; To                                                                                                                ;
+---------------------------------+--------------------+------+-------------------------------------------------------------------------------------------------------------------+
; OPTIMIZE_POWER_DURING_SYNTHESIS ; NORMAL_COMPILATION ; -    ; -                                                                                                                 ;
+---------------------------------+--------------------+------+-------------------------------------------------------------------------------------------------------------------+


+---------------------------------------------------------------------------------------------------------------------------------------------------------------------------------+
; Source assignments for top_video:video_system|framebuffer:framebuffer_inst|framebuffer_ram:framebuffer_ram_bank1|altsyncram:altsyncram_component|altsyncram_lsr1:auto_generated ;
+---------------------------------+--------------------+------+-------------------------------------------------------------------------------------------------------------------+
; Assignment                      ; Value              ; From ; To                                                                                                                ;
+---------------------------------+--------------------+------+-------------------------------------------------------------------------------------------------------------------+
; OPTIMIZE_POWER_DURING_SYNTHESIS ; NORMAL_COMPILATION ; -    ; -                                                                                                                 ;
+---------------------------------+--------------------+------+-------------------------------------------------------------------------------------------------------------------+


+-------------------------------------------------------------------------------------------------------------------------------------------+
; Source assignments for top_video:video_system|palette_ram:palette_ram_inst|altsyncram:altsyncram_component|altsyncram_7062:auto_generated ;
+---------------------------------+--------------------+------+-----------------------------------------------------------------------------+
; Assignment                      ; Value              ; From ; To                                                                          ;
+---------------------------------+--------------------+------+-----------------------------------------------------------------------------+
; OPTIMIZE_POWER_DURING_SYNTHESIS ; NORMAL_COMPILATION ; -    ; -                                                                           ;
+---------------------------------+--------------------+------+-----------------------------------------------------------------------------+


+-------------------------------------------------------------------------------------------------------------------------------------------+
; Source assignments for top_video:video_system|bg_tile_ram:bg_tile_ram_inst|altsyncram:altsyncram_component|altsyncram_fn52:auto_generated ;
+---------------------------------+--------------------+------+-----------------------------------------------------------------------------+
; Assignment                      ; Value              ; From ; To                                                                          ;
+---------------------------------+--------------------+------+-----------------------------------------------------------------------------+
; OPTIMIZE_POWER_DURING_SYNTHESIS ; NORMAL_COMPILATION ; -    ; -                                                                           ;
+---------------------------------+--------------------+------+-----------------------------------------------------------------------------+


+-----------------------------------------------------------------------------------------------------------------------------------------------------------+
; Source assignments for top_video:video_system|bg_tile_pattern_ram:bg_tile_pattern_ram_inst|altsyncram:altsyncram_component|altsyncram_5t62:auto_generated ;
+---------------------------------+--------------------+------+---------------------------------------------------------------------------------------------+
; Assignment                      ; Value              ; From ; To                                                                                          ;
+---------------------------------+--------------------+------+---------------------------------------------------------------------------------------------+
; OPTIMIZE_POWER_DURING_SYNTHESIS ; NORMAL_COMPILATION ; -    ; -                                                                                           ;
+---------------------------------+--------------------+------+---------------------------------------------------------------------------------------------+


+-------------------------------------------------------------------------------------------------------------------------------------------------------------+
; Source assignments for top_video:video_system|sprite_attribute_ram:sprite_attribute_ram_inst|altsyncram:altsyncram_component|altsyncram_7h62:auto_generated ;
+---------------------------------+--------------------+------+-----------------------------------------------------------------------------------------------+
; Assignment                      ; Value              ; From ; To                                                                                            ;
+---------------------------------+--------------------+------+-----------------------------------------------------------------------------------------------+
; OPTIMIZE_POWER_DURING_SYNTHESIS ; NORMAL_COMPILATION ; -    ; -                                                                                             ;
+---------------------------------+--------------------+------+-----------------------------------------------------------------------------------------------+


+---------------------------------------------------------------------------------------------------------------------------------------------------------+
; Source assignments for top_video:video_system|sprite_pattern_ram:sprite_pattern_ram_inst|altsyncram:altsyncram_component|altsyncram_hi82:auto_generated ;
+---------------------------------+--------------------+------+-------------------------------------------------------------------------------------------+
; Assignment                      ; Value              ; From ; To                                                                                        ;
+---------------------------------+--------------------+------+-------------------------------------------------------------------------------------------+
; OPTIMIZE_POWER_DURING_SYNTHESIS ; NORMAL_COMPILATION ; -    ; -                                                                                         ;
+---------------------------------+--------------------+------+-------------------------------------------------------------------------------------------+


+------------------------------------------------------------------------------------------------------------------------------------+
; Parameter Settings for User Entity Instance: top_video:video_system|pll01:pll01_inst|pll01_0002:pll01_inst|altera_pll:altera_pll_i ;
+--------------------------------------+------------------------+--------------------------------------------------------------------+
; Parameter Name                       ; Value                  ; Type                                                               ;
+--------------------------------------+------------------------+--------------------------------------------------------------------+
; reference_clock_frequency            ; 50.0 MHz               ; String                                                             ;
; fractional_vco_multiplier            ; false                  ; String                                                             ;
; pll_type                             ; General                ; String                                                             ;
; pll_subtype                          ; General                ; String                                                             ;
; number_of_clocks                     ; 1                      ; Signed Integer                                                     ;
; operation_mode                       ; direct                 ; String                                                             ;
; deserialization_factor               ; 4                      ; Signed Integer                                                     ;
; data_rate                            ; 0                      ; Signed Integer                                                     ;
; sim_additional_refclk_cycles_to_lock ; 0                      ; Signed Integer                                                     ;
; output_clock_frequency0              ; 25.000000 MHz          ; String                                                             ;
; phase_shift0                         ; 0 ps                   ; String                                                             ;
; duty_cycle0                          ; 50                     ; Signed Integer                                                     ;
; output_clock_frequency1              ; 0 MHz                  ; String                                                             ;
; phase_shift1                         ; 0 ps                   ; String                                                             ;
; duty_cycle1                          ; 50                     ; Signed Integer                                                     ;
; output_clock_frequency2              ; 0 MHz                  ; String                                                             ;
; phase_shift2                         ; 0 ps                   ; String                                                             ;
; duty_cycle2                          ; 50                     ; Signed Integer                                                     ;
; output_clock_frequency3              ; 0 MHz                  ; String                                                             ;
; phase_shift3                         ; 0 ps                   ; String                                                             ;
; duty_cycle3                          ; 50                     ; Signed Integer                                                     ;
; output_clock_frequency4              ; 0 MHz                  ; String                                                             ;
; phase_shift4                         ; 0 ps                   ; String                                                             ;
; duty_cycle4                          ; 50                     ; Signed Integer                                                     ;
; output_clock_frequency5              ; 0 MHz                  ; String                                                             ;
; phase_shift5                         ; 0 ps                   ; String                                                             ;
; duty_cycle5                          ; 50                     ; Signed Integer                                                     ;
; output_clock_frequency6              ; 0 MHz                  ; String                                                             ;
; phase_shift6                         ; 0 ps                   ; String                                                             ;
; duty_cycle6                          ; 50                     ; Signed Integer                                                     ;
; output_clock_frequency7              ; 0 MHz                  ; String                                                             ;
; phase_shift7                         ; 0 ps                   ; String                                                             ;
; duty_cycle7                          ; 50                     ; Signed Integer                                                     ;
; output_clock_frequency8              ; 0 MHz                  ; String                                                             ;
; phase_shift8                         ; 0 ps                   ; String                                                             ;
; duty_cycle8                          ; 50                     ; Signed Integer                                                     ;
; output_clock_frequency9              ; 0 MHz                  ; String                                                             ;
; phase_shift9                         ; 0 ps                   ; String                                                             ;
; duty_cycle9                          ; 50                     ; Signed Integer                                                     ;
; output_clock_frequency10             ; 0 MHz                  ; String                                                             ;
; phase_shift10                        ; 0 ps                   ; String                                                             ;
; duty_cycle10                         ; 50                     ; Signed Integer                                                     ;
; output_clock_frequency11             ; 0 MHz                  ; String                                                             ;
; phase_shift11                        ; 0 ps                   ; String                                                             ;
; duty_cycle11                         ; 50                     ; Signed Integer                                                     ;
; output_clock_frequency12             ; 0 MHz                  ; String                                                             ;
; phase_shift12                        ; 0 ps                   ; String                                                             ;
; duty_cycle12                         ; 50                     ; Signed Integer                                                     ;
; output_clock_frequency13             ; 0 MHz                  ; String                                                             ;
; phase_shift13                        ; 0 ps                   ; String                                                             ;
; duty_cycle13                         ; 50                     ; Signed Integer                                                     ;
; output_clock_frequency14             ; 0 MHz                  ; String                                                             ;
; phase_shift14                        ; 0 ps                   ; String                                                             ;
; duty_cycle14                         ; 50                     ; Signed Integer                                                     ;
; output_clock_frequency15             ; 0 MHz                  ; String                                                             ;
; phase_shift15                        ; 0 ps                   ; String                                                             ;
; duty_cycle15                         ; 50                     ; Signed Integer                                                     ;
; output_clock_frequency16             ; 0 MHz                  ; String                                                             ;
; phase_shift16                        ; 0 ps                   ; String                                                             ;
; duty_cycle16                         ; 50                     ; Signed Integer                                                     ;
; output_clock_frequency17             ; 0 MHz                  ; String                                                             ;
; phase_shift17                        ; 0 ps                   ; String                                                             ;
; duty_cycle17                         ; 50                     ; Signed Integer                                                     ;
; clock_name_0                         ;                        ; String                                                             ;
; clock_name_1                         ;                        ; String                                                             ;
; clock_name_2                         ;                        ; String                                                             ;
; clock_name_3                         ;                        ; String                                                             ;
; clock_name_4                         ;                        ; String                                                             ;
; clock_name_5                         ;                        ; String                                                             ;
; clock_name_6                         ;                        ; String                                                             ;
; clock_name_7                         ;                        ; String                                                             ;
; clock_name_8                         ;                        ; String                                                             ;
; clock_name_global_0                  ; false                  ; String                                                             ;
; clock_name_global_1                  ; false                  ; String                                                             ;
; clock_name_global_2                  ; false                  ; String                                                             ;
; clock_name_global_3                  ; false                  ; String                                                             ;
; clock_name_global_4                  ; false                  ; String                                                             ;
; clock_name_global_5                  ; false                  ; String                                                             ;
; clock_name_global_6                  ; false                  ; String                                                             ;
; clock_name_global_7                  ; false                  ; String                                                             ;
; clock_name_global_8                  ; false                  ; String                                                             ;
; m_cnt_hi_div                         ; 1                      ; Signed Integer                                                     ;
; m_cnt_lo_div                         ; 1                      ; Signed Integer                                                     ;
; m_cnt_bypass_en                      ; false                  ; String                                                             ;
; m_cnt_odd_div_duty_en                ; false                  ; String                                                             ;
; n_cnt_hi_div                         ; 1                      ; Signed Integer                                                     ;
; n_cnt_lo_div                         ; 1                      ; Signed Integer                                                     ;
; n_cnt_bypass_en                      ; false                  ; String                                                             ;
; n_cnt_odd_div_duty_en                ; false                  ; String                                                             ;
; c_cnt_hi_div0                        ; 1                      ; Signed Integer                                                     ;
; c_cnt_lo_div0                        ; 1                      ; Signed Integer                                                     ;
; c_cnt_bypass_en0                     ; false                  ; String                                                             ;
; c_cnt_in_src0                        ; ph_mux_clk             ; String                                                             ;
; c_cnt_odd_div_duty_en0               ; false                  ; String                                                             ;
; c_cnt_prst0                          ; 1                      ; Signed Integer                                                     ;
; c_cnt_ph_mux_prst0                   ; 0                      ; Signed Integer                                                     ;
; c_cnt_hi_div1                        ; 1                      ; Signed Integer                                                     ;
; c_cnt_lo_div1                        ; 1                      ; Signed Integer                                                     ;
; c_cnt_bypass_en1                     ; false                  ; String                                                             ;
; c_cnt_in_src1                        ; ph_mux_clk             ; String                                                             ;
; c_cnt_odd_div_duty_en1               ; false                  ; String                                                             ;
; c_cnt_prst1                          ; 1                      ; Signed Integer                                                     ;
; c_cnt_ph_mux_prst1                   ; 0                      ; Signed Integer                                                     ;
; c_cnt_hi_div2                        ; 1                      ; Signed Integer                                                     ;
; c_cnt_lo_div2                        ; 1                      ; Signed Integer                                                     ;
; c_cnt_bypass_en2                     ; false                  ; String                                                             ;
; c_cnt_in_src2                        ; ph_mux_clk             ; String                                                             ;
; c_cnt_odd_div_duty_en2               ; false                  ; String                                                             ;
; c_cnt_prst2                          ; 1                      ; Signed Integer                                                     ;
; c_cnt_ph_mux_prst2                   ; 0                      ; Signed Integer                                                     ;
; c_cnt_hi_div3                        ; 1                      ; Signed Integer                                                     ;
; c_cnt_lo_div3                        ; 1                      ; Signed Integer                                                     ;
; c_cnt_bypass_en3                     ; false                  ; String                                                             ;
; c_cnt_in_src3                        ; ph_mux_clk             ; String                                                             ;
; c_cnt_odd_div_duty_en3               ; false                  ; String                                                             ;
; c_cnt_prst3                          ; 1                      ; Signed Integer                                                     ;
; c_cnt_ph_mux_prst3                   ; 0                      ; Signed Integer                                                     ;
; c_cnt_hi_div4                        ; 1                      ; Signed Integer                                                     ;
; c_cnt_lo_div4                        ; 1                      ; Signed Integer                                                     ;
; c_cnt_bypass_en4                     ; false                  ; String                                                             ;
; c_cnt_in_src4                        ; ph_mux_clk             ; String                                                             ;
; c_cnt_odd_div_duty_en4               ; false                  ; String                                                             ;
; c_cnt_prst4                          ; 1                      ; Signed Integer                                                     ;
; c_cnt_ph_mux_prst4                   ; 0                      ; Signed Integer                                                     ;
; c_cnt_hi_div5                        ; 1                      ; Signed Integer                                                     ;
; c_cnt_lo_div5                        ; 1                      ; Signed Integer                                                     ;
; c_cnt_bypass_en5                     ; false                  ; String                                                             ;
; c_cnt_in_src5                        ; ph_mux_clk             ; String                                                             ;
; c_cnt_odd_div_duty_en5               ; false                  ; String                                                             ;
; c_cnt_prst5                          ; 1                      ; Signed Integer                                                     ;
; c_cnt_ph_mux_prst5                   ; 0                      ; Signed Integer                                                     ;
; c_cnt_hi_div6                        ; 1                      ; Signed Integer                                                     ;
; c_cnt_lo_div6                        ; 1                      ; Signed Integer                                                     ;
; c_cnt_bypass_en6                     ; false                  ; String                                                             ;
; c_cnt_in_src6                        ; ph_mux_clk             ; String                                                             ;
; c_cnt_odd_div_duty_en6               ; false                  ; String                                                             ;
; c_cnt_prst6                          ; 1                      ; Signed Integer                                                     ;
; c_cnt_ph_mux_prst6                   ; 0                      ; Signed Integer                                                     ;
; c_cnt_hi_div7                        ; 1                      ; Signed Integer                                                     ;
; c_cnt_lo_div7                        ; 1                      ; Signed Integer                                                     ;
; c_cnt_bypass_en7                     ; false                  ; String                                                             ;
; c_cnt_in_src7                        ; ph_mux_clk             ; String                                                             ;
; c_cnt_odd_div_duty_en7               ; false                  ; String                                                             ;
; c_cnt_prst7                          ; 1                      ; Signed Integer                                                     ;
; c_cnt_ph_mux_prst7                   ; 0                      ; Signed Integer                                                     ;
; c_cnt_hi_div8                        ; 1                      ; Signed Integer                                                     ;
; c_cnt_lo_div8                        ; 1                      ; Signed Integer                                                     ;
; c_cnt_bypass_en8                     ; false                  ; String                                                             ;
; c_cnt_in_src8                        ; ph_mux_clk             ; String                                                             ;
; c_cnt_odd_div_duty_en8               ; false                  ; String                                                             ;
; c_cnt_prst8                          ; 1                      ; Signed Integer                                                     ;
; c_cnt_ph_mux_prst8                   ; 0                      ; Signed Integer                                                     ;
; c_cnt_hi_div9                        ; 1                      ; Signed Integer                                                     ;
; c_cnt_lo_div9                        ; 1                      ; Signed Integer                                                     ;
; c_cnt_bypass_en9                     ; false                  ; String                                                             ;
; c_cnt_in_src9                        ; ph_mux_clk             ; String                                                             ;
; c_cnt_odd_div_duty_en9               ; false                  ; String                                                             ;
; c_cnt_prst9                          ; 1                      ; Signed Integer                                                     ;
; c_cnt_ph_mux_prst9                   ; 0                      ; Signed Integer                                                     ;
; c_cnt_hi_div10                       ; 1                      ; Signed Integer                                                     ;
; c_cnt_lo_div10                       ; 1                      ; Signed Integer                                                     ;
; c_cnt_bypass_en10                    ; false                  ; String                                                             ;
; c_cnt_in_src10                       ; ph_mux_clk             ; String                                                             ;
; c_cnt_odd_div_duty_en10              ; false                  ; String                                                             ;
; c_cnt_prst10                         ; 1                      ; Signed Integer                                                     ;
; c_cnt_ph_mux_prst10                  ; 0                      ; Signed Integer                                                     ;
; c_cnt_hi_div11                       ; 1                      ; Signed Integer                                                     ;
; c_cnt_lo_div11                       ; 1                      ; Signed Integer                                                     ;
; c_cnt_bypass_en11                    ; false                  ; String                                                             ;
; c_cnt_in_src11                       ; ph_mux_clk             ; String                                                             ;
; c_cnt_odd_div_duty_en11              ; false                  ; String                                                             ;
; c_cnt_prst11                         ; 1                      ; Signed Integer                                                     ;
; c_cnt_ph_mux_prst11                  ; 0                      ; Signed Integer                                                     ;
; c_cnt_hi_div12                       ; 1                      ; Signed Integer                                                     ;
; c_cnt_lo_div12                       ; 1                      ; Signed Integer                                                     ;
; c_cnt_bypass_en12                    ; false                  ; String                                                             ;
; c_cnt_in_src12                       ; ph_mux_clk             ; String                                                             ;
; c_cnt_odd_div_duty_en12              ; false                  ; String                                                             ;
; c_cnt_prst12                         ; 1                      ; Signed Integer                                                     ;
; c_cnt_ph_mux_prst12                  ; 0                      ; Signed Integer                                                     ;
; c_cnt_hi_div13                       ; 1                      ; Signed Integer                                                     ;
; c_cnt_lo_div13                       ; 1                      ; Signed Integer                                                     ;
; c_cnt_bypass_en13                    ; false                  ; String                                                             ;
; c_cnt_in_src13                       ; ph_mux_clk             ; String                                                             ;
; c_cnt_odd_div_duty_en13              ; false                  ; String                                                             ;
; c_cnt_prst13                         ; 1                      ; Signed Integer                                                     ;
; c_cnt_ph_mux_prst13                  ; 0                      ; Signed Integer                                                     ;
; c_cnt_hi_div14                       ; 1                      ; Signed Integer                                                     ;
; c_cnt_lo_div14                       ; 1                      ; Signed Integer                                                     ;
; c_cnt_bypass_en14                    ; false                  ; String                                                             ;
; c_cnt_in_src14                       ; ph_mux_clk             ; String                                                             ;
; c_cnt_odd_div_duty_en14              ; false                  ; String                                                             ;
; c_cnt_prst14                         ; 1                      ; Signed Integer                                                     ;
; c_cnt_ph_mux_prst14                  ; 0                      ; Signed Integer                                                     ;
; c_cnt_hi_div15                       ; 1                      ; Signed Integer                                                     ;
; c_cnt_lo_div15                       ; 1                      ; Signed Integer                                                     ;
; c_cnt_bypass_en15                    ; false                  ; String                                                             ;
; c_cnt_in_src15                       ; ph_mux_clk             ; String                                                             ;
; c_cnt_odd_div_duty_en15              ; false                  ; String                                                             ;
; c_cnt_prst15                         ; 1                      ; Signed Integer                                                     ;
; c_cnt_ph_mux_prst15                  ; 0                      ; Signed Integer                                                     ;
; c_cnt_hi_div16                       ; 1                      ; Signed Integer                                                     ;
; c_cnt_lo_div16                       ; 1                      ; Signed Integer                                                     ;
; c_cnt_bypass_en16                    ; false                  ; String                                                             ;
; c_cnt_in_src16                       ; ph_mux_clk             ; String                                                             ;
; c_cnt_odd_div_duty_en16              ; false                  ; String                                                             ;
; c_cnt_prst16                         ; 1                      ; Signed Integer                                                     ;
; c_cnt_ph_mux_prst16                  ; 0                      ; Signed Integer                                                     ;
; c_cnt_hi_div17                       ; 1                      ; Signed Integer                                                     ;
; c_cnt_lo_div17                       ; 1                      ; Signed Integer                                                     ;
; c_cnt_bypass_en17                    ; false                  ; String                                                             ;
; c_cnt_in_src17                       ; ph_mux_clk             ; String                                                             ;
; c_cnt_odd_div_duty_en17              ; false                  ; String                                                             ;
; c_cnt_prst17                         ; 1                      ; Signed Integer                                                     ;
; c_cnt_ph_mux_prst17                  ; 0                      ; Signed Integer                                                     ;
; pll_vco_div                          ; 1                      ; Signed Integer                                                     ;
; pll_slf_rst                          ; false                  ; String                                                             ;
; pll_bw_sel                           ; low                    ; String                                                             ;
; pll_output_clk_frequency             ; 0 MHz                  ; String                                                             ;
; pll_cp_current                       ; 0                      ; Signed Integer                                                     ;
; pll_bwctrl                           ; 0                      ; Signed Integer                                                     ;
; pll_fractional_division              ; 1                      ; Signed Integer                                                     ;
; pll_fractional_cout                  ; 24                     ; Signed Integer                                                     ;
; pll_dsm_out_sel                      ; 1st_order              ; String                                                             ;
; mimic_fbclk_type                     ; gclk                   ; String                                                             ;
; pll_fbclk_mux_1                      ; glb                    ; String                                                             ;
; pll_fbclk_mux_2                      ; fb_1                   ; String                                                             ;
; pll_m_cnt_in_src                     ; ph_mux_clk             ; String                                                             ;
; pll_vcoph_div                        ; 1                      ; Signed Integer                                                     ;
; refclk1_frequency                    ; 0 MHz                  ; String                                                             ;
; pll_clkin_0_src                      ; clk_0                  ; String                                                             ;
; pll_clkin_1_src                      ; clk_0                  ; String                                                             ;
; pll_clk_loss_sw_en                   ; false                  ; String                                                             ;
; pll_auto_clk_sw_en                   ; false                  ; String                                                             ;
; pll_manu_clk_sw_en                   ; false                  ; String                                                             ;
; pll_clk_sw_dly                       ; 0                      ; Signed Integer                                                     ;
; pll_extclk_0_cnt_src                 ; pll_extclk_cnt_src_vss ; String                                                             ;
; pll_extclk_1_cnt_src                 ; pll_extclk_cnt_src_vss ; String                                                             ;
+--------------------------------------+------------------------+--------------------------------------------------------------------+
Note: In order to hide this table in the UI and the text report file, please set the "Show Parameter Settings in Synthesis Report" option in "Analysis and Synthesis Settings -> More Settings" to "Off".


+------------------------------------------------------------------------------------------------+
; Parameter Settings for User Entity Instance: top_video:video_system|vga_driver:vga_driver_inst ;
+----------------+------------+------------------------------------------------------------------+
; Parameter Name ; Value      ; Type                                                             ;
+----------------+------------+------------------------------------------------------------------+
; H_ACTIVE       ; 1001111111 ; Unsigned Binary                                                  ;
; H_FRONT        ; 0000001111 ; Unsigned Binary                                                  ;
; H_PULSE        ; 0001011111 ; Unsigned Binary                                                  ;
; H_BACK         ; 0000101111 ; Unsigned Binary                                                  ;
; V_ACTIVE       ; 0111011111 ; Unsigned Binary                                                  ;
; V_FRONT        ; 0000001001 ; Unsigned Binary                                                  ;
; V_PULSE        ; 0000000001 ; Unsigned Binary                                                  ;
; V_BACK         ; 0000100000 ; Unsigned Binary                                                  ;
; LOW            ; 0          ; Unsigned Binary                                                  ;
; HIGH           ; 1          ; Unsigned Binary                                                  ;
; H_ACTIVE_STATE ; 00000000   ; Unsigned Binary                                                  ;
; H_FRONT_STATE  ; 00000001   ; Unsigned Binary                                                  ;
; H_PULSE_STATE  ; 00000010   ; Unsigned Binary                                                  ;
; H_BACK_STATE   ; 00000011   ; Unsigned Binary                                                  ;
; V_ACTIVE_STATE ; 00000000   ; Unsigned Binary                                                  ;
; V_FRONT_STATE  ; 00000001   ; Unsigned Binary                                                  ;
; V_PULSE_STATE  ; 00000010   ; Unsigned Binary                                                  ;
; V_BACK_STATE   ; 00000011   ; Unsigned Binary                                                  ;
+----------------+------------+------------------------------------------------------------------+
Note: In order to hide this table in the UI and the text report file, please set the "Show Parameter Settings in Synthesis Report" option in "Analysis and Synthesis Settings -> More Settings" to "Off".


+--------------------------------------------------------------------------------------------------------------------------+
; Parameter Settings for User Entity Instance: top_video:video_system|framebuffer:framebuffer_inst|fb_addr_gen:wr_addr_gen ;
+----------------+-------+-------------------------------------------------------------------------------------------------+
; Parameter Name ; Value ; Type                                                                                            ;
+----------------+-------+-------------------------------------------------------------------------------------------------+
; WIDTH          ; 320   ; Signed Integer                                                                                  ;
+----------------+-------+-------------------------------------------------------------------------------------------------+
Note: In order to hide this table in the UI and the text report file, please set the "Show Parameter Settings in Synthesis Report" option in "Analysis and Synthesis Settings -> More Settings" to "Off".


+--------------------------------------------------------------------------------------------------------------------------+
; Parameter Settings for User Entity Instance: top_video:video_system|framebuffer:framebuffer_inst|fb_addr_gen:rd_addr_gen ;
+----------------+-------+-------------------------------------------------------------------------------------------------+
; Parameter Name ; Value ; Type                                                                                            ;
+----------------+-------+-------------------------------------------------------------------------------------------------+
; WIDTH          ; 320   ; Signed Integer                                                                                  ;
+----------------+-------+-------------------------------------------------------------------------------------------------+
Note: In order to hide this table in the UI and the text report file, please set the "Show Parameter Settings in Synthesis Report" option in "Analysis and Synthesis Settings -> More Settings" to "Off".


+------------------------------------------------------------------------------------------------------------------------------------------------------------------------+
; Parameter Settings for User Entity Instance: top_video:video_system|framebuffer:framebuffer_inst|framebuffer_ram:framebuffer_ram_bank0|altsyncram:altsyncram_component ;
+------------------------------------+----------------------+------------------------------------------------------------------------------------------------------------+
; Parameter Name                     ; Value                ; Type                                                                                                       ;
+------------------------------------+----------------------+------------------------------------------------------------------------------------------------------------+
; BYTE_SIZE_BLOCK                    ; 8                    ; Untyped                                                                                                    ;
; AUTO_CARRY_CHAINS                  ; ON                   ; AUTO_CARRY                                                                                                 ;
; IGNORE_CARRY_BUFFERS               ; OFF                  ; IGNORE_CARRY                                                                                               ;
; AUTO_CASCADE_CHAINS                ; ON                   ; AUTO_CASCADE                                                                                               ;
; IGNORE_CASCADE_BUFFERS             ; OFF                  ; IGNORE_CASCADE                                                                                             ;
; WIDTH_BYTEENA                      ; 1                    ; Untyped                                                                                                    ;
; OPERATION_MODE                     ; DUAL_PORT            ; Untyped                                                                                                    ;
; WIDTH_A                            ; 9                    ; Signed Integer                                                                                             ;
; WIDTHAD_A                          ; 17                   ; Signed Integer                                                                                             ;
; NUMWORDS_A                         ; 76800                ; Signed Integer                                                                                             ;
; OUTDATA_REG_A                      ; UNREGISTERED         ; Untyped                                                                                                    ;
; ADDRESS_ACLR_A                     ; NONE                 ; Untyped                                                                                                    ;
; OUTDATA_ACLR_A                     ; NONE                 ; Untyped                                                                                                    ;
; WRCONTROL_ACLR_A                   ; NONE                 ; Untyped                                                                                                    ;
; INDATA_ACLR_A                      ; NONE                 ; Untyped                                                                                                    ;
; BYTEENA_ACLR_A                     ; NONE                 ; Untyped                                                                                                    ;
; WIDTH_B                            ; 9                    ; Signed Integer                                                                                             ;
; WIDTHAD_B                          ; 17                   ; Signed Integer                                                                                             ;
; NUMWORDS_B                         ; 76800                ; Signed Integer                                                                                             ;
; INDATA_REG_B                       ; CLOCK1               ; Untyped                                                                                                    ;
; WRCONTROL_WRADDRESS_REG_B          ; CLOCK1               ; Untyped                                                                                                    ;
; RDCONTROL_REG_B                    ; CLOCK1               ; Untyped                                                                                                    ;
; ADDRESS_REG_B                      ; CLOCK1               ; Untyped                                                                                                    ;
; OUTDATA_REG_B                      ; CLOCK1               ; Untyped                                                                                                    ;
; BYTEENA_REG_B                      ; CLOCK1               ; Untyped                                                                                                    ;
; INDATA_ACLR_B                      ; NONE                 ; Untyped                                                                                                    ;
; WRCONTROL_ACLR_B                   ; NONE                 ; Untyped                                                                                                    ;
; ADDRESS_ACLR_B                     ; NONE                 ; Untyped                                                                                                    ;
; OUTDATA_ACLR_B                     ; NONE                 ; Untyped                                                                                                    ;
; RDCONTROL_ACLR_B                   ; NONE                 ; Untyped                                                                                                    ;
; BYTEENA_ACLR_B                     ; NONE                 ; Untyped                                                                                                    ;
; WIDTH_BYTEENA_A                    ; 1                    ; Signed Integer                                                                                             ;
; WIDTH_BYTEENA_B                    ; 1                    ; Untyped                                                                                                    ;
; RAM_BLOCK_TYPE                     ; M10K                 ; Untyped                                                                                                    ;
; BYTE_SIZE                          ; 8                    ; Untyped                                                                                                    ;
; READ_DURING_WRITE_MODE_MIXED_PORTS ; DONT_CARE            ; Untyped                                                                                                    ;
; READ_DURING_WRITE_MODE_PORT_A      ; NEW_DATA_NO_NBE_READ ; Untyped                                                                                                    ;
; READ_DURING_WRITE_MODE_PORT_B      ; NEW_DATA_NO_NBE_READ ; Untyped                                                                                                    ;
; INIT_FILE                          ; UNUSED               ; Untyped                                                                                                    ;
; INIT_FILE_LAYOUT                   ; PORT_A               ; Untyped                                                                                                    ;
; MAXIMUM_DEPTH                      ; 0                    ; Untyped                                                                                                    ;
; CLOCK_ENABLE_INPUT_A               ; BYPASS               ; Untyped                                                                                                    ;
; CLOCK_ENABLE_INPUT_B               ; BYPASS               ; Untyped                                                                                                    ;
; CLOCK_ENABLE_OUTPUT_A              ; NORMAL               ; Untyped                                                                                                    ;
; CLOCK_ENABLE_OUTPUT_B              ; BYPASS               ; Untyped                                                                                                    ;
; CLOCK_ENABLE_CORE_A                ; USE_INPUT_CLKEN      ; Untyped                                                                                                    ;
; CLOCK_ENABLE_CORE_B                ; USE_INPUT_CLKEN      ; Untyped                                                                                                    ;
; ENABLE_ECC                         ; FALSE                ; Untyped                                                                                                    ;
; ECC_PIPELINE_STAGE_ENABLED         ; FALSE                ; Untyped                                                                                                    ;
; WIDTH_ECCSTATUS                    ; 3                    ; Untyped                                                                                                    ;
; DEVICE_FAMILY                      ; Cyclone V            ; Untyped                                                                                                    ;
; CBXI_PARAMETER                     ; altsyncram_lsr1      ; Untyped                                                                                                    ;
+------------------------------------+----------------------+------------------------------------------------------------------------------------------------------------+
Note: In order to hide this table in the UI and the text report file, please set the "Show Parameter Settings in Synthesis Report" option in "Analysis and Synthesis Settings -> More Settings" to "Off".


+------------------------------------------------------------------------------------------------------------------------------------------------------------------------+
; Parameter Settings for User Entity Instance: top_video:video_system|framebuffer:framebuffer_inst|framebuffer_ram:framebuffer_ram_bank1|altsyncram:altsyncram_component ;
+------------------------------------+----------------------+------------------------------------------------------------------------------------------------------------+
; Parameter Name                     ; Value                ; Type                                                                                                       ;
+------------------------------------+----------------------+------------------------------------------------------------------------------------------------------------+
; BYTE_SIZE_BLOCK                    ; 8                    ; Untyped                                                                                                    ;
; AUTO_CARRY_CHAINS                  ; ON                   ; AUTO_CARRY                                                                                                 ;
; IGNORE_CARRY_BUFFERS               ; OFF                  ; IGNORE_CARRY                                                                                               ;
; AUTO_CASCADE_CHAINS                ; ON                   ; AUTO_CASCADE                                                                                               ;
; IGNORE_CASCADE_BUFFERS             ; OFF                  ; IGNORE_CASCADE                                                                                             ;
; WIDTH_BYTEENA                      ; 1                    ; Untyped                                                                                                    ;
; OPERATION_MODE                     ; DUAL_PORT            ; Untyped                                                                                                    ;
; WIDTH_A                            ; 9                    ; Signed Integer                                                                                             ;
; WIDTHAD_A                          ; 17                   ; Signed Integer                                                                                             ;
; NUMWORDS_A                         ; 76800                ; Signed Integer                                                                                             ;
; OUTDATA_REG_A                      ; UNREGISTERED         ; Untyped                                                                                                    ;
; ADDRESS_ACLR_A                     ; NONE                 ; Untyped                                                                                                    ;
; OUTDATA_ACLR_A                     ; NONE                 ; Untyped                                                                                                    ;
; WRCONTROL_ACLR_A                   ; NONE                 ; Untyped                                                                                                    ;
; INDATA_ACLR_A                      ; NONE                 ; Untyped                                                                                                    ;
; BYTEENA_ACLR_A                     ; NONE                 ; Untyped                                                                                                    ;
; WIDTH_B                            ; 9                    ; Signed Integer                                                                                             ;
; WIDTHAD_B                          ; 17                   ; Signed Integer                                                                                             ;
; NUMWORDS_B                         ; 76800                ; Signed Integer                                                                                             ;
; INDATA_REG_B                       ; CLOCK1               ; Untyped                                                                                                    ;
; WRCONTROL_WRADDRESS_REG_B          ; CLOCK1               ; Untyped                                                                                                    ;
; RDCONTROL_REG_B                    ; CLOCK1               ; Untyped                                                                                                    ;
; ADDRESS_REG_B                      ; CLOCK1               ; Untyped                                                                                                    ;
; OUTDATA_REG_B                      ; CLOCK1               ; Untyped                                                                                                    ;
; BYTEENA_REG_B                      ; CLOCK1               ; Untyped                                                                                                    ;
; INDATA_ACLR_B                      ; NONE                 ; Untyped                                                                                                    ;
; WRCONTROL_ACLR_B                   ; NONE                 ; Untyped                                                                                                    ;
; ADDRESS_ACLR_B                     ; NONE                 ; Untyped                                                                                                    ;
; OUTDATA_ACLR_B                     ; NONE                 ; Untyped                                                                                                    ;
; RDCONTROL_ACLR_B                   ; NONE                 ; Untyped                                                                                                    ;
; BYTEENA_ACLR_B                     ; NONE                 ; Untyped                                                                                                    ;
; WIDTH_BYTEENA_A                    ; 1                    ; Signed Integer                                                                                             ;
; WIDTH_BYTEENA_B                    ; 1                    ; Untyped                                                                                                    ;
; RAM_BLOCK_TYPE                     ; M10K                 ; Untyped                                                                                                    ;
; BYTE_SIZE                          ; 8                    ; Untyped                                                                                                    ;
; READ_DURING_WRITE_MODE_MIXED_PORTS ; DONT_CARE            ; Untyped                                                                                                    ;
; READ_DURING_WRITE_MODE_PORT_A      ; NEW_DATA_NO_NBE_READ ; Untyped                                                                                                    ;
; READ_DURING_WRITE_MODE_PORT_B      ; NEW_DATA_NO_NBE_READ ; Untyped                                                                                                    ;
; INIT_FILE                          ; UNUSED               ; Untyped                                                                                                    ;
; INIT_FILE_LAYOUT                   ; PORT_A               ; Untyped                                                                                                    ;
; MAXIMUM_DEPTH                      ; 0                    ; Untyped                                                                                                    ;
; CLOCK_ENABLE_INPUT_A               ; BYPASS               ; Untyped                                                                                                    ;
; CLOCK_ENABLE_INPUT_B               ; BYPASS               ; Untyped                                                                                                    ;
; CLOCK_ENABLE_OUTPUT_A              ; NORMAL               ; Untyped                                                                                                    ;
; CLOCK_ENABLE_OUTPUT_B              ; BYPASS               ; Untyped                                                                                                    ;
; CLOCK_ENABLE_CORE_A                ; USE_INPUT_CLKEN      ; Untyped                                                                                                    ;
; CLOCK_ENABLE_CORE_B                ; USE_INPUT_CLKEN      ; Untyped                                                                                                    ;
; ENABLE_ECC                         ; FALSE                ; Untyped                                                                                                    ;
; ECC_PIPELINE_STAGE_ENABLED         ; FALSE                ; Untyped                                                                                                    ;
; WIDTH_ECCSTATUS                    ; 3                    ; Untyped                                                                                                    ;
; DEVICE_FAMILY                      ; Cyclone V            ; Untyped                                                                                                    ;
; CBXI_PARAMETER                     ; altsyncram_lsr1      ; Untyped                                                                                                    ;
+------------------------------------+----------------------+------------------------------------------------------------------------------------------------------------+
Note: In order to hide this table in the UI and the text report file, please set the "Show Parameter Settings in Synthesis Report" option in "Analysis and Synthesis Settings -> More Settings" to "Off".


+----------------------------------------------------------------------------------------------------------------------------------+
; Parameter Settings for User Entity Instance: top_video:video_system|palette_ram:palette_ram_inst|altsyncram:altsyncram_component ;
+------------------------------------+---------------------------------------------------------+-----------------------------------+
; Parameter Name                     ; Value                                                   ; Type                              ;
+------------------------------------+---------------------------------------------------------+-----------------------------------+
; BYTE_SIZE_BLOCK                    ; 8                                                       ; Untyped                           ;
; AUTO_CARRY_CHAINS                  ; ON                                                      ; AUTO_CARRY                        ;
; IGNORE_CARRY_BUFFERS               ; OFF                                                     ; IGNORE_CARRY                      ;
; AUTO_CASCADE_CHAINS                ; ON                                                      ; AUTO_CASCADE                      ;
; IGNORE_CASCADE_BUFFERS             ; OFF                                                     ; IGNORE_CASCADE                    ;
; WIDTH_BYTEENA                      ; 1                                                       ; Untyped                           ;
; OPERATION_MODE                     ; DUAL_PORT                                               ; Untyped                           ;
; WIDTH_A                            ; 9                                                       ; Signed Integer                    ;
; WIDTHAD_A                          ; 9                                                       ; Signed Integer                    ;
; NUMWORDS_A                         ; 512                                                     ; Signed Integer                    ;
; OUTDATA_REG_A                      ; UNREGISTERED                                            ; Untyped                           ;
; ADDRESS_ACLR_A                     ; NONE                                                    ; Untyped                           ;
; OUTDATA_ACLR_A                     ; NONE                                                    ; Untyped                           ;
; WRCONTROL_ACLR_A                   ; NONE                                                    ; Untyped                           ;
; INDATA_ACLR_A                      ; NONE                                                    ; Untyped                           ;
; BYTEENA_ACLR_A                     ; NONE                                                    ; Untyped                           ;
; WIDTH_B                            ; 9                                                       ; Signed Integer                    ;
; WIDTHAD_B                          ; 9                                                       ; Signed Integer                    ;
; NUMWORDS_B                         ; 512                                                     ; Signed Integer                    ;
; INDATA_REG_B                       ; CLOCK1                                                  ; Untyped                           ;
; WRCONTROL_WRADDRESS_REG_B          ; CLOCK1                                                  ; Untyped                           ;
; RDCONTROL_REG_B                    ; CLOCK1                                                  ; Untyped                           ;
; ADDRESS_REG_B                      ; CLOCK0                                                  ; Untyped                           ;
; OUTDATA_REG_B                      ; CLOCK0                                                  ; Untyped                           ;
; BYTEENA_REG_B                      ; CLOCK1                                                  ; Untyped                           ;
; INDATA_ACLR_B                      ; NONE                                                    ; Untyped                           ;
; WRCONTROL_ACLR_B                   ; NONE                                                    ; Untyped                           ;
; ADDRESS_ACLR_B                     ; NONE                                                    ; Untyped                           ;
; OUTDATA_ACLR_B                     ; NONE                                                    ; Untyped                           ;
; RDCONTROL_ACLR_B                   ; NONE                                                    ; Untyped                           ;
; BYTEENA_ACLR_B                     ; NONE                                                    ; Untyped                           ;
; WIDTH_BYTEENA_A                    ; 1                                                       ; Signed Integer                    ;
; WIDTH_BYTEENA_B                    ; 1                                                       ; Untyped                           ;
; RAM_BLOCK_TYPE                     ; M10K                                                    ; Untyped                           ;
; BYTE_SIZE                          ; 8                                                       ; Untyped                           ;
; READ_DURING_WRITE_MODE_MIXED_PORTS ; OLD_DATA                                                ; Untyped                           ;
; READ_DURING_WRITE_MODE_PORT_A      ; NEW_DATA_NO_NBE_READ                                    ; Untyped                           ;
; READ_DURING_WRITE_MODE_PORT_B      ; NEW_DATA_NO_NBE_READ                                    ; Untyped                           ;
; INIT_FILE                          ; ./memory_files/initialization_files/palette_default.mif ; Untyped                           ;
; INIT_FILE_LAYOUT                   ; PORT_A                                                  ; Untyped                           ;
; MAXIMUM_DEPTH                      ; 0                                                       ; Untyped                           ;
; CLOCK_ENABLE_INPUT_A               ; BYPASS                                                  ; Untyped                           ;
; CLOCK_ENABLE_INPUT_B               ; BYPASS                                                  ; Untyped                           ;
; CLOCK_ENABLE_OUTPUT_A              ; NORMAL                                                  ; Untyped                           ;
; CLOCK_ENABLE_OUTPUT_B              ; BYPASS                                                  ; Untyped                           ;
; CLOCK_ENABLE_CORE_A                ; USE_INPUT_CLKEN                                         ; Untyped                           ;
; CLOCK_ENABLE_CORE_B                ; USE_INPUT_CLKEN                                         ; Untyped                           ;
; ENABLE_ECC                         ; FALSE                                                   ; Untyped                           ;
; ECC_PIPELINE_STAGE_ENABLED         ; FALSE                                                   ; Untyped                           ;
; WIDTH_ECCSTATUS                    ; 3                                                       ; Untyped                           ;
; DEVICE_FAMILY                      ; Cyclone V                                               ; Untyped                           ;
; CBXI_PARAMETER                     ; altsyncram_7062                                         ; Untyped                           ;
+------------------------------------+---------------------------------------------------------+-----------------------------------+
Note: In order to hide this table in the UI and the text report file, please set the "Show Parameter Settings in Synthesis Report" option in "Analysis and Synthesis Settings -> More Settings" to "Off".


+----------------------------------------------------------------------------------------------------------------------------------+
; Parameter Settings for User Entity Instance: top_video:video_system|bg_tile_ram:bg_tile_ram_inst|altsyncram:altsyncram_component ;
+------------------------------------+-----------------------------------------------------+---------------------------------------+
; Parameter Name                     ; Value                                               ; Type                                  ;
+------------------------------------+-----------------------------------------------------+---------------------------------------+
; BYTE_SIZE_BLOCK                    ; 8                                                   ; Untyped                               ;
; AUTO_CARRY_CHAINS                  ; ON                                                  ; AUTO_CARRY                            ;
; IGNORE_CARRY_BUFFERS               ; OFF                                                 ; IGNORE_CARRY                          ;
; AUTO_CASCADE_CHAINS                ; ON                                                  ; AUTO_CASCADE                          ;
; IGNORE_CASCADE_BUFFERS             ; OFF                                                 ; IGNORE_CASCADE                        ;
; WIDTH_BYTEENA                      ; 1                                                   ; Untyped                               ;
; OPERATION_MODE                     ; DUAL_PORT                                           ; Untyped                               ;
; WIDTH_A                            ; 8                                                   ; Signed Integer                        ;
; WIDTHAD_A                          ; 11                                                  ; Signed Integer                        ;
; NUMWORDS_A                         ; 1200                                                ; Signed Integer                        ;
; OUTDATA_REG_A                      ; UNREGISTERED                                        ; Untyped                               ;
; ADDRESS_ACLR_A                     ; NONE                                                ; Untyped                               ;
; OUTDATA_ACLR_A                     ; NONE                                                ; Untyped                               ;
; WRCONTROL_ACLR_A                   ; NONE                                                ; Untyped                               ;
; INDATA_ACLR_A                      ; NONE                                                ; Untyped                               ;
; BYTEENA_ACLR_A                     ; NONE                                                ; Untyped                               ;
; WIDTH_B                            ; 8                                                   ; Signed Integer                        ;
; WIDTHAD_B                          ; 11                                                  ; Signed Integer                        ;
; NUMWORDS_B                         ; 1200                                                ; Signed Integer                        ;
; INDATA_REG_B                       ; CLOCK1                                              ; Untyped                               ;
; WRCONTROL_WRADDRESS_REG_B          ; CLOCK1                                              ; Untyped                               ;
; RDCONTROL_REG_B                    ; CLOCK1                                              ; Untyped                               ;
; ADDRESS_REG_B                      ; CLOCK0                                              ; Untyped                               ;
; OUTDATA_REG_B                      ; CLOCK0                                              ; Untyped                               ;
; BYTEENA_REG_B                      ; CLOCK1                                              ; Untyped                               ;
; INDATA_ACLR_B                      ; NONE                                                ; Untyped                               ;
; WRCONTROL_ACLR_B                   ; NONE                                                ; Untyped                               ;
; ADDRESS_ACLR_B                     ; NONE                                                ; Untyped                               ;
; OUTDATA_ACLR_B                     ; NONE                                                ; Untyped                               ;
; RDCONTROL_ACLR_B                   ; NONE                                                ; Untyped                               ;
; BYTEENA_ACLR_B                     ; NONE                                                ; Untyped                               ;
; WIDTH_BYTEENA_A                    ; 1                                                   ; Signed Integer                        ;
; WIDTH_BYTEENA_B                    ; 1                                                   ; Untyped                               ;
; RAM_BLOCK_TYPE                     ; M10K                                                ; Untyped                               ;
; BYTE_SIZE                          ; 8                                                   ; Untyped                               ;
; READ_DURING_WRITE_MODE_MIXED_PORTS ; OLD_DATA                                            ; Untyped                               ;
; READ_DURING_WRITE_MODE_PORT_A      ; NEW_DATA_NO_NBE_READ                                ; Untyped                               ;
; READ_DURING_WRITE_MODE_PORT_B      ; NEW_DATA_NO_NBE_READ                                ; Untyped                               ;
; INIT_FILE                          ; ./memory_files/initialization_files/bg_tile_ram.mif ; Untyped                               ;
; INIT_FILE_LAYOUT                   ; PORT_A                                              ; Untyped                               ;
; MAXIMUM_DEPTH                      ; 0                                                   ; Untyped                               ;
; CLOCK_ENABLE_INPUT_A               ; BYPASS                                              ; Untyped                               ;
; CLOCK_ENABLE_INPUT_B               ; BYPASS                                              ; Untyped                               ;
; CLOCK_ENABLE_OUTPUT_A              ; NORMAL                                              ; Untyped                               ;
; CLOCK_ENABLE_OUTPUT_B              ; BYPASS                                              ; Untyped                               ;
; CLOCK_ENABLE_CORE_A                ; USE_INPUT_CLKEN                                     ; Untyped                               ;
; CLOCK_ENABLE_CORE_B                ; USE_INPUT_CLKEN                                     ; Untyped                               ;
; ENABLE_ECC                         ; FALSE                                               ; Untyped                               ;
; ECC_PIPELINE_STAGE_ENABLED         ; FALSE                                               ; Untyped                               ;
; WIDTH_ECCSTATUS                    ; 3                                                   ; Untyped                               ;
; DEVICE_FAMILY                      ; Cyclone V                                           ; Untyped                               ;
; CBXI_PARAMETER                     ; altsyncram_fn52                                     ; Untyped                               ;
+------------------------------------+-----------------------------------------------------+---------------------------------------+
Note: In order to hide this table in the UI and the text report file, please set the "Show Parameter Settings in Synthesis Report" option in "Analysis and Synthesis Settings -> More Settings" to "Off".


+--------------------------------------------------------------------------------------------------------------------------------------------------+
; Parameter Settings for User Entity Instance: top_video:video_system|bg_tile_pattern_ram:bg_tile_pattern_ram_inst|altsyncram:altsyncram_component ;
+------------------------------------+---------------------------------------------------------------+---------------------------------------------+
; Parameter Name                     ; Value                                                         ; Type                                        ;
+------------------------------------+---------------------------------------------------------------+---------------------------------------------+
; BYTE_SIZE_BLOCK                    ; 8                                                             ; Untyped                                     ;
; AUTO_CARRY_CHAINS                  ; ON                                                            ; AUTO_CARRY                                  ;
; IGNORE_CARRY_BUFFERS               ; OFF                                                           ; IGNORE_CARRY                                ;
; AUTO_CASCADE_CHAINS                ; ON                                                            ; AUTO_CASCADE                                ;
; IGNORE_CASCADE_BUFFERS             ; OFF                                                           ; IGNORE_CASCADE                              ;
; WIDTH_BYTEENA                      ; 1                                                             ; Untyped                                     ;
; OPERATION_MODE                     ; DUAL_PORT                                                     ; Untyped                                     ;
; WIDTH_A                            ; 8                                                             ; Signed Integer                              ;
; WIDTHAD_A                          ; 14                                                            ; Signed Integer                              ;
; NUMWORDS_A                         ; 16384                                                         ; Signed Integer                              ;
; OUTDATA_REG_A                      ; UNREGISTERED                                                  ; Untyped                                     ;
; ADDRESS_ACLR_A                     ; NONE                                                          ; Untyped                                     ;
; OUTDATA_ACLR_A                     ; NONE                                                          ; Untyped                                     ;
; WRCONTROL_ACLR_A                   ; NONE                                                          ; Untyped                                     ;
; INDATA_ACLR_A                      ; NONE                                                          ; Untyped                                     ;
; BYTEENA_ACLR_A                     ; NONE                                                          ; Untyped                                     ;
; WIDTH_B                            ; 8                                                             ; Signed Integer                              ;
; WIDTHAD_B                          ; 14                                                            ; Signed Integer                              ;
; NUMWORDS_B                         ; 16384                                                         ; Signed Integer                              ;
; INDATA_REG_B                       ; CLOCK1                                                        ; Untyped                                     ;
; WRCONTROL_WRADDRESS_REG_B          ; CLOCK1                                                        ; Untyped                                     ;
; RDCONTROL_REG_B                    ; CLOCK1                                                        ; Untyped                                     ;
; ADDRESS_REG_B                      ; CLOCK0                                                        ; Untyped                                     ;
; OUTDATA_REG_B                      ; CLOCK0                                                        ; Untyped                                     ;
; BYTEENA_REG_B                      ; CLOCK1                                                        ; Untyped                                     ;
; INDATA_ACLR_B                      ; NONE                                                          ; Untyped                                     ;
; WRCONTROL_ACLR_B                   ; NONE                                                          ; Untyped                                     ;
; ADDRESS_ACLR_B                     ; NONE                                                          ; Untyped                                     ;
; OUTDATA_ACLR_B                     ; NONE                                                          ; Untyped                                     ;
; RDCONTROL_ACLR_B                   ; NONE                                                          ; Untyped                                     ;
; BYTEENA_ACLR_B                     ; NONE                                                          ; Untyped                                     ;
; WIDTH_BYTEENA_A                    ; 1                                                             ; Signed Integer                              ;
; WIDTH_BYTEENA_B                    ; 1                                                             ; Untyped                                     ;
; RAM_BLOCK_TYPE                     ; M10K                                                          ; Untyped                                     ;
; BYTE_SIZE                          ; 8                                                             ; Untyped                                     ;
; READ_DURING_WRITE_MODE_MIXED_PORTS ; OLD_DATA                                                      ; Untyped                                     ;
; READ_DURING_WRITE_MODE_PORT_A      ; NEW_DATA_NO_NBE_READ                                          ; Untyped                                     ;
; READ_DURING_WRITE_MODE_PORT_B      ; NEW_DATA_NO_NBE_READ                                          ; Untyped                                     ;
; INIT_FILE                          ; ./memory_files/initialization_files/bg_tile_pattern_praia.mif ; Untyped                                     ;
; INIT_FILE_LAYOUT                   ; PORT_A                                                        ; Untyped                                     ;
; MAXIMUM_DEPTH                      ; 0                                                             ; Untyped                                     ;
; CLOCK_ENABLE_INPUT_A               ; BYPASS                                                        ; Untyped                                     ;
; CLOCK_ENABLE_INPUT_B               ; BYPASS                                                        ; Untyped                                     ;
; CLOCK_ENABLE_OUTPUT_A              ; NORMAL                                                        ; Untyped                                     ;
; CLOCK_ENABLE_OUTPUT_B              ; BYPASS                                                        ; Untyped                                     ;
; CLOCK_ENABLE_CORE_A                ; USE_INPUT_CLKEN                                               ; Untyped                                     ;
; CLOCK_ENABLE_CORE_B                ; USE_INPUT_CLKEN                                               ; Untyped                                     ;
; ENABLE_ECC                         ; FALSE                                                         ; Untyped                                     ;
; ECC_PIPELINE_STAGE_ENABLED         ; FALSE                                                         ; Untyped                                     ;
; WIDTH_ECCSTATUS                    ; 3                                                             ; Untyped                                     ;
; DEVICE_FAMILY                      ; Cyclone V                                                     ; Untyped                                     ;
; CBXI_PARAMETER                     ; altsyncram_5t62                                               ; Untyped                                     ;
+------------------------------------+---------------------------------------------------------------+---------------------------------------------+
Note: In order to hide this table in the UI and the text report file, please set the "Show Parameter Settings in Synthesis Report" option in "Analysis and Synthesis Settings -> More Settings" to "Off".


+------------------------------------------------------------------------------------------------------------+
; Parameter Settings for User Entity Instance: top_video:video_system|motor_background:motor_background_inst ;
+--------------------+-------+-------------------------------------------------------------------------------+
; Parameter Name     ; Value ; Type                                                                          ;
+--------------------+-------+-------------------------------------------------------------------------------+
; TILE_EXTRA_WAIT    ; 1     ; Signed Integer                                                                ;
; PALETTE_EXTRA_WAIT ; 1     ; Signed Integer                                                                ;
+--------------------+-------+-------------------------------------------------------------------------------+
Note: In order to hide this table in the UI and the text report file, please set the "Show Parameter Settings in Synthesis Report" option in "Analysis and Synthesis Settings -> More Settings" to "Off".


+----------------------------------------------------------------------------------------------------------------------------------------------------+
; Parameter Settings for User Entity Instance: top_video:video_system|sprite_attribute_ram:sprite_attribute_ram_inst|altsyncram:altsyncram_component ;
+------------------------------------+--------------------------------------------------------------+------------------------------------------------+
; Parameter Name                     ; Value                                                        ; Type                                           ;
+------------------------------------+--------------------------------------------------------------+------------------------------------------------+
; BYTE_SIZE_BLOCK                    ; 8                                                            ; Untyped                                        ;
; AUTO_CARRY_CHAINS                  ; ON                                                           ; AUTO_CARRY                                     ;
; IGNORE_CARRY_BUFFERS               ; OFF                                                          ; IGNORE_CARRY                                   ;
; AUTO_CASCADE_CHAINS                ; ON                                                           ; AUTO_CASCADE                                   ;
; IGNORE_CASCADE_BUFFERS             ; OFF                                                          ; IGNORE_CASCADE                                 ;
; WIDTH_BYTEENA                      ; 1                                                            ; Untyped                                        ;
; OPERATION_MODE                     ; DUAL_PORT                                                    ; Untyped                                        ;
; WIDTH_A                            ; 32                                                           ; Signed Integer                                 ;
; WIDTHAD_A                          ; 5                                                            ; Signed Integer                                 ;
; NUMWORDS_A                         ; 32                                                           ; Signed Integer                                 ;
; OUTDATA_REG_A                      ; UNREGISTERED                                                 ; Untyped                                        ;
; ADDRESS_ACLR_A                     ; NONE                                                         ; Untyped                                        ;
; OUTDATA_ACLR_A                     ; NONE                                                         ; Untyped                                        ;
; WRCONTROL_ACLR_A                   ; NONE                                                         ; Untyped                                        ;
; INDATA_ACLR_A                      ; NONE                                                         ; Untyped                                        ;
; BYTEENA_ACLR_A                     ; NONE                                                         ; Untyped                                        ;
; WIDTH_B                            ; 32                                                           ; Signed Integer                                 ;
; WIDTHAD_B                          ; 5                                                            ; Signed Integer                                 ;
; NUMWORDS_B                         ; 32                                                           ; Signed Integer                                 ;
; INDATA_REG_B                       ; CLOCK1                                                       ; Untyped                                        ;
; WRCONTROL_WRADDRESS_REG_B          ; CLOCK1                                                       ; Untyped                                        ;
; RDCONTROL_REG_B                    ; CLOCK1                                                       ; Untyped                                        ;
; ADDRESS_REG_B                      ; CLOCK0                                                       ; Untyped                                        ;
; OUTDATA_REG_B                      ; CLOCK0                                                       ; Untyped                                        ;
; BYTEENA_REG_B                      ; CLOCK1                                                       ; Untyped                                        ;
; INDATA_ACLR_B                      ; NONE                                                         ; Untyped                                        ;
; WRCONTROL_ACLR_B                   ; NONE                                                         ; Untyped                                        ;
; ADDRESS_ACLR_B                     ; NONE                                                         ; Untyped                                        ;
; OUTDATA_ACLR_B                     ; NONE                                                         ; Untyped                                        ;
; RDCONTROL_ACLR_B                   ; NONE                                                         ; Untyped                                        ;
; BYTEENA_ACLR_B                     ; NONE                                                         ; Untyped                                        ;
; WIDTH_BYTEENA_A                    ; 1                                                            ; Signed Integer                                 ;
; WIDTH_BYTEENA_B                    ; 1                                                            ; Untyped                                        ;
; RAM_BLOCK_TYPE                     ; M10K                                                         ; Untyped                                        ;
; BYTE_SIZE                          ; 8                                                            ; Untyped                                        ;
; READ_DURING_WRITE_MODE_MIXED_PORTS ; OLD_DATA                                                     ; Untyped                                        ;
; READ_DURING_WRITE_MODE_PORT_A      ; NEW_DATA_NO_NBE_READ                                         ; Untyped                                        ;
; READ_DURING_WRITE_MODE_PORT_B      ; NEW_DATA_NO_NBE_READ                                         ; Untyped                                        ;
; INIT_FILE                          ; ./memory_files/initialization_files/sprite_attribute_ram.mif ; Untyped                                        ;
; INIT_FILE_LAYOUT                   ; PORT_A                                                       ; Untyped                                        ;
; MAXIMUM_DEPTH                      ; 0                                                            ; Untyped                                        ;
; CLOCK_ENABLE_INPUT_A               ; BYPASS                                                       ; Untyped                                        ;
; CLOCK_ENABLE_INPUT_B               ; BYPASS                                                       ; Untyped                                        ;
; CLOCK_ENABLE_OUTPUT_A              ; NORMAL                                                       ; Untyped                                        ;
; CLOCK_ENABLE_OUTPUT_B              ; BYPASS                                                       ; Untyped                                        ;
; CLOCK_ENABLE_CORE_A                ; USE_INPUT_CLKEN                                              ; Untyped                                        ;
; CLOCK_ENABLE_CORE_B                ; USE_INPUT_CLKEN                                              ; Untyped                                        ;
; ENABLE_ECC                         ; FALSE                                                        ; Untyped                                        ;
; ECC_PIPELINE_STAGE_ENABLED         ; FALSE                                                        ; Untyped                                        ;
; WIDTH_ECCSTATUS                    ; 3                                                            ; Untyped                                        ;
; DEVICE_FAMILY                      ; Cyclone V                                                    ; Untyped                                        ;
; CBXI_PARAMETER                     ; altsyncram_7h62                                              ; Untyped                                        ;
+------------------------------------+--------------------------------------------------------------+------------------------------------------------+
Note: In order to hide this table in the UI and the text report file, please set the "Show Parameter Settings in Synthesis Report" option in "Analysis and Synthesis Settings -> More Settings" to "Off".


+------------------------------------------------------------------------------------------------------------------------------------------------+
; Parameter Settings for User Entity Instance: top_video:video_system|sprite_pattern_ram:sprite_pattern_ram_inst|altsyncram:altsyncram_component ;
+------------------------------------+-------------------------------------------------------------------------------+---------------------------+
; Parameter Name                     ; Value                                                                         ; Type                      ;
+------------------------------------+-------------------------------------------------------------------------------+---------------------------+
; BYTE_SIZE_BLOCK                    ; 8                                                                             ; Untyped                   ;
; AUTO_CARRY_CHAINS                  ; ON                                                                            ; AUTO_CARRY                ;
; IGNORE_CARRY_BUFFERS               ; OFF                                                                           ; IGNORE_CARRY              ;
; AUTO_CASCADE_CHAINS                ; ON                                                                            ; AUTO_CASCADE              ;
; IGNORE_CASCADE_BUFFERS             ; OFF                                                                           ; IGNORE_CASCADE            ;
; WIDTH_BYTEENA                      ; 1                                                                             ; Untyped                   ;
; OPERATION_MODE                     ; DUAL_PORT                                                                     ; Untyped                   ;
; WIDTH_A                            ; 8                                                                             ; Signed Integer            ;
; WIDTHAD_A                          ; 14                                                                            ; Signed Integer            ;
; NUMWORDS_A                         ; 16384                                                                         ; Signed Integer            ;
; OUTDATA_REG_A                      ; UNREGISTERED                                                                  ; Untyped                   ;
; ADDRESS_ACLR_A                     ; NONE                                                                          ; Untyped                   ;
; OUTDATA_ACLR_A                     ; NONE                                                                          ; Untyped                   ;
; WRCONTROL_ACLR_A                   ; NONE                                                                          ; Untyped                   ;
; INDATA_ACLR_A                      ; NONE                                                                          ; Untyped                   ;
; BYTEENA_ACLR_A                     ; NONE                                                                          ; Untyped                   ;
; WIDTH_B                            ; 8                                                                             ; Signed Integer            ;
; WIDTHAD_B                          ; 14                                                                            ; Signed Integer            ;
; NUMWORDS_B                         ; 16384                                                                         ; Signed Integer            ;
; INDATA_REG_B                       ; CLOCK1                                                                        ; Untyped                   ;
; WRCONTROL_WRADDRESS_REG_B          ; CLOCK1                                                                        ; Untyped                   ;
; RDCONTROL_REG_B                    ; CLOCK1                                                                        ; Untyped                   ;
; ADDRESS_REG_B                      ; CLOCK0                                                                        ; Untyped                   ;
; OUTDATA_REG_B                      ; CLOCK0                                                                        ; Untyped                   ;
; BYTEENA_REG_B                      ; CLOCK1                                                                        ; Untyped                   ;
; INDATA_ACLR_B                      ; NONE                                                                          ; Untyped                   ;
; WRCONTROL_ACLR_B                   ; NONE                                                                          ; Untyped                   ;
; ADDRESS_ACLR_B                     ; NONE                                                                          ; Untyped                   ;
; OUTDATA_ACLR_B                     ; NONE                                                                          ; Untyped                   ;
; RDCONTROL_ACLR_B                   ; NONE                                                                          ; Untyped                   ;
; BYTEENA_ACLR_B                     ; NONE                                                                          ; Untyped                   ;
; WIDTH_BYTEENA_A                    ; 1                                                                             ; Signed Integer            ;
; WIDTH_BYTEENA_B                    ; 1                                                                             ; Untyped                   ;
; RAM_BLOCK_TYPE                     ; M10K                                                                          ; Untyped                   ;
; BYTE_SIZE                          ; 8                                                                             ; Untyped                   ;
; READ_DURING_WRITE_MODE_MIXED_PORTS ; OLD_DATA                                                                      ; Untyped                   ;
; READ_DURING_WRITE_MODE_PORT_A      ; NEW_DATA_NO_NBE_READ                                                          ; Untyped                   ;
; READ_DURING_WRITE_MODE_PORT_B      ; NEW_DATA_NO_NBE_READ                                                          ; Untyped                   ;
; INIT_FILE                          ; ./memory_files/initialization_files/sprite_pattern_ram_pikachu_charmander.mif ; Untyped                   ;
; INIT_FILE_LAYOUT                   ; PORT_A                                                                        ; Untyped                   ;
; MAXIMUM_DEPTH                      ; 0                                                                             ; Untyped                   ;
; CLOCK_ENABLE_INPUT_A               ; BYPASS                                                                        ; Untyped                   ;
; CLOCK_ENABLE_INPUT_B               ; BYPASS                                                                        ; Untyped                   ;
; CLOCK_ENABLE_OUTPUT_A              ; NORMAL                                                                        ; Untyped                   ;
; CLOCK_ENABLE_OUTPUT_B              ; BYPASS                                                                        ; Untyped                   ;
; CLOCK_ENABLE_CORE_A                ; USE_INPUT_CLKEN                                                               ; Untyped                   ;
; CLOCK_ENABLE_CORE_B                ; USE_INPUT_CLKEN                                                               ; Untyped                   ;
; ENABLE_ECC                         ; FALSE                                                                         ; Untyped                   ;
; ECC_PIPELINE_STAGE_ENABLED         ; FALSE                                                                         ; Untyped                   ;
; WIDTH_ECCSTATUS                    ; 3                                                                             ; Untyped                   ;
; DEVICE_FAMILY                      ; Cyclone V                                                                     ; Untyped                   ;
; CBXI_PARAMETER                     ; altsyncram_hi82                                                               ; Untyped                   ;
+------------------------------------+-------------------------------------------------------------------------------+---------------------------+
Note: In order to hide this table in the UI and the text report file, please set the "Show Parameter Settings in Synthesis Report" option in "Analysis and Synthesis Settings -> More Settings" to "Off".


+--------------------------------------------------------------------------------------------------------------------------------------------+
; Parameter Settings for User Entity Instance: top_video:video_system|rasterizador_top:rasterizer_top_inst|rasterizador_triangulo:u_triangle ;
+----------------+-------+-------------------------------------------------------------------------------------------------------------------+
; Parameter Name ; Value ; Type                                                                                                              ;
+----------------+-------+-------------------------------------------------------------------------------------------------------------------+
; FX_BITS        ; 8     ; Signed Integer                                                                                                    ;
+----------------+-------+-------------------------------------------------------------------------------------------------------------------+
Note: In order to hide this table in the UI and the text report file, please set the "Show Parameter Settings in Synthesis Report" option in "Analysis and Synthesis Settings -> More Settings" to "Off".


+-------------------------------------------------------------------------------------------------------------------------------------------------------------------+
; Parameter Settings for User Entity Instance: top_video:video_system|rasterizador_top:rasterizer_top_inst|rasterizador_triangulo:u_triangle|divisor_unsigned:u_div ;
+----------------+-------+------------------------------------------------------------------------------------------------------------------------------------------+
; Parameter Name ; Value ; Type                                                                                                                                     ;
+----------------+-------+------------------------------------------------------------------------------------------------------------------------------------------+
; WIDTH          ; 24    ; Signed Integer                                                                                                                           ;
+----------------+-------+------------------------------------------------------------------------------------------------------------------------------------------+
Note: In order to hide this table in the UI and the text report file, please set the "Show Parameter Settings in Synthesis Report" option in "Analysis and Synthesis Settings -> More Settings" to "Off".


+-----------------------------------------------------------------------------------------------------------------------------------------------------------------------+
; altsyncram Parameter Settings by Entity Instance                                                                                                                      ;
+-------------------------------------------+---------------------------------------------------------------------------------------------------------------------------+
; Name                                      ; Value                                                                                                                     ;
+-------------------------------------------+---------------------------------------------------------------------------------------------------------------------------+
; Number of entity instances                ; 7                                                                                                                         ;
; Entity Instance                           ; top_video:video_system|framebuffer:framebuffer_inst|framebuffer_ram:framebuffer_ram_bank0|altsyncram:altsyncram_component ;
;     -- OPERATION_MODE                     ; DUAL_PORT                                                                                                                 ;
;     -- WIDTH_A                            ; 9                                                                                                                         ;
;     -- NUMWORDS_A                         ; 76800                                                                                                                     ;
;     -- OUTDATA_REG_A                      ; UNREGISTERED                                                                                                              ;
;     -- WIDTH_B                            ; 9                                                                                                                         ;
;     -- NUMWORDS_B                         ; 76800                                                                                                                     ;
;     -- ADDRESS_REG_B                      ; CLOCK1                                                                                                                    ;
;     -- OUTDATA_REG_B                      ; CLOCK1                                                                                                                    ;
;     -- RAM_BLOCK_TYPE                     ; M10K                                                                                                                      ;
;     -- READ_DURING_WRITE_MODE_MIXED_PORTS ; DONT_CARE                                                                                                                 ;
; Entity Instance                           ; top_video:video_system|framebuffer:framebuffer_inst|framebuffer_ram:framebuffer_ram_bank1|altsyncram:altsyncram_component ;
;     -- OPERATION_MODE                     ; DUAL_PORT                                                                                                                 ;
;     -- WIDTH_A                            ; 9                                                                                                                         ;
;     -- NUMWORDS_A                         ; 76800                                                                                                                     ;
;     -- OUTDATA_REG_A                      ; UNREGISTERED                                                                                                              ;
;     -- WIDTH_B                            ; 9                                                                                                                         ;
;     -- NUMWORDS_B                         ; 76800                                                                                                                     ;
;     -- ADDRESS_REG_B                      ; CLOCK1                                                                                                                    ;
;     -- OUTDATA_REG_B                      ; CLOCK1                                                                                                                    ;
;     -- RAM_BLOCK_TYPE                     ; M10K                                                                                                                      ;
;     -- READ_DURING_WRITE_MODE_MIXED_PORTS ; DONT_CARE                                                                                                                 ;
; Entity Instance                           ; top_video:video_system|palette_ram:palette_ram_inst|altsyncram:altsyncram_component                                       ;
;     -- OPERATION_MODE                     ; DUAL_PORT                                                                                                                 ;
;     -- WIDTH_A                            ; 9                                                                                                                         ;
;     -- NUMWORDS_A                         ; 512                                                                                                                       ;
;     -- OUTDATA_REG_A                      ; UNREGISTERED                                                                                                              ;
;     -- WIDTH_B                            ; 9                                                                                                                         ;
;     -- NUMWORDS_B                         ; 512                                                                                                                       ;
;     -- ADDRESS_REG_B                      ; CLOCK0                                                                                                                    ;
;     -- OUTDATA_REG_B                      ; CLOCK0                                                                                                                    ;
;     -- RAM_BLOCK_TYPE                     ; M10K                                                                                                                      ;
;     -- READ_DURING_WRITE_MODE_MIXED_PORTS ; OLD_DATA                                                                                                                  ;
; Entity Instance                           ; top_video:video_system|bg_tile_ram:bg_tile_ram_inst|altsyncram:altsyncram_component                                       ;
;     -- OPERATION_MODE                     ; DUAL_PORT                                                                                                                 ;
;     -- WIDTH_A                            ; 8                                                                                                                         ;
;     -- NUMWORDS_A                         ; 1200                                                                                                                      ;
;     -- OUTDATA_REG_A                      ; UNREGISTERED                                                                                                              ;
;     -- WIDTH_B                            ; 8                                                                                                                         ;
;     -- NUMWORDS_B                         ; 1200                                                                                                                      ;
;     -- ADDRESS_REG_B                      ; CLOCK0                                                                                                                    ;
;     -- OUTDATA_REG_B                      ; CLOCK0                                                                                                                    ;
;     -- RAM_BLOCK_TYPE                     ; M10K                                                                                                                      ;
;     -- READ_DURING_WRITE_MODE_MIXED_PORTS ; OLD_DATA                                                                                                                  ;
; Entity Instance                           ; top_video:video_system|bg_tile_pattern_ram:bg_tile_pattern_ram_inst|altsyncram:altsyncram_component                       ;
;     -- OPERATION_MODE                     ; DUAL_PORT                                                                                                                 ;
;     -- WIDTH_A                            ; 8                                                                                                                         ;
;     -- NUMWORDS_A                         ; 16384                                                                                                                     ;
;     -- OUTDATA_REG_A                      ; UNREGISTERED                                                                                                              ;
;     -- WIDTH_B                            ; 8                                                                                                                         ;
;     -- NUMWORDS_B                         ; 16384                                                                                                                     ;
;     -- ADDRESS_REG_B                      ; CLOCK0                                                                                                                    ;
;     -- OUTDATA_REG_B                      ; CLOCK0                                                                                                                    ;
;     -- RAM_BLOCK_TYPE                     ; M10K                                                                                                                      ;
;     -- READ_DURING_WRITE_MODE_MIXED_PORTS ; OLD_DATA                                                                                                                  ;
; Entity Instance                           ; top_video:video_system|sprite_attribute_ram:sprite_attribute_ram_inst|altsyncram:altsyncram_component                     ;
;     -- OPERATION_MODE                     ; DUAL_PORT                                                                                                                 ;
;     -- WIDTH_A                            ; 32                                                                                                                        ;
;     -- NUMWORDS_A                         ; 32                                                                                                                        ;
;     -- OUTDATA_REG_A                      ; UNREGISTERED                                                                                                              ;
;     -- WIDTH_B                            ; 32                                                                                                                        ;
;     -- NUMWORDS_B                         ; 32                                                                                                                        ;
;     -- ADDRESS_REG_B                      ; CLOCK0                                                                                                                    ;
;     -- OUTDATA_REG_B                      ; CLOCK0                                                                                                                    ;
;     -- RAM_BLOCK_TYPE                     ; M10K                                                                                                                      ;
;     -- READ_DURING_WRITE_MODE_MIXED_PORTS ; OLD_DATA                                                                                                                  ;
; Entity Instance                           ; top_video:video_system|sprite_pattern_ram:sprite_pattern_ram_inst|altsyncram:altsyncram_component                         ;
;     -- OPERATION_MODE                     ; DUAL_PORT                                                                                                                 ;
;     -- WIDTH_A                            ; 8                                                                                                                         ;
;     -- NUMWORDS_A                         ; 16384                                                                                                                     ;
;     -- OUTDATA_REG_A                      ; UNREGISTERED                                                                                                              ;
;     -- WIDTH_B                            ; 8                                                                                                                         ;
;     -- NUMWORDS_B                         ; 16384                                                                                                                     ;
;     -- ADDRESS_REG_B                      ; CLOCK0                                                                                                                    ;
;     -- OUTDATA_REG_B                      ; CLOCK0                                                                                                                    ;
;     -- RAM_BLOCK_TYPE                     ; M10K                                                                                                                      ;
;     -- READ_DURING_WRITE_MODE_MIXED_PORTS ; OLD_DATA                                                                                                                  ;
+-------------------------------------------+---------------------------------------------------------------------------------------------------------------------------+


+----------------------------------------------------------------------------------------------------------------------+
; Port Connectivity Checks: "top_video:video_system|compositor:compositor_inst"                                        ;
+------------+--------+----------+-------------------------------------------------------------------------------------+
; Port       ; Type   ; Severity ; Details                                                                             ;
+------------+--------+----------+-------------------------------------------------------------------------------------+
; busy       ; Output ; Info     ; Connected to dangling logic. Logic that only feeds a dangling port will be removed. ;
; poly_start ; Output ; Info     ; Connected to dangling logic. Logic that only feeds a dangling port will be removed. ;
+------------+--------+----------+-------------------------------------------------------------------------------------+


+--------------------------------------------------------------------------------------------------------------------------------------------------+
; Port Connectivity Checks: "top_video:video_system|rasterizador_top:rasterizer_top_inst|rasterizador_triangulo:u_triangle|divisor_unsigned:u_div" ;
+------------------+--------+----------+-----------------------------------------------------------------------------------------------------------+
; Port             ; Type   ; Severity ; Details                                                                                                   ;
+------------------+--------+----------+-----------------------------------------------------------------------------------------------------------+
; quotient[23..18] ; Output ; Info     ; Connected to dangling logic. Logic that only feeds a dangling port will be removed.                       ;
+------------------+--------+----------+-----------------------------------------------------------------------------------------------------------+


+---------------------------------------------------------------------------------------------------------------------+
; Port Connectivity Checks: "top_video:video_system|vga_driver:vga_driver_inst"                                       ;
+-----------+--------+----------+-------------------------------------------------------------------------------------+
; Port      ; Type   ; Severity ; Details                                                                             ;
+-----------+--------+----------+-------------------------------------------------------------------------------------+
; next_x[0] ; Output ; Info     ; Connected to dangling logic. Logic that only feeds a dangling port will be removed. ;
; next_y[9] ; Output ; Info     ; Connected to dangling logic. Logic that only feeds a dangling port will be removed. ;
; next_y[0] ; Output ; Info     ; Connected to dangling logic. Logic that only feeds a dangling port will be removed. ;
+-----------+--------+----------+-------------------------------------------------------------------------------------+


+----------------------------------------------------------------------------------------------------------------------------------+
; Port Connectivity Checks: "top_video:video_system"                                                                               ;
+------------------------+--------+----------+-------------------------------------------------------------------------------------+
; Port                   ; Type   ; Severity ; Details                                                                             ;
+------------------------+--------+----------+-------------------------------------------------------------------------------------+
; bg_tile_wr_en          ; Input  ; Info     ; Stuck at GND                                                                        ;
; bg_tile_wr_addr        ; Input  ; Info     ; Stuck at GND                                                                        ;
; bg_tile_wr_data        ; Input  ; Info     ; Stuck at GND                                                                        ;
; bg_pattern_wr_en       ; Input  ; Info     ; Stuck at GND                                                                        ;
; bg_pattern_wr_addr     ; Input  ; Info     ; Stuck at GND                                                                        ;
; bg_pattern_wr_data     ; Input  ; Info     ; Stuck at GND                                                                        ;
; spr_attr_wr_en         ; Input  ; Info     ; Stuck at GND                                                                        ;
; spr_attr_wr_addr       ; Input  ; Info     ; Stuck at GND                                                                        ;
; spr_attr_wr_data       ; Input  ; Info     ; Stuck at GND                                                                        ;
; spr_pattern_wr_en      ; Input  ; Info     ; Stuck at GND                                                                        ;
; spr_pattern_wr_addr    ; Input  ; Info     ; Stuck at GND                                                                        ;
; spr_pattern_wr_data    ; Input  ; Info     ; Stuck at GND                                                                        ;
; palette_wr_en          ; Input  ; Info     ; Stuck at GND                                                                        ;
; palette_wr_addr        ; Input  ; Info     ; Stuck at GND                                                                        ;
; palette_wr_data        ; Input  ; Info     ; Stuck at GND                                                                        ;
; scroll_wr_en           ; Input  ; Info     ; Stuck at GND                                                                        ;
; scroll_sel             ; Input  ; Info     ; Stuck at GND                                                                        ;
; scroll_wr_data         ; Input  ; Info     ; Stuck at GND                                                                        ;
; scroll_auto_step[7..1] ; Input  ; Info     ; Stuck at GND                                                                        ;
; scroll_auto_step[0]    ; Input  ; Info     ; Stuck at VCC                                                                        ;
; rast_busy              ; Output ; Info     ; Connected to dangling logic. Logic that only feeds a dangling port will be removed. ;
+------------------------+--------+----------+-------------------------------------------------------------------------------------+


+-----------------------------------------------------+
; Post-Synthesis Netlist Statistics for Top Partition ;
+-----------------------+-----------------------------+
; Type                  ; Count                       ;
+-----------------------+-----------------------------+
; arriav_ff             ; 941                         ;
;     CLR               ; 5                           ;
;     ENA               ; 521                         ;
;     ENA CLR           ; 2                           ;
;     ENA SCLR          ; 177                         ;
;     ENA SCLR SLD      ; 23                          ;
;     ENA SLD           ; 76                          ;
;     SCLR              ; 62                          ;
;     plain             ; 75                          ;
; arriav_io_obuf        ; 96                          ;
; arriav_lcell_comb     ; 993                         ;
;     arith             ; 234                         ;
;         0 data inputs ; 8                           ;
;         1 data inputs ; 98                          ;
;         2 data inputs ; 56                          ;
;         3 data inputs ; 62                          ;
;         4 data inputs ; 8                           ;
;         5 data inputs ; 2                           ;
;     extend            ; 26                          ;
;         7 data inputs ; 26                          ;
;     normal            ; 710                         ;
;         0 data inputs ; 1                           ;
;         1 data inputs ; 10                          ;
;         2 data inputs ; 77                          ;
;         3 data inputs ; 137                         ;
;         4 data inputs ; 76                          ;
;         5 data inputs ; 83                          ;
;         6 data inputs ; 326                         ;
;     shared            ; 23                          ;
;         1 data inputs ; 17                          ;
;         2 data inputs ; 6                           ;
; boundary_port         ; 241                         ;
; generic_pll           ; 1                           ;
; stratixv_ram_block    ; 261                         ;
;                       ;                             ;
; Max LUT depth         ; 5.90                        ;
; Average LUT depth     ; 2.56                        ;
+-----------------------+-----------------------------+


+-------------------------------+
; Elapsed Time Per Partition    ;
+----------------+--------------+
; Partition Name ; Elapsed Time ;
+----------------+--------------+
; Top            ; 00:00:06     ;
+----------------+--------------+


+-------------------------------+
; Analysis & Synthesis Messages ;
+-------------------------------+
Info: *******************************************************************
Info: Running Quartus Prime Analysis & Synthesis
    Info: Version 20.1.1 Build 720 11/11/2020 SJ Lite Edition
    Info: Processing started: Tue Sep 01 14:35:45 2026
Info: Command: quartus_map --read_settings_files=on --write_settings_files=off CoProcessador -c CoProcessador
Warning (18236): Number of processors has not been specified which may cause overloading on shared machines.  Set the global assignment NUM_PARALLEL_PROCESSORS in your QSF to an appropriate value for best performance.
Info (20030): Parallel compilation is enabled and will use 4 of the 4 processors detected
Info (12021): Found 1 design units, including 1 entities, in source file memory_files/framebuffer_ram.v
    Info (12023): Found entity 1: framebuffer_ram File: E:/CoprocessadorGrafico/memory_files/framebuffer_ram.v Line: 40
Info (12021): Found 1 design units, including 1 entities, in source file memory_files/bg_tile_ram.v
    Info (12023): Found entity 1: bg_tile_ram File: E:/CoprocessadorGrafico/memory_files/bg_tile_ram.v Line: 40
Info (12021): Found 1 design units, including 1 entities, in source file tb_lsu.v
    Info (12023): Found entity 1: tb_lsu File: E:/CoprocessadorGrafico/tb_lsu.v Line: 3
Info (12021): Found 1 design units, including 1 entities, in source file lsu.v
    Info (12023): Found entity 1: LSU File: E:/CoprocessadorGrafico/LSU.v Line: 1
Info (12021): Found 1 design units, including 1 entities, in source file de1_soc_golden_top.v
    Info (12023): Found entity 1: DE1_SOC_golden_top File: E:/CoprocessadorGrafico/DE1_SOC_golden_top.v Line: 54
Info (12021): Found 1 design units, including 1 entities, in source file vga_driver.v
    Info (12023): Found entity 1: vga_driver File: E:/CoprocessadorGrafico/vga_driver.v Line: 1
Info (12021): Found 1 design units, including 1 entities, in source file top_video.v
    Info (12023): Found entity 1: top_video File: E:/CoprocessadorGrafico/top_video.v Line: 1
Info (12021): Found 1 design units, including 1 entities, in source file tb_tile_memory.v
    Info (12023): Found entity 1: tb_tile_memory File: E:/CoprocessadorGrafico/tb_tile_memory.v Line: 3
Info (12021): Found 1 design units, including 1 entities, in source file tb_vga_memory.v
    Info (12023): Found entity 1: tb_vga_driver File: E:/CoprocessadorGrafico/tb_vga_memory.v Line: 3
Info (12021): Found 1 design units, including 1 entities, in source file pll01.v
    Info (12023): Found entity 1: pll01 File: E:/CoprocessadorGrafico/pll01.v Line: 8
Info (12021): Found 1 design units, including 1 entities, in source file pll01/pll01_0002.v
    Info (12023): Found entity 1: pll01_0002 File: E:/CoprocessadorGrafico/pll01/pll01_0002.v Line: 2
Info (12021): Found 1 design units, including 1 entities, in source file motor_background.v
    Info (12023): Found entity 1: motor_background File: E:/CoprocessadorGrafico/motor_background.v Line: 4
Info (12021): Found 1 design units, including 1 entities, in source file motor_sprite.v
    Info (12023): Found entity 1: motor_sprite File: E:/CoprocessadorGrafico/motor_sprite.v Line: 1
Warning (12019): Can't analyze file -- file tb_rasterizer.v is missing
Info (12021): Found 1 design units, including 1 entities, in source file fb_addr_gen.v
    Info (12023): Found entity 1: fb_addr_gen File: E:/CoprocessadorGrafico/fb_addr_gen.v Line: 1
Info (12021): Found 1 design units, including 1 entities, in source file framebuffer.v
    Info (12023): Found entity 1: framebuffer File: E:/CoprocessadorGrafico/framebuffer.v Line: 1
Info (12021): Found 1 design units, including 1 entities, in source file rasterizador_quadrado.v
    Info (12023): Found entity 1: rasterizador_quadrado File: E:/CoprocessadorGrafico/rasterizador_quadrado.v Line: 1
Info (12021): Found 1 design units, including 1 entities, in source file rasterizador_triangulo.v
    Info (12023): Found entity 1: rasterizador_triangulo File: E:/CoprocessadorGrafico/rasterizador_triangulo.v Line: 1
Info (12021): Found 1 design units, including 1 entities, in source file rasterizador_top.v
    Info (12023): Found entity 1: rasterizador_top File: E:/CoprocessadorGrafico/rasterizador_top.v Line: 1
Info (12021): Found 1 design units, including 1 entities, in source file divisor_unsigned.v
    Info (12023): Found entity 1: divisor_unsigned File: E:/CoprocessadorGrafico/divisor_unsigned.v Line: 1
Info (12021): Found 1 design units, including 1 entities, in source file tb_rasterizer_square.v
    Info (12023): Found entity 1: tb_rasterizer_square File: E:/CoprocessadorGrafico/tb_rasterizer_square.v Line: 3
Info (12021): Found 1 design units, including 1 entities, in source file tb_rasterizer_triangle.v
    Info (12023): Found entity 1: tb_rasterizer_triangle File: E:/CoprocessadorGrafico/tb_rasterizer_triangle.v Line: 3
Info (12021): Found 1 design units, including 1 entities, in source file memory_files/sprite_attribute_ram.v
    Info (12023): Found entity 1: sprite_attribute_ram File: E:/CoprocessadorGrafico/memory_files/sprite_attribute_ram.v Line: 40
Info (12021): Found 1 design units, including 1 entities, in source file memory_files/sprite_pattern_ram.v
    Info (12023): Found entity 1: sprite_pattern_ram File: E:/CoprocessadorGrafico/memory_files/sprite_pattern_ram.v Line: 40
Info (12021): Found 1 design units, including 1 entities, in source file subsistema_sprite.v
    Info (12023): Found entity 1: subsistema_sprite File: E:/CoprocessadorGrafico/subsistema_sprite.v Line: 1
Info (12021): Found 1 design units, including 1 entities, in source file memory_files/palette_ram.v
    Info (12023): Found entity 1: palette_ram File: E:/CoprocessadorGrafico/memory_files/palette_ram.v Line: 40
Info (12021): Found 1 design units, including 1 entities, in source file tb_ram_latency.v
    Info (12023): Found entity 1: tb_ram_latency File: E:/CoprocessadorGrafico/tb_ram_latency.v Line: 3
Info (12021): Found 1 design units, including 1 entities, in source file compositor.v
    Info (12023): Found entity 1: compositor File: E:/CoprocessadorGrafico/compositor.v Line: 1
Info (12021): Found 1 design units, including 1 entities, in source file memory_files/bg_tile_pattern_ram.v
    Info (12023): Found entity 1: bg_tile_pattern_ram File: E:/CoprocessadorGrafico/memory_files/bg_tile_pattern_ram.v Line: 40
Info (12021): Found 1 design units, including 1 entities, in source file test_driver.v
    Info (12023): Found entity 1: test_driver File: E:/CoprocessadorGrafico/test_driver.v Line: 1
Info (12021): Found 1 design units, including 1 entities, in source file tb_motor_sprite.v
    Info (12023): Found entity 1: tb_motor_sprite File: E:/CoprocessadorGrafico/tb_motor_sprite.v Line: 3
Info (12021): Found 1 design units, including 1 entities, in source file tb_motor_background.v
    Info (12023): Found entity 1: tb_motor_background File: E:/CoprocessadorGrafico/tb_motor_background.v Line: 3
Warning (10236): Verilog HDL Implicit Net warning at top_video.v(470): created implicit net for "poly_start_internal" File: E:/CoprocessadorGrafico/top_video.v Line: 470
Info (12127): Elaborating entity "DE1_SOC_golden_top" for the top level hierarchy
Warning (10034): Output port "DRAM_ADDR" at DE1_SOC_golden_top.v(100) has no driver File: E:/CoprocessadorGrafico/DE1_SOC_golden_top.v Line: 100
Warning (10034): Output port "DRAM_BA" at DE1_SOC_golden_top.v(101) has no driver File: E:/CoprocessadorGrafico/DE1_SOC_golden_top.v Line: 101
Warning (10034): Output port "HEX0" at DE1_SOC_golden_top.v(133) has no driver File: E:/CoprocessadorGrafico/DE1_SOC_golden_top.v Line: 133
Warning (10034): Output port "HEX1" at DE1_SOC_golden_top.v(134) has no driver File: E:/CoprocessadorGrafico/DE1_SOC_golden_top.v Line: 134
Warning (10034): Output port "HEX2" at DE1_SOC_golden_top.v(135) has no driver File: E:/CoprocessadorGrafico/DE1_SOC_golden_top.v Line: 135
Warning (10034): Output port "HEX3" at DE1_SOC_golden_top.v(136) has no driver File: E:/CoprocessadorGrafico/DE1_SOC_golden_top.v Line: 136
Warning (10034): Output port "HEX4" at DE1_SOC_golden_top.v(137) has no driver File: E:/CoprocessadorGrafico/DE1_SOC_golden_top.v Line: 137
Warning (10034): Output port "HEX5" at DE1_SOC_golden_top.v(138) has no driver File: E:/CoprocessadorGrafico/DE1_SOC_golden_top.v Line: 138
Warning (10034): Output port "LEDR" at DE1_SOC_golden_top.v(210) has no driver File: E:/CoprocessadorGrafico/DE1_SOC_golden_top.v Line: 210
Warning (10034): Output port "ADC_CONVST" at DE1_SOC_golden_top.v(59) has no driver File: E:/CoprocessadorGrafico/DE1_SOC_golden_top.v Line: 59
Warning (10034): Output port "ADC_DIN" at DE1_SOC_golden_top.v(60) has no driver File: E:/CoprocessadorGrafico/DE1_SOC_golden_top.v Line: 60
Warning (10034): Output port "ADC_SCLK" at DE1_SOC_golden_top.v(62) has no driver File: E:/CoprocessadorGrafico/DE1_SOC_golden_top.v Line: 62
Warning (10034): Output port "AUD_DACDAT" at DE1_SOC_golden_top.v(72) has no driver File: E:/CoprocessadorGrafico/DE1_SOC_golden_top.v Line: 72
Warning (10034): Output port "AUD_XCK" at DE1_SOC_golden_top.v(74) has no driver File: E:/CoprocessadorGrafico/DE1_SOC_golden_top.v Line: 74
Warning (10034): Output port "DRAM_CAS_N" at DE1_SOC_golden_top.v(102) has no driver File: E:/CoprocessadorGrafico/DE1_SOC_golden_top.v Line: 102
Warning (10034): Output port "DRAM_CKE" at DE1_SOC_golden_top.v(103) has no driver File: E:/CoprocessadorGrafico/DE1_SOC_golden_top.v Line: 103
Warning (10034): Output port "DRAM_CLK" at DE1_SOC_golden_top.v(104) has no driver File: E:/CoprocessadorGrafico/DE1_SOC_golden_top.v Line: 104
Warning (10034): Output port "DRAM_CS_N" at DE1_SOC_golden_top.v(105) has no driver File: E:/CoprocessadorGrafico/DE1_SOC_golden_top.v Line: 105
Warning (10034): Output port "DRAM_LDQM" at DE1_SOC_golden_top.v(107) has no driver File: E:/CoprocessadorGrafico/DE1_SOC_golden_top.v Line: 107
Warning (10034): Output port "DRAM_RAS_N" at DE1_SOC_golden_top.v(108) has no driver File: E:/CoprocessadorGrafico/DE1_SOC_golden_top.v Line: 108
Warning (10034): Output port "DRAM_UDQM" at DE1_SOC_golden_top.v(109) has no driver File: E:/CoprocessadorGrafico/DE1_SOC_golden_top.v Line: 109
Warning (10034): Output port "DRAM_WE_N" at DE1_SOC_golden_top.v(110) has no driver File: E:/CoprocessadorGrafico/DE1_SOC_golden_top.v Line: 110
Warning (10034): Output port "FAN_CTRL" at DE1_SOC_golden_top.v(115) has no driver File: E:/CoprocessadorGrafico/DE1_SOC_golden_top.v Line: 115
Warning (10034): Output port "FPGA_I2C_SCLK" at DE1_SOC_golden_top.v(120) has no driver File: E:/CoprocessadorGrafico/DE1_SOC_golden_top.v Line: 120
Warning (10034): Output port "IRDA_TXD" at DE1_SOC_golden_top.v(200) has no driver File: E:/CoprocessadorGrafico/DE1_SOC_golden_top.v Line: 200
Warning (10034): Output port "TD_RESET_N" at DE1_SOC_golden_top.v(231) has no driver File: E:/CoprocessadorGrafico/DE1_SOC_golden_top.v Line: 231
Info (12128): Elaborating entity "top_video" for hierarchy "top_video:video_system" File: E:/CoprocessadorGrafico/DE1_SOC_golden_top.v Line: 359
Warning (10230): Verilog HDL assignment warning at top_video.v(121): truncated value with size 9 to match size of target (8) File: E:/CoprocessadorGrafico/top_video.v Line: 121
Info (12128): Elaborating entity "pll01" for hierarchy "top_video:video_system|pll01:pll01_inst" File: E:/CoprocessadorGrafico/top_video.v Line: 106
Info (12128): Elaborating entity "pll01_0002" for hierarchy "top_video:video_system|pll01:pll01_inst|pll01_0002:pll01_inst" File: E:/CoprocessadorGrafico/pll01.v Line: 20
Info (12128): Elaborating entity "altera_pll" for hierarchy "top_video:video_system|pll01:pll01_inst|pll01_0002:pll01_inst|altera_pll:altera_pll_i" File: E:/CoprocessadorGrafico/pll01/pll01_0002.v Line: 85
Info (10008): Verilog HDL or VHDL information: EDA Netlist Writer cannot regroup multidimensional array "wire_to_nowhere_64" into its bus
Info (12130): Elaborated megafunction instantiation "top_video:video_system|pll01:pll01_inst|pll01_0002:pll01_inst|altera_pll:altera_pll_i" File: E:/CoprocessadorGrafico/pll01/pll01_0002.v Line: 85
Info (12133): Instantiated megafunction "top_video:video_system|pll01:pll01_inst|pll01_0002:pll01_inst|altera_pll:altera_pll_i" with the following parameter: File: E:/CoprocessadorGrafico/pll01/pll01_0002.v Line: 85
    Info (12134): Parameter "fractional_vco_multiplier" = "false"
    Info (12134): Parameter "reference_clock_frequency" = "50.0 MHz"
    Info (12134): Parameter "operation_mode" = "direct"
    Info (12134): Parameter "number_of_clocks" = "1"
    Info (12134): Parameter "output_clock_frequency0" = "25.000000 MHz"
    Info (12134): Parameter "phase_shift0" = "0 ps"
    Info (12134): Parameter "duty_cycle0" = "50"
    Info (12134): Parameter "output_clock_frequency1" = "0 MHz"
    Info (12134): Parameter "phase_shift1" = "0 ps"
    Info (12134): Parameter "duty_cycle1" = "50"
    Info (12134): Parameter "output_clock_frequency2" = "0 MHz"
    Info (12134): Parameter "phase_shift2" = "0 ps"
    Info (12134): Parameter "duty_cycle2" = "50"
    Info (12134): Parameter "output_clock_frequency3" = "0 MHz"
    Info (12134): Parameter "phase_shift3" = "0 ps"
    Info (12134): Parameter "duty_cycle3" = "50"
    Info (12134): Parameter "output_clock_frequency4" = "0 MHz"
    Info (12134): Parameter "phase_shift4" = "0 ps"
    Info (12134): Parameter "duty_cycle4" = "50"
    Info (12134): Parameter "output_clock_frequency5" = "0 MHz"
    Info (12134): Parameter "phase_shift5" = "0 ps"
    Info (12134): Parameter "duty_cycle5" = "50"
    Info (12134): Parameter "output_clock_frequency6" = "0 MHz"
    Info (12134): Parameter "phase_shift6" = "0 ps"
    Info (12134): Parameter "duty_cycle6" = "50"
    Info (12134): Parameter "output_clock_frequency7" = "0 MHz"
    Info (12134): Parameter "phase_shift7" = "0 ps"
    Info (12134): Parameter "duty_cycle7" = "50"
    Info (12134): Parameter "output_clock_frequency8" = "0 MHz"
    Info (12134): Parameter "phase_shift8" = "0 ps"
    Info (12134): Parameter "duty_cycle8" = "50"
    Info (12134): Parameter "output_clock_frequency9" = "0 MHz"
    Info (12134): Parameter "phase_shift9" = "0 ps"
    Info (12134): Parameter "duty_cycle9" = "50"
    Info (12134): Parameter "output_clock_frequency10" = "0 MHz"
    Info (12134): Parameter "phase_shift10" = "0 ps"
    Info (12134): Parameter "duty_cycle10" = "50"
    Info (12134): Parameter "output_clock_frequency11" = "0 MHz"
    Info (12134): Parameter "phase_shift11" = "0 ps"
    Info (12134): Parameter "duty_cycle11" = "50"
    Info (12134): Parameter "output_clock_frequency12" = "0 MHz"
    Info (12134): Parameter "phase_shift12" = "0 ps"
    Info (12134): Parameter "duty_cycle12" = "50"
    Info (12134): Parameter "output_clock_frequency13" = "0 MHz"
    Info (12134): Parameter "phase_shift13" = "0 ps"
    Info (12134): Parameter "duty_cycle13" = "50"
    Info (12134): Parameter "output_clock_frequency14" = "0 MHz"
    Info (12134): Parameter "phase_shift14" = "0 ps"
    Info (12134): Parameter "duty_cycle14" = "50"
    Info (12134): Parameter "output_clock_frequency15" = "0 MHz"
    Info (12134): Parameter "phase_shift15" = "0 ps"
    Info (12134): Parameter "duty_cycle15" = "50"
    Info (12134): Parameter "output_clock_frequency16" = "0 MHz"
    Info (12134): Parameter "phase_shift16" = "0 ps"
    Info (12134): Parameter "duty_cycle16" = "50"
    Info (12134): Parameter "output_clock_frequency17" = "0 MHz"
    Info (12134): Parameter "phase_shift17" = "0 ps"
    Info (12134): Parameter "duty_cycle17" = "50"
    Info (12134): Parameter "pll_type" = "General"
    Info (12134): Parameter "pll_subtype" = "General"
Info (12128): Elaborating entity "vga_driver" for hierarchy "top_video:video_system|vga_driver:vga_driver_inst" File: E:/CoprocessadorGrafico/top_video.v Line: 146
Info (12128): Elaborating entity "framebuffer" for hierarchy "top_video:video_system|framebuffer:framebuffer_inst" File: E:/CoprocessadorGrafico/top_video.v Line: 215
Info (12128): Elaborating entity "fb_addr_gen" for hierarchy "top_video:video_system|framebuffer:framebuffer_inst|fb_addr_gen:wr_addr_gen" File: E:/CoprocessadorGrafico/framebuffer.v Line: 25
Info (12128): Elaborating entity "framebuffer_ram" for hierarchy "top_video:video_system|framebuffer:framebuffer_inst|framebuffer_ram:framebuffer_ram_bank0" File: E:/CoprocessadorGrafico/framebuffer.v Line: 44
Info (12128): Elaborating entity "altsyncram" for hierarchy "top_video:video_system|framebuffer:framebuffer_inst|framebuffer_ram:framebuffer_ram_bank0|altsyncram:altsyncram_component" File: E:/CoprocessadorGrafico/memory_files/framebuffer_ram.v Line: 91
Info (12130): Elaborated megafunction instantiation "top_video:video_system|framebuffer:framebuffer_inst|framebuffer_ram:framebuffer_ram_bank0|altsyncram:altsyncram_component" File: E:/CoprocessadorGrafico/memory_files/framebuffer_ram.v Line: 91
Info (12133): Instantiated megafunction "top_video:video_system|framebuffer:framebuffer_inst|framebuffer_ram:framebuffer_ram_bank0|altsyncram:altsyncram_component" with the following parameter: File: E:/CoprocessadorGrafico/memory_files/framebuffer_ram.v Line: 91
    Info (12134): Parameter "address_aclr_b" = "NONE"
    Info (12134): Parameter "address_reg_b" = "CLOCK1"
    Info (12134): Parameter "clock_enable_input_a" = "BYPASS"
    Info (12134): Parameter "clock_enable_input_b" = "BYPASS"
    Info (12134): Parameter "clock_enable_output_b" = "BYPASS"
    Info (12134): Parameter "intended_device_family" = "Cyclone V"
    Info (12134): Parameter "lpm_type" = "altsyncram"
    Info (12134): Parameter "numwords_a" = "76800"
    Info (12134): Parameter "numwords_b" = "76800"
    Info (12134): Parameter "operation_mode" = "DUAL_PORT"
    Info (12134): Parameter "outdata_aclr_b" = "NONE"
    Info (12134): Parameter "outdata_reg_b" = "CLOCK1"
    Info (12134): Parameter "power_up_uninitialized" = "FALSE"
    Info (12134): Parameter "ram_block_type" = "M10K"
    Info (12134): Parameter "widthad_a" = "17"
    Info (12134): Parameter "widthad_b" = "17"
    Info (12134): Parameter "width_a" = "9"
    Info (12134): Parameter "width_b" = "9"
    Info (12134): Parameter "width_byteena_a" = "1"
Info (12021): Found 1 design units, including 1 entities, in source file db/altsyncram_lsr1.tdf
    Info (12023): Found entity 1: altsyncram_lsr1 File: E:/CoprocessadorGrafico/db/altsyncram_lsr1.tdf Line: 34
Info (12128): Elaborating entity "altsyncram_lsr1" for hierarchy "top_video:video_system|framebuffer:framebuffer_inst|framebuffer_ram:framebuffer_ram_bank0|altsyncram:altsyncram_component|altsyncram_lsr1:auto_generated" File: d:/quartuslite/quartus/libraries/megafunctions/altsyncram.tdf Line: 792
Info (12021): Found 1 design units, including 1 entities, in source file db/decode_nma.tdf
    Info (12023): Found entity 1: decode_nma File: E:/CoprocessadorGrafico/db/decode_nma.tdf Line: 23
Info (12128): Elaborating entity "decode_nma" for hierarchy "top_video:video_system|framebuffer:framebuffer_inst|framebuffer_ram:framebuffer_ram_bank0|altsyncram:altsyncram_component|altsyncram_lsr1:auto_generated|decode_nma:decode2" File: E:/CoprocessadorGrafico/db/altsyncram_lsr1.tdf Line: 47
Info (12021): Found 1 design units, including 1 entities, in source file db/decode_g2a.tdf
    Info (12023): Found entity 1: decode_g2a File: E:/CoprocessadorGrafico/db/decode_g2a.tdf Line: 23
Info (12128): Elaborating entity "decode_g2a" for hierarchy "top_video:video_system|framebuffer:framebuffer_inst|framebuffer_ram:framebuffer_ram_bank0|altsyncram:altsyncram_component|altsyncram_lsr1:auto_generated|decode_g2a:rden_decode_b" File: E:/CoprocessadorGrafico/db/altsyncram_lsr1.tdf Line: 48
Info (12021): Found 1 design units, including 1 entities, in source file db/mux_8hb.tdf
    Info (12023): Found entity 1: mux_8hb File: E:/CoprocessadorGrafico/db/mux_8hb.tdf Line: 23
Info (12128): Elaborating entity "mux_8hb" for hierarchy "top_video:video_system|framebuffer:framebuffer_inst|framebuffer_ram:framebuffer_ram_bank0|altsyncram:altsyncram_component|altsyncram_lsr1:auto_generated|mux_8hb:mux3" File: E:/CoprocessadorGrafico/db/altsyncram_lsr1.tdf Line: 50
Info (12128): Elaborating entity "palette_ram" for hierarchy "top_video:video_system|palette_ram:palette_ram_inst" File: E:/CoprocessadorGrafico/top_video.v Line: 233
Info (12128): Elaborating entity "altsyncram" for hierarchy "top_video:video_system|palette_ram:palette_ram_inst|altsyncram:altsyncram_component" File: E:/CoprocessadorGrafico/memory_files/palette_ram.v Line: 89
Info (12130): Elaborated megafunction instantiation "top_video:video_system|palette_ram:palette_ram_inst|altsyncram:altsyncram_component" File: E:/CoprocessadorGrafico/memory_files/palette_ram.v Line: 89
Info (12133): Instantiated megafunction "top_video:video_system|palette_ram:palette_ram_inst|altsyncram:altsyncram_component" with the following parameter: File: E:/CoprocessadorGrafico/memory_files/palette_ram.v Line: 89
    Info (12134): Parameter "address_aclr_b" = "NONE"
    Info (12134): Parameter "address_reg_b" = "CLOCK0"
    Info (12134): Parameter "clock_enable_input_a" = "BYPASS"
    Info (12134): Parameter "clock_enable_input_b" = "BYPASS"
    Info (12134): Parameter "clock_enable_output_b" = "BYPASS"
    Info (12134): Parameter "init_file" = "./memory_files/initialization_files/palette_default.mif"
    Info (12134): Parameter "intended_device_family" = "Cyclone V"
    Info (12134): Parameter "lpm_type" = "altsyncram"
    Info (12134): Parameter "numwords_a" = "512"
    Info (12134): Parameter "numwords_b" = "512"
    Info (12134): Parameter "operation_mode" = "DUAL_PORT"
    Info (12134): Parameter "outdata_aclr_b" = "NONE"
    Info (12134): Parameter "outdata_reg_b" = "CLOCK0"
    Info (12134): Parameter "power_up_uninitialized" = "FALSE"
    Info (12134): Parameter "ram_block_type" = "M10K"
    Info (12134): Parameter "read_during_write_mode_mixed_ports" = "OLD_DATA"
    Info (12134): Parameter "widthad_a" = "9"
    Info (12134): Parameter "widthad_b" = "9"
    Info (12134): Parameter "width_a" = "9"
    Info (12134): Parameter "width_b" = "9"
    Info (12134): Parameter "width_byteena_a" = "1"
Info (12021): Found 1 design units, including 1 entities, in source file db/altsyncram_7062.tdf
    Info (12023): Found entity 1: altsyncram_7062 File: E:/CoprocessadorGrafico/db/altsyncram_7062.tdf Line: 28
Info (12128): Elaborating entity "altsyncram_7062" for hierarchy "top_video:video_system|palette_ram:palette_ram_inst|altsyncram:altsyncram_component|altsyncram_7062:auto_generated" File: d:/quartuslite/quartus/libraries/megafunctions/altsyncram.tdf Line: 792
Info (12128): Elaborating entity "bg_tile_ram" for hierarchy "top_video:video_system|bg_tile_ram:bg_tile_ram_inst" File: E:/CoprocessadorGrafico/top_video.v Line: 251
Info (12128): Elaborating entity "altsyncram" for hierarchy "top_video:video_system|bg_tile_ram:bg_tile_ram_inst|altsyncram:altsyncram_component" File: E:/CoprocessadorGrafico/memory_files/bg_tile_ram.v Line: 89
Info (12130): Elaborated megafunction instantiation "top_video:video_system|bg_tile_ram:bg_tile_ram_inst|altsyncram:altsyncram_component" File: E:/CoprocessadorGrafico/memory_files/bg_tile_ram.v Line: 89
Info (12133): Instantiated megafunction "top_video:video_system|bg_tile_ram:bg_tile_ram_inst|altsyncram:altsyncram_component" with the following parameter: File: E:/CoprocessadorGrafico/memory_files/bg_tile_ram.v Line: 89
    Info (12134): Parameter "address_aclr_b" = "NONE"
    Info (12134): Parameter "address_reg_b" = "CLOCK0"
    Info (12134): Parameter "clock_enable_input_a" = "BYPASS"
    Info (12134): Parameter "clock_enable_input_b" = "BYPASS"
    Info (12134): Parameter "clock_enable_output_b" = "BYPASS"
    Info (12134): Parameter "init_file" = "./memory_files/initialization_files/bg_tile_ram.mif"
    Info (12134): Parameter "intended_device_family" = "Cyclone V"
    Info (12134): Parameter "lpm_type" = "altsyncram"
    Info (12134): Parameter "numwords_a" = "1200"
    Info (12134): Parameter "numwords_b" = "1200"
    Info (12134): Parameter "operation_mode" = "DUAL_PORT"
    Info (12134): Parameter "outdata_aclr_b" = "NONE"
    Info (12134): Parameter "outdata_reg_b" = "CLOCK0"
    Info (12134): Parameter "power_up_uninitialized" = "FALSE"
    Info (12134): Parameter "ram_block_type" = "M10K"
    Info (12134): Parameter "read_during_write_mode_mixed_ports" = "OLD_DATA"
    Info (12134): Parameter "widthad_a" = "11"
    Info (12134): Parameter "widthad_b" = "11"
    Info (12134): Parameter "width_a" = "8"
    Info (12134): Parameter "width_b" = "8"
    Info (12134): Parameter "width_byteena_a" = "1"
Info (12021): Found 1 design units, including 1 entities, in source file db/altsyncram_fn52.tdf
    Info (12023): Found entity 1: altsyncram_fn52 File: E:/CoprocessadorGrafico/db/altsyncram_fn52.tdf Line: 28
Info (12128): Elaborating entity "altsyncram_fn52" for hierarchy "top_video:video_system|bg_tile_ram:bg_tile_ram_inst|altsyncram:altsyncram_component|altsyncram_fn52:auto_generated" File: d:/quartuslite/quartus/libraries/megafunctions/altsyncram.tdf Line: 792
Info (12128): Elaborating entity "bg_tile_pattern_ram" for hierarchy "top_video:video_system|bg_tile_pattern_ram:bg_tile_pattern_ram_inst" File: E:/CoprocessadorGrafico/top_video.v Line: 267
Info (12128): Elaborating entity "altsyncram" for hierarchy "top_video:video_system|bg_tile_pattern_ram:bg_tile_pattern_ram_inst|altsyncram:altsyncram_component" File: E:/CoprocessadorGrafico/memory_files/bg_tile_pattern_ram.v Line: 89
Info (12130): Elaborated megafunction instantiation "top_video:video_system|bg_tile_pattern_ram:bg_tile_pattern_ram_inst|altsyncram:altsyncram_component" File: E:/CoprocessadorGrafico/memory_files/bg_tile_pattern_ram.v Line: 89
Info (12133): Instantiated megafunction "top_video:video_system|bg_tile_pattern_ram:bg_tile_pattern_ram_inst|altsyncram:altsyncram_component" with the following parameter: File: E:/CoprocessadorGrafico/memory_files/bg_tile_pattern_ram.v Line: 89
    Info (12134): Parameter "address_aclr_b" = "NONE"
    Info (12134): Parameter "address_reg_b" = "CLOCK0"
    Info (12134): Parameter "clock_enable_input_a" = "BYPASS"
    Info (12134): Parameter "clock_enable_input_b" = "BYPASS"
    Info (12134): Parameter "clock_enable_output_b" = "BYPASS"
    Info (12134): Parameter "init_file" = "./memory_files/initialization_files/bg_tile_pattern_praia.mif"
    Info (12134): Parameter "intended_device_family" = "Cyclone V"
    Info (12134): Parameter "lpm_type" = "altsyncram"
    Info (12134): Parameter "numwords_a" = "16384"
    Info (12134): Parameter "numwords_b" = "16384"
    Info (12134): Parameter "operation_mode" = "DUAL_PORT"
    Info (12134): Parameter "outdata_aclr_b" = "NONE"
    Info (12134): Parameter "outdata_reg_b" = "CLOCK0"
    Info (12134): Parameter "power_up_uninitialized" = "FALSE"
    Info (12134): Parameter "ram_block_type" = "M10K"
    Info (12134): Parameter "read_during_write_mode_mixed_ports" = "OLD_DATA"
    Info (12134): Parameter "widthad_a" = "14"
    Info (12134): Parameter "widthad_b" = "14"
    Info (12134): Parameter "width_a" = "8"
    Info (12134): Parameter "width_b" = "8"
    Info (12134): Parameter "width_byteena_a" = "1"
Info (12021): Found 1 design units, including 1 entities, in source file db/altsyncram_5t62.tdf
    Info (12023): Found entity 1: altsyncram_5t62 File: E:/CoprocessadorGrafico/db/altsyncram_5t62.tdf Line: 32
Info (12128): Elaborating entity "altsyncram_5t62" for hierarchy "top_video:video_system|bg_tile_pattern_ram:bg_tile_pattern_ram_inst|altsyncram:altsyncram_component|altsyncram_5t62:auto_generated" File: d:/quartuslite/quartus/libraries/megafunctions/altsyncram.tdf Line: 792
Info (12021): Found 1 design units, including 1 entities, in source file db/decode_5la.tdf
    Info (12023): Found entity 1: decode_5la File: E:/CoprocessadorGrafico/db/decode_5la.tdf Line: 23
Info (12128): Elaborating entity "decode_5la" for hierarchy "top_video:video_system|bg_tile_pattern_ram:bg_tile_pattern_ram_inst|altsyncram:altsyncram_component|altsyncram_5t62:auto_generated|decode_5la:decode2" File: E:/CoprocessadorGrafico/db/altsyncram_5t62.tdf Line: 44
Info (12021): Found 1 design units, including 1 entities, in source file db/mux_lfb.tdf
    Info (12023): Found entity 1: mux_lfb File: E:/CoprocessadorGrafico/db/mux_lfb.tdf Line: 23
Info (12128): Elaborating entity "mux_lfb" for hierarchy "top_video:video_system|bg_tile_pattern_ram:bg_tile_pattern_ram_inst|altsyncram:altsyncram_component|altsyncram_5t62:auto_generated|mux_lfb:mux3" File: E:/CoprocessadorGrafico/db/altsyncram_5t62.tdf Line: 45
Info (12128): Elaborating entity "motor_background" for hierarchy "top_video:video_system|motor_background:motor_background_inst" File: E:/CoprocessadorGrafico/top_video.v Line: 315
Info (12128): Elaborating entity "sprite_attribute_ram" for hierarchy "top_video:video_system|sprite_attribute_ram:sprite_attribute_ram_inst" File: E:/CoprocessadorGrafico/top_video.v Line: 333
Info (12128): Elaborating entity "altsyncram" for hierarchy "top_video:video_system|sprite_attribute_ram:sprite_attribute_ram_inst|altsyncram:altsyncram_component" File: E:/CoprocessadorGrafico/memory_files/sprite_attribute_ram.v Line: 89
Info (12130): Elaborated megafunction instantiation "top_video:video_system|sprite_attribute_ram:sprite_attribute_ram_inst|altsyncram:altsyncram_component" File: E:/CoprocessadorGrafico/memory_files/sprite_attribute_ram.v Line: 89
Info (12133): Instantiated megafunction "top_video:video_system|sprite_attribute_ram:sprite_attribute_ram_inst|altsyncram:altsyncram_component" with the following parameter: File: E:/CoprocessadorGrafico/memory_files/sprite_attribute_ram.v Line: 89
    Info (12134): Parameter "address_aclr_b" = "NONE"
    Info (12134): Parameter "address_reg_b" = "CLOCK0"
    Info (12134): Parameter "clock_enable_input_a" = "BYPASS"
    Info (12134): Parameter "clock_enable_input_b" = "BYPASS"
    Info (12134): Parameter "clock_enable_output_b" = "BYPASS"
    Info (12134): Parameter "init_file" = "./memory_files/initialization_files/sprite_attribute_ram.mif"
    Info (12134): Parameter "intended_device_family" = "Cyclone V"
    Info (12134): Parameter "lpm_type" = "altsyncram"
    Info (12134): Parameter "numwords_a" = "32"
    Info (12134): Parameter "numwords_b" = "32"
    Info (12134): Parameter "operation_mode" = "DUAL_PORT"
    Info (12134): Parameter "outdata_aclr_b" = "NONE"
    Info (12134): Parameter "outdata_reg_b" = "CLOCK0"
    Info (12134): Parameter "power_up_uninitialized" = "FALSE"
    Info (12134): Parameter "ram_block_type" = "M10K"
    Info (12134): Parameter "read_during_write_mode_mixed_ports" = "OLD_DATA"
    Info (12134): Parameter "widthad_a" = "5"
    Info (12134): Parameter "widthad_b" = "5"
    Info (12134): Parameter "width_a" = "32"
    Info (12134): Parameter "width_b" = "32"
    Info (12134): Parameter "width_byteena_a" = "1"
Info (12021): Found 1 design units, including 1 entities, in source file db/altsyncram_7h62.tdf
    Info (12023): Found entity 1: altsyncram_7h62 File: E:/CoprocessadorGrafico/db/altsyncram_7h62.tdf Line: 28
Info (12128): Elaborating entity "altsyncram_7h62" for hierarchy "top_video:video_system|sprite_attribute_ram:sprite_attribute_ram_inst|altsyncram:altsyncram_component|altsyncram_7h62:auto_generated" File: d:/quartuslite/quartus/libraries/megafunctions/altsyncram.tdf Line: 792
Info (12128): Elaborating entity "sprite_pattern_ram" for hierarchy "top_video:video_system|sprite_pattern_ram:sprite_pattern_ram_inst" File: E:/CoprocessadorGrafico/top_video.v Line: 351
Info (12128): Elaborating entity "altsyncram" for hierarchy "top_video:video_system|sprite_pattern_ram:sprite_pattern_ram_inst|altsyncram:altsyncram_component" File: E:/CoprocessadorGrafico/memory_files/sprite_pattern_ram.v Line: 89
Info (12130): Elaborated megafunction instantiation "top_video:video_system|sprite_pattern_ram:sprite_pattern_ram_inst|altsyncram:altsyncram_component" File: E:/CoprocessadorGrafico/memory_files/sprite_pattern_ram.v Line: 89
Info (12133): Instantiated megafunction "top_video:video_system|sprite_pattern_ram:sprite_pattern_ram_inst|altsyncram:altsyncram_component" with the following parameter: File: E:/CoprocessadorGrafico/memory_files/sprite_pattern_ram.v Line: 89
    Info (12134): Parameter "address_aclr_b" = "NONE"
    Info (12134): Parameter "address_reg_b" = "CLOCK0"
    Info (12134): Parameter "clock_enable_input_a" = "BYPASS"
    Info (12134): Parameter "clock_enable_input_b" = "BYPASS"
    Info (12134): Parameter "clock_enable_output_b" = "BYPASS"
    Info (12134): Parameter "init_file" = "./memory_files/initialization_files/sprite_pattern_ram_pikachu_charmander.mif"
    Info (12134): Parameter "intended_device_family" = "Cyclone V"
    Info (12134): Parameter "lpm_type" = "altsyncram"
    Info (12134): Parameter "numwords_a" = "16384"
    Info (12134): Parameter "numwords_b" = "16384"
    Info (12134): Parameter "operation_mode" = "DUAL_PORT"
    Info (12134): Parameter "outdata_aclr_b" = "NONE"
    Info (12134): Parameter "outdata_reg_b" = "CLOCK0"
    Info (12134): Parameter "power_up_uninitialized" = "FALSE"
    Info (12134): Parameter "ram_block_type" = "M10K"
    Info (12134): Parameter "read_during_write_mode_mixed_ports" = "OLD_DATA"
    Info (12134): Parameter "widthad_a" = "14"
    Info (12134): Parameter "widthad_b" = "14"
    Info (12134): Parameter "width_a" = "8"
    Info (12134): Parameter "width_b" = "8"
    Info (12134): Parameter "width_byteena_a" = "1"
Info (12021): Found 1 design units, including 1 entities, in source file db/altsyncram_hi82.tdf
    Info (12023): Found entity 1: altsyncram_hi82 File: E:/CoprocessadorGrafico/db/altsyncram_hi82.tdf Line: 32
Info (12128): Elaborating entity "altsyncram_hi82" for hierarchy "top_video:video_system|sprite_pattern_ram:sprite_pattern_ram_inst|altsyncram:altsyncram_component|altsyncram_hi82:auto_generated" File: d:/quartuslite/quartus/libraries/megafunctions/altsyncram.tdf Line: 792
Info (12128): Elaborating entity "motor_sprite" for hierarchy "top_video:video_system|motor_sprite:motor_sprite_inst" File: E:/CoprocessadorGrafico/top_video.v Line: 392
Info (12128): Elaborating entity "rasterizador_top" for hierarchy "top_video:video_system|rasterizador_top:rasterizer_top_inst" File: E:/CoprocessadorGrafico/top_video.v Line: 434
Info (12128): Elaborating entity "rasterizador_quadrado" for hierarchy "top_video:video_system|rasterizador_top:rasterizer_top_inst|rasterizador_quadrado:u_square" File: E:/CoprocessadorGrafico/rasterizador_top.v Line: 37
Info (12128): Elaborating entity "rasterizador_triangulo" for hierarchy "top_video:video_system|rasterizador_top:rasterizer_top_inst|rasterizador_triangulo:u_triangle" File: E:/CoprocessadorGrafico/rasterizador_top.v Line: 48
Warning (10036): Verilog HDL or VHDL warning at rasterizador_triangulo.v(99): object "xL" assigned a value but never read File: E:/CoprocessadorGrafico/rasterizador_triangulo.v Line: 99
Info (12128): Elaborating entity "divisor_unsigned" for hierarchy "top_video:video_system|rasterizador_top:rasterizer_top_inst|rasterizador_triangulo:u_triangle|divisor_unsigned:u_div" File: E:/CoprocessadorGrafico/rasterizador_triangulo.v Line: 93
Info (12128): Elaborating entity "compositor" for hierarchy "top_video:video_system|compositor:compositor_inst" File: E:/CoprocessadorGrafico/top_video.v Line: 515
Info (12128): Elaborating entity "test_driver" for hierarchy "test_driver:test_driver_inst" File: E:/CoprocessadorGrafico/DE1_SOC_golden_top.v Line: 386
Info (276014): Found 1 instances of uninferred RAM logic
    Info (276007): RAM logic "top_video:video_system|motor_background:motor_background_inst|row_cache" is uninferred due to asynchronous read logic File: E:/CoprocessadorGrafico/motor_background.v Line: 139
Warning (13039): The following bidirectional pins have no drivers
    Warning (13040): bidirectional pin "AUD_ADCLRCK" has no driver File: E:/CoprocessadorGrafico/DE1_SOC_golden_top.v Line: 70
    Warning (13040): bidirectional pin "AUD_BCLK" has no driver File: E:/CoprocessadorGrafico/DE1_SOC_golden_top.v Line: 71
    Warning (13040): bidirectional pin "AUD_DACLRCK" has no driver File: E:/CoprocessadorGrafico/DE1_SOC_golden_top.v Line: 73
    Warning (13040): bidirectional pin "DRAM_DQ[0]" has no driver File: E:/CoprocessadorGrafico/DE1_SOC_golden_top.v Line: 106
    Warning (13040): bidirectional pin "DRAM_DQ[1]" has no driver File: E:/CoprocessadorGrafico/DE1_SOC_golden_top.v Line: 106
    Warning (13040): bidirectional pin "DRAM_DQ[2]" has no driver File: E:/CoprocessadorGrafico/DE1_SOC_golden_top.v Line: 106
    Warning (13040): bidirectional pin "DRAM_DQ[3]" has no driver File: E:/CoprocessadorGrafico/DE1_SOC_golden_top.v Line: 106
    Warning (13040): bidirectional pin "DRAM_DQ[4]" has no driver File: E:/CoprocessadorGrafico/DE1_SOC_golden_top.v Line: 106
    Warning (13040): bidirectional pin "DRAM_DQ[5]" has no driver File: E:/CoprocessadorGrafico/DE1_SOC_golden_top.v Line: 106
    Warning (13040): bidirectional pin "DRAM_DQ[6]" has no driver File: E:/CoprocessadorGrafico/DE1_SOC_golden_top.v Line: 106
    Warning (13040): bidirectional pin "DRAM_DQ[7]" has no driver File: E:/CoprocessadorGrafico/DE1_SOC_golden_top.v Line: 106
    Warning (13040): bidirectional pin "DRAM_DQ[8]" has no driver File: E:/CoprocessadorGrafico/DE1_SOC_golden_top.v Line: 106
    Warning (13040): bidirectional pin "DRAM_DQ[9]" has no driver File: E:/CoprocessadorGrafico/DE1_SOC_golden_top.v Line: 106
    Warning (13040): bidirectional pin "DRAM_DQ[10]" has no driver File: E:/CoprocessadorGrafico/DE1_SOC_golden_top.v Line: 106
    Warning (13040): bidirectional pin "DRAM_DQ[11]" has no driver File: E:/CoprocessadorGrafico/DE1_SOC_golden_top.v Line: 106
    Warning (13040): bidirectional pin "DRAM_DQ[12]" has no driver File: E:/CoprocessadorGrafico/DE1_SOC_golden_top.v Line: 106
    Warning (13040): bidirectional pin "DRAM_DQ[13]" has no driver File: E:/CoprocessadorGrafico/DE1_SOC_golden_top.v Line: 106
    Warning (13040): bidirectional pin "DRAM_DQ[14]" has no driver File: E:/CoprocessadorGrafico/DE1_SOC_golden_top.v Line: 106
    Warning (13040): bidirectional pin "DRAM_DQ[15]" has no driver File: E:/CoprocessadorGrafico/DE1_SOC_golden_top.v Line: 106
    Warning (13040): bidirectional pin "FPGA_I2C_SDAT" has no driver File: E:/CoprocessadorGrafico/DE1_SOC_golden_top.v Line: 121
    Warning (13040): bidirectional pin "GPIO_0[0]" has no driver File: E:/CoprocessadorGrafico/DE1_SOC_golden_top.v Line: 126
    Warning (13040): bidirectional pin "GPIO_0[1]" has no driver File: E:/CoprocessadorGrafico/DE1_SOC_golden_top.v Line: 126
    Warning (13040): bidirectional pin "GPIO_0[2]" has no driver File: E:/CoprocessadorGrafico/DE1_SOC_golden_top.v Line: 126
    Warning (13040): bidirectional pin "GPIO_0[3]" has no driver File: E:/CoprocessadorGrafico/DE1_SOC_golden_top.v Line: 126
    Warning (13040): bidirectional pin "GPIO_0[4]" has no driver File: E:/CoprocessadorGrafico/DE1_SOC_golden_top.v Line: 126
    Warning (13040): bidirectional pin "GPIO_0[5]" has no driver File: E:/CoprocessadorGrafico/DE1_SOC_golden_top.v Line: 126
    Warning (13040): bidirectional pin "GPIO_0[6]" has no driver File: E:/CoprocessadorGrafico/DE1_SOC_golden_top.v Line: 126
    Warning (13040): bidirectional pin "GPIO_0[7]" has no driver File: E:/CoprocessadorGrafico/DE1_SOC_golden_top.v Line: 126
    Warning (13040): bidirectional pin "GPIO_0[8]" has no driver File: E:/CoprocessadorGrafico/DE1_SOC_golden_top.v Line: 126
    Warning (13040): bidirectional pin "GPIO_0[9]" has no driver File: E:/CoprocessadorGrafico/DE1_SOC_golden_top.v Line: 126
    Warning (13040): bidirectional pin "GPIO_0[10]" has no driver File: E:/CoprocessadorGrafico/DE1_SOC_golden_top.v Line: 126
    Warning (13040): bidirectional pin "GPIO_0[11]" has no driver File: E:/CoprocessadorGrafico/DE1_SOC_golden_top.v Line: 126
    Warning (13040): bidirectional pin "GPIO_0[12]" has no driver File: E:/CoprocessadorGrafico/DE1_SOC_golden_top.v Line: 126
    Warning (13040): bidirectional pin "GPIO_0[13]" has no driver File: E:/CoprocessadorGrafico/DE1_SOC_golden_top.v Line: 126
    Warning (13040): bidirectional pin "GPIO_0[14]" has no driver File: E:/CoprocessadorGrafico/DE1_SOC_golden_top.v Line: 126
    Warning (13040): bidirectional pin "GPIO_0[15]" has no driver File: E:/CoprocessadorGrafico/DE1_SOC_golden_top.v Line: 126
    Warning (13040): bidirectional pin "GPIO_0[16]" has no driver File: E:/CoprocessadorGrafico/DE1_SOC_golden_top.v Line: 126
    Warning (13040): bidirectional pin "GPIO_0[17]" has no driver File: E:/CoprocessadorGrafico/DE1_SOC_golden_top.v Line: 126
    Warning (13040): bidirectional pin "GPIO_0[18]" has no driver File: E:/CoprocessadorGrafico/DE1_SOC_golden_top.v Line: 126
    Warning (13040): bidirectional pin "GPIO_0[19]" has no driver File: E:/CoprocessadorGrafico/DE1_SOC_golden_top.v Line: 126
    Warning (13040): bidirectional pin "GPIO_0[20]" has no driver File: E:/CoprocessadorGrafico/DE1_SOC_golden_top.v Line: 126
    Warning (13040): bidirectional pin "GPIO_0[21]" has no driver File: E:/CoprocessadorGrafico/DE1_SOC_golden_top.v Line: 126
    Warning (13040): bidirectional pin "GPIO_0[22]" has no driver File: E:/CoprocessadorGrafico/DE1_SOC_golden_top.v Line: 126
    Warning (13040): bidirectional pin "GPIO_0[23]" has no driver File: E:/CoprocessadorGrafico/DE1_SOC_golden_top.v Line: 126
    Warning (13040): bidirectional pin "GPIO_0[24]" has no driver File: E:/CoprocessadorGrafico/DE1_SOC_golden_top.v Line: 126
    Warning (13040): bidirectional pin "GPIO_0[25]" has no driver File: E:/CoprocessadorGrafico/DE1_SOC_golden_top.v Line: 126
    Warning (13040): bidirectional pin "GPIO_0[26]" has no driver File: E:/CoprocessadorGrafico/DE1_SOC_golden_top.v Line: 126
    Warning (13040): bidirectional pin "GPIO_0[27]" has no driver File: E:/CoprocessadorGrafico/DE1_SOC_golden_top.v Line: 126
    Warning (13040): bidirectional pin "GPIO_0[28]" has no driver File: E:/CoprocessadorGrafico/DE1_SOC_golden_top.v Line: 126
    Warning (13040): bidirectional pin "GPIO_0[29]" has no driver File: E:/CoprocessadorGrafico/DE1_SOC_golden_top.v Line: 126
    Warning (13040): bidirectional pin "GPIO_0[30]" has no driver File: E:/CoprocessadorGrafico/DE1_SOC_golden_top.v Line: 126
    Warning (13040): bidirectional pin "GPIO_0[31]" has no driver File: E:/CoprocessadorGrafico/DE1_SOC_golden_top.v Line: 126
    Warning (13040): bidirectional pin "GPIO_0[32]" has no driver File: E:/CoprocessadorGrafico/DE1_SOC_golden_top.v Line: 126
    Warning (13040): bidirectional pin "GPIO_0[33]" has no driver File: E:/CoprocessadorGrafico/DE1_SOC_golden_top.v Line: 126
    Warning (13040): bidirectional pin "GPIO_0[34]" has no driver File: E:/CoprocessadorGrafico/DE1_SOC_golden_top.v Line: 126
    Warning (13040): bidirectional pin "GPIO_0[35]" has no driver File: E:/CoprocessadorGrafico/DE1_SOC_golden_top.v Line: 126
    Warning (13040): bidirectional pin "GPIO_1[0]" has no driver File: E:/CoprocessadorGrafico/DE1_SOC_golden_top.v Line: 127
    Warning (13040): bidirectional pin "GPIO_1[1]" has no driver File: E:/CoprocessadorGrafico/DE1_SOC_golden_top.v Line: 127
    Warning (13040): bidirectional pin "GPIO_1[2]" has no driver File: E:/CoprocessadorGrafico/DE1_SOC_golden_top.v Line: 127
    Warning (13040): bidirectional pin "GPIO_1[3]" has no driver File: E:/CoprocessadorGrafico/DE1_SOC_golden_top.v Line: 127
    Warning (13040): bidirectional pin "GPIO_1[4]" has no driver File: E:/CoprocessadorGrafico/DE1_SOC_golden_top.v Line: 127
    Warning (13040): bidirectional pin "GPIO_1[5]" has no driver File: E:/CoprocessadorGrafico/DE1_SOC_golden_top.v Line: 127
    Warning (13040): bidirectional pin "GPIO_1[6]" has no driver File: E:/CoprocessadorGrafico/DE1_SOC_golden_top.v Line: 127
    Warning (13040): bidirectional pin "GPIO_1[7]" has no driver File: E:/CoprocessadorGrafico/DE1_SOC_golden_top.v Line: 127
    Warning (13040): bidirectional pin "GPIO_1[8]" has no driver File: E:/CoprocessadorGrafico/DE1_SOC_golden_top.v Line: 127
    Warning (13040): bidirectional pin "GPIO_1[9]" has no driver File: E:/CoprocessadorGrafico/DE1_SOC_golden_top.v Line: 127
    Warning (13040): bidirectional pin "GPIO_1[10]" has no driver File: E:/CoprocessadorGrafico/DE1_SOC_golden_top.v Line: 127
    Warning (13040): bidirectional pin "GPIO_1[11]" has no driver File: E:/CoprocessadorGrafico/DE1_SOC_golden_top.v Line: 127
    Warning (13040): bidirectional pin "GPIO_1[12]" has no driver File: E:/CoprocessadorGrafico/DE1_SOC_golden_top.v Line: 127
    Warning (13040): bidirectional pin "GPIO_1[13]" has no driver File: E:/CoprocessadorGrafico/DE1_SOC_golden_top.v Line: 127
    Warning (13040): bidirectional pin "GPIO_1[14]" has no driver File: E:/CoprocessadorGrafico/DE1_SOC_golden_top.v Line: 127
    Warning (13040): bidirectional pin "GPIO_1[15]" has no driver File: E:/CoprocessadorGrafico/DE1_SOC_golden_top.v Line: 127
    Warning (13040): bidirectional pin "GPIO_1[16]" has no driver File: E:/CoprocessadorGrafico/DE1_SOC_golden_top.v Line: 127
    Warning (13040): bidirectional pin "GPIO_1[17]" has no driver File: E:/CoprocessadorGrafico/DE1_SOC_golden_top.v Line: 127
    Warning (13040): bidirectional pin "GPIO_1[18]" has no driver File: E:/CoprocessadorGrafico/DE1_SOC_golden_top.v Line: 127
    Warning (13040): bidirectional pin "GPIO_1[19]" has no driver File: E:/CoprocessadorGrafico/DE1_SOC_golden_top.v Line: 127
    Warning (13040): bidirectional pin "GPIO_1[20]" has no driver File: E:/CoprocessadorGrafico/DE1_SOC_golden_top.v Line: 127
    Warning (13040): bidirectional pin "GPIO_1[21]" has no driver File: E:/CoprocessadorGrafico/DE1_SOC_golden_top.v Line: 127
    Warning (13040): bidirectional pin "GPIO_1[22]" has no driver File: E:/CoprocessadorGrafico/DE1_SOC_golden_top.v Line: 127
    Warning (13040): bidirectional pin "GPIO_1[23]" has no driver File: E:/CoprocessadorGrafico/DE1_SOC_golden_top.v Line: 127
    Warning (13040): bidirectional pin "GPIO_1[24]" has no driver File: E:/CoprocessadorGrafico/DE1_SOC_golden_top.v Line: 127
    Warning (13040): bidirectional pin "GPIO_1[25]" has no driver File: E:/CoprocessadorGrafico/DE1_SOC_golden_top.v Line: 127
    Warning (13040): bidirectional pin "GPIO_1[26]" has no driver File: E:/CoprocessadorGrafico/DE1_SOC_golden_top.v Line: 127
    Warning (13040): bidirectional pin "GPIO_1[27]" has no driver File: E:/CoprocessadorGrafico/DE1_SOC_golden_top.v Line: 127
    Warning (13040): bidirectional pin "GPIO_1[28]" has no driver File: E:/CoprocessadorGrafico/DE1_SOC_golden_top.v Line: 127
    Warning (13040): bidirectional pin "GPIO_1[29]" has no driver File: E:/CoprocessadorGrafico/DE1_SOC_golden_top.v Line: 127
    Warning (13040): bidirectional pin "GPIO_1[30]" has no driver File: E:/CoprocessadorGrafico/DE1_SOC_golden_top.v Line: 127
    Warning (13040): bidirectional pin "GPIO_1[31]" has no driver File: E:/CoprocessadorGrafico/DE1_SOC_golden_top.v Line: 127
    Warning (13040): bidirectional pin "GPIO_1[32]" has no driver File: E:/CoprocessadorGrafico/DE1_SOC_golden_top.v Line: 127
    Warning (13040): bidirectional pin "GPIO_1[33]" has no driver File: E:/CoprocessadorGrafico/DE1_SOC_golden_top.v Line: 127
    Warning (13040): bidirectional pin "GPIO_1[34]" has no driver File: E:/CoprocessadorGrafico/DE1_SOC_golden_top.v Line: 127
    Warning (13040): bidirectional pin "GPIO_1[35]" has no driver File: E:/CoprocessadorGrafico/DE1_SOC_golden_top.v Line: 127
    Warning (13040): bidirectional pin "PS2_CLK" has no driver File: E:/CoprocessadorGrafico/DE1_SOC_golden_top.v Line: 215
    Warning (13040): bidirectional pin "PS2_CLK2" has no driver File: E:/CoprocessadorGrafico/DE1_SOC_golden_top.v Line: 216
    Warning (13040): bidirectional pin "PS2_DAT" has no driver File: E:/CoprocessadorGrafico/DE1_SOC_golden_top.v Line: 217
    Warning (13040): bidirectional pin "PS2_DAT2" has no driver File: E:/CoprocessadorGrafico/DE1_SOC_golden_top.v Line: 218
Warning (13024): Output pins are stuck at VCC or GND
    Warning (13410): Pin "ADC_CONVST" is stuck at GND File: E:/CoprocessadorGrafico/DE1_SOC_golden_top.v Line: 59
    Warning (13410): Pin "ADC_DIN" is stuck at GND File: E:/CoprocessadorGrafico/DE1_SOC_golden_top.v Line: 60
    Warning (13410): Pin "ADC_SCLK" is stuck at GND File: E:/CoprocessadorGrafico/DE1_SOC_golden_top.v Line: 62
    Warning (13410): Pin "AUD_DACDAT" is stuck at GND File: E:/CoprocessadorGrafico/DE1_SOC_golden_top.v Line: 72
    Warning (13410): Pin "AUD_XCK" is stuck at GND File: E:/CoprocessadorGrafico/DE1_SOC_golden_top.v Line: 74
    Warning (13410): Pin "DRAM_ADDR[0]" is stuck at GND File: E:/CoprocessadorGrafico/DE1_SOC_golden_top.v Line: 100
    Warning (13410): Pin "DRAM_ADDR[1]" is stuck at GND File: E:/CoprocessadorGrafico/DE1_SOC_golden_top.v Line: 100
    Warning (13410): Pin "DRAM_ADDR[2]" is stuck at GND File: E:/CoprocessadorGrafico/DE1_SOC_golden_top.v Line: 100
    Warning (13410): Pin "DRAM_ADDR[3]" is stuck at GND File: E:/CoprocessadorGrafico/DE1_SOC_golden_top.v Line: 100
    Warning (13410): Pin "DRAM_ADDR[4]" is stuck at GND File: E:/CoprocessadorGrafico/DE1_SOC_golden_top.v Line: 100
    Warning (13410): Pin "DRAM_ADDR[5]" is stuck at GND File: E:/CoprocessadorGrafico/DE1_SOC_golden_top.v Line: 100
    Warning (13410): Pin "DRAM_ADDR[6]" is stuck at GND File: E:/CoprocessadorGrafico/DE1_SOC_golden_top.v Line: 100
    Warning (13410): Pin "DRAM_ADDR[7]" is stuck at GND File: E:/CoprocessadorGrafico/DE1_SOC_golden_top.v Line: 100
    Warning (13410): Pin "DRAM_ADDR[8]" is stuck at GND File: E:/CoprocessadorGrafico/DE1_SOC_golden_top.v Line: 100
    Warning (13410): Pin "DRAM_ADDR[9]" is stuck at GND File: E:/CoprocessadorGrafico/DE1_SOC_golden_top.v Line: 100
    Warning (13410): Pin "DRAM_ADDR[10]" is stuck at GND File: E:/CoprocessadorGrafico/DE1_SOC_golden_top.v Line: 100
    Warning (13410): Pin "DRAM_ADDR[11]" is stuck at GND File: E:/CoprocessadorGrafico/DE1_SOC_golden_top.v Line: 100
    Warning (13410): Pin "DRAM_ADDR[12]" is stuck at GND File: E:/CoprocessadorGrafico/DE1_SOC_golden_top.v Line: 100
    Warning (13410): Pin "DRAM_BA[0]" is stuck at GND File: E:/CoprocessadorGrafico/DE1_SOC_golden_top.v Line: 101
    Warning (13410): Pin "DRAM_BA[1]" is stuck at GND File: E:/CoprocessadorGrafico/DE1_SOC_golden_top.v Line: 101
    Warning (13410): Pin "DRAM_CAS_N" is stuck at GND File: E:/CoprocessadorGrafico/DE1_SOC_golden_top.v Line: 102
    Warning (13410): Pin "DRAM_CKE" is stuck at GND File: E:/CoprocessadorGrafico/DE1_SOC_golden_top.v Line: 103
    Warning (13410): Pin "DRAM_CLK" is stuck at GND File: E:/CoprocessadorGrafico/DE1_SOC_golden_top.v Line: 104
    Warning (13410): Pin "DRAM_CS_N" is stuck at GND File: E:/CoprocessadorGrafico/DE1_SOC_golden_top.v Line: 105
    Warning (13410): Pin "DRAM_LDQM" is stuck at GND File: E:/CoprocessadorGrafico/DE1_SOC_golden_top.v Line: 107
    Warning (13410): Pin "DRAM_RAS_N" is stuck at GND File: E:/CoprocessadorGrafico/DE1_SOC_golden_top.v Line: 108
    Warning (13410): Pin "DRAM_UDQM" is stuck at GND File: E:/CoprocessadorGrafico/DE1_SOC_golden_top.v Line: 109
    Warning (13410): Pin "DRAM_WE_N" is stuck at GND File: E:/CoprocessadorGrafico/DE1_SOC_golden_top.v Line: 110
    Warning (13410): Pin "FAN_CTRL" is stuck at GND File: E:/CoprocessadorGrafico/DE1_SOC_golden_top.v Line: 115
    Warning (13410): Pin "FPGA_I2C_SCLK" is stuck at GND File: E:/CoprocessadorGrafico/DE1_SOC_golden_top.v Line: 120
    Warning (13410): Pin "HEX0[0]" is stuck at GND File: E:/CoprocessadorGrafico/DE1_SOC_golden_top.v Line: 133
    Warning (13410): Pin "HEX0[1]" is stuck at GND File: E:/CoprocessadorGrafico/DE1_SOC_golden_top.v Line: 133
    Warning (13410): Pin "HEX0[2]" is stuck at GND File: E:/CoprocessadorGrafico/DE1_SOC_golden_top.v Line: 133
    Warning (13410): Pin "HEX0[3]" is stuck at GND File: E:/CoprocessadorGrafico/DE1_SOC_golden_top.v Line: 133
    Warning (13410): Pin "HEX0[4]" is stuck at GND File: E:/CoprocessadorGrafico/DE1_SOC_golden_top.v Line: 133
    Warning (13410): Pin "HEX0[5]" is stuck at GND File: E:/CoprocessadorGrafico/DE1_SOC_golden_top.v Line: 133
    Warning (13410): Pin "HEX0[6]" is stuck at GND File: E:/CoprocessadorGrafico/DE1_SOC_golden_top.v Line: 133
    Warning (13410): Pin "HEX1[0]" is stuck at GND File: E:/CoprocessadorGrafico/DE1_SOC_golden_top.v Line: 134
    Warning (13410): Pin "HEX1[1]" is stuck at GND File: E:/CoprocessadorGrafico/DE1_SOC_golden_top.v Line: 134
    Warning (13410): Pin "HEX1[2]" is stuck at GND File: E:/CoprocessadorGrafico/DE1_SOC_golden_top.v Line: 134
    Warning (13410): Pin "HEX1[3]" is stuck at GND File: E:/CoprocessadorGrafico/DE1_SOC_golden_top.v Line: 134
    Warning (13410): Pin "HEX1[4]" is stuck at GND File: E:/CoprocessadorGrafico/DE1_SOC_golden_top.v Line: 134
    Warning (13410): Pin "HEX1[5]" is stuck at GND File: E:/CoprocessadorGrafico/DE1_SOC_golden_top.v Line: 134
    Warning (13410): Pin "HEX1[6]" is stuck at GND File: E:/CoprocessadorGrafico/DE1_SOC_golden_top.v Line: 134
    Warning (13410): Pin "HEX2[0]" is stuck at GND File: E:/CoprocessadorGrafico/DE1_SOC_golden_top.v Line: 135
    Warning (13410): Pin "HEX2[1]" is stuck at GND File: E:/CoprocessadorGrafico/DE1_SOC_golden_top.v Line: 135
    Warning (13410): Pin "HEX2[2]" is stuck at GND File: E:/CoprocessadorGrafico/DE1_SOC_golden_top.v Line: 135
    Warning (13410): Pin "HEX2[3]" is stuck at GND File: E:/CoprocessadorGrafico/DE1_SOC_golden_top.v Line: 135
    Warning (13410): Pin "HEX2[4]" is stuck at GND File: E:/CoprocessadorGrafico/DE1_SOC_golden_top.v Line: 135
    Warning (13410): Pin "HEX2[5]" is stuck at GND File: E:/CoprocessadorGrafico/DE1_SOC_golden_top.v Line: 135
    Warning (13410): Pin "HEX2[6]" is stuck at GND File: E:/CoprocessadorGrafico/DE1_SOC_golden_top.v Line: 135
    Warning (13410): Pin "HEX3[0]" is stuck at GND File: E:/CoprocessadorGrafico/DE1_SOC_golden_top.v Line: 136
    Warning (13410): Pin "HEX3[1]" is stuck at GND File: E:/CoprocessadorGrafico/DE1_SOC_golden_top.v Line: 136
    Warning (13410): Pin "HEX3[2]" is stuck at GND File: E:/CoprocessadorGrafico/DE1_SOC_golden_top.v Line: 136
    Warning (13410): Pin "HEX3[3]" is stuck at GND File: E:/CoprocessadorGrafico/DE1_SOC_golden_top.v Line: 136
    Warning (13410): Pin "HEX3[4]" is stuck at GND File: E:/CoprocessadorGrafico/DE1_SOC_golden_top.v Line: 136
    Warning (13410): Pin "HEX3[5]" is stuck at GND File: E:/CoprocessadorGrafico/DE1_SOC_golden_top.v Line: 136
    Warning (13410): Pin "HEX3[6]" is stuck at GND File: E:/CoprocessadorGrafico/DE1_SOC_golden_top.v Line: 136
    Warning (13410): Pin "HEX4[0]" is stuck at GND File: E:/CoprocessadorGrafico/DE1_SOC_golden_top.v Line: 137
    Warning (13410): Pin "HEX4[1]" is stuck at GND File: E:/CoprocessadorGrafico/DE1_SOC_golden_top.v Line: 137
    Warning (13410): Pin "HEX4[2]" is stuck at GND File: E:/CoprocessadorGrafico/DE1_SOC_golden_top.v Line: 137
    Warning (13410): Pin "HEX4[3]" is stuck at GND File: E:/CoprocessadorGrafico/DE1_SOC_golden_top.v Line: 137
    Warning (13410): Pin "HEX4[4]" is stuck at GND File: E:/CoprocessadorGrafico/DE1_SOC_golden_top.v Line: 137
    Warning (13410): Pin "HEX4[5]" is stuck at GND File: E:/CoprocessadorGrafico/DE1_SOC_golden_top.v Line: 137
    Warning (13410): Pin "HEX4[6]" is stuck at GND File: E:/CoprocessadorGrafico/DE1_SOC_golden_top.v Line: 137
    Warning (13410): Pin "HEX5[0]" is stuck at GND File: E:/CoprocessadorGrafico/DE1_SOC_golden_top.v Line: 138
    Warning (13410): Pin "HEX5[1]" is stuck at GND File: E:/CoprocessadorGrafico/DE1_SOC_golden_top.v Line: 138
    Warning (13410): Pin "HEX5[2]" is stuck at GND File: E:/CoprocessadorGrafico/DE1_SOC_golden_top.v Line: 138
    Warning (13410): Pin "HEX5[3]" is stuck at GND File: E:/CoprocessadorGrafico/DE1_SOC_golden_top.v Line: 138
    Warning (13410): Pin "HEX5[4]" is stuck at GND File: E:/CoprocessadorGrafico/DE1_SOC_golden_top.v Line: 138
    Warning (13410): Pin "HEX5[5]" is stuck at GND File: E:/CoprocessadorGrafico/DE1_SOC_golden_top.v Line: 138
    Warning (13410): Pin "HEX5[6]" is stuck at GND File: E:/CoprocessadorGrafico/DE1_SOC_golden_top.v Line: 138
    Warning (13410): Pin "IRDA_TXD" is stuck at GND File: E:/CoprocessadorGrafico/DE1_SOC_golden_top.v Line: 200
    Warning (13410): Pin "LEDR[0]" is stuck at GND File: E:/CoprocessadorGrafico/DE1_SOC_golden_top.v Line: 210
    Warning (13410): Pin "LEDR[1]" is stuck at GND File: E:/CoprocessadorGrafico/DE1_SOC_golden_top.v Line: 210
    Warning (13410): Pin "LEDR[2]" is stuck at GND File: E:/CoprocessadorGrafico/DE1_SOC_golden_top.v Line: 210
    Warning (13410): Pin "LEDR[3]" is stuck at GND File: E:/CoprocessadorGrafico/DE1_SOC_golden_top.v Line: 210
    Warning (13410): Pin "LEDR[4]" is stuck at GND File: E:/CoprocessadorGrafico/DE1_SOC_golden_top.v Line: 210
    Warning (13410): Pin "LEDR[5]" is stuck at GND File: E:/CoprocessadorGrafico/DE1_SOC_golden_top.v Line: 210
    Warning (13410): Pin "LEDR[6]" is stuck at GND File: E:/CoprocessadorGrafico/DE1_SOC_golden_top.v Line: 210
    Warning (13410): Pin "LEDR[7]" is stuck at GND File: E:/CoprocessadorGrafico/DE1_SOC_golden_top.v Line: 210
    Warning (13410): Pin "LEDR[8]" is stuck at GND File: E:/CoprocessadorGrafico/DE1_SOC_golden_top.v Line: 210
    Warning (13410): Pin "LEDR[9]" is stuck at GND File: E:/CoprocessadorGrafico/DE1_SOC_golden_top.v Line: 210
    Warning (13410): Pin "TD_RESET_N" is stuck at GND File: E:/CoprocessadorGrafico/DE1_SOC_golden_top.v Line: 231
    Warning (13410): Pin "VGA_B[0]" is stuck at GND File: E:/CoprocessadorGrafico/DE1_SOC_golden_top.v Line: 237
    Warning (13410): Pin "VGA_B[1]" is stuck at GND File: E:/CoprocessadorGrafico/DE1_SOC_golden_top.v Line: 237
    Warning (13410): Pin "VGA_B[2]" is stuck at GND File: E:/CoprocessadorGrafico/DE1_SOC_golden_top.v Line: 237
    Warning (13410): Pin "VGA_B[3]" is stuck at GND File: E:/CoprocessadorGrafico/DE1_SOC_golden_top.v Line: 237
    Warning (13410): Pin "VGA_B[4]" is stuck at GND File: E:/CoprocessadorGrafico/DE1_SOC_golden_top.v Line: 237
    Warning (13410): Pin "VGA_G[0]" is stuck at GND File: E:/CoprocessadorGrafico/DE1_SOC_golden_top.v Line: 240
    Warning (13410): Pin "VGA_G[1]" is stuck at GND File: E:/CoprocessadorGrafico/DE1_SOC_golden_top.v Line: 240
    Warning (13410): Pin "VGA_G[2]" is stuck at GND File: E:/CoprocessadorGrafico/DE1_SOC_golden_top.v Line: 240
    Warning (13410): Pin "VGA_G[3]" is stuck at GND File: E:/CoprocessadorGrafico/DE1_SOC_golden_top.v Line: 240
    Warning (13410): Pin "VGA_G[4]" is stuck at GND File: E:/CoprocessadorGrafico/DE1_SOC_golden_top.v Line: 240
    Warning (13410): Pin "VGA_R[0]" is stuck at GND File: E:/CoprocessadorGrafico/DE1_SOC_golden_top.v Line: 242
    Warning (13410): Pin "VGA_R[1]" is stuck at GND File: E:/CoprocessadorGrafico/DE1_SOC_golden_top.v Line: 242
    Warning (13410): Pin "VGA_R[2]" is stuck at GND File: E:/CoprocessadorGrafico/DE1_SOC_golden_top.v Line: 242
    Warning (13410): Pin "VGA_R[3]" is stuck at GND File: E:/CoprocessadorGrafico/DE1_SOC_golden_top.v Line: 242
    Warning (13410): Pin "VGA_R[4]" is stuck at GND File: E:/CoprocessadorGrafico/DE1_SOC_golden_top.v Line: 242
    Warning (13410): Pin "VGA_SYNC_N" is stuck at GND File: E:/CoprocessadorGrafico/DE1_SOC_golden_top.v Line: 243
Info (286030): Timing-Driven Synthesis is running
Info (17049): 63 registers lost all their fanouts during netlist optimizations.
Info (16010): Generating hard_block partition "hard_block:auto_generated_inst"
    Info (16011): Adding 7 node(s), including 0 DDIO, 1 PLL, 0 transceiver and 0 LCELL
Warning (21074): Design contains 27 input pin(s) that do not drive logic
    Warning (15610): No output dependent on input pin "ADC_DOUT" File: E:/CoprocessadorGrafico/DE1_SOC_golden_top.v Line: 61
    Warning (15610): No output dependent on input pin "AUD_ADCDAT" File: E:/CoprocessadorGrafico/DE1_SOC_golden_top.v Line: 69
    Warning (15610): No output dependent on input pin "CLOCK2_50" File: E:/CoprocessadorGrafico/DE1_SOC_golden_top.v Line: 80
    Warning (15610): No output dependent on input pin "CLOCK3_50" File: E:/CoprocessadorGrafico/DE1_SOC_golden_top.v Line: 85
    Warning (15610): No output dependent on input pin "CLOCK4_50" File: E:/CoprocessadorGrafico/DE1_SOC_golden_top.v Line: 90
    Warning (15610): No output dependent on input pin "IRDA_RXD" File: E:/CoprocessadorGrafico/DE1_SOC_golden_top.v Line: 199
    Warning (15610): No output dependent on input pin "KEY[1]" File: E:/CoprocessadorGrafico/DE1_SOC_golden_top.v Line: 205
    Warning (15610): No output dependent on input pin "KEY[2]" File: E:/CoprocessadorGrafico/DE1_SOC_golden_top.v Line: 205
    Warning (15610): No output dependent on input pin "KEY[3]" File: E:/CoprocessadorGrafico/DE1_SOC_golden_top.v Line: 205
    Warning (15610): No output dependent on input pin "SW[3]" File: E:/CoprocessadorGrafico/DE1_SOC_golden_top.v Line: 223
    Warning (15610): No output dependent on input pin "SW[4]" File: E:/CoprocessadorGrafico/DE1_SOC_golden_top.v Line: 223
    Warning (15610): No output dependent on input pin "SW[5]" File: E:/CoprocessadorGrafico/DE1_SOC_golden_top.v Line: 223
    Warning (15610): No output dependent on input pin "SW[6]" File: E:/CoprocessadorGrafico/DE1_SOC_golden_top.v Line: 223
    Warning (15610): No output dependent on input pin "SW[7]" File: E:/CoprocessadorGrafico/DE1_SOC_golden_top.v Line: 223
    Warning (15610): No output dependent on input pin "SW[8]" File: E:/CoprocessadorGrafico/DE1_SOC_golden_top.v Line: 223
    Warning (15610): No output dependent on input pin "SW[9]" File: E:/CoprocessadorGrafico/DE1_SOC_golden_top.v Line: 223
    Warning (15610): No output dependent on input pin "TD_CLK27" File: E:/CoprocessadorGrafico/DE1_SOC_golden_top.v Line: 228
    Warning (15610): No output dependent on input pin "TD_DATA[0]" File: E:/CoprocessadorGrafico/DE1_SOC_golden_top.v Line: 229
    Warning (15610): No output dependent on input pin "TD_DATA[1]" File: E:/CoprocessadorGrafico/DE1_SOC_golden_top.v Line: 229
    Warning (15610): No output dependent on input pin "TD_DATA[2]" File: E:/CoprocessadorGrafico/DE1_SOC_golden_top.v Line: 229
    Warning (15610): No output dependent on input pin "TD_DATA[3]" File: E:/CoprocessadorGrafico/DE1_SOC_golden_top.v Line: 229
    Warning (15610): No output dependent on input pin "TD_DATA[4]" File: E:/CoprocessadorGrafico/DE1_SOC_golden_top.v Line: 229
    Warning (15610): No output dependent on input pin "TD_DATA[5]" File: E:/CoprocessadorGrafico/DE1_SOC_golden_top.v Line: 229
    Warning (15610): No output dependent on input pin "TD_DATA[6]" File: E:/CoprocessadorGrafico/DE1_SOC_golden_top.v Line: 229
    Warning (15610): No output dependent on input pin "TD_DATA[7]" File: E:/CoprocessadorGrafico/DE1_SOC_golden_top.v Line: 229
    Warning (15610): No output dependent on input pin "TD_HS" File: E:/CoprocessadorGrafico/DE1_SOC_golden_top.v Line: 230
    Warning (15610): No output dependent on input pin "TD_VS" File: E:/CoprocessadorGrafico/DE1_SOC_golden_top.v Line: 232
Info (21057): Implemented 2113 device resources after synthesis - the final resource count might be different
    Info (21058): Implemented 32 input pins
    Info (21059): Implemented 113 output pins
    Info (21060): Implemented 96 bidirectional pins
    Info (21061): Implemented 1610 logic cells
    Info (21064): Implemented 261 RAM segments
    Info (21065): Implemented 1 PLLs
Info: Quartus Prime Analysis & Synthesis was successful. 0 errors, 257 warnings
    Info: Peak virtual memory: 4883 megabytes
    Info: Processing ended: Tue Sep 01 14:36:39 2026
    Info: Elapsed time: 00:00:54
    Info: Total CPU time (on all processors): 00:00:40


